timestamp,sensor_0,sensor_1,sensor_2
0.000000,0.876649,0.628187,-0.818419
0.005000,-1.375107,2.163698,2.859382
0.010000,-0.353495,-1.063635,0.174894
0.015000,0.136623,1.067443,-0.974546
0.020000,-2.245813,-0.208172,0.518796
0.025000,1.577564,-0.388241,-1.691961
0.030000,-1.116938,-0.299492,2.789191
0.035000,0.241011,-0.602845,1.069215
0.040000,-1.468240,1.645898,0.071398
0.045000,0.242972,1.224827,-0.442673
0.050000,0.600707,-1.933477,-1.897045
0.055000,-0.192044,-2.001077,-0.245084
0.060000,0.017642,-0.794117,0.148314
0.065000,-0.227024,0.145999,1.871239
0.070000,-0.160856,0.146994,0.071040
0.075000,0.293620,2.352718,-1.045963
0.080000,1.142280,-0.003301,0.039308
0.085000,0.566299,-0.441972,-1.293219
0.090000,0.452505,1.132619,1.252015
0.095000,-2.083305,0.727266,0.860017
0.100000,0.284266,-0.729442,0.730233
0.105000,0.128705,0.469596,-0.607616
0.110000,-1.311000,1.302171,1.075183
0.115000,0.203079,-0.843032,-0.255473
0.120000,-0.683681,-1.117502,1.313081
0.125000,-0.469566,1.304789,-0.501115
0.130000,0.363857,1.272939,0.643575
0.135000,-0.769723,-1.090297,0.513935
0.140000,0.799929,-1.352643,-1.250667
0.145000,-1.240976,1.366690,0.268940
0.150000,1.330366,0.218118,-0.832778
0.155000,-1.307271,0.223234,-1.103110
0.160000,0.547208,1.098487,2.348229
0.165000,1.554521,2.645668,0.251408
0.170000,-1.233260,0.447124,-1.252640
0.175000,1.255720,0.475658,0.932909
0.180000,0.366991,-0.436127,-1.171106
0.185000,0.598683,-1.238312,-1.179687
0.190000,0.309264,0.754856,-2.371353
0.195000,-1.757575,2.617218,-0.719118
0.200000,1.572556,-2.385407,1.511672
0.205000,1.560530,0.086570,-0.061348
0.210000,0.406530,-1.804587,1.395414
0.215000,0.678002,-1.082248,-0.839559
0.220000,0.259377,-2.327370,1.596329
0.225000,2.034865,0.773292,-1.229508
0.230000,0.215166,-0.562730,0.661807
0.235000,-1.361947,0.482610,0.228313
0.240000,0.690089,-0.008210,-0.701146
0.245000,-1.844064,-0.228403,1.043450
0.250000,-1.958961,-1.114973,-0.012172
0.255000,0.861690,0.966954,-1.373483
0.260000,1.262446,2.000842,-1.027653
0.265000,0.724045,0.493964,0.733406
0.270000,0.250535,0.410834,0.057190
0.275000,-0.143508,0.395414,-1.499587
0.280000,-0.283503,-0.011362,-0.258120
0.285000,1.055831,0.260372,-0.412908
0.290000,-0.422040,-0.513989,-0.479343
0.295000,-2.857199,-0.583526,0.767416
0.300000,0.502969,-1.167978,0.313960
0.305000,1.008279,1.057833,-0.332567
0.310000,0.713657,-2.420276,1.175706
0.315000,-0.058551,-0.623889,-1.076009
0.320000,0.956748,0.398943,-0.705293
0.325000,-0.574608,-0.251305,-0.436950
0.330000,-0.134965,-2.553635,2.059957
0.335000,-2.542661,-0.726446,1.566808
0.340000,0.312166,-0.014433,-1.155712
0.345000,0.721023,0.193070,0.218175
0.350000,0.018408,-0.991334,-1.313481
0.355000,0.777431,-0.703654,0.396988
0.360000,1.309243,1.315590,0.276277
0.365000,-0.037855,0.625365,-0.981103
0.370000,-1.961451,0.269516,-1.951118
0.375000,1.386409,-0.609672,0.566429
0.380000,0.256784,-0.316689,-0.740097
0.385000,1.876736,0.862936,1.133456
0.390000,0.427646,0.257129,0.193460
0.395000,-2.360503,0.773986,-1.735299
0.400000,0.989665,1.469541,0.707268
0.405000,0.783050,1.058648,0.082383
0.410000,0.925309,-1.181958,-0.395882
0.415000,0.512533,-1.147382,-1.673516
0.420000,-0.220552,-0.556001,0.872494
0.425000,0.698644,1.370921,0.048667
0.430000,-1.545503,0.009858,0.640368
0.435000,0.353269,0.035303,0.894434
0.440000,-0.133284,0.470382,-0.156202
0.445000,0.163334,2.158876,2.365604
0.450000,-0.373124,-1.664252,-0.236776
0.455000,-0.104485,-2.227879,-2.535801
0.460000,1.023234,0.273491,-0.199412
0.465000,0.039796,-2.132770,1.938722
0.470000,1.259976,1.207783,-0.136108
0.475000,-0.530031,-1.030348,-0.641730
0.480000,0.149348,-0.206934,-0.007009
0.485000,0.717808,0.708625,2.054792
0.490000,0.008224,-1.368027,0.412710
0.495000,-1.284530,0.377219,1.208466
0.500000,-1.169084,0.049936,0.739960
0.505000,0.408255,-0.110733,0.102659
0.510000,0.050006,0.271788,0.609175
0.515000,0.336573,0.647876,-0.695516
0.520000,-0.766969,-0.413243,-1.746486
0.525000,-0.386627,1.080328,2.335543
0.530000,2.189681,0.307941,-0.294227
0.535000,-0.937107,0.827196,-0.253852
0.540000,0.086587,0.986625,-0.445213
0.545000,-0.539204,2.141396,-0.358713
0.550000,0.548791,-0.078174,-0.250778
0.555000,-0.548061,1.454249,0.463125
0.560000,0.649038,-1.290674,-2.005699
0.565000,-0.381889,-0.376398,2.498340
0.570000,0.588642,-1.141325,-0.496154
0.575000,1.212899,1.551633,-1.785882
0.580000,0.823326,-0.108838,-0.805808
0.585000,-1.624088,1.418296,0.196248
0.590000,0.153691,-0.065297,0.183736
0.595000,-1.002516,0.523936,0.078824
0.600000,0.060138,-0.525266,-1.395903
0.605000,1.152702,-0.462649,0.708332
0.610000,1.231101,-1.270850,1.036315
0.615000,0.266706,-0.806313,-0.210067
0.620000,0.001398,0.305801,1.160224
0.625000,-0.471937,-0.601251,0.878614
0.630000,-0.087023,-0.178900,0.057057
0.635000,-0.951267,1.164362,-0.869741
0.640000,-0.832325,0.012603,-1.242614
0.645000,-0.000653,0.488932,0.221295
0.650000,-1.269965,-0.821915,-0.156050
0.655000,-0.306137,-1.191198,-0.511340
0.660000,0.677107,0.693161,-2.129091
0.665000,0.182074,2.079649,-0.773710
0.670000,-0.036897,0.520845,-0.719220
0.675000,-0.381492,-0.075542,-0.291857
0.680000,0.367520,-0.220073,-0.597749
0.685000,-1.928037,1.486111,1.639487
0.690000,0.343991,-1.248960,-0.037125
0.695000,-0.673466,0.845086,-0.323873
0.700000,0.583458,1.654938,-0.377964
0.705000,0.628822,1.204680,0.812614
0.710000,-0.796318,-1.023702,0.140820
0.715000,0.661574,0.503373,-1.068985
0.720000,0.185739,0.427624,0.200934
0.725000,2.070020,-1.662268,0.384658
0.730000,-2.395611,-0.178676,-1.137899
0.735000,0.868063,0.193706,-0.718971
0.740000,-0.986290,0.506188,0.231719
0.745000,0.850811,-0.603642,1.723837
0.750000,-1.328203,0.769851,0.741287
0.755000,-2.750263,-1.032060,-0.565236
0.760000,-0.358676,-0.309925,2.808424
0.765000,0.739706,1.636565,-0.166282
0.770000,-2.165615,-1.394602,0.558030
0.775000,1.116206,1.123681,-0.481645
0.780000,2.697227,-1.143187,-1.076708
0.785000,2.274221,0.244424,-0.696278
0.790000,-2.086352,-1.222834,-0.536735
0.795000,0.895748,-1.489703,-0.766314
0.800000,-0.095755,-0.518056,-0.845789
0.805000,0.006903,1.062928,0.417893
0.810000,0.399636,0.665090,0.411934
0.815000,-0.887101,-1.611735,-1.297712
0.820000,-0.204142,0.543788,0.802748
0.825000,1.218966,1.143894,-0.298870
0.830000,0.707423,-2.518200,-2.633403
0.835000,1.200680,-0.870766,0.255530
0.840000,1.265069,1.862630,-0.580176
0.845000,1.532456,-2.149037,1.177660
0.850000,-1.058190,-0.411232,-0.202641
0.855000,-0.243678,0.525180,-1.156462
0.860000,0.642945,-1.577054,0.536462
0.865000,0.505229,1.186804,0.578331
0.870000,1.244565,0.988901,-1.309696
0.875000,-0.993418,-2.277523,0.050033
0.880000,1.009364,-0.109783,0.926238
0.885000,0.147831,1.263055,1.913862
0.890000,-1.380004,-0.567744,-1.371772
0.895000,-0.508594,0.219867,0.570434
0.900000,-1.121741,-0.439255,-0.815671
0.905000,-0.028562,1.535494,1.102336
0.910000,0.012940,1.261389,-0.203654
0.915000,0.099947,-0.520266,0.255259
0.920000,-1.167507,-1.964249,0.077147
0.925000,-0.994607,-1.123137,1.118818
0.930000,-0.092232,1.468030,0.691839
0.935000,-0.021886,-1.796112,0.937706
0.940000,-1.910157,1.816639,0.390834
0.945000,-0.111785,1.217296,-0.007117
0.950000,-0.174732,-0.400215,0.439357
0.955000,-0.420608,-0.839948,-0.828128
0.960000,1.275338,-0.196517,-0.568296
0.965000,1.312853,0.159602,0.000585
0.970000,-1.330747,-1.127463,-0.991918
0.975000,-1.127963,-1.255632,-0.102613
0.980000,0.112091,-1.500732,-0.265869
0.985000,-0.454784,0.993442,1.407105
0.990000,-1.248597,0.160930,1.574497
0.995000,1.409749,0.032756,0.078807
1.000000,0.182245,1.576237,-0.739087
1.005000,-0.507081,1.374646,0.468704
1.010000,0.087827,-0.963596,1.013247
1.015000,-0.286734,0.140366,0.460273
1.020000,1.549751,0.508362,-1.651997
1.025000,2.964047,1.182061,-0.222222
1.030000,0.937577,-0.384784,0.587736
1.035000,0.083720,0.167393,-0.202451
1.040000,-0.220710,-1.029485,1.092743
1.045000,0.882730,1.729187,2.377866
1.050000,0.672478,-1.247296,-0.885882
1.055000,-1.601963,-1.211386,2.039533
1.060000,-0.935865,1.392897,-0.939860
1.065000,1.250448,0.254261,-0.107830
1.070000,-0.057410,-1.193075,1.271837
1.075000,-2.187806,0.919281,-1.061309
1.080000,0.164980,1.133426,1.162747
1.085000,0.193385,0.034746,-0.498687
1.090000,-0.407001,0.188079,1.944264
1.095000,-1.203694,0.240305,-1.105195
1.100000,0.730354,0.008088,0.852628
1.105000,0.614689,0.305061,-0.216233
1.110000,0.524770,1.247219,-0.354820
1.115000,-0.412573,-1.314330,-0.261854
1.120000,-1.257610,-0.261344,1.928121
1.125000,1.238126,-0.624882,1.785100
1.130000,-0.976971,-0.365611,1.703497
1.135000,-0.716062,1.169541,0.193923
1.140000,1.068401,-0.399598,1.787692
1.145000,1.683036,0.450731,-0.599814
1.150000,0.828169,-0.302739,-1.059546
1.155000,1.351711,-1.509625,1.794809
1.160000,-0.428722,-0.645583,0.174776
1.165000,-1.065992,-1.088150,0.429181
1.170000,-0.249485,-2.161471,-1.001029
1.175000,0.140842,-3.202711,-0.012699
1.180000,0.912507,-0.190526,-0.929982
1.185000,0.910853,1.383485,1.545175
1.190000,-0.135309,-0.781213,0.287510
1.195000,-0.376292,-0.823751,-0.637499
1.200000,0.419928,0.651242,-0.884537
1.205000,0.648268,0.915989,0.944778
1.210000,-1.542538,-0.214154,-0.146241
1.215000,0.683690,0.338901,-0.101572
1.220000,-0.334518,0.275156,1.467746
1.225000,1.449949,1.577047,1.113505
1.230000,-0.383590,-0.157552,-0.305945
1.235000,-2.133746,0.899997,-2.908449
1.240000,0.403357,0.570711,0.360153
1.245000,1.461414,-0.377977,-1.036416
1.250000,-0.482572,-0.292049,-1.961475
1.255000,-1.035658,-0.400225,-1.482315
1.260000,-1.161539,-1.213545,-0.539270
1.265000,-0.170436,-0.317458,0.049863
1.270000,0.506209,1.097445,2.254682
1.275000,0.417464,-1.385932,-0.720597
1.280000,-0.193816,0.385331,-0.843398
1.285000,0.712131,-2.274727,-2.004521
1.290000,0.118068,0.529601,-0.699615
1.295000,0.555661,-0.927237,-1.429163
1.300000,-1.282077,-0.829454,0.329144
1.305000,-0.031957,1.123227,0.682996
1.310000,2.127120,0.427241,0.529018
1.315000,-2.191983,2.019853,-0.384529
1.320000,0.458424,-0.311086,2.380195
1.325000,0.497057,0.553223,1.756069
1.330000,0.382647,1.270938,-1.128731
1.335000,-1.642357,-1.672152,-1.052099
1.340000,0.754180,1.103271,-0.071829
1.345000,1.679782,-0.890210,1.230060
1.350000,-0.579690,-0.057217,1.486054
1.355000,0.390977,1.202363,0.446734
1.360000,-0.588902,0.000458,-0.527133
1.365000,-0.791070,-0.152215,0.183886
1.370000,-0.127993,-0.141321,0.444020
1.375000,-0.043274,1.190300,-0.205618
1.380000,1.871740,-0.573598,-0.395139
1.385000,1.362535,1.164998,0.768034
1.390000,-0.470231,-0.808203,0.134092
1.395000,-1.657144,0.835650,0.127027
1.400000,-0.212291,-2.009012,-1.215940
1.405000,1.182968,1.865007,-0.702400
1.410000,0.011608,-1.866030,0.858744
1.415000,-0.097349,-0.294822,0.233275
1.420000,1.282512,0.939057,0.915550
1.425000,2.164501,-0.346318,0.739763
1.430000,-0.285565,-0.126286,0.112698
1.435000,0.142664,-0.519769,-0.712536
1.440000,-0.882100,-1.237947,0.249687
1.445000,0.841012,1.104962,0.349670
1.450000,1.074757,-0.514827,0.281149
1.455000,-0.771275,-1.167463,1.025022
1.460000,-1.144047,-1.334405,-0.564038
1.465000,0.076373,-1.111948,0.159415
1.470000,1.217052,-0.420344,-0.485526
1.475000,-0.037601,-1.197542,-0.132160
1.480000,-0.162945,0.649820,1.460382
1.485000,0.479839,1.411175,-0.808365
1.490000,-1.051108,0.793216,-0.397911
1.495000,0.275581,-0.762348,0.077245
1.500000,-1.272521,0.155323,-0.537344
1.505000,-0.721920,1.120597,-0.747418
1.510000,-1.046861,-1.267036,-1.007513
1.515000,-1.388140,0.116984,0.099930
1.520000,0.982506,1.581124,1.452569
1.525000,-0.065114,0.770821,-2.145657
1.530000,-0.059452,-0.363993,0.093380
1.535000,0.295560,-0.809025,-0.268180
1.540000,-0.946391,0.000061,0.218686
1.545000,1.176082,0.980356,1.405870
1.550000,0.003470,-1.084996,1.480798
1.555000,-0.876099,-1.382245,0.706127
1.560000,-1.468587,1.211325,-0.500505
1.565000,0.259946,-0.590387,-1.736888
1.570000,-3.323876,-0.057830,-2.655353
1.575000,-1.554117,-1.352831,-0.970414
1.580000,1.199432,0.794833,-2.274258
1.585000,-0.621928,-0.261091,1.487004
1.590000,-1.197747,-0.287764,0.329609
1.595000,-0.169954,-0.584753,0.876955
1.600000,1.345269,-1.512436,0.850274
1.605000,-0.004762,0.026552,0.192619
1.610000,-0.230580,0.240377,0.512481
1.615000,-1.425496,0.797529,-0.552935
1.620000,1.583656,0.336266,-1.215997
1.625000,-0.707196,0.594453,-0.280366
1.630000,1.544374,-1.845971,-1.097125
1.635000,-0.948329,-1.496850,0.408754
1.640000,1.431636,0.298093,-0.730885
1.645000,-0.636242,0.398144,0.123781
1.650000,0.309664,-1.304340,0.102389
1.655000,-1.416718,0.373229,-1.460381
1.660000,1.494168,1.243056,-1.365327
1.665000,0.439541,-0.229879,-1.488394
1.670000,-2.689067,-1.013711,0.549061
1.675000,0.326695,0.153869,0.266562
1.680000,0.817427,0.240772,0.390388
1.685000,0.575521,0.941123,0.413024
1.690000,-0.310049,-1.008896,0.460432
1.695000,-1.077837,0.200398,-1.876026
1.700000,-0.143222,1.023922,0.402547
1.705000,-1.083682,0.061554,1.178028
1.710000,0.657911,-0.461421,-0.388202
1.715000,0.539705,0.560467,0.142092
1.720000,-1.218973,0.316205,-1.014002
1.725000,-0.975371,1.457444,0.987657
1.730000,0.388899,-0.627140,0.729035
1.735000,0.586741,-2.415923,-0.661884
1.740000,0.582801,1.126867,0.925118
1.745000,0.147080,-0.806248,0.860632
1.750000,-1.105417,-0.342247,-1.545087
1.755000,-0.653962,-1.256024,-0.075598
1.760000,-0.648395,0.429563,-0.419108
1.765000,0.432920,1.091218,0.677354
1.770000,-1.117040,-0.987011,2.261575
1.775000,1.565285,-0.420241,-2.981129
1.780000,-0.846845,0.497869,-0.112599
1.785000,0.250817,0.080888,-2.006231
1.790000,0.306403,1.037172,0.399930
1.795000,-1.427721,0.113815,0.772109
1.800000,0.979965,0.888274,-0.305586
1.805000,0.116245,-1.009548,2.059213
1.810000,0.193444,1.428090,-0.668318
1.815000,-0.513594,-2.091094,-1.648992
1.820000,-1.208414,-1.112497,-0.561267
1.825000,1.224881,0.668219,1.311733
1.830000,-0.741370,-0.493737,0.422155
1.835000,-1.841262,-1.425672,0.198725
1.840000,0.421781,-0.441213,1.026107
1.845000,0.743018,3.047198,-0.296669
1.850000,-1.613929,-0.020265,-0.492595
1.855000,0.020258,-0.010989,0.191548
1.860000,0.679480,-0.571375,-0.594158
1.865000,0.515679,-1.270797,0.309393
1.870000,-1.093663,-0.529472,-2.341551
1.875000,0.265925,0.465835,-1.202111
1.880000,0.311386,-0.797608,0.701568
1.885000,-0.421991,1.709862,-1.522173
1.890000,0.637742,1.079173,-1.265513
1.895000,-1.366580,1.270476,-0.639078
1.900000,-0.132068,1.190743,-0.433941
1.905000,0.342332,-1.858133,0.294326
1.910000,0.978416,-0.424548,-0.248640
1.915000,0.459293,0.204181,0.470450
1.920000,0.212609,-0.855625,-1.560240
1.925000,-0.614257,2.214040,2.052061
1.930000,-0.260594,0.550190,0.312599
1.935000,-1.827966,-1.394064,3.437188
1.940000,-0.055744,-1.048889,-1.062741
1.945000,-0.236123,0.834743,1.131583
1.950000,0.108230,-0.551907,0.736208
1.955000,-1.010938,0.339699,0.406172
1.960000,-1.254844,0.595997,-0.546958
1.965000,2.827726,1.545259,-0.109615
1.970000,1.030596,-0.469425,0.432757
1.975000,-2.658102,0.208634,-0.958765
1.980000,-0.573906,-0.799020,1.639129
1.985000,0.723476,0.829163,-0.098089
1.990000,1.367726,0.352657,1.991626
1.995000,0.291105,0.889042,0.166467
2.000000,-1.061312,-0.473325,-0.025817
2.005000,-1.611776,-1.064869,-0.460184
2.010000,-1.437025,1.414768,-0.871881
2.015000,-0.081827,1.065096,-0.886568
2.020000,0.479087,-0.166351,-2.251853
2.025000,-2.240897,-0.304029,0.206234
2.030000,-0.237563,1.456257,-0.157892
2.035000,-1.512595,-0.541946,-0.313239
2.040000,0.190932,0.447681,-0.470239
2.045000,1.527677,-0.600315,0.137834
2.050000,-1.147292,-1.327767,-0.368598
2.055000,-0.618180,0.721107,-1.224960
2.060000,-0.401021,-0.403586,-0.674161
2.065000,-1.197538,1.744736,-1.476929
2.070000,-1.041342,1.269351,2.186538
2.075000,0.464112,-1.042769,0.726538
2.080000,0.124085,0.527240,0.304215
2.085000,1.247499,-0.886358,0.389819
2.090000,0.935819,1.463925,0.270715
2.095000,1.271881,-0.715800,-1.234100
2.100000,0.941593,-0.598666,-0.324827
2.105000,2.169653,2.493216,0.757767
2.110000,-1.230769,-0.654997,-0.808828
2.115000,0.982505,-3.318429,2.702192
2.120000,1.678214,-0.143041,2.347793
2.125000,0.693985,0.740446,0.652217
2.130000,-0.936943,0.786831,-0.716529
2.135000,0.541074,0.050180,0.213876
2.140000,-0.023527,0.886051,-1.594212
2.145000,-0.020327,-1.249347,0.583073
2.150000,0.283588,-1.873626,0.187475
2.155000,0.738089,1.031116,-1.153198
2.160000,0.785629,1.701808,-2.023209
2.165000,1.445512,-0.032936,1.188120
2.170000,-1.557875,0.055099,0.168980
2.175000,0.487311,-0.336523,-0.777268
2.180000,1.765026,1.743074,-1.419761
2.185000,0.327802,2.988805,0.481871
2.190000,0.219055,0.149772,1.511681
2.195000,0.588339,0.492079,-1.100534
2.200000,0.987657,-0.357518,1.575960
2.205000,0.483305,0.379082,-0.667639
2.210000,-1.581482,0.557913,-1.251332
2.215000,-1.462008,-0.691670,0.043637
2.220000,-0.356808,0.474642,-1.329137
2.225000,-1.072584,-1.143126,1.208990
2.230000,-2.529649,1.423106,-0.323480
2.235000,-0.021612,1.445769,-1.469270
2.240000,0.349330,2.177127,0.055304
2.245000,1.679575,-1.600092,1.038254
2.250000,0.726626,0.107334,0.950802
2.255000,-0.792404,-1.464619,-0.424456
2.260000,-0.682576,1.568584,-0.633072
2.265000,1.055431,-0.491558,1.646956
2.270000,0.706306,-0.695967,0.376751
2.275000,-0.663929,0.003945,-0.409997
2.280000,0.044115,0.992835,-1.868777
2.285000,1.494488,0.129746,-0.636188
2.290000,2.087019,-1.012281,0.756753
2.295000,-0.786344,-0.691451,-0.839780
2.300000,-0.875835,-1.212784,-2.511963
2.305000,2.164520,2.043095,1.337749
2.310000,0.188611,0.185648,-1.942389
2.315000,0.183274,0.219972,-0.670901
2.320000,0.852613,-2.281932,-1.680040
2.325000,-1.166212,-0.737468,0.274362
2.330000,0.366724,0.827574,-2.304392
2.335000,0.510255,-0.094946,-1.868384
2.340000,1.431674,-0.056907,-0.528409
2.345000,1.825979,0.508120,0.827779
2.350000,1.119004,-1.206932,0.617544
2.355000,-0.840530,-0.248957,0.249664
2.360000,3.068669,-0.332170,-0.889559
2.365000,0.716673,-0.352009,0.586551
2.370000,0.070818,0.946226,0.435935
2.375000,-0.710149,-1.820211,-0.115066
2.380000,-0.399949,0.539453,-0.749765
2.385000,3.690282,0.058514,1.391370
2.390000,0.095582,0.345866,0.576984
2.395000,-1.654711,-0.983323,-0.082749
2.400000,1.345269,1.154268,0.293405
2.405000,0.199364,2.478058,2.084248
2.410000,-1.104689,-0.466158,0.011422
2.415000,-0.762605,-1.101809,0.050289
2.420000,0.574157,0.699092,-0.176631
2.425000,-1.294589,0.297742,1.694650
2.430000,0.316824,2.425134,1.546860
2.435000,-1.086798,-0.557384,-0.156853
2.440000,-0.967801,0.619093,-1.130679
2.445000,1.118481,0.941395,1.425630
2.450000,-0.970182,-1.619825,2.081438
2.455000,0.476305,-0.173581,0.940341
2.460000,0.390894,-1.147201,-1.285860
2.465000,-0.790775,0.113862,-0.358941
2.470000,-1.001789,0.535244,0.649624
2.475000,-0.497688,-1.567112,-0.145191
2.480000,0.304309,-0.075784,-0.966756
2.485000,0.352750,0.431499,0.857046
2.490000,-1.370553,-1.165720,0.194894
2.495000,-1.127592,-0.597918,1.562264
2.500000,-0.563831,0.011542,-0.440500
2.505000,1.243588,0.237334,1.236937
2.510000,-1.056906,0.763788,-0.292976
2.515000,-0.424095,2.234576,-1.032487
2.520000,-0.362075,-2.062455,-0.043984
2.525000,-1.338272,0.888155,3.386695
2.530000,-0.292985,-0.268482,0.409126
2.535000,0.485724,0.686910,-0.044993
2.540000,1.469503,-0.131091,-0.559835
2.545000,0.143120,-0.003309,1.536433
2.550000,1.060182,-1.072527,0.857913
2.555000,0.209522,-0.013698,-1.597267
2.560000,0.277872,0.060974,-0.470747
2.565000,1.831837,0.301685,-0.169361
2.570000,0.260877,-0.807922,-1.236069
2.575000,0.274358,-0.805343,0.791632
2.580000,-0.386580,0.358493,-0.535205
2.585000,1.393138,-0.078220,1.756385
2.590000,0.238660,1.050303,-1.260156
2.595000,0.143685,1.323889,-1.332331
2.600000,-0.908639,0.169811,0.537318
2.605000,0.371684,0.154190,-0.014162
2.610000,0.624406,-0.102648,0.576667
2.615000,-0.062588,1.673223,0.170378
2.620000,-0.343978,-0.597738,0.595866
2.625000,-0.373692,0.074106,1.100579
2.630000,-0.761061,-0.697954,1.192720
2.635000,-1.538043,0.652614,1.880126
2.640000,0.916615,2.133266,-0.609330
2.645000,-1.029452,1.630375,-0.872299
2.650000,-0.573123,0.205140,1.539783
2.655000,-0.223494,1.807333,-1.889869
2.660000,-0.636037,-0.227041,-1.638891
2.665000,1.679109,-0.864048,1.842829
2.670000,-0.095330,1.726350,0.210102
2.675000,-0.218361,1.244577,-1.028413
2.680000,-0.186103,0.125013,0.273982
2.685000,0.132160,0.373437,-0.747080
2.690000,0.588488,-0.189877,0.009224
2.695000,-0.276351,1.455770,-2.348555
2.700000,1.529449,1.403888,1.509089
2.705000,-0.121123,0.410420,1.006948
2.710000,-3.134433,0.230879,0.156965
2.715000,-0.831794,-0.691896,-1.161993
2.720000,0.934625,-0.780331,-0.779899
2.725000,-0.101552,0.189403,0.370743
2.730000,-1.126148,-0.481409,-0.664175
2.735000,-1.150850,0.491568,1.016021
2.740000,2.205356,1.380870,0.825453
2.745000,1.490966,0.767444,0.165212
2.750000,0.532373,1.024382,0.747314
2.755000,1.485348,-0.920792,-0.641466
2.760000,1.047628,-0.402090,0.893367
2.765000,1.578150,0.220175,0.914831
2.770000,0.954395,-0.815030,-0.101355
2.775000,0.392051,0.234215,-0.626208
2.780000,0.438599,-0.022378,1.293660
2.785000,-0.188096,0.739726,1.353932
2.790000,0.288232,0.583242,-0.225176
2.795000,-1.260954,-1.141139,-1.073554
2.800000,0.095966,0.426287,-0.134204
2.805000,0.253707,-1.380589,1.803167
2.810000,-1.659211,-0.534925,1.539820
2.815000,-0.808336,0.080001,-0.096400
2.820000,-1.054699,1.009297,2.553575
2.825000,0.851477,1.608830,0.108128
2.830000,0.208774,-1.174346,1.610333
2.835000,-0.221717,0.271263,-2.045688
2.840000,1.623060,-1.199694,0.288404
2.845000,-0.735160,0.788198,1.027514
2.850000,-0.952350,1.262581,-2.684551
2.855000,-1.713269,0.291030,0.131378
2.860000,-0.523195,0.812329,1.442231
2.865000,0.098802,0.272630,0.563279
2.870000,-0.133476,-1.194399,-1.284539
2.875000,-1.326914,-0.757627,-0.877438
2.880000,-0.756055,0.625784,0.477729
2.885000,-1.055649,0.661565,-0.356136
2.890000,-1.165325,-0.940995,1.079503
2.895000,0.446906,0.751648,-0.849492
2.900000,-1.872343,-0.277152,1.755631
2.905000,0.933769,0.686156,-0.591078
2.910000,1.529783,0.618989,0.488819
2.915000,1.243930,-0.557985,0.131890
2.920000,-1.615452,0.221870,0.295407
2.925000,-0.962773,0.498753,1.181932
2.930000,0.367367,1.600780,-0.112691
2.935000,1.322447,-0.602023,0.428063
2.940000,1.624087,-0.427936,-0.438265
2.945000,-0.022683,-1.424291,0.164979
2.950000,-0.230269,0.558519,0.739668
2.955000,-0.135999,-2.561322,-0.970363
2.960000,0.032466,2.484528,-0.544391
2.965000,0.787481,0.008552,-0.414352
2.970000,1.738868,0.721720,-0.156397
2.975000,-0.427090,-0.249132,-1.152582
2.980000,2.173794,-0.575638,1.075894
2.985000,-0.530765,1.377262,-0.645267
2.990000,0.125858,0.446966,2.212862
2.995000,-1.106330,0.639758,-1.938462
3.000000,-0.003211,0.553557,-0.350983
3.005000,0.264784,-1.222092,0.758824
3.010000,0.574405,-1.498696,0.800634
3.015000,1.503431,0.332768,0.266354
3.020000,0.278028,-0.509928,-0.674548
3.025000,0.107391,0.389427,-0.215705
3.030000,-1.756623,-0.431125,-0.315371
3.035000,-3.240847,-1.142639,0.257211
3.040000,0.420378,0.474615,-2.543976
3.045000,0.309125,1.124251,-0.200651
3.050000,-1.617139,-0.035257,-0.399874
3.055000,-0.150033,-0.559362,-0.064942
3.060000,1.558961,0.718236,0.239377
3.065000,1.035894,-0.079293,0.014337
3.070000,-0.258454,-1.056762,2.041522
3.075000,0.608584,-1.377995,0.472222
3.080000,0.105319,0.671862,0.138540
3.085000,1.047045,-0.066011,1.421596
3.090000,1.375879,0.111827,0.235441
3.095000,-0.162844,-0.129086,-0.622919
3.100000,0.086249,0.687051,-0.286100
3.105000,-0.179224,-0.043393,-2.141756
3.110000,-0.209956,-0.472080,-0.083164
3.115000,0.002302,-0.294408,-0.938579
3.120000,-0.871622,-2.445283,0.997834
3.125000,1.596504,1.247916,1.412894
3.130000,0.059348,-1.577405,0.928294
3.135000,-0.618868,-2.093114,0.076192
3.140000,-0.926229,-0.307538,-0.240593
3.145000,0.511683,-0.462588,-0.271963
3.150000,-1.909762,-1.816002,0.780599
3.155000,-0.984993,1.727520,1.120472
3.160000,1.466840,-0.901424,-1.960555
3.165000,-0.693694,0.638978,-1.205451
3.170000,0.978223,-0.858195,1.257372
3.175000,-1.540096,-0.366733,-0.249800
3.180000,0.142712,0.253668,-0.391672
3.185000,3.094369,-0.704949,1.307411
3.190000,-0.125183,1.015469,0.918535
3.195000,-0.610122,-0.815612,-0.626286
3.200000,-0.073287,2.075346,1.256536
3.205000,0.686231,-1.178983,1.682228
3.210000,-1.677975,0.159884,0.084239
3.215000,-2.269564,0.003811,0.866261
3.220000,-1.253871,-0.777092,-1.927697
3.225000,0.378377,0.461665,0.428638
3.230000,0.326500,0.995838,0.220108
3.235000,-0.638985,-1.933867,-0.700332
3.240000,-0.975324,1.310126,-0.391429
3.245000,1.526303,-0.505887,0.560941
3.250000,-0.772116,0.571861,0.028551
3.255000,-0.601100,-1.070964,-0.521873
3.260000,1.142504,0.224810,-0.588272
3.265000,0.868721,-0.733602,-1.783267
3.270000,-0.357987,-0.853341,-1.387618
3.275000,-1.310809,1.830556,1.121963
3.280000,0.009579,-0.650968,-1.948918
3.285000,-1.050275,0.658230,0.441806
3.290000,-1.088225,-0.263168,-0.435650
3.295000,-0.923324,1.397919,-0.613771
3.300000,-1.544051,-0.523688,-0.839227
3.305000,1.660605,0.656933,0.750264
3.310000,1.882122,1.057719,-0.770293
3.315000,-0.855285,0.018647,0.369057
3.320000,-0.545716,-0.060464,0.174422
3.325000,-1.101707,2.223541,-0.753078
3.330000,0.487600,-0.840912,-0.163894
3.335000,0.183245,-0.111388,1.096591
3.340000,-0.061991,-1.021077,-0.912845
3.345000,1.364832,2.906436,0.158415
3.350000,-0.791955,1.063295,1.037401
3.355000,1.120204,-1.600265,1.029040
3.360000,2.201677,0.347341,-0.493454
3.365000,0.359292,-2.218469,1.139861
3.370000,-0.399688,0.911550,1.058824
3.375000,-1.487376,-1.941899,-0.444877
3.380000,0.358527,0.904778,0.259491
3.385000,0.356366,-0.902753,-1.179717
3.390000,-1.984660,1.278703,-0.366873
3.395000,-2.951894,-0.087477,1.947674
3.400000,2.180722,2.077242,-0.518025
3.405000,0.546456,2.315896,0.602563
3.410000,1.074841,0.120506,-0.276472
3.415000,-1.395069,0.085462,0.070738
3.420000,-0.365660,0.587303,0.591315
3.425000,0.262049,-0.956163,-0.206432
3.430000,-0.582391,-0.057753,0.314368
3.435000,0.492525,-0.624455,0.051519
3.440000,-0.450908,-0.126066,0.545726
3.445000,0.931164,0.394496,1.170525
3.450000,-0.156056,-1.264348,-0.203176
3.455000,-1.546459,0.777371,0.402857
3.460000,1.421440,0.167704,-1.309482
3.465000,-0.162876,0.323381,0.353943
3.470000,0.412788,1.709083,-1.097625
3.475000,0.035287,-0.083600,0.431679
3.480000,0.057357,0.320608,-0.656759
3.485000,-0.686107,0.170441,0.009464
3.490000,-0.226334,0.015570,0.068715
3.495000,-0.491330,-0.956271,0.676630
3.500000,0.847102,3.041126,-0.074897
3.505000,1.333197,-1.700558,0.961010
3.510000,-1.049411,-0.410264,1.001367
3.515000,-1.168282,-2.468229,0.096153
3.520000,1.367331,-0.137100,0.494488
3.525000,-1.856251,1.291938,-0.320478
3.530000,-0.603919,2.453839,1.295930
3.535000,-0.956987,-0.986745,-1.482735
3.540000,0.668722,2.047455,0.633408
3.545000,0.076598,0.042646,1.410117
3.550000,-0.410682,-0.100646,1.846762
3.555000,0.288565,-1.471568,0.210998
3.560000,0.339282,-1.160626,-0.388217
3.565000,-0.483942,0.629768,-0.382675
3.570000,-0.123663,0.557359,-0.374375
3.575000,-0.056904,-0.700615,-0.793194
3.580000,-0.125269,2.297161,-1.141312
3.585000,-1.444773,-0.039390,2.503724
3.590000,-0.189193,0.537838,-0.556520
3.595000,-0.478489,-0.025430,-0.103007
3.600000,-0.533196,-0.616707,0.258744
3.605000,0.955924,0.467576,-1.321202
3.610000,1.670472,1.311640,0.155377
3.615000,-0.377594,0.002582,0.023844
3.620000,1.236005,-0.379580,0.524668
3.625000,2.249406,1.725874,-0.983238
3.630000,-0.651942,-0.323111,0.128028
3.635000,0.051797,0.044536,-0.673190
3.640000,1.241638,-0.319525,-0.283081
3.645000,-0.384671,1.815232,-0.126531
3.650000,-0.023459,-0.480649,-0.187139
3.655000,-0.148688,0.650281,0.441719
3.660000,0.453458,0.944561,0.197373
3.665000,-0.482279,1.360199,0.946321
3.670000,0.737043,0.051118,0.030139
3.675000,-0.247517,-0.217963,-0.830005
3.680000,-0.440273,-0.168923,-0.036925
3.685000,0.878922,-0.035131,1.452272
3.690000,-0.831958,0.292719,0.014182
3.695000,1.041961,0.126250,-1.183051
3.700000,-1.245755,-0.198816,1.096989
3.705000,0.316518,-0.236586,1.178431
3.710000,0.549965,-0.506281,-2.327844
3.715000,-0.689870,-1.615020,0.596292
3.720000,0.469877,2.291706,-0.845972
3.725000,-0.457491,0.389801,-0.913056
3.730000,-0.236394,1.297905,-0.319408
3.735000,0.368039,-0.088755,-0.212310
3.740000,1.156078,2.241089,0.418175
3.745000,0.921875,0.373734,1.040165
3.750000,-0.744361,0.463531,-0.290503
3.755000,-2.100930,-1.256175,-2.481396
3.760000,0.109244,-0.484264,0.370062
3.765000,0.769287,2.097455,0.087092
3.770000,-0.481558,0.237247,-0.433640
3.775000,-0.953078,1.143596,-0.460376
3.780000,-0.656487,-0.752665,-0.881039
3.785000,-0.489485,0.886531,0.021067
3.790000,-0.677346,0.499984,-0.265352
3.795000,1.921056,-0.944522,-1.200977
3.800000,-0.539789,0.816424,-1.760725
3.805000,-0.412274,1.160835,-0.849279
3.810000,-0.614944,-0.191296,-0.028369
3.815000,-0.681660,-1.502483,-0.074667
3.820000,-1.815444,1.132416,0.734363
3.825000,2.430673,0.661757,0.232801
3.830000,-1.058454,0.927684,0.175487
3.835000,-1.239293,0.304825,-1.636509
3.840000,-0.977251,-0.667151,2.899404
3.845000,1.210953,1.260748,0.954637
3.850000,0.913343,2.235557,0.640723
3.855000,0.612389,0.832676,-1.239710
3.860000,0.565596,1.070661,-1.166955
3.865000,-0.217972,2.185223,-1.780320
3.870000,-2.327351,0.064355,-1.261616
3.875000,-1.942194,-1.535832,-0.940231
3.880000,-0.910830,0.230637,-0.528151
3.885000,1.770281,0.574582,0.317565
3.890000,-0.480367,1.125354,3.173240
3.895000,-0.673017,-0.606016,0.505547
3.900000,-0.156242,-0.269690,-0.577861
3.905000,-0.071901,-0.098828,0.308225
3.910000,0.113290,-0.835657,-0.355816
3.915000,2.142310,0.392908,1.886037
3.920000,-0.932298,0.994638,1.384170
3.925000,0.342343,0.962873,0.384622
3.930000,-1.345417,1.000547,1.629781
3.935000,-1.024592,-2.404603,-1.484052
3.940000,2.080887,0.202167,-0.108188
3.945000,1.039331,-1.906086,0.181365
3.950000,-0.316742,-0.928077,0.733039
3.955000,0.413008,0.660731,1.659066
3.960000,0.514287,1.574413,-0.060723
3.965000,-0.342980,-0.370226,-0.221936
3.970000,-1.020517,-0.743046,0.483474
3.975000,-0.459602,0.466820,0.377301
3.980000,-0.529764,-0.051155,-0.064249
3.985000,0.691612,-0.343988,0.429116
3.990000,0.945334,-0.529682,0.892977
3.995000,0.217932,-2.595662,-0.352444
4.000000,1.295562,2.038660,0.620618
4.005000,-0.868771,-0.238524,1.649462
4.010000,-0.450688,0.128613,1.023692
4.015000,1.239776,-1.068665,-0.692504
4.020000,1.053141,-0.705270,-0.366976
4.025000,1.179574,0.135933,-1.282674
4.030000,1.570281,-0.840853,1.260480
4.035000,0.163893,-0.389017,-0.546214
4.040000,0.910206,-0.804012,0.816286
4.045000,0.881211,0.568503,1.702642
4.050000,1.203030,1.066523,0.483056
4.055000,-0.729241,-0.099276,0.690061
4.060000,-0.147124,0.590385,0.572069
4.065000,-0.005807,-0.812160,0.554683
4.070000,-0.448280,1.212108,-0.930761
4.075000,-1.601123,0.942505,-0.338977
4.080000,-0.749021,1.092620,0.327726
4.085000,0.445049,0.980360,1.144148
4.090000,0.500575,-1.710016,0.279620
4.095000,-1.082490,-1.084788,0.438087
4.100000,-0.407726,1.207414,0.268530
4.105000,2.830962,0.934658,0.064544
4.110000,-0.068462,0.204057,1.502766
4.115000,1.786797,0.199585,-1.425561
4.120000,-0.658255,0.557946,-0.959734
4.125000,0.862702,1.733319,1.523541
4.130000,-1.273484,-1.114292,0.147717
4.135000,0.386956,-0.756142,-0.562211
4.140000,0.895983,-1.039072,0.961887
4.145000,0.480409,0.525064,-1.484331
4.150000,0.340421,-0.500357,0.655409
4.155000,0.125036,0.184859,-0.479862
4.160000,1.828595,-1.207778,0.240177
4.165000,2.099154,0.252301,2.459550
4.170000,-0.778973,0.976756,-0.367421
4.175000,1.260576,1.067074,0.173469
4.180000,-1.658567,2.454973,1.388782
4.185000,-0.302248,-1.510135,-2.559907
4.190000,-0.553126,-1.713505,1.311916
4.195000,-1.166529,-0.514153,-1.383295
4.200000,-0.289355,-0.784602,0.009472
4.205000,1.311904,0.295869,0.423630
4.210000,-2.329981,-1.954224,-0.538719
4.215000,0.187388,-1.631001,0.893244
4.220000,-0.878557,-0.973352,-1.439612
4.225000,0.678039,-0.318257,0.923375
4.230000,-0.507878,-1.416929,0.979894
4.235000,-2.270714,1.087242,-1.510084
4.240000,0.319967,-1.181534,-0.092185
4.245000,1.021703,0.249835,0.164456
4.250000,-1.006179,-2.076157,-0.959918
4.255000,0.215882,0.046847,-0.825812
4.260000,-0.999718,-0.521213,-0.139760
4.265000,0.070353,0.570174,0.961441
4.270000,-0.954708,-0.584417,-1.181603
4.275000,-0.266016,-1.535593,0.058306
4.280000,-0.270539,-0.356220,0.215915
4.285000,0.142838,-0.315082,0.297246
4.290000,0.435362,-0.761098,0.966469
4.295000,-0.839373,-0.794403,1.664673
4.300000,0.031256,-0.227211,-0.894364
4.305000,1.803610,0.677267,1.468204
4.310000,0.318384,-0.633528,0.021281
4.315000,-0.814952,-0.388199,-1.219586
4.320000,-1.557139,0.313685,0.625474
4.325000,-1.804797,-1.408994,-2.138882
4.330000,-1.501894,-1.907274,1.508113
4.335000,0.223225,-1.110947,-1.634606
4.340000,0.041070,-1.758479,1.542068
4.345000,1.295803,-0.813914,2.615015
4.350000,-0.298642,0.407307,-0.292943
4.355000,-0.450880,0.030250,0.936672
4.360000,0.020843,0.916646,-0.992413
4.365000,1.063470,-0.497168,0.155877
4.370000,-0.331078,-0.183605,-0.097966
4.375000,-0.641309,-0.318278,1.811261
4.380000,0.178401,-0.278005,-0.492712
4.385000,0.413814,0.608341,0.281403
4.390000,1.186597,1.612198,-0.889494
4.395000,1.347786,-1.305981,-0.154765
4.400000,-2.115663,0.342389,-0.666621
4.405000,-0.230237,-0.907976,-1.162071
4.410000,0.309140,-0.208514,-1.187051
4.415000,-0.170542,-0.479298,-0.875367
4.420000,2.192811,-1.365301,-0.832032
4.425000,-0.490957,0.027001,-0.407551
4.430000,0.144601,-0.866035,0.971434
4.435000,0.219910,-0.297388,0.216461
4.440000,-0.007196,1.503300,-0.381712
4.445000,1.872970,0.526057,2.257659
4.450000,-0.065379,-1.421652,1.243729
4.455000,-1.877953,-1.590938,-0.212712
4.460000,-1.243883,1.328468,-1.197986
4.465000,0.126076,1.398531,1.591940
4.470000,-0.151424,-1.006996,0.479716
4.475000,0.692200,-0.767582,-0.339297
4.480000,0.338304,0.774494,-0.054278
4.485000,0.432615,-0.338295,-0.005028
4.490000,-1.064122,-1.064167,0.862630
4.495000,1.211844,0.231378,-0.231361
4.500000,0.563014,0.654241,0.045265
4.505000,1.784506,0.868245,-1.317389
4.510000,-1.266753,1.868940,-1.362933
4.515000,-0.887406,-1.658286,0.746988
4.520000,1.035607,-1.239281,0.480404
4.525000,-1.449311,-1.103641,-0.158882
4.530000,0.929353,1.026101,1.551901
4.535000,0.606061,0.432610,-1.115966
4.540000,-0.114774,-0.005083,-0.904530
4.545000,0.509878,0.801026,0.500887
4.550000,-1.398712,0.760141,-0.191954
4.555000,0.460641,0.843758,-0.408420
4.560000,1.176027,1.712187,0.473640
4.565000,0.295806,0.780416,2.212262
4.570000,-0.390141,-1.168063,0.802272
4.575000,0.232339,-0.215087,1.143379
4.580000,0.710145,-0.452518,-0.756259
4.585000,1.262282,2.433101,-0.086312
4.590000,-0.098484,0.777093,-0.561360
4.595000,0.040796,0.136923,-0.443496
4.600000,0.782982,1.374471,1.527956
4.605000,-0.716545,0.094338,0.923931
4.610000,0.736254,-1.800562,-0.002238
4.615000,-0.327773,0.320200,0.059351
4.620000,-0.644845,-0.590921,-0.042159
4.625000,-1.743553,0.209454,0.551422
4.630000,-1.213084,0.689100,0.516517
4.635000,-0.853243,-0.452089,-1.189853
4.640000,0.714851,-0.568122,-1.438387
4.645000,0.801637,-0.188107,-0.399867
4.650000,0.165999,0.183870,-0.468225
4.655000,0.739796,-1.722638,0.859495
4.660000,-0.121328,1.759160,0.147384
4.665000,0.463726,-2.220561,-0.163300
4.670000,-1.482884,1.007772,0.905602
4.675000,-0.237965,0.172837,-0.321246
4.680000,1.136535,-0.968799,-1.098796
4.685000,1.403647,0.911004,-0.523502
4.690000,-0.299232,-1.827321,-0.949235
4.695000,-0.598632,-0.451013,-1.167335
4.700000,0.187834,0.885369,-0.068796
4.705000,2.229923,-0.708071,0.684610
4.710000,0.639896,1.390105,1.858469
4.715000,-0.347597,-1.034534,-1.089633
4.720000,0.260704,1.717125,-1.163076
4.725000,-0.825122,1.408377,-0.907312
4.730000,0.409209,-0.751522,2.112459
4.735000,-1.318390,0.869926,-0.497519
4.740000,-0.623454,-0.261429,0.323021
4.745000,-0.360086,1.044603,-0.488882
4.750000,-1.135420,-0.032016,-1.620725
4.755000,-0.360276,0.761766,-0.994808
4.760000,0.900401,0.728828,0.950549
4.765000,0.158596,-0.071183,0.873556
4.770000,-0.130443,0.245962,-0.200848
4.775000,-1.069879,-0.937827,-0.281389
4.780000,0.090849,1.369716,0.465182
4.785000,0.595143,-1.341440,1.956922
4.790000,1.428254,-0.100549,1.201565
4.795000,-1.486295,-0.585639,-1.457473
4.800000,0.278942,0.504991,0.005424
4.805000,1.719083,0.602110,-0.301366
4.810000,0.535402,0.311175,-0.399240
4.815000,0.689918,-0.648617,-1.720519
4.820000,1.920574,2.764016,-1.008525
4.825000,0.288373,1.719560,-1.561898
4.830000,-0.130889,0.544394,1.222471
4.835000,0.499108,-0.824622,-0.684418
4.840000,1.489124,-0.897813,-0.751481
4.845000,1.012281,1.377043,-0.793477
4.850000,-0.980318,1.757768,-0.750485
4.855000,-0.934181,0.743550,1.091981
4.860000,0.685303,0.096048,0.233663
4.865000,0.707804,0.653474,0.821337
4.870000,-2.062214,1.088199,-0.179714
4.875000,-0.498339,0.611746,-1.437599
4.880000,-0.008118,-0.185601,0.656287
4.885000,0.159202,0.408635,-0.029306
4.890000,-1.332955,0.423311,0.399028
4.895000,-0.579741,-0.600986,-0.238219
4.900000,1.142855,-0.523534,0.591233
4.905000,-0.001596,-0.257578,1.173895
4.910000,-0.145828,1.230709,-0.423654
4.915000,-1.354215,-0.201181,-2.076504
4.920000,-1.880738,1.697463,-1.772507
4.925000,0.730836,-0.376363,-0.150109
4.930000,0.962327,-1.416300,0.515478
4.935000,-1.835015,0.037803,-1.124277
4.940000,0.263281,0.408273,-1.418215
4.945000,0.588015,0.625351,0.427629
4.950000,-0.157993,1.928840,-0.416154
4.955000,0.469584,-1.922534,-0.333659
4.960000,0.584227,-1.147300,-1.587568
4.965000,-0.051122,-0.247310,-2.564969
4.970000,0.577531,-0.171911,-0.266136
4.975000,-0.301278,0.702024,0.994054
4.980000,0.812160,0.381515,0.085813
4.985000,0.547757,-1.468499,1.453209
4.990000,0.417539,-0.009799,0.857178
4.995000,1.054611,-0.898698,1.496622
5.000000,2.907603,-0.522935,2.031165
5.005000,0.846143,-1.394224,0.814689
5.010000,-0.850980,-0.767175,-1.075705
5.015000,-2.563010,-0.493087,0.722353
5.020000,-0.570999,-0.556876,-1.320128
5.025000,-0.306275,0.444149,0.146136
5.030000,0.481028,1.572687,-0.085327
5.035000,0.086660,-1.448887,-0.128133
5.040000,0.211276,0.067008,-1.526989
5.045000,1.238143,-1.518991,1.256489
5.050000,-0.012453,-0.691442,-0.237767
5.055000,-0.671287,-0.914550,-0.453658
5.060000,1.093834,0.740764,-1.948908
5.065000,1.028247,0.571641,1.416443
5.070000,-0.408113,-1.335605,0.138928
5.075000,-1.196783,-0.683681,1.913465
5.080000,-1.155253,-1.281726,-0.387625
5.085000,-0.366622,1.201849,1.703196
5.090000,-1.295062,1.101656,1.497323
5.095000,-2.718391,-1.762531,-0.014156
5.100000,0.709471,1.357637,1.448744
5.105000,-0.718634,1.043670,0.244450
5.110000,-0.137648,-0.652320,1.607790
5.115000,0.980150,-1.412159,-2.272735
5.120000,-0.036380,0.831433,-0.261270
5.125000,0.532180,1.956838,-0.222402
5.130000,1.915624,-1.410808,-1.562213
5.135000,0.977649,-0.294354,-1.544282
5.140000,0.746380,-1.759391,0.421402
5.145000,0.033644,-1.305046,-2.216655
5.150000,-2.654192,-1.062974,0.601424
5.155000,-0.252103,-0.983504,-0.716337
5.160000,0.194489,0.940441,-0.256338
5.165000,-0.893049,0.605805,-0.048694
5.170000,0.613450,-0.729706,0.370939
5.175000,-0.439882,-0.608067,1.261163
5.180000,-0.011241,1.172539,-0.869743
5.185000,1.399395,0.917807,-0.714291
5.190000,0.202525,0.773017,-0.668623
5.195000,-0.713280,-0.618898,0.108653
5.200000,-0.487829,2.051495,-1.365865
5.205000,-1.469999,-0.256683,1.508626
5.210000,1.343265,1.700464,0.594341
5.215000,-0.311738,0.151578,-0.483928
5.220000,0.869780,-1.302108,-0.370420
5.225000,1.603988,-0.681570,-0.841913
5.230000,0.896259,-1.626136,-0.821586
5.235000,-0.352576,-2.198882,-0.839455
5.240000,0.286573,1.151018,0.421570
5.245000,-0.128535,1.359530,-0.832796
5.250000,0.371580,0.179331,-0.997166
5.255000,-1.870872,1.286782,1.104531
5.260000,0.318913,-1.265722,0.120399
5.265000,0.155727,0.930297,1.160372
5.270000,1.066196,1.579948,0.226527
5.275000,0.564601,-0.886501,-0.990251
5.280000,1.125225,0.162714,2.000290
5.285000,0.044231,1.316835,-0.110751
5.290000,-1.886829,0.003636,2.239286
5.295000,-0.288199,2.346329,-0.044584
5.300000,-0.375136,0.828765,-0.729779
5.305000,1.854753,-1.193945,-0.662053
5.310000,-0.174576,-0.735494,0.864764
5.315000,-0.122070,-2.046170,-0.479180
5.320000,-1.139182,0.103449,0.762231
5.325000,0.062910,0.463126,0.543275
5.330000,-0.639858,1.452716,0.998309
5.335000,0.257361,0.452958,-1.780811
5.340000,0.416634,1.381687,-0.353502
5.345000,1.325315,-0.472769,0.129967
5.350000,-0.645492,-0.620164,0.547119
5.355000,0.175087,-1.250298,-0.927200
5.360000,-1.902199,-1.047101,2.394760
5.365000,2.480927,0.542671,0.530708
5.370000,-0.182082,1.055129,-1.047288
5.375000,0.687067,-1.044757,-1.240975
5.380000,0.300727,-0.583274,-0.180702
5.385000,1.419367,0.470744,0.640957
5.390000,-0.815993,0.526824,0.007555
5.395000,0.123336,0.128904,2.874688
5.400000,0.826170,-0.633150,-0.913324
5.405000,-1.395151,1.287895,-1.236420
5.410000,0.517185,-0.535752,2.147726
5.415000,0.850570,0.564492,-0.697567
5.420000,-0.166406,-0.437103,0.526245
5.425000,0.608135,1.342455,0.142223
5.430000,1.537114,0.921698,0.659936
5.435000,-0.492619,-1.701786,-0.794936
5.440000,1.142781,2.633317,0.686986
5.445000,-1.241562,-0.475204,0.126232
5.450000,-0.960199,1.259616,-0.238606
5.455000,-0.898594,-0.694054,0.445079
5.460000,-0.663433,-0.293037,-1.615103
5.465000,-0.175556,1.513094,1.718132
5.470000,0.062137,0.558759,0.327730
5.475000,-0.027084,-2.113044,-1.611603
5.480000,-0.558564,-0.304241,-0.549903
5.485000,2.563064,1.303033,1.354198
5.490000,1.316905,0.343134,-0.868906
5.495000,-0.888835,-0.095092,-0.447270
5.500000,-1.865633,1.073333,0.096079
5.505000,1.440395,0.860780,0.162975
5.510000,0.000074,2.275178,0.088714
5.515000,1.229821,0.723029,0.431258
5.520000,0.434805,1.301901,1.599061
5.525000,-0.420263,0.477536,2.463612
5.530000,-1.865081,-0.309219,-0.724302
5.535000,-1.311408,-1.834883,-0.691719
5.540000,-0.633879,-0.055989,-0.905577
5.545000,1.435267,0.741095,-0.951026
5.550000,0.926270,2.020583,0.364156
5.555000,-0.869127,-1.012951,-2.570660
5.560000,-1.209733,1.829546,-0.165072
5.565000,-0.493756,2.422144,2.350013
5.570000,-0.175153,1.531288,0.729336
5.575000,1.530057,-0.340409,0.789096
5.580000,-0.098495,2.325347,-0.035582
5.585000,0.475389,1.091388,1.047149
5.590000,1.407512,-0.236657,-1.978320
5.595000,-0.276311,-0.198141,0.397656
5.600000,2.333125,0.221340,1.819060
5.605000,-0.711656,0.048639,0.386026
5.610000,-0.568186,0.022539,-0.746493
5.615000,0.666072,-1.563473,-0.257217
5.620000,0.252808,-0.188163,1.404981
5.625000,-0.218542,1.392435,1.602080
5.630000,-0.970693,-0.840401,0.302576
5.635000,-1.773326,-1.525419,-1.733566
5.640000,-1.203688,0.469189,0.592935
5.645000,0.330866,0.672908,3.083066
5.650000,0.568895,0.079874,0.466068
5.655000,0.051520,-0.913094,-2.352627
5.660000,0.284789,-0.444992,0.309363
5.665000,-0.582540,-1.958786,0.887240
5.670000,-0.588285,-1.553951,-0.406019
5.675000,0.161097,-0.851130,-0.471530
5.680000,-1.891341,1.575613,-0.558764
5.685000,0.852611,0.603322,0.316829
5.690000,-1.622359,-0.195268,1.680711
5.695000,-0.485134,-2.481114,0.259048
5.700000,0.687418,-0.013534,0.686227
5.705000,0.412804,0.475288,0.994212
5.710000,0.593371,-0.507624,0.136801
5.715000,-1.130798,-0.906647,-0.296682
5.720000,-0.237221,0.271740,0.064632
5.725000,0.561330,0.758728,1.372957
5.730000,0.991856,-0.099344,-0.481832
5.735000,1.823363,-0.058207,-0.083636
5.740000,0.563380,1.103165,-1.666008
5.745000,-0.329001,-0.595298,1.835861
5.750000,-0.238011,0.346847,0.642530
5.755000,0.784505,-0.335176,-0.750465
5.760000,1.260469,-1.672328,0.710064
5.765000,0.875558,1.218804,0.838389
5.770000,0.800557,-0.301524,-0.343917
5.775000,-1.229235,0.576621,0.469170
5.780000,0.219748,0.619987,-0.010462
5.785000,-0.206725,0.538587,0.953808
5.790000,0.608682,-1.508950,0.020591
5.795000,-1.215740,-0.704275,0.898521
5.800000,-1.159785,1.137606,0.008879
5.805000,1.640745,0.273414,0.488014
5.810000,0.526869,0.394745,-1.721444
5.815000,-0.755367,-1.011746,-1.521790
5.820000,0.317622,0.935567,-0.386302
5.825000,-0.474357,-0.637947,-0.722557
5.830000,1.005405,-0.069606,-0.462047
5.835000,1.257444,0.364946,-0.429836
5.840000,-0.461834,-1.918747,-1.446729
5.845000,0.857061,0.355996,-1.730575
5.850000,1.400631,-0.044793,-0.321412
5.855000,-2.361316,0.087912,0.875734
5.860000,0.416295,1.552036,-0.134189
5.865000,-0.179378,1.315550,0.087952
5.870000,0.292857,0.112347,0.063550
5.875000,-1.757269,0.831666,-1.559885
5.880000,-0.282557,0.940070,-2.311379
5.885000,-0.097285,1.409958,1.571155
5.890000,1.043370,0.481097,-0.176229
5.895000,-0.099251,-0.305373,0.906543
5.900000,-0.087275,-0.070466,-1.613664
5.905000,1.206603,1.866377,-1.196198
5.910000,2.183683,-1.273372,-0.353983
5.915000,0.464748,-0.739644,0.035909
5.920000,0.063918,0.761691,0.072026
5.925000,0.778508,0.471924,0.162989
5.930000,0.256501,-1.905164,0.482393
5.935000,-1.119280,-0.866211,-1.020929
5.940000,0.115009,1.478067,-0.207741
5.945000,0.238267,-0.246035,-0.771076
5.950000,-0.717514,-0.684762,2.095192
5.955000,-1.270794,0.409621,-1.436674
5.960000,1.436631,1.048455,0.351527
5.965000,-1.751440,-0.398106,-0.153098
5.970000,-1.276682,-0.968789,0.085045
5.975000,-2.085269,0.394006,-1.219028
5.980000,1.049529,0.072362,0.183435
5.985000,-1.715680,-0.609773,2.670934
5.990000,0.438149,-0.544470,0.481130
5.995000,-1.180574,0.029349,0.117205
6.000000,-0.864947,0.460237,0.095591
6.005000,0.362543,0.782744,0.954365
6.010000,-0.445535,-1.691286,-1.058690
6.015000,-0.066662,0.712069,-1.139986
6.020000,-1.386026,0.149044,-0.094439
6.025000,0.014989,-1.106771,-1.147810
6.030000,0.207270,-1.147889,0.125883
6.035000,-0.399645,-0.970153,-1.218387
6.040000,1.219647,0.063421,-0.339601
6.045000,-1.388673,1.270048,1.055475
6.050000,1.983915,1.214071,0.429070
6.055000,-0.323006,-1.282579,-0.289294
6.060000,0.043203,-1.115232,0.289101
6.065000,1.623133,-0.933446,1.383446
6.070000,0.532670,-0.586204,1.304413
6.075000,-1.803186,-0.081139,0.558171
6.080000,1.067987,-1.104117,-0.486859
6.085000,1.349069,1.952774,1.499896
6.090000,-0.809081,-1.087860,0.449250
6.095000,-0.699689,0.342636,1.830812
6.100000,-0.698049,0.652330,-0.480382
6.105000,0.550783,0.930441,0.494926
6.110000,-0.478351,-0.195863,-0.284194
6.115000,-0.530378,0.804315,-0.872564
6.120000,-0.768117,-0.115024,-0.067992
6.125000,-0.373791,0.977166,0.186911
6.130000,0.061466,-1.255592,-0.240895
6.135000,-0.927739,-0.037251,1.289135
6.140000,1.088088,2.474107,0.752387
6.145000,0.998655,2.003662,1.322323
6.150000,0.347060,-0.503126,-0.387469
6.155000,-0.629399,-1.025623,-2.051556
6.160000,0.193431,0.066805,0.753376
6.165000,-0.883684,-0.990481,-0.107762
6.170000,-0.628358,-0.751464,0.715209
6.175000,-1.273689,0.479070,0.603758
6.180000,0.989058,1.108772,-1.045983
6.185000,1.296283,-0.259156,-0.246417
6.190000,-0.224239,0.195104,-0.692820
6.195000,-0.507939,1.575917,0.525865
6.200000,2.629394,-0.202285,-0.414404
6.205000,0.555485,1.010391,0.452277
6.210000,1.336764,-1.005389,0.203720
6.215000,-1.159263,-0.373110,-0.698334
6.220000,1.001336,-0.930883,1.709813
6.225000,0.872511,0.702531,0.521844
6.230000,-1.005717,1.064903,-1.544368
6.235000,0.283210,-1.625334,-1.456357
6.240000,-1.754616,-0.676681,0.484841
6.245000,-0.059618,1.321229,-1.384604
6.250000,0.536352,-0.653652,0.272301
6.255000,0.687917,-1.265129,-0.940345
6.260000,-0.568676,0.523958,-0.071505
6.265000,0.103350,3.001442,0.970923
6.270000,0.853419,-0.484660,-0.687972
6.275000,-0.103002,-0.619584,-0.562479
6.280000,-0.215937,-0.716015,0.317597
6.285000,0.088973,0.830699,1.202806
6.290000,-0.811173,-0.545129,0.028067
6.295000,0.868150,-0.811045,2.466205
6.300000,0.517070,-0.927956,0.722933
6.305000,-0.216295,1.905793,0.190464
6.310000,0.559792,-0.255344,0.635358
6.315000,-0.215850,-1.569388,-0.751367
6.320000,0.883997,-1.398187,0.368479
6.325000,0.573879,-0.907366,-0.078222
6.330000,0.811435,0.793805,-0.390706
6.335000,0.274456,0.103600,-1.142168
6.340000,1.207213,1.232635,-0.279792
6.345000,-0.204291,-0.678023,0.308368
6.350000,-0.007352,-1.101340,-0.216622
6.355000,0.625655,-0.206626,-1.371784
6.360000,0.349928,2.186881,-0.332546
6.365000,0.035320,-0.660283,1.374938
6.370000,0.297751,-0.259787,-0.536656
6.375000,-1.435188,-0.862288,-1.237835
6.380000,-0.553216,-0.948398,0.963936
6.385000,0.977677,0.607752,0.616110
6.390000,0.577733,0.432562,1.106547
6.395000,1.068003,-1.139746,-1.717199
6.400000,1.924744,0.677491,-1.439516
6.405000,0.032318,1.151936,0.415332
6.410000,-1.031630,-0.494025,-0.329046
6.415000,-0.185467,1.046421,-1.377248
6.420000,0.619712,-0.457919,-0.110918
6.425000,0.854071,0.471339,1.806496
6.430000,-0.753798,-0.207234,-1.489374
6.435000,-1.623821,-1.356241,0.479162
6.440000,3.368553,-0.370621,0.565106
6.445000,0.306913,-1.096015,0.128492
6.450000,-1.144694,0.586062,-1.547972
6.455000,0.592871,-0.571099,-0.648841
6.460000,0.045967,-1.640772,0.219635
6.465000,-0.214556,-0.807496,1.079083
6.470000,-0.319409,-2.003040,-0.195819
6.475000,-2.025067,0.131285,0.041832
6.480000,-0.869702,0.665021,-1.240896
6.485000,0.118603,1.965862,-0.014548
6.490000,0.644353,0.165947,0.896676
6.495000,1.639957,-0.728731,-0.619937
6.500000,-1.307818,1.349587,0.287115
6.505000,0.906540,1.542421,2.274328
6.510000,-0.365816,0.437674,-0.418480
6.515000,-0.542599,-0.381346,0.165252
6.520000,-1.379294,0.645458,0.773369
6.525000,0.707582,1.121275,-0.498362
6.530000,1.381943,0.290485,-2.131611
6.535000,-0.450285,-0.114378,-0.590312
6.540000,-1.041187,0.954782,-0.683542
6.545000,-0.167832,-0.008065,1.208932
6.550000,-0.732122,0.227249,0.191712
6.555000,-2.366805,0.684247,0.211516
6.560000,0.207716,1.987818,1.273629
6.565000,-1.366426,0.873954,-0.835572
6.570000,-0.325965,0.451211,-0.429241
6.575000,-0.656758,-0.005355,-1.951206
6.580000,0.615002,0.587816,0.588248
6.585000,-1.207837,-0.348905,2.101865
6.590000,-0.425313,-0.591853,3.042366
6.595000,-1.408772,1.063652,0.837416
6.600000,0.278017,1.196740,-0.778647
6.605000,0.669937,1.405084,0.199579
6.610000,0.182733,-0.590576,0.805780
6.615000,-1.233536,-0.799074,-0.851452
6.620000,0.137693,1.772193,-0.887144
6.625000,0.090355,0.993937,1.295116
6.630000,0.591919,2.603688,-2.688204
6.635000,-0.164041,-0.479981,-0.006933
6.640000,-1.237220,0.491959,-0.281333
6.645000,0.052654,0.104671,1.727183
6.650000,0.428468,-0.972390,-1.073759
6.655000,-1.556148,1.493604,-0.167328
6.660000,0.705093,1.840175,0.676450
6.665000,0.643954,1.217956,1.044046
6.670000,-0.873870,-0.179659,0.198610
6.675000,-1.326900,-0.020742,-0.056225
6.680000,0.702888,0.342046,-1.197159
6.685000,0.493369,-0.000202,0.188202
6.690000,0.133960,0.231509,0.304489
6.695000,-0.356379,-0.143498,-0.091748
6.700000,-0.551238,0.088386,-0.189418
6.705000,-0.131086,0.133827,2.530059
6.710000,-0.448549,-1.496771,0.451524
6.715000,-0.589577,-0.416993,-1.809898
6.720000,-1.307038,0.574291,-0.123972
6.725000,-0.599064,0.510091,0.002635
6.730000,-0.728125,-0.016648,1.224530
6.735000,-1.021576,0.054262,-0.921777
6.740000,-1.763467,1.284916,-0.308656
6.745000,0.525944,0.519650,1.475120
6.750000,3.491698,0.121840,-1.392592
6.755000,0.054779,-2.115247,-1.602358
6.760000,-0.672685,0.186029,0.249123
6.765000,0.604465,-0.090356,1.584013
6.770000,1.335857,-0.275253,-1.984732
6.775000,-0.846997,-0.535443,-0.251136
6.780000,1.269903,-0.113676,-0.153013
6.785000,2.142685,-0.196486,1.135897
6.790000,0.789889,0.266854,-1.053071
6.795000,-0.923557,-0.173456,0.405767
6.800000,-0.012059,-0.025258,-1.065798
6.805000,1.588628,1.043532,-0.267859
6.810000,1.007648,-0.252430,0.073620
6.815000,-0.026911,1.615107,0.722498
6.820000,-0.508285,1.685405,1.558227
6.825000,0.283208,1.237599,-1.236198
6.830000,-0.066539,0.452214,-1.635345
6.835000,0.564702,-1.072883,0.304682
6.840000,2.404274,-0.861025,0.866960
6.845000,0.133482,0.125863,0.999352
6.850000,0.137006,0.562078,0.272652
6.855000,-0.970448,-0.646913,0.665967
6.860000,-0.738099,-0.014878,0.232857
6.865000,-1.780968,-0.001594,0.461866
6.870000,0.830537,-0.385620,-1.453359
6.875000,-0.677174,1.839037,-0.349397
6.880000,-0.735271,-1.123662,0.065356
6.885000,1.320917,-1.440653,0.682593
6.890000,0.245828,1.026996,-0.385837
6.895000,-0.711043,-0.247079,0.231363
6.900000,-0.441118,-0.089258,0.116997
6.905000,0.064958,-0.751792,0.234870
6.910000,-0.623371,0.398045,-1.802543
6.915000,0.841952,-0.732716,-1.363708
6.920000,1.006901,0.413783,-0.240238
6.925000,0.487906,0.257557,0.910270
6.930000,-0.058499,-0.369824,0.016826
6.935000,-1.480994,-0.735562,-0.182775
6.940000,0.261185,1.188706,0.118030
6.945000,0.326601,0.259801,0.268210
6.950000,0.935193,0.073959,-0.084208
6.955000,0.106832,-0.436139,0.322857
6.960000,-1.426495,0.202489,2.284000
6.965000,-0.022875,-0.538862,-0.249979
6.970000,-0.305186,-2.390555,-0.408841
6.975000,0.342800,-2.010138,-0.399247
6.980000,0.362202,0.495337,0.332718
6.985000,1.996979,0.730078,-0.438938
6.990000,-1.129913,-0.038343,-0.937692
6.995000,1.140062,-0.051084,0.070808
7.000000,-1.355227,0.047533,-0.809644
7.005000,0.843058,-0.433649,1.107768
7.010000,-1.118829,-0.863935,-1.295809
7.015000,-1.973517,0.182741,1.961843
7.020000,-0.475048,0.251068,0.591703
7.025000,0.664766,-0.882466,1.262639
7.030000,-0.813898,-0.529886,0.033877
7.035000,-1.726737,-1.879091,-0.163396
7.040000,-1.436758,0.477114,0.152264
7.045000,1.265913,0.619514,0.701354
7.050000,0.698823,-0.297568,0.300153
7.055000,-0.262479,-0.355401,0.420207
7.060000,-0.252465,0.716069,-0.662509
7.065000,-0.505018,0.501229,0.787747
7.070000,0.268496,-0.798008,-1.506286
7.075000,-0.853869,-2.524036,0.560391
7.080000,1.338513,0.292972,-0.538421
7.085000,-1.215639,-0.699999,-0.020410
7.090000,-1.600260,-0.973304,0.130300
7.095000,0.170063,1.527250,-0.377472
7.100000,-1.189110,-1.233540,0.422448
7.105000,2.547030,0.425493,0.680591
7.110000,-0.378490,1.493252,-0.947921
7.115000,-1.397703,-2.008893,-0.966712
7.120000,-1.722395,-1.476209,0.370672
7.125000,0.643771,1.013458,-0.041260
7.130000,0.828151,-1.900467,-0.315655
7.135000,-0.745425,-0.821090,-1.217590
7.140000,1.175570,-0.982872,2.976514
7.145000,-1.208106,1.140485,-0.227350
7.150000,-0.013799,-0.992355,-0.920838
7.155000,0.816745,1.104385,-0.873185
7.160000,0.861438,1.425534,-0.667711
7.165000,-0.121775,1.212474,0.391010
7.170000,0.324133,0.417143,-1.269789
7.175000,-0.732426,-1.859687,-0.954760
7.180000,-0.087071,0.885968,0.731321
7.185000,-0.419999,-0.111582,1.137912
7.190000,-0.521704,-0.515205,-0.170024
7.195000,-1.378032,1.550500,-1.045801
7.200000,-0.205532,1.302178,1.102828
7.205000,-0.479743,0.731659,0.197908
7.210000,-0.715570,-1.852252,0.933945
7.215000,-1.345982,0.350136,0.725837
7.220000,0.061370,0.487512,0.510431
7.225000,0.328663,0.237960,-1.016981
7.230000,0.362445,1.163175,-0.903103
7.235000,-0.300597,0.858727,-1.154784
7.240000,1.434041,-1.640274,-0.878557
7.245000,3.236735,0.093596,0.710105
7.250000,-0.215166,-0.473716,-1.298294
7.255000,-0.161523,-2.398543,-0.023426
7.260000,-0.350927,0.828082,0.672136
7.265000,-0.159253,0.269975,-1.051454
7.270000,0.719879,-1.393542,-0.301643
7.275000,-1.941951,-0.000331,0.713481
7.280000,-1.195099,1.023469,0.500570
7.285000,0.450771,-0.795617,-0.836241
7.290000,0.830195,0.522880,1.765341
7.295000,0.906109,0.345571,1.516150
7.300000,1.752063,-0.873370,0.151234
7.305000,-0.804979,2.288893,-0.437992
7.310000,0.590175,1.303933,-0.012618
7.315000,-0.394623,2.727586,1.521133
7.320000,-0.188580,-0.084358,-1.312563
7.325000,0.404722,0.686699,3.558535
7.330000,1.918615,0.618231,0.290776
7.335000,-0.235571,-1.437475,0.387874
7.340000,0.360087,-0.838453,1.742055
7.345000,0.393821,0.738415,1.092127
7.350000,1.021858,1.021044,-0.437614
7.355000,0.034504,1.539433,-0.985813
7.360000,-1.845716,-1.398202,-0.193995
7.365000,0.089785,-0.472246,-0.737093
7.370000,1.531544,-0.402497,1.419254
7.375000,-1.032619,1.188257,-0.492336
7.380000,0.336002,-0.435733,1.043637
7.385000,0.710310,-0.113847,-0.116241
7.390000,1.192210,-1.701507,1.476167
7.395000,-0.732177,0.257624,-1.423795
7.400000,-0.802248,0.876028,0.647232
7.405000,0.909841,0.508931,2.631240
7.410000,0.130600,-0.142714,0.962181
7.415000,1.286573,0.650159,0.172251
7.420000,0.131197,-1.321229,1.669066
7.425000,-1.756758,0.028314,0.225995
7.430000,2.520961,0.602660,0.083369
7.435000,-0.139866,0.456940,0.519194
7.440000,-0.940666,-1.105890,-0.293160
7.445000,-0.848408,-0.293838,-0.098143
7.450000,1.567968,0.310310,0.464040
7.455000,-0.952583,-1.228590,1.094463
7.460000,0.123600,1.437036,1.560232
7.465000,0.256076,0.949416,0.585975
7.470000,0.469529,-0.883633,-1.063057
7.475000,-1.361150,-1.233219,-1.009488
7.480000,0.079812,-0.191108,0.869141
7.485000,-0.219818,0.609761,0.390703
7.490000,-0.553117,-0.345276,0.044488
7.495000,-0.073211,0.460613,0.829022
7.500000,0.685181,-0.508454,-0.957103
7.505000,0.721254,0.496423,0.501815
7.510000,0.805785,0.432016,-1.700046
7.515000,0.572382,0.739191,-0.625992
7.520000,0.075107,-2.522277,-0.772252
7.525000,0.309819,-0.696235,0.492199
7.530000,2.041191,-0.232016,1.861671
7.535000,-0.715126,-1.027794,1.051822
7.540000,0.804259,0.371306,-0.624150
7.545000,0.446716,0.218762,-0.657455
7.550000,-0.154942,-0.425941,0.660570
7.555000,1.642502,0.037705,-1.304371
7.560000,1.684978,-1.154474,1.245935
7.565000,-1.118811,-0.232328,1.098576
7.570000,-2.049348,-1.528433,0.818743
7.575000,-0.056290,-1.760164,0.010397
7.580000,-1.043800,1.257525,-0.797812
7.585000,-0.525071,-1.064570,2.191439
7.590000,1.235811,-0.875807,-0.193072
7.595000,0.456055,-0.146083,-0.373035
7.600000,2.198272,-0.575477,0.031643
7.605000,0.733258,0.481434,-0.252612
7.610000,-0.053457,-0.523591,-1.669620
7.615000,0.898891,-0.921388,-0.675320
7.620000,0.871867,-0.776626,1.444145
7.625000,1.305371,1.024093,-0.333671
7.630000,0.796905,0.491111,0.415125
7.635000,-2.515283,0.200428,-0.917047
7.640000,-1.251639,-0.592524,1.499340
7.645000,0.916068,-1.107140,0.591885
7.650000,-1.980930,-1.369528,2.849633
7.655000,-0.629756,-0.411703,0.603565
7.660000,0.252738,1.302315,-0.933052
7.665000,0.220110,-0.511397,0.230915
7.670000,0.519008,-0.285550,-0.561211
7.675000,-1.167307,0.362883,-2.119485
7.680000,1.183784,0.624438,-1.391952
7.685000,-0.075022,1.228509,0.057046
7.690000,-0.207571,-2.194022,-0.259201
7.695000,-0.574193,0.327169,1.602833
7.700000,1.620983,0.012014,0.588670
7.705000,0.846295,1.053003,1.296319
7.710000,1.040127,0.673943,-1.691599
7.715000,-0.515592,0.202042,0.348717
7.720000,1.948833,2.515234,-0.030807
7.725000,0.204512,1.089057,-1.058495
7.730000,-1.488468,-0.351748,1.310611
7.735000,-1.935943,-0.102692,-0.901378
7.740000,-0.449482,-0.920501,-0.156521
7.745000,0.404065,-0.484915,0.398442
7.750000,0.062812,-1.034414,-0.381151
7.755000,0.901336,-0.295494,0.371071
7.760000,0.255999,-0.902161,-0.620397
7.765000,-1.359549,0.641360,-0.513144
7.770000,0.639654,0.244121,-1.271416
7.775000,-0.315030,-1.924791,-1.503396
7.780000,2.048075,1.623452,0.971610
7.785000,-0.391598,0.833339,0.761652
7.790000,-0.450079,-1.417829,-0.024592
7.795000,-0.072563,0.876876,0.158946
7.800000,-0.395532,-0.231835,-0.207879
7.805000,0.929793,0.935759,-0.898271
7.810000,-0.302042,-0.013352,0.317168
7.815000,-0.949099,0.189780,-2.164147
7.820000,0.360461,-1.006012,0.116978
7.825000,-0.319860,2.206609,0.409964
7.830000,-0.114194,1.600045,1.636491
7.835000,-0.150911,-0.287845,0.232052
7.840000,-0.056893,-0.085384,-0.904349
7.845000,0.733139,0.466732,1.223700
7.850000,0.578066,0.464338,-0.802126
7.855000,-0.988651,-1.421969,-0.015990
7.860000,-0.176363,0.084205,0.798831
7.865000,0.573599,0.538585,2.016895
7.870000,2.415998,-2.380055,0.103052
7.875000,1.097396,0.754069,-2.317693
7.880000,1.206713,-0.844137,-0.471702
7.885000,0.806411,1.214077,-1.036146
7.890000,-0.960442,-1.776819,0.893776
7.895000,0.145425,-0.820969,-0.423237
7.900000,0.349000,-1.047651,-0.241274
7.905000,-2.001226,0.646867,1.478777
7.910000,-1.057851,-1.389561,-0.496200
7.915000,-0.330469,1.448059,2.489157
7.920000,1.549972,-0.192262,-0.461944
7.925000,1.373685,2.477651,-1.612641
7.930000,0.637244,-0.226818,-0.257176
7.935000,-0.469362,-0.267162,-0.372514
7.940000,-0.237012,1.137712,-0.345204
7.945000,1.781910,-0.267616,-0.944068
7.950000,-0.272705,-2.666540,0.811998
7.955000,-1.048390,-2.044399,-0.870560
7.960000,-0.110349,1.091972,-0.491963
7.965000,1.406396,1.735836,-1.751441
7.970000,-0.275933,0.422439,-0.580050
7.975000,0.647609,-0.747809,0.872697
7.980000,1.840991,-0.530228,-0.302914
7.985000,0.840519,-0.739335,0.639396
7.990000,-0.523075,-0.176298,-0.928448
7.995000,-0.277559,-1.112009,-0.440507
8.000000,-1.092806,0.318486,0.127234
8.005000,0.583807,2.004804,-0.070124
8.010000,0.920395,-1.055267,-2.911896
8.015000,-0.996887,0.609910,1.455677
8.020000,-0.764001,-0.737539,-1.552216
8.025000,1.350320,0.310608,1.442026
8.030000,2.073167,1.534023,0.662239
8.035000,-0.715473,-0.626767,-1.585026
8.040000,1.640085,0.073066,-0.187994
8.045000,-0.865053,2.110460,0.175850
8.050000,-0.405146,-0.405934,0.148726
8.055000,0.477539,-1.788324,0.144431
8.060000,-0.377584,-0.906356,2.169489
8.065000,0.585308,-0.192495,-0.529577
8.070000,0.022339,-0.103462,0.535381
8.075000,0.502264,1.211999,-0.188437
8.080000,0.423969,-0.036715,0.025683
8.085000,-1.489463,1.325584,0.036797
8.090000,0.609242,1.850326,-0.128369
8.095000,1.319264,-1.102952,0.352812
8.100000,-0.354719,0.943024,1.456213
8.105000,0.727384,-0.864405,-0.215869
8.110000,0.724227,0.247056,0.690004
8.115000,-2.072674,0.527423,0.541816
8.120000,-0.191615,1.444132,-0.302804
8.125000,0.044234,0.328203,-1.125705
8.130000,1.685910,-0.064314,-0.007541
8.135000,0.023793,-1.854977,-1.424311
8.140000,0.547262,0.132733,1.646258
8.145000,0.117476,0.857028,0.403985
8.150000,-1.172285,-1.404763,-0.086911
8.155000,-0.213003,-0.679861,-0.197881
8.160000,-0.881279,-0.322411,0.112457
8.165000,0.908790,-0.910334,1.112799
8.170000,0.527005,0.051794,-0.485899
8.175000,-0.137379,-1.145318,-2.340633
8.180000,0.850597,2.427087,0.997445
8.185000,-1.961893,1.082323,-0.349253
8.190000,0.057594,-0.333771,0.466719
8.195000,-0.625430,0.618340,-0.823515
8.200000,-0.654180,2.374923,-0.025368
8.205000,2.160250,1.161657,-0.639790
8.210000,-0.434472,0.049740,-0.185318
8.215000,1.520508,0.081851,-0.540202
8.220000,0.975783,-0.202962,-1.116722
8.225000,1.617951,0.242571,1.188336
8.230000,-0.255801,-0.511495,-0.479972
8.235000,-0.768031,-3.327313,0.444532
8.240000,0.091886,-1.052001,0.381467
8.245000,1.418818,0.823018,0.388377
8.250000,-1.149849,0.212765,-0.610945
8.255000,-1.152975,-0.514960,-0.824357
8.260000,0.044161,-2.202131,-1.013983
8.265000,-0.196124,1.426523,-0.208340
8.270000,-0.984935,-0.564275,1.836326
8.275000,0.268688,-0.351823,-1.648700
8.280000,-0.585501,-1.320951,-0.120455
8.285000,0.292858,-1.031452,-0.264582
8.290000,0.003980,1.624348,-0.184927
8.295000,-1.379837,0.633500,-2.752401
8.300000,-0.754625,0.111248,1.459762
8.305000,1.034423,0.462179,0.597534
8.310000,0.764194,-1.515325,0.718294
8.315000,-0.646686,-1.193852,-1.127232
8.320000,-0.020289,-0.068803,1.595327
8.325000,0.894423,-0.578326,-0.041736
8.330000,-0.276384,0.050568,-0.749124
8.335000,0.786731,-1.933019,0.190468
8.340000,-1.198894,1.836076,1.638533
8.345000,0.970519,1.252475,1.824472
8.350000,0.567084,-1.117242,0.774311
8.355000,1.363281,-0.632347,0.999746
8.360000,1.851449,0.456314,1.319330
8.365000,0.157946,-1.101694,-2.604411
8.370000,1.980229,0.745128,-2.521612
8.375000,-0.518187,-0.071211,-1.125130
8.380000,-1.160775,0.340439,-0.375939
8.385000,0.986933,1.538638,0.296565
8.390000,-0.101300,0.256835,0.273891
8.395000,-1.648552,-1.875249,0.502570
8.400000,-1.808741,0.135798,1.251811
8.405000,1.065337,1.635897,0.900066
8.410000,0.928968,-0.584605,-1.712500
8.415000,0.862534,-2.237788,0.556168
8.420000,-2.079857,0.353605,0.356397
8.425000,0.977785,0.832484,-0.822917
8.430000,-0.112949,0.939434,0.481469
8.435000,-0.791584,-0.888936,0.136682
8.440000,-0.100508,0.001435,0.358765
8.445000,-0.306068,-0.109005,2.665146
8.450000,-0.115390,0.504587,-0.189179
8.455000,-1.726680,1.284135,-1.849000
8.460000,-0.898462,-0.195741,0.272271
8.465000,2.589851,0.817884,-0.565619
8.470000,0.834357,-0.321066,1.918005
8.475000,-0.137473,0.160333,-0.312010
8.480000,-1.057798,-0.008076,0.240755
8.485000,0.137898,-0.126764,-0.345823
8.490000,1.638237,-0.699291,0.100261
8.495000,1.106241,-0.208840,-0.588503
8.500000,-0.904262,-0.898915,0.201481
8.505000,-0.325625,-0.299252,0.803713
8.510000,0.394868,-0.007778,0.095351
8.515000,-0.110698,-0.625148,0.169846
8.520000,0.476599,0.877373,-0.403505
8.525000,1.959118,0.352153,1.056854
8.530000,-0.056252,-1.319933,0.531535
8.535000,-0.876560,0.898776,-0.649449
8.540000,-0.836460,0.033344,-0.294185
8.545000,1.105591,0.617533,0.924039
8.550000,-1.482656,-0.502727,0.942340
8.555000,-1.388481,-0.471796,-0.836981
8.560000,-0.622704,-0.432143,2.357891
8.565000,3.726979,0.137281,-1.612853
8.570000,-0.347843,0.542247,-1.374862
8.575000,-0.305440,-1.559891,0.440838
8.580000,0.295793,-1.510906,1.020637
8.585000,1.433424,0.413246,1.561469
8.590000,-1.162250,-1.012747,-1.008206
8.595000,1.041316,-1.823205,-0.692888
8.600000,0.189429,-1.167903,0.652233
8.605000,0.208050,0.898843,0.401902
8.610000,-0.024789,-0.253835,-1.445503
8.615000,0.775315,0.321510,0.179282
8.620000,0.378091,-0.971597,0.381862
8.625000,1.095859,0.476876,0.944314
8.630000,0.737194,-1.296761,-1.592088
8.635000,-0.303913,-2.274889,0.061667
8.640000,-1.718428,0.382146,0.740808
8.645000,1.498213,0.442526,-0.467548
8.650000,0.412630,-0.639288,-0.624446
8.655000,-0.740152,-1.179868,0.655760
8.660000,0.251727,1.625926,0.304882
8.665000,-0.450821,-0.314104,1.287423
8.670000,-1.429855,1.570028,-1.109140
8.675000,-0.052503,0.019782,-0.389027
8.680000,-0.963102,-0.604560,-0.462128
8.685000,1.607146,-0.932828,1.337263
8.690000,-1.357440,-1.760023,1.003092
8.695000,-1.651930,0.526816,-0.690601
8.700000,-0.550379,0.668297,-0.072168
8.705000,-0.198245,0.787094,-1.597258
8.710000,-0.148298,-0.922866,-0.803359
8.715000,0.737301,-0.755712,-0.801163
8.720000,-0.092452,-0.066027,-0.048459
8.725000,1.201018,-0.002699,0.930389
8.730000,0.214200,0.736098,0.732226
8.735000,-0.111074,0.587282,0.923290
8.740000,0.280301,1.940338,1.296924
8.745000,1.885409,0.522728,0.487581
8.750000,-1.860776,-2.246984,-0.421171
8.755000,0.499456,-1.573151,-0.361434
8.760000,-0.045307,-1.557704,-0.334473
8.765000,1.156326,-1.274246,1.154576
8.770000,0.496938,-0.820141,1.112681
8.775000,1.622805,1.622896,1.425360
8.780000,0.846172,0.733290,-1.076310
8.785000,-0.926791,0.032409,-0.016841
8.790000,0.953903,0.032161,-0.232915
8.795000,-1.800855,-0.728199,-0.370216
8.800000,1.527889,1.285695,-0.535950
8.805000,0.566774,3.744464,0.272361
8.810000,-1.719086,-0.059586,-0.782100
8.815000,-1.267619,-1.861661,-1.030957
8.820000,1.565315,0.696560,0.164817
8.825000,0.912030,-0.974591,0.719085
8.830000,0.265033,0.412321,-1.484173
8.835000,0.233231,-0.877655,-0.533722
8.840000,-1.650788,0.755482,2.327583
8.845000,-0.823363,-1.250097,0.067949
8.850000,0.189861,-0.256040,0.691375
8.855000,0.302964,-1.290303,-0.999122
8.860000,-1.774123,0.685047,0.382077
8.865000,-0.665214,-0.585054,-0.935141
8.870000,-0.546950,-1.581324,0.635428
8.875000,-1.408018,0.896702,-0.716885
8.880000,-1.280096,0.965020,-0.972726
8.885000,-0.967095,-0.631158,1.884439
8.890000,0.466972,-0.328478,-1.330673
8.895000,1.159560,-1.364595,-1.855891
8.900000,-1.230149,-0.568571,0.672397
8.905000,0.607449,0.795897,1.316885
8.910000,-1.018067,1.960027,0.793998
8.915000,0.390429,0.216701,0.709117
8.920000,-0.549872,-0.022871,0.192792
8.925000,0.119069,-0.879670,1.035911
8.930000,-0.841884,-0.751686,0.173184
8.935000,-0.308334,0.737973,0.124301
8.940000,1.237863,-0.347835,0.619753
8.945000,-0.663328,2.360020,0.177626
8.950000,0.314715,1.847428,0.654990
8.955000,0.388483,-0.993658,0.338005
8.960000,-0.982045,0.609710,0.129249
8.965000,0.921195,0.671682,-0.375250
8.970000,0.585322,-0.904331,0.548404
8.975000,2.279069,-0.805895,-1.098581
8.980000,-0.532996,2.948539,-0.111503
8.985000,0.693907,1.137417,1.044620
8.990000,-1.159597,-1.229335,-0.933894
8.995000,-0.904886,-0.646143,-1.046728
9.000000,-0.541167,-0.548176,2.811438
9.005000,0.605772,-0.655360,-0.952118
9.010000,0.166387,-1.074909,0.358891
9.015000,1.070070,-1.410729,-0.128162
9.020000,-0.081494,-0.932500,0.804805
9.025000,0.912519,1.271730,1.510434
9.030000,-0.990402,-0.109143,0.198489
9.035000,0.725524,-1.317195,1.422078
9.040000,-0.347723,0.593755,0.173058
9.045000,1.018678,1.003664,-0.759822
9.050000,-0.537828,0.265415,1.498757
9.055000,0.932955,-0.678423,-1.180416
9.060000,0.599644,1.019541,-0.878967
9.065000,1.276668,0.325341,0.529837
9.070000,-1.001132,1.384154,-1.456023
9.075000,-0.592112,-1.520344,-0.098713
9.080000,-0.196604,-0.527029,0.911309
9.085000,-0.061961,0.978672,0.323878
9.090000,1.005433,-0.852061,0.994374
9.095000,1.273889,-0.805406,0.240379
9.100000,-0.407428,-0.372011,0.785901
9.105000,1.416952,2.441712,0.224574
9.110000,3.041142,-2.546123,1.104810
9.115000,1.153528,0.248831,-0.590309
9.120000,-0.857461,-0.396643,1.222186
9.125000,0.667062,-0.047740,-0.134859
9.130000,1.033306,-1.090190,0.224503
9.135000,-0.792647,-1.379563,-1.570789
9.140000,1.244342,1.325937,0.200669
9.145000,0.591998,-0.665368,0.907426
9.150000,-0.315532,-0.808000,-1.361630
9.155000,-1.256436,-1.574668,-0.501330
9.160000,-0.294880,0.058839,1.362310
9.165000,1.243710,1.264079,-1.012947
9.170000,-1.125463,0.081629,0.337777
9.175000,-1.720974,1.524003,-0.615264
9.180000,-0.804274,0.537510,-0.253599
9.185000,-0.827390,-0.830723,0.827195
9.190000,1.552394,-0.898355,-0.278901
9.195000,-0.806467,-1.392090,-0.684409
9.200000,-2.908502,0.666058,-0.364801
9.205000,1.938905,0.556219,-0.672216
9.210000,1.078604,-0.364900,-2.616752
9.215000,-0.808242,-1.061534,0.171508
9.220000,-0.369504,-0.685076,-0.226589
9.225000,-0.520250,1.773113,-0.545416
9.230000,0.314717,-0.233911,-0.601016
9.235000,-1.428521,-0.707888,-1.401333
9.240000,-1.081535,0.766966,-0.411596
9.245000,-1.082226,-0.477377,-0.066056
9.250000,0.552677,-0.137175,-1.072950
9.255000,0.102857,0.226216,-0.909280
9.260000,-1.189246,0.277897,0.008876
9.265000,-0.776160,-2.244975,-0.912268
9.270000,0.651769,-0.342737,-0.686679
9.275000,0.585839,-2.275972,-2.090317
9.280000,-1.199933,0.118861,0.370901
9.285000,0.859050,1.650548,0.538769
9.290000,1.225877,0.384716,0.396739
9.295000,-1.143438,-0.889423,0.205771
9.300000,1.194015,-0.361690,1.179869
9.305000,-0.058790,0.591277,0.315750
9.310000,-1.270275,0.112095,-0.315900
9.315000,0.234576,-2.149951,2.486484
9.320000,-0.565979,0.666878,-1.425577
9.325000,0.153571,1.951386,2.761029
9.330000,2.635346,1.107880,-0.202293
9.335000,1.532695,-0.692250,-0.357034
9.340000,0.233141,-1.306946,0.817630
9.345000,0.644086,-0.247591,0.942483
9.350000,-0.872201,-1.119653,-1.929157
9.355000,0.847358,0.568537,-1.783863
9.360000,0.624361,-1.301810,0.423082
9.365000,1.482326,0.906613,0.702459
9.370000,0.871627,-0.403673,0.485998
9.375000,0.392415,-0.871706,-0.143777
9.380000,0.254578,0.678749,-0.413438
9.385000,1.825922,1.370206,0.675679
9.390000,-3.282657,-0.674057,-1.602610
9.395000,-0.687078,-0.065912,-0.452884
9.400000,0.963284,-0.308858,0.719075
9.405000,0.519958,-0.508920,1.255397
9.410000,-0.823430,-0.940948,-0.582280
9.415000,0.012336,-1.027479,-0.285932
9.420000,-0.188577,-0.359437,0.143080
9.425000,-0.149138,-1.917784,0.283801
9.430000,-0.023613,1.688448,-1.637647
9.435000,0.582854,-1.318922,-1.203401
9.440000,-2.255382,0.916001,-0.313765
9.445000,0.098251,-0.874211,1.675669
9.450000,0.620524,-0.490921,0.752746
9.455000,-0.626662,-0.176299,0.097246
9.460000,-0.258498,-0.351902,-1.966502
9.465000,0.024290,0.349068,1.239314
9.470000,0.086261,-0.194244,0.276293
9.475000,0.482001,-0.447245,1.566156
9.480000,-0.852730,2.089524,0.630127
9.485000,-0.239006,-0.614503,0.576538
9.490000,2.197253,-0.663891,-0.897470
9.495000,-0.700490,0.595820,0.219888
9.500000,-0.867139,-0.262742,-0.281973
9.505000,0.466973,1.246470,-0.078810
9.510000,0.476472,-1.106463,-1.112469
9.515000,0.260795,0.051879,-0.597821
9.520000,0.461781,0.345975,0.182175
9.525000,0.412387,0.566257,1.289944
9.530000,-1.483237,1.194645,-1.041291
9.535000,-0.888559,0.919357,0.013991
9.540000,0.118877,1.060163,2.243334
9.545000,-0.462292,1.223387,0.678351
9.550000,0.384530,-0.865780,1.018110
9.555000,-1.946790,-0.825952,-0.248679
9.560000,1.996361,1.955830,1.261207
9.565000,0.451973,0.239222,1.424043
9.570000,-0.292507,-0.334374,1.524019
9.575000,-1.587296,0.491309,-1.374162
9.580000,-0.775030,-0.462934,-0.483687
9.585000,0.744494,1.168254,-0.107884
9.590000,-1.132370,-2.103517,1.001033
9.595000,-0.176540,-1.079031,-0.582688
9.600000,0.923166,1.406532,0.359507
9.605000,1.103051,0.970656,1.378652
9.610000,-0.488848,0.669762,1.547027
9.615000,-0.225460,0.473725,0.258310
9.620000,-0.416655,0.498665,-0.256332
9.625000,-0.271964,0.531312,-0.361230
9.630000,1.387991,-0.507525,-0.114034
9.635000,-2.423112,-2.457356,0.163968
9.640000,-1.143168,0.451557,-0.070998
9.645000,0.288718,0.511916,0.937759
9.650000,-1.261371,-0.697673,-0.936792
9.655000,-0.604094,-0.489664,-0.402966
9.660000,-0.256921,-1.251261,1.107998
9.665000,-1.797724,0.766222,1.346517
9.670000,2.411244,-0.430067,-0.744716
9.675000,0.741087,-1.184594,-0.683192
9.680000,0.109293,-1.353777,-0.466732
9.685000,0.886085,0.059067,0.762164
9.690000,-0.055377,-1.398146,-0.790892
9.695000,-2.633169,-0.289803,0.594578
9.700000,-0.311309,0.907978,0.365894
9.705000,0.438785,0.956658,-2.154698
9.710000,-0.484972,1.831034,-0.217268
9.715000,-0.598065,0.937175,-0.717745
9.720000,1.782307,-0.724532,-0.352299
9.725000,0.424344,0.520209,-0.607742
9.730000,-1.100426,-0.613286,-0.384906
9.735000,-2.084665,-0.643945,0.069834
9.740000,0.483079,-1.411845,-0.091907
9.745000,0.680808,-1.357335,-0.813590
9.750000,1.741346,-0.177272,1.398882
9.755000,-0.991405,-0.028749,-2.375274
9.760000,-1.387750,0.125128,-1.106663
9.765000,1.782669,0.345172,-1.336508
9.770000,-0.821296,-0.555534,-0.047305
9.775000,1.216540,-0.664831,0.476890
9.780000,-0.050114,-0.154332,-1.255514
9.785000,-0.330513,-0.396116,-0.551741
9.790000,1.144407,-1.711507,0.185067
9.795000,-0.306611,-1.461751,0.840665
9.800000,0.464078,-0.393541,0.605109
9.805000,1.139764,1.787941,0.443793
9.810000,1.539342,-0.145537,1.072126
9.815000,-0.460110,0.339682,-0.737633
9.820000,1.204974,0.122890,1.381558
9.825000,0.831730,1.409338,-0.697079
9.830000,-0.576016,-1.939570,-0.876056
9.835000,0.097406,0.500875,1.004059
9.840000,1.148829,0.392152,0.900762
9.845000,0.753914,-0.898412,0.251854
9.850000,-0.095373,0.093076,1.754265
9.855000,-1.147569,0.729873,-0.731798
9.860000,0.057808,-0.445700,-0.963596
9.865000,0.454123,0.136913,-0.205281
9.870000,0.839434,0.301810,-0.868776
9.875000,-1.694157,-0.984621,-2.130398
9.880000,-0.396644,-0.818532,0.621585
9.885000,2.022095,0.432212,0.896345
9.890000,-0.549107,-0.494757,1.837950
9.895000,-1.422565,0.245877,-1.018968
9.900000,0.966250,0.543275,1.845749
9.905000,0.995041,-0.545717,-0.825845
9.910000,0.073637,1.934041,-1.422008
9.915000,-0.359129,0.948858,1.023506
9.920000,0.400734,0.953475,0.693596
9.925000,-2.224335,-1.134624,1.896522
9.930000,-0.089702,0.653976,-0.166755
9.935000,1.815350,0.406403,-0.192466
9.940000,0.684384,0.736991,-2.058046
9.945000,1.096972,1.640523,-0.930208
9.950000,0.335998,0.111362,-1.494680
9.955000,-0.645592,-2.663703,0.555254
9.960000,1.257209,-0.017603,-0.567472
9.965000,0.561931,0.262720,0.078977
9.970000,0.549622,1.237542,-1.432898
9.975000,0.841958,0.141856,3.027944
9.980000,-0.303912,0.451452,1.086231
9.985000,2.104687,1.546096,-0.297281
9.990000,2.932080,-0.053128,-0.068061
9.995000,-0.296978,-1.908553,0.237258
10.000000,-0.919657,0.366424,-0.404115
10.005000,0.095250,1.224778,0.641846
10.010000,0.318412,0.130922,-0.217817
10.015000,0.944510,0.154802,-0.692659
10.020000,-1.012052,1.655834,0.218882
10.025000,-2.173701,-1.195245,0.646377
10.030000,0.975303,-1.881553,-1.000639
10.035000,-1.356513,-0.795208,0.955749
10.040000,-0.700403,-0.503982,-1.572461
10.045000,-1.799050,0.354838,-0.052941
10.050000,-0.804113,0.778525,-1.506282
10.055000,0.420305,-1.927324,-0.065131
10.060000,-0.639981,0.168927,-2.196216
10.065000,0.358766,0.135992,-0.609841
10.070000,-0.227024,-0.612001,0.161267
10.075000,-1.094324,-1.129988,-1.854401
10.080000,0.403751,0.371919,-0.716483
10.085000,1.009923,-1.162056,1.569535
10.090000,-0.637667,-0.749586,-0.313193
10.095000,-0.117725,-0.188377,-1.110263
10.100000,-0.336621,-1.878128,1.174431
10.105000,1.569112,0.474535,0.526170
10.110000,-0.323871,0.301809,-2.684711
10.115000,-2.248005,-1.232411,0.320794
10.120000,0.895043,-0.736095,-0.554954
10.125000,0.361228,0.196923,0.388305
10.130000,-0.109416,0.354919,1.139672
10.135000,0.150543,-0.416538,1.316585
10.140000,-1.260775,0.582738,-0.291739
10.145000,-0.363035,0.250673,-0.116009
10.150000,1.285375,-0.480716,-1.216646
10.155000,-0.782118,0.051781,0.129022
10.160000,-1.338806,-0.145139,-0.659368
10.165000,-0.572450,-0.084834,0.397418
10.170000,-0.323830,0.637907,1.603481
10.175000,-0.598559,-0.304201,0.281671
10.180000,0.092256,-0.668297,1.430855
10.185000,1.462359,0.628557,0.657926
10.190000,2.053493,0.112491,3.030795
10.195000,-1.184556,-1.000836,-0.049862
10.200000,-0.094527,-0.521306,-1.305910
10.205000,-0.157251,-0.343517,0.584465
10.210000,-0.095036,0.083191,-1.630369
10.215000,0.358606,-0.656794,-0.987183
10.220000,-1.242500,-0.957954,0.820656
10.225000,1.400464,-1.520454,-0.784701
10.230000,-0.096739,1.385574,-0.526593
10.235000,-0.981677,-0.415037,-1.244150
10.240000,-0.684536,0.148733,0.271616
10.245000,-0.127163,0.970392,-0.448429
10.250000,0.074329,-0.010166,-0.111151
10.255000,0.997829,-0.573714,1.093838
10.260000,-1.234935,1.071372,0.209500
10.265000,-1.051332,0.825191,-1.024382
10.270000,0.410433,0.749414,-1.106837
10.275000,-0.690280,-0.853870,-0.478235
10.280000,-1.632430,1.125856,2.179709
10.285000,-1.574707,0.834018,0.870847
10.290000,-0.399945,0.574594,-0.235341
10.295000,0.271810,-0.896408,1.178374
10.300000,0.364740,0.818643,-0.721886
10.305000,0.550881,-0.812954,-1.016659
10.310000,1.332268,-0.482486,-0.412383
10.315000,1.015372,0.197373,-1.251389
10.320000,0.436634,0.563290,0.456853
10.325000,0.399213,1.697590,0.929099
10.330000,1.356625,-0.621463,0.146973
10.335000,0.411726,-1.714832,-0.748201
10.340000,1.321804,0.817336,-0.086709
10.345000,0.712830,-1.189845,0.388495
10.350000,0.074210,0.813685,0.520958
10.355000,-0.383250,-0.498889,0.202908
10.360000,-1.505965,-1.534500,0.595255
10.365000,0.752129,2.087723,0.175639
10.370000,-1.539429,1.329477,-0.408449
10.375000,-0.963092,0.022283,2.368698
10.380000,-0.431116,1.294112,-0.628662
10.385000,0.183229,0.433725,2.513575
10.390000,0.075765,2.022071,1.076940
10.395000,-0.914133,-0.835549,-0.134527
10.400000,-0.563601,-0.829274,-1.618687
10.405000,0.663262,2.082879,0.429120
10.410000,0.315903,1.759284,0.005079
10.415000,-0.761842,1.280843,-1.149446
10.420000,-1.373649,-0.614906,-0.675939
10.425000,0.789134,-0.964896,0.505970
10.430000,1.436095,0.128647,-0.474866
10.435000,-0.908571,-1.781862,-2.498000
10.440000,0.129521,0.838299,-0.648682
10.445000,-0.746144,-1.073629,2.522481
10.450000,0.964110,-0.475339,-0.838690
10.455000,-1.321878,0.541194,-0.451104
10.460000,-0.974981,0.695498,0.699518
10.465000,-0.176855,-0.448626,0.623064
10.470000,1.727825,1.148752,1.586512
10.475000,0.067390,-0.507042,-0.821526
10.480000,-1.806284,-0.565187,-1.086831
10.485000,0.683792,0.681345,0.905227
10.490000,-0.341691,0.691726,1.519440
10.495000,-0.525939,-0.768644,0.171956
10.500000,-0.227613,1.285822,-0.210243
10.505000,1.568368,-1.853593,0.367979
10.510000,1.634915,-0.167812,-1.579945
10.515000,-0.045897,-0.946289,1.190192
10.520000,-0.937632,-0.131372,-0.212013
10.525000,1.680235,0.326996,0.813921
10.530000,-0.536563,0.734731,0.722431
10.535000,0.279121,-1.172175,-0.408681
10.540000,-0.640189,-0.270563,1.911602
10.545000,-0.397850,-0.425350,-0.928894
10.550000,-0.524495,-1.445005,0.730005
10.555000,0.106531,-2.258451,-0.993218
10.560000,-0.189673,0.082993,-0.135719
10.565000,-2.246098,0.295260,-0.066293
10.570000,-0.768136,-0.722076,1.479636
10.575000,0.724439,-0.208086,0.435182
10.580000,0.155780,-0.983058,-0.233157
10.585000,1.479337,0.505863,-0.807472
10.590000,-0.208886,1.571072,-0.779731
10.595000,0.105692,0.227815,-1.687911
10.600000,-1.163081,-0.465402,1.586931
10.605000,0.125069,0.589455,-0.741206
10.610000,0.343429,-0.140371,-0.321152
10.615000,0.439503,-1.054331,-0.964152
10.620000,-0.765357,-0.070536,0.440245
10.625000,1.604353,1.616119,0.474507
10.630000,0.313370,0.070484,0.542211
10.635000,0.623729,-1.251795,-0.116957
10.640000,-2.158038,-0.181428,0.493654
10.645000,0.943199,-1.202727,-1.640740
10.650000,1.894792,-0.469837,-1.508412
10.655000,1.520683,0.771062,0.356485
10.660000,-1.413084,-1.449578,0.325699
10.665000,0.571548,-0.367677,1.165763
10.670000,-0.088662,0.035784,0.338037
10.675000,-1.451132,2.335402,-0.558187
10.680000,0.525813,-0.001667,-0.269930
10.685000,0.263730,0.483330,1.351151
10.690000,1.174883,0.339092,-0.376093
10.695000,-0.621315,-0.656809,-0.216357
10.700000,0.042829,-0.479608,-1.638916
10.705000,-1.124350,2.212891,1.619213
10.710000,0.857862,0.208821,1.210046
10.715000,-0.133284,1.760493,-0.945457
10.720000,0.144085,-0.733458,-0.133453
10.725000,0.178669,0.733053,0.878589
10.730000,-0.705559,-2.583594,-0.720738
10.735000,-0.462243,0.608598,-0.010616
10.740000,-0.176826,0.229541,1.541073
10.745000,-0.635282,1.147344,0.822780
10.750000,0.872898,-0.577920,0.114882
10.755000,1.020430,-0.239898,-0.044649
10.760000,0.583496,0.720590,1.930851
10.765000,1.024777,0.776267,0.692788
10.770000,-0.361117,1.261241,0.240154
10.775000,-0.936527,0.250860,-0.617673
10.780000,0.262875,-1.210600,0.620616
10.785000,1.222864,1.899239,1.453881
10.790000,1.183111,0.541871,0.579728
10.795000,1.807374,0.063417,0.296166
10.800000,-0.616451,1.407570,-0.089560
10.805000,-0.599067,0.469440,2.871188
10.810000,2.336953,-0.163446,1.194665
10.815000,-0.698870,-1.091196,-0.800198
10.820000,0.197761,1.457981,0.707781
10.825000,-1.792569,0.046293,1.490282
10.830000,0.932711,-0.058542,-1.750089
10.835000,-0.256947,-1.128728,-0.091630
10.840000,-1.290263,0.608855,0.527234
10.845000,1.412550,0.198046,-0.798269
10.850000,1.181226,0.412422,-1.027947
10.855000,0.365869,0.020570,0.142348
10.860000,-1.068529,0.630237,0.319548
10.865000,-0.687712,3.307500,0.677949
10.870000,-0.373673,-0.338828,-0.728909
10.875000,1.089635,0.008673,0.511830
10.880000,-0.427085,-1.196111,-0.058124
10.885000,-0.073692,-1.852907,0.722497
10.890000,2.115753,0.404832,-1.235117
10.895000,-0.691029,-1.254908,-0.507556
10.900000,-1.122484,-0.733145,0.588883
10.905000,0.287555,0.239450,0.838643
10.910000,0.450114,-0.478068,-2.060386
10.915000,-1.294714,0.712094,0.707424
10.920000,-0.077777,0.630352,-0.662401
10.925000,-0.159041,1.215726,0.260566
10.930000,-1.586075,-0.785723,-1.790627
10.935000,-0.845378,0.485436,-0.278687
10.940000,-0.557369,-0.010082,-1.465266
10.945000,0.046207,1.278958,0.345263
10.950000,0.023333,-1.381024,1.365101
10.955000,-0.708214,0.712069,-0.967929
10.960000,-1.017613,0.325941,-2.492947
10.965000,-1.098653,1.483993,0.817859
10.970000,0.804060,-0.493602,2.211033
10.975000,-0.806240,1.429506,-0.173334
10.980000,-0.695684,-0.766321,0.033314
10.985000,0.670954,1.269744,0.594092
10.990000,0.747530,-0.499493,0.472059
10.995000,0.057051,0.823039,0.513068
11.000000,-0.999780,-0.560955,-1.183085
11.005000,-0.822172,0.910059,2.057343
11.010000,0.427105,1.168302,0.303573
11.015000,0.579608,0.533124,-1.499361
11.020000,-0.894405,0.152301,-0.436638
11.025000,0.496178,0.820757,0.860153
11.030000,1.069810,0.768570,0.011981
11.035000,0.506232,-2.155682,-1.124965
11.040000,0.401801,-0.231874,-0.273730
11.045000,1.071455,-0.312544,1.740341
11.050000,0.993870,-2.115021,1.010953
11.055000,1.078127,0.512498,-0.267605
11.060000,-1.976823,-0.362905,0.477778
11.065000,0.344874,-0.090633,-0.197597
11.070000,0.283278,0.528519,0.313734
11.075000,0.774871,-2.138802,0.343306
11.080000,-0.110276,-0.065327,0.798878
11.085000,1.241475,-0.007412,-1.393795
11.090000,0.132910,0.878782,2.140385
11.095000,0.956093,-1.225814,2.703866
11.100000,-0.642628,-0.226564,-0.749540
11.105000,0.368098,1.781976,1.041073
11.110000,-0.111929,0.890197,0.173305
11.115000,0.786119,-1.401259,-0.293993
11.120000,0.071440,-0.562877,-1.119851
11.125000,0.615959,1.963686,0.206906
11.130000,0.231516,-0.423665,1.623304
11.135000,-2.906259,-1.038937,0.369154
11.140000,-0.061789,-0.349994,-0.211349
11.145000,1.309969,-1.265001,0.930553
11.150000,-2.279048,-2.163952,0.576144
11.155000,0.196032,0.347764,-1.423681
11.160000,-0.949250,-0.643337,-0.165282
11.165000,1.416353,-1.201099,3.312866
11.170000,0.317866,-0.984427,2.106448
11.175000,-0.804071,-0.144562,1.577590
11.180000,-0.488339,0.315292,0.469786
11.185000,0.684554,0.573042,-0.389734
11.190000,0.310320,0.442204,-0.127356
11.195000,0.706063,1.781721,-0.186155
11.200000,-0.327013,0.891086,0.508799
11.205000,-0.014687,0.526317,0.587573
11.210000,0.654955,0.432060,-1.538465
11.215000,-0.647230,-0.538138,1.054978
11.220000,0.570131,-0.619202,0.708909
11.225000,-0.494920,-1.100632,0.472465
11.230000,0.162020,0.062856,-1.586744
11.235000,0.497265,-0.889577,-0.561352
11.240000,-0.038403,0.383385,1.183897
11.245000,2.286654,-0.719124,0.348062
11.250000,0.424027,-0.228343,0.455565
11.255000,-1.039926,0.514896,-0.968821
11.260000,-1.394225,-1.542828,-1.388731
11.265000,-0.653422,1.086907,0.601335
11.270000,0.900465,0.551903,-1.435533
11.275000,-0.320189,1.245545,0.933300
11.280000,0.964556,-0.552879,1.086889
11.285000,-0.264907,0.471525,0.191963
11.290000,-0.998273,-0.116126,-0.261006
11.295000,0.284194,-0.154421,1.723151
11.300000,-0.930749,-0.019658,2.140586
11.305000,0.317445,1.151102,-0.610323
11.310000,1.324789,1.727633,0.064738
11.315000,0.014237,-1.049626,-0.277438
11.320000,-0.212134,-1.037387,-2.398848
11.325000,1.092426,0.680601,1.250005
11.330000,0.951389,0.785583,0.566674
11.335000,-0.835543,-0.230831,-0.720606
11.340000,-0.694309,-0.637326,-0.467724
11.345000,-2.187325,-0.370832,-0.294595
11.350000,1.443987,0.764861,-0.517135
11.355000,-0.643081,0.633630,0.488523
11.360000,0.570407,0.252623,0.455597
11.365000,1.146993,0.764063,-0.118194
11.370000,0.777996,1.549658,1.073433
11.375000,-1.708737,-0.607628,1.426876
11.380000,0.027359,0.279944,1.151632
11.385000,0.181060,2.453961,-0.565267
11.390000,-0.845740,-0.995369,-0.076212
11.395000,0.282548,-1.474904,0.596408
11.400000,-0.830922,0.638072,0.184023
11.405000,-1.170961,-0.856414,1.070681
11.410000,0.008878,0.043487,-0.740845
11.415000,-1.290997,-1.313886,-0.209097
11.420000,-0.496063,-0.257528,0.623962
11.425000,0.190537,0.776401,0.510248
11.430000,-0.324660,-0.764905,1.378052
11.435000,-0.056792,-1.240689,1.154544
11.440000,-1.028072,0.167078,-0.582950
11.445000,0.503569,1.263429,0.778675
11.450000,-0.771589,-0.606430,-1.547079
11.455000,-0.679301,-1.039383,-0.843739
11.460000,0.420848,1.100870,0.963339
11.465000,-0.101041,-0.392206,1.180435
11.470000,-1.182179,-0.073975,0.217808
11.475000,1.525877,0.176045,0.161056
11.480000,-1.966509,-1.229185,1.607606
11.485000,1.641923,1.621920,0.539782
11.490000,0.856004,-0.238666,0.200136
11.495000,-0.061819,-1.180798,-2.127304
11.500000,0.096011,1.045466,0.359453
11.505000,0.280183,0.984351,-0.352559
11.510000,1.738107,-1.639778,-0.317482
11.515000,0.733582,-0.361527,-0.142155
11.520000,-1.702830,-0.281626,0.049413
11.525000,0.013521,0.069577,-0.214947
11.530000,-0.556325,1.053095,-0.320134
11.535000,-1.356831,-0.261226,-0.120971
11.540000,-0.594940,-0.923156,0.954971
11.545000,0.469055,-0.346147,1.920760
11.550000,0.700633,1.334584,-0.672807
11.555000,0.754031,-0.100517,-1.276337
11.560000,-2.029730,0.165807,-2.119202
11.565000,1.378421,-0.492115,1.386796
11.570000,2.380646,0.881409,-0.744891
11.575000,0.137265,-0.415285,0.562909
11.580000,-0.085939,-0.252522,0.147029
11.585000,-1.607645,-2.369381,1.963691
11.590000,1.220567,-1.060151,-0.185890
11.595000,1.317806,-0.507783,-1.073971
11.600000,2.075171,0.431245,0.826843
11.605000,0.211361,-0.532454,0.781939
11.610000,0.842904,0.351259,-0.300203
11.615000,-1.502027,0.722364,-0.468846
11.620000,0.621142,0.534662,-1.243959
11.625000,1.087766,-0.595927,0.432748
11.630000,1.590771,1.988705,0.296640
11.635000,-0.573587,-0.947432,-1.878378
11.640000,-0.257509,0.235024,-1.645842
11.645000,1.334695,-0.315518,1.300824
11.650000,0.892172,0.458075,1.180060
11.655000,-0.100372,0.807243,0.337777
11.660000,-0.470995,1.823423,0.186201
11.665000,-0.364569,0.856610,-0.558873
11.670000,-0.260243,0.306344,0.480108
11.675000,0.635937,1.808871,0.807298
11.680000,-0.398689,0.985180,-1.405427
11.685000,-1.369709,0.619993,-0.825075
11.690000,1.269131,-0.241513,-1.435319
11.695000,-0.230785,0.822619,-1.058863
11.700000,-0.505224,0.325466,1.231498
11.705000,1.568791,2.151206,0.072909
11.710000,-0.753577,0.965002,-1.438262
11.715000,-0.193007,-1.140990,-1.302744
11.720000,0.295452,-1.205777,0.021675
11.725000,-0.603389,1.261506,0.842383
11.730000,0.813122,-1.429497,-1.465142
11.735000,1.881186,-0.625815,-1.146020
11.740000,0.214064,-0.678067,0.726148
11.745000,-0.327371,1.537540,1.371431
11.750000,0.146580,0.605973,-0.948628
11.755000,-1.345393,-0.782996,-0.281715
11.760000,-0.309964,-0.118265,0.495667
11.765000,-1.914733,0.663449,-1.191258
11.770000,0.710763,0.771364,0.816333
11.775000,0.126605,-0.322256,-0.161966
11.780000,-0.658911,0.922231,0.441110
11.785000,0.655557,-0.804893,-0.340847
11.790000,-0.421903,1.311014,-0.382318
11.795000,-0.039618,-0.660100,-1.587822
11.800000,-1.041642,0.687057,0.247196
11.805000,0.961642,-1.213822,0.854733
11.810000,-1.446108,-0.159421,0.419753
11.815000,0.147029,-0.316912,-0.170987
11.820000,0.132207,0.780217,-1.051496
11.825000,0.257042,-0.110544,-0.702611
11.830000,0.459348,1.458504,-1.968340
11.835000,-0.872714,-0.737294,-1.268948
11.840000,1.389709,-0.454489,0.487160
11.845000,-0.959276,-0.687284,-1.395370
11.850000,0.673494,0.650157,-0.037419
11.855000,-0.464409,0.081436,-0.373610
11.860000,-0.906703,-1.028499,-1.552013
11.865000,-0.840832,1.322413,0.022905
11.870000,-1.275757,-0.384316,0.069212
11.875000,0.904804,-0.078117,0.306777
11.880000,-0.973812,1.017165,-0.913974
11.885000,0.449401,1.032273,0.799378
11.890000,-0.638513,0.508172,0.971336
11.895000,0.628506,-1.161468,3.142265
11.900000,-1.342928,-0.368143,-0.329954
11.905000,0.514778,-0.882005,-0.351449
11.910000,-0.037084,0.962871,1.509983
11.915000,-2.071962,0.376838,0.596603
11.920000,-1.790551,1.019760,-0.660782
11.925000,0.294885,-0.228599,1.718936
11.930000,-0.003520,2.311319,1.792599
11.935000,1.046389,-1.933214,-1.205823
11.940000,0.944319,1.309493,1.261217
11.945000,-0.484724,0.361711,-1.007592
11.950000,0.680268,1.263138,-0.405810
11.955000,-0.385067,-0.506999,0.547011
11.960000,-0.442754,0.534354,-1.451682
11.965000,-0.115909,-0.225413,-0.545524
11.970000,0.322652,-0.729888,-0.838150
11.975000,-1.651377,0.511601,1.166251
11.980000,-1.102989,-0.635213,1.284114
11.985000,0.385269,1.184181,0.508629
11.990000,1.073159,0.120275,-0.843381
11.995000,-1.862361,0.193998,0.743215
12.000000,-0.906748,0.006308,-0.528608
12.005000,-0.536215,1.169183,1.322338
12.010000,1.193514,-0.536452,-1.649953
12.015000,-1.950123,-1.643436,-1.102718
12.020000,-0.532008,-1.491424,1.234073
12.025000,0.204287,0.762668,0.452695
12.030000,-0.578463,0.391871,1.217137
12.035000,0.005816,0.117770,-1.269811
12.040000,-1.289075,0.577543,0.373321
12.045000,0.200002,1.719749,1.406735
12.050000,1.420962,0.922033,1.284143
12.055000,-1.931197,-0.865512,-2.123829
12.060000,0.290042,-1.567666,0.331513
12.065000,-1.793559,0.348545,0.364200
12.070000,-0.664773,0.989995,-1.085313
12.075000,0.126719,-0.248227,-1.875237
12.080000,1.118948,0.511125,2.764634
12.085000,2.132949,1.268837,-0.254345
12.090000,3.306667,-0.578493,1.019961
12.095000,2.239768,1.020531,-0.846221
12.100000,0.014725,-1.674530,0.310517
12.105000,-1.147870,1.131329,0.944419
12.110000,-0.116224,-0.774183,1.538625
12.115000,-0.170397,0.047843,0.661786
12.120000,-0.808721,-0.715311,1.342612
12.125000,1.031823,1.049036,-1.054324
12.130000,0.236311,1.538895,-0.547237
12.135000,-0.288852,0.806456,-0.363149
12.140000,-0.526026,1.329884,-1.942085
12.145000,0.110948,1.159720,-0.050180
12.150000,-0.533840,-0.345300,-0.270600
12.155000,0.530078,2.010738,-0.016539
12.160000,0.912163,-0.609453,1.523923
12.165000,0.725677,-0.116660,-1.304540
12.170000,0.255933,2.083164,0.218726
12.175000,-1.532557,0.034137,-1.083080
12.180000,0.096541,1.016655,-1.105971
12.185000,1.308336,1.864216,-0.757412
12.190000,-0.167955,1.134344,0.906048
12.195000,-0.658405,0.517234,-0.489182
12.200000,-0.459260,-1.130204,-0.129791
12.205000,0.869325,0.077453,-1.074991
12.210000,0.641149,1.066376,1.520330
12.215000,-2.256876,-2.024641,-0.467120
12.220000,-0.797196,0.101303,-0.312311
12.225000,1.152308,0.174455,1.286029
12.230000,0.112407,1.147813,-0.976455
12.235000,0.343728,-0.730525,-0.494949
12.240000,-1.441688,-0.662856,-0.073931
12.245000,1.501659,-0.692291,0.204084
12.250000,1.682622,-0.021371,-0.627958
12.255000,1.141523,-0.388167,-1.457838
12.260000,0.099912,-1.028270,-0.679950
12.265000,1.675509,-0.169992,0.570276
12.270000,-0.835657,0.403805,0.366425
12.275000,-0.809601,-1.868656,-0.300407
12.280000,0.159390,-0.827247,-2.009647
12.285000,-0.200370,-0.027911,-0.248333
12.290000,1.683201,0.706916,-0.083100
12.295000,1.341247,0.813761,-1.583262
12.300000,-0.646071,-1.223253,0.011507
12.305000,-0.898259,2.220624,1.571290
12.310000,-1.172740,2.107795,-0.171080
12.315000,-0.556390,-0.270856,-2.103854
12.320000,1.216172,1.596558,1.326054
12.325000,1.300880,-0.851206,0.633663
12.330000,0.720034,-0.687807,-1.452499
12.335000,0.046159,0.391900,0.431369
12.340000,0.577726,-2.072940,0.123646
12.345000,0.481196,1.273819,1.057760
12.350000,-1.521980,0.247666,-0.898607
12.355000,-0.055176,-2.327435,-0.077650
12.360000,-2.015343,1.269456,1.110319
12.365000,1.450039,-0.841877,1.248799
12.370000,-0.757994,-0.157765,0.659013
12.375000,-0.129104,-1.650233,-1.492770
12.380000,-1.979454,1.445984,-0.090285
12.385000,1.590622,-0.094898,0.802574
12.390000,0.873049,-2.044400,0.472895
12.395000,-0.267718,1.035478,0.697267
12.400000,-0.861312,1.509855,-2.196448
12.405000,1.000026,0.565379,0.912450
12.410000,-0.619484,0.405255,-1.135527
12.415000,0.243904,-0.507272,1.841853
12.420000,0.211021,-1.077876,-0.119733
12.425000,0.455656,0.031497,0.101409
12.430000,-0.436380,0.219632,-0.199537
12.435000,-0.938699,-0.139986,-1.376494
12.440000,-0.183121,-0.037985,-0.327898
12.445000,-0.182386,0.797497,0.735190
12.450000,0.342192,0.932540,0.008861
12.455000,0.296411,0.505009,0.029393
12.460000,-1.707181,1.142375,1.238338
12.465000,-1.114957,1.883046,0.771505
12.470000,-1.486570,0.938023,3.110349
12.475000,0.708360,-1.027633,-1.441880
12.480000,-1.289890,0.677419,0.135938
12.485000,1.233591,0.684126,0.901577
12.490000,0.499734,0.307576,0.190764
12.495000,-0.919699,2.351687,0.793556
12.500000,-0.293415,-0.093966,-0.277025
12.505000,0.007360,0.747947,2.058945
12.510000,0.566093,0.657816,0.065416
12.515000,0.822313,-1.969604,0.411983
12.520000,-0.673479,0.583062,-1.422516
12.525000,0.054115,1.958443,-0.333179
12.530000,0.664865,0.575611,0.601718
12.535000,-0.203342,-1.555535,-1.469874
12.540000,0.364099,-0.736524,-0.269473
12.545000,0.223472,1.107974,-0.661993
12.550000,0.873754,-0.462918,-0.721745
12.555000,-0.303949,-1.760146,-0.368868
12.560000,0.748617,-1.310937,-0.356230
12.565000,-1.216335,-2.201370,0.891652
12.570000,-0.308381,0.120136,-0.159862
12.575000,-0.803061,-1.626558,-0.725421
12.580000,-1.597987,-0.525061,-0.494279
12.585000,0.819229,-1.410357,0.966358
12.590000,-0.415801,-0.868626,-0.005226
12.595000,0.145877,0.476163,-1.244988
12.600000,-0.630935,0.080658,-0.258175
12.605000,-0.221150,1.983952,0.860432
12.610000,0.174018,-0.650869,-0.975520
12.615000,1.267676,-0.401014,-1.215130
12.620000,-1.907700,1.202219,-0.365664
12.625000,-0.594742,0.525193,0.182094
12.630000,-1.918187,1.169383,1.754315
12.635000,0.296030,-0.280238,-0.136300
12.640000,0.343769,-0.318110,-0.129048
12.645000,0.320761,0.086908,1.800018
12.650000,-0.093062,-0.614415,0.397051
12.655000,0.426315,0.561188,0.798855
12.660000,0.763499,-0.134539,0.606970
12.665000,0.250169,1.078685,0.333640
12.670000,1.198960,0.864161,0.121715
12.675000,0.508540,0.275854,0.016626
12.680000,-0.793479,0.780855,0.812844
12.685000,-0.672621,1.133631,0.849029
12.690000,-1.994681,1.118384,-0.706718
12.695000,-0.438635,-1.728052,-1.279864
12.700000,0.018978,0.773365,-0.404123
12.705000,-0.634138,1.779724,2.125153
12.710000,0.084432,-0.083016,-0.348748
12.715000,0.475131,0.262929,-1.002891
12.720000,0.558012,-0.682022,-1.134267
12.725000,2.057459,-0.331946,0.349298
12.730000,2.662807,-0.418773,-0.628728
12.735000,-1.021159,0.019411,1.723807
12.740000,0.258374,-1.256735,0.210060
12.745000,0.643424,-0.040039,0.554189
12.750000,-1.172220,-0.547846,-0.571227
12.755000,-2.034133,0.896284,0.087274
12.760000,0.100149,-0.297501,0.731560
12.765000,-0.567995,0.052088,1.717022
12.770000,0.264162,-0.163119,1.592426
12.775000,0.089094,1.486665,-1.549458
12.780000,0.686043,-0.050090,-2.401996
12.785000,2.302966,0.838113,1.625338
12.790000,1.661448,-0.085975,1.045411
12.795000,0.002002,-1.241326,0.455758
12.800000,-0.644989,0.513505,0.711556
12.805000,-1.014177,0.417443,-0.344188
12.810000,-0.190497,-0.621408,-1.149500
12.815000,-0.374046,-0.522163,0.403513
12.820000,0.571313,0.382173,-1.245967
12.825000,-0.011246,-1.138403,0.293801
12.830000,1.297311,0.154091,-0.271205
12.835000,-0.150992,-0.661445,0.574096
12.840000,0.870844,-1.142714,0.515917
12.845000,0.810603,0.526273,0.873779
12.850000,-0.930856,1.368744,-0.109599
12.855000,-1.505363,0.570455,-2.178752
12.860000,-1.538086,1.048764,-1.624641
12.865000,-1.481246,0.625311,-1.015369
12.870000,-1.220574,0.078429,-2.018889
12.875000,-0.911357,0.198126,1.814272
12.880000,-0.209104,0.139980,-0.083670
12.885000,0.308702,-1.044346,0.397761
12.890000,0.856733,-0.954248,-0.425429
12.895000,0.072180,-1.011919,-1.519706
12.900000,0.609809,0.986163,0.650774
12.905000,1.029865,0.961814,0.127567
12.910000,-0.332911,0.861661,0.816524
12.915000,-0.536734,0.461225,-0.775082
12.920000,-0.429976,-1.544816,0.023257
12.925000,-0.589878,1.064440,0.797251
12.930000,1.534612,0.645450,0.807764
12.935000,-0.168162,-0.760091,0.131983
12.940000,0.430306,-0.421450,-0.027993
12.945000,-0.385320,-1.486927,1.457221
12.950000,1.041560,-0.317733,-1.036214
12.955000,0.092371,-0.812746,-1.181815
12.960000,-1.905328,-0.867214,1.294949
12.965000,3.022854,0.369756,-0.167136
12.970000,1.140640,0.448332,0.445329
12.975000,1.565799,0.181784,-0.085789
12.980000,-0.054246,-0.627154,0.770077
12.985000,2.313104,-0.278254,-0.080327
12.990000,-0.256820,-0.840181,-0.126052
12.995000,-0.049216,0.442403,-1.740232
13.000000,-0.030909,1.283172,0.384386
13.005000,-2.293986,-2.050059,-0.420147
13.010000,0.101837,0.198263,-0.554154
13.015000,1.160477,-1.460471,-0.241620
13.020000,-1.528917,0.689579,1.130760
13.025000,0.312282,0.390705,-0.669921
13.030000,-0.903544,-0.556718,1.511896
13.035000,0.774367,0.591537,-1.371923
13.040000,0.340267,0.931723,-0.542647
13.045000,0.791855,-0.432709,-0.667595
13.050000,0.352659,0.043887,-0.435260
13.055000,-0.671853,0.230149,0.589663
13.060000,0.708293,0.055159,-0.790506
13.065000,0.180103,-0.227048,0.301254
13.070000,0.773607,0.161332,-1.114889
13.075000,-0.371951,-0.507638,1.820413
13.080000,-1.650293,-1.417405,-0.935424
13.085000,-0.172676,3.359752,1.567995
13.090000,0.807709,-0.973070,0.407711
13.095000,-1.268146,-0.001130,0.209976
13.100000,2.034089,0.147414,-0.119563
13.105000,-0.711558,0.099164,1.627171
13.110000,0.861235,0.773371,0.590703
13.115000,1.204884,0.720536,-2.250995
13.120000,0.040628,-0.624713,-2.757929
13.125000,-1.145613,-1.778886,0.647502
13.130000,0.519764,0.223029,-0.268278
13.135000,-1.467091,-0.635032,0.396592
13.140000,-0.575118,-0.935415,-0.558371
13.145000,-0.523267,0.084540,-0.179183
13.150000,0.916818,-0.751749,-0.532380
13.155000,-0.198901,-1.624289,-0.270592
13.160000,1.738115,0.844753,0.420909
13.165000,1.897817,2.544713,0.132277
13.170000,0.135964,0.390462,0.167200
13.175000,0.926230,-1.337440,-2.091538
13.180000,0.629404,-1.436399,-2.304226
13.185000,-0.295255,0.416102,1.154968
13.190000,0.065994,0.300935,-0.788677
13.195000,1.203536,-1.111848,0.134676
13.200000,-0.183327,-1.787508,1.242908
13.205000,2.261646,2.562961,1.606806
13.210000,2.113807,-0.628583,0.485001
13.215000,-0.107749,0.026465,1.072645
13.220000,-1.243154,0.959850,-0.383816
13.225000,2.153400,2.584468,1.826930
13.230000,1.183546,-1.419726,-0.554668
13.235000,-0.418947,-1.694786,0.020432
13.240000,0.387370,-0.492430,-1.216476
13.245000,-0.043579,1.445543,-0.469056
13.250000,-0.667076,-0.276038,0.021433
13.255000,1.105284,-0.940568,-0.417095
13.260000,-0.192398,-0.897358,0.200474
13.265000,-0.432178,-0.042748,1.784693
13.270000,2.545253,0.846860,0.893728
13.275000,-0.910651,-0.217000,-1.634300
13.280000,-1.390933,-0.980798,0.246128
13.285000,0.556536,0.123046,0.629052
13.290000,0.599931,-1.861868,0.774128
13.295000,-0.753668,1.781164,-0.802936
13.300000,0.185870,1.177881,0.653869
13.305000,-0.720766,1.143429,1.396424
13.310000,-0.653782,-0.266648,1.129840
13.315000,-0.860495,-1.620922,0.054040
13.320000,-0.730197,1.128264,-0.629692
13.325000,0.270503,0.243144,0.477633
13.330000,-0.150748,-0.105631,-1.043148
13.335000,0.150226,0.687693,-0.259194
13.340000,-0.470430,0.518253,2.035253
13.345000,2.396525,1.793857,-0.353983
13.350000,-0.788081,-0.452763,-0.254234
13.355000,0.025546,0.056211,-0.210101
13.360000,-0.647215,0.006378,-0.460500
13.365000,0.528452,1.095002,-0.561898
13.370000,-0.237747,0.759602,0.136948
13.375000,-0.270721,-0.647281,-2.254012
13.380000,-1.058634,-1.610641,-1.156235
13.385000,-0.132751,0.158385,0.105529
13.390000,-0.497304,0.965150,-1.038927
13.395000,0.828459,0.814259,-0.412762
13.400000,0.329228,-0.599264,0.555565
13.405000,-0.291603,1.095977,0.292932
13.410000,-1.167062,-0.756983,-0.252405
13.415000,-0.274076,-0.956815,-1.346385
13.420000,-0.249426,1.042107,0.189346
13.425000,-0.547335,-1.246696,1.030180
13.430000,0.098006,-1.376644,1.976873
13.435000,2.287330,-2.024299,-0.981754
13.440000,0.598828,-0.391875,-0.882826
13.445000,0.722571,0.782033,0.645852
13.450000,0.724721,0.853235,0.297836
13.455000,0.259728,1.164508,-1.550198
13.460000,-1.289965,0.847081,-0.060644
13.465000,0.875440,1.976819,0.855706
13.470000,0.211091,1.513235,-0.622268
13.475000,1.623448,0.053699,0.253514
13.480000,-0.292552,0.439902,0.911251
13.485000,0.813772,0.918264,-0.251751
13.490000,-0.914498,-0.118462,-0.493493
13.495000,-0.650789,-0.883370,-0.839468
13.500000,-0.070709,0.173212,0.782693
13.505000,-0.225472,1.365756,0.275333
13.510000,0.949987,0.971995,0.219311
13.515000,0.139753,-2.547370,0.062301
13.520000,-1.703084,-0.087523,0.009426
13.525000,-0.300709,1.535461,0.451702
13.530000,-0.414224,-1.098986,-1.262065
13.535000,-0.240397,0.010420,-0.389692
13.540000,2.132859,-1.258400,2.598090
13.545000,0.838015,0.457772,1.038966
13.550000,1.687927,-0.544006,-0.901475
13.555000,0.915011,-0.074809,-0.446809
13.560000,-0.297291,0.106336,0.866667
13.565000,-0.606884,-1.250123,1.714445
13.570000,-0.223272,1.386610,0.006457
13.575000,0.570244,-2.043054,1.078154
13.580000,-1.295210,0.659671,0.476764
13.585000,-2.041604,3.610683,-0.544065
13.590000,-1.352790,-0.108862,-0.823370
13.595000,0.573618,-0.981016,0.236175
13.600000,-0.910459,-2.094059,-1.324545
13.605000,0.208258,0.310200,1.317983
13.610000,0.840110,0.157263,0.961490
13.615000,-0.798467,0.712678,1.285413
13.620000,-0.909178,0.003846,1.053486
13.625000,1.292457,0.219314,0.154348
13.630000,1.365679,-0.151160,-0.714794
13.635000,0.920185,0.711729,1.928119
13.640000,-0.208038,-1.887465,-0.929625
13.645000,-0.622413,1.273384,0.666751
13.650000,-1.709040,0.734934,-1.655083
13.655000,0.751907,-0.285319,-0.998150
13.660000,0.459589,-1.606216,-0.042139
13.665000,1.344053,-1.205895,-0.400458
13.670000,0.167290,0.632762,0.377551
13.675000,-0.685747,0.471272,-1.007852
13.680000,0.632306,0.854748,0.063005
13.685000,1.311295,-0.419645,1.027298
13.690000,1.440070,0.242689,-1.365891
13.695000,-1.100474,1.076393,-0.054345
13.700000,-0.748397,0.486677,-0.333697
13.705000,-0.473949,-0.630351,-0.654989
13.710000,0.687799,-1.430743,0.166034
13.715000,0.477148,1.128744,-1.302962
13.720000,0.026485,-0.938665,0.162897
13.725000,0.578612,-1.547645,0.288309
13.730000,1.065580,0.214407,-0.207799
13.735000,-1.496591,-1.098112,0.005040
13.740000,-0.112914,0.563392,0.312425
13.745000,0.251854,0.577437,0.233469
13.750000,-0.479332,-0.536293,-2.036360
13.755000,-0.177446,-0.343559,-0.238399
13.760000,1.602688,2.346363,3.363236
13.765000,-0.251335,0.096418,0.873302
13.770000,1.335832,-0.522219,-0.427153
13.775000,-1.969693,-0.357832,-1.064978
13.780000,0.332181,0.086226,-0.460024
13.785000,0.723084,-0.071022,1.737407
13.790000,-0.151740,0.207983,0.707614
13.795000,-0.802686,-0.930927,-0.266715
13.800000,1.067762,-0.389924,-1.148572
13.805000,-0.200479,-0.496196,0.194611
13.810000,0.954385,0.468528,1.016107
13.815000,-1.086149,-0.314895,-0.283375
13.820000,-0.258247,-1.856343,1.236953
13.825000,0.146650,-0.964089,0.598063
13.830000,0.515995,-0.165181,-0.752356
13.835000,-0.196944,-0.631990,0.860967
13.840000,-2.717395,1.274415,0.978295
13.845000,-0.503215,0.457592,-1.006822
13.850000,2.235345,-1.151043,-0.322549
13.855000,0.656427,-1.643150,-0.272908
13.860000,0.144884,-0.398826,0.641231
13.865000,-0.200968,0.288549,1.269766
13.870000,1.882391,0.217109,-0.354130
13.875000,1.125527,-0.648188,-1.477551
13.880000,0.764289,-0.555084,1.664315
13.885000,-1.085215,0.135637,-0.337468
13.890000,1.359189,-0.664091,-1.347993
13.895000,-0.195637,0.356000,-0.233128
13.900000,1.327251,-0.978146,-2.053697
13.905000,0.834179,0.300908,0.621764
13.910000,-1.187058,0.450492,0.230218
13.915000,-0.545454,0.866463,-2.794967
13.920000,-0.268010,0.868791,-1.009737
13.925000,1.246925,1.353701,0.856088
13.930000,-0.221654,0.084064,-0.338816
13.935000,-1.877300,0.459621,-0.373812
13.940000,1.659842,-0.612863,-1.926015
13.945000,0.196165,1.600368,0.410272
13.950000,0.123058,-0.481331,-1.462219
13.955000,-1.391525,0.310168,-0.265116
13.960000,-0.338519,-0.638744,1.516914
13.965000,-1.372457,-0.943154,1.583441
13.970000,0.715427,0.843497,0.417275
13.975000,2.773701,-0.079063,-0.433547
13.980000,-0.591937,1.209613,-1.658812
13.985000,0.490731,0.522594,-0.281318
13.990000,-1.024717,1.670827,1.013402
13.995000,0.116760,0.087138,-1.809755
14.000000,-1.522705,-1.289636,-0.137903
14.005000,-1.790665,-0.583199,0.395283
14.010000,-1.179479,-0.608524,0.711310
14.015000,-1.051926,-2.409736,-0.342641
14.020000,-1.948105,-0.166528,0.073923
14.025000,0.407613,-0.008505,1.553555
14.030000,0.487468,-0.672684,0.246994
14.035000,-0.398632,0.292437,2.063789
14.040000,0.286751,0.115971,-0.662911
14.045000,0.782088,0.489374,1.895421
14.050000,0.212413,0.434713,0.834604
14.055000,-0.218780,-0.719112,1.100391
14.060000,0.619669,0.193536,0.463839
14.065000,-0.294417,0.690683,-0.345429
14.070000,-1.691897,-0.688619,-1.699126
14.075000,-0.487372,0.245054,-1.164162
14.080000,-0.508010,-0.211420,0.588634
14.085000,-0.738229,1.271973,-0.263248
14.090000,0.179799,-0.680562,-0.093159
14.095000,-1.564619,-0.490679,1.066983
14.100000,-1.092288,1.143435,-0.603586
14.105000,-0.220932,-0.500401,0.582047
14.110000,-0.416436,-0.486319,-0.756959
14.115000,-1.286969,-0.897885,0.970014
14.120000,0.140639,-0.162299,0.850730
14.125000,-0.339287,1.042483,0.491954
14.130000,-0.667693,-0.111797,2.697388
14.135000,-0.310010,-1.523619,0.687706
14.140000,0.372480,-0.328468,-0.014186
14.145000,0.801471,-1.172953,1.639023
14.150000,0.700081,-1.523589,2.020457
14.155000,1.191978,2.119787,-1.751193
14.160000,-2.091245,-1.539455,0.782468
14.165000,0.195169,0.428693,-0.227548
14.170000,1.412628,-0.471895,0.842841
14.175000,-2.428694,-0.607346,-0.861869
14.180000,-1.563695,-0.558610,0.395791
14.185000,0.350389,0.211584,-2.153931
14.190000,-1.066417,0.540560,0.412903
14.195000,-1.348738,-0.811563,0.900566
14.200000,-1.724865,-0.622427,-0.548444
14.205000,-0.800504,-0.759428,1.546438
14.210000,0.834578,0.380148,-0.632982
14.215000,-0.673426,-0.283867,-0.558673
14.220000,-1.167397,-0.740692,1.080263
14.225000,-1.356432,-1.874202,0.555433
14.230000,-0.107570,-1.156564,0.915794
14.235000,-0.541327,-0.069547,-0.896289
14.240000,0.592707,-0.870231,0.222962
14.245000,1.236205,0.887575,0.264020
14.250000,0.554433,-0.990280,-0.047366
14.255000,0.644663,-0.443686,-0.500653
14.260000,-0.610468,-0.138511,2.491812
14.265000,-1.449322,-0.341414,1.237589
14.270000,1.037477,-3.303277,1.566462
14.275000,-0.556212,-1.038701,0.028029
14.280000,-0.275943,-0.782063,0.661345
14.285000,-0.675427,0.785490,-0.568390
14.290000,0.110198,0.729119,-0.282548
14.295000,-1.058810,-0.793796,-2.801902
14.300000,1.494331,-0.381932,-0.393148
14.305000,0.812034,0.267249,1.819406
14.310000,2.309929,-0.195424,1.985414
14.315000,0.004452,1.023786,-1.361336
14.320000,0.643495,0.216731,1.895483
14.325000,0.394674,1.236755,-2.238591
14.330000,0.679424,-0.709899,0.114165
14.335000,-0.264752,-0.127796,-0.258618
14.340000,1.032915,0.151459,0.411692
14.345000,-0.042223,0.585538,0.235627
14.350000,0.029846,-0.037537,0.798014
14.355000,-0.069046,0.098644,-0.511110
14.360000,0.115230,1.253961,0.087083
14.365000,0.039911,-0.292006,-0.633420
14.370000,1.016539,-0.163428,-1.123417
14.375000,-0.383172,-0.475564,-2.119749
14.380000,-0.862610,1.051718,1.942713
14.385000,-0.659384,0.790327,0.681418
14.390000,-0.912053,-0.042822,0.885900
14.395000,-1.222883,-0.923003,-1.769303
14.400000,-0.776186,0.854419,1.417404
14.405000,2.046740,2.123503,0.399410
14.410000,1.380786,1.178144,0.159719
14.415000,1.516142,-2.527220,0.845062
14.420000,-1.462258,-0.583298,-0.050038
14.425000,0.597293,2.101815,0.649824
14.430000,0.398890,1.348140,-0.137959
14.435000,-0.617800,-0.507648,-2.432795
14.440000,0.246562,1.158460,0.273783
14.445000,0.491345,-1.065242,0.854818
14.450000,1.002837,1.076060,-2.092491
14.455000,0.620305,0.047610,-0.737928
14.460000,0.192612,-1.083973,0.416711
14.465000,-0.457940,2.685766,1.586281
14.470000,-0.957296,-0.447321,1.870335
14.475000,0.736650,-1.777569,0.065185
14.480000,0.795685,-1.168882,0.966963
14.485000,-0.884749,0.573730,-1.421254
14.490000,-0.527469,1.303786,0.681993
14.495000,-0.772484,0.027685,-1.255584
14.500000,-1.863135,0.612034,-0.291167
14.505000,-1.817306,0.460355,1.431347
14.510000,-0.011290,1.637967,-3.454097
14.515000,1.165540,1.508791,0.104431
14.520000,-1.812427,0.252731,-2.131890
14.525000,0.216170,0.389737,1.634169
14.530000,0.617093,-0.294155,0.413568
14.535000,0.545422,-2.811857,-1.318654
14.540000,-0.781633,-0.894682,0.603041
14.545000,0.790362,1.428648,-0.196496
14.550000,-0.097963,2.618545,-0.373196
14.555000,0.459102,0.557454,-1.554799
14.560000,1.171512,1.682674,0.083178
14.565000,0.544296,-0.922993,0.270453
14.570000,0.909143,-0.517607,0.303050
14.575000,-0.802504,0.873944,0.294624
14.580000,-0.588996,-0.862421,-1.272275
14.585000,2.704012,-0.967741,0.718857
14.590000,0.416986,-0.224228,-1.295914
14.595000,-0.898089,-1.714931,-3.177735
14.600000,1.588983,1.479006,-0.724902
14.605000,-0.226852,-0.469141,-1.048126
14.610000,1.402312,0.570251,-0.554460
14.615000,0.355358,0.820408,-0.818303
14.620000,-0.551929,0.383737,0.915989
14.625000,-1.038599,0.296376,0.575603
14.630000,1.062213,0.465105,-0.605278
14.635000,-0.596380,-0.075511,1.224219
14.640000,-1.711273,0.351923,0.859017
14.645000,0.069985,-0.889519,2.129140
14.650000,0.727395,-0.686938,-0.622884
14.655000,-0.741624,-1.034394,1.241292
14.660000,-0.756807,-1.284493,-0.635748
14.665000,-0.555681,1.565703,0.940760
14.670000,1.025691,0.534832,-0.875127
14.675000,0.112504,0.090434,0.735237
14.680000,-0.682377,0.019760,2.245623
14.685000,0.009598,1.172170,-0.716558
14.690000,0.933074,1.213603,1.977770
14.695000,2.221732,-0.179634,-1.652495
14.700000,-0.924258,1.303997,0.107176
14.705000,0.412635,0.087736,1.493957
14.710000,0.851681,1.527652,-2.609400
14.715000,0.255205,-1.335845,0.498351
14.720000,-0.980272,-1.401863,0.408545
14.725000,1.316115,0.259923,0.490703
14.730000,0.268696,-0.810381,-1.272858
14.735000,0.256893,-1.211242,0.177727
14.740000,0.289147,-0.427891,0.099701
14.745000,1.261659,1.693529,-0.604105
14.750000,-0.515290,1.746087,-0.585945
14.755000,1.276928,0.509583,1.276704
14.760000,-0.778855,1.004050,0.187440
14.765000,0.718164,0.343673,0.369929
14.770000,0.130132,-0.022317,-0.050905
14.775000,-1.112755,-0.947217,-0.465694
14.780000,0.937833,-0.602775,0.653879
14.785000,0.432131,0.228398,-0.040526
14.790000,1.359887,-1.090009,0.958096
14.795000,0.075737,-1.985772,-0.471695
14.800000,-0.662410,-0.124543,1.628103
14.805000,1.576108,1.082546,0.601314
14.810000,-0.553855,0.058136,1.682186
14.815000,-1.016405,-0.450061,-1.044541
14.820000,-0.502693,-0.543567,0.005262
14.825000,0.770572,-1.586696,1.066893
14.830000,1.108993,-0.580206,0.099563
14.835000,-1.594182,-0.319587,-0.575873
14.840000,0.405852,0.710684,0.011031
14.845000,-0.353846,0.303912,1.808542
14.850000,0.281838,-1.167305,0.856111
14.855000,-0.347307,0.639972,-2.327071
14.860000,-1.364938,0.868674,-0.245476
14.865000,0.987343,2.308443,0.618023
14.870000,-0.264545,0.483772,-0.969532
14.875000,0.786583,0.203648,-0.096479
14.880000,-0.909072,0.963620,0.174345
14.885000,-1.421094,0.338320,-0.487695
14.890000,0.120546,0.210152,-1.400102
14.895000,1.199178,-0.280302,-2.040193
14.900000,-1.010405,-0.671087,1.903560
14.905000,-0.171921,0.969738,-0.974783
14.910000,-0.979574,-0.750050,-1.111725
14.915000,0.745616,1.117357,-0.853785
14.920000,-0.234912,0.037949,-1.958179
14.925000,-0.395093,0.417255,0.306520
14.930000,0.647548,-0.870491,2.066427
14.935000,0.194683,-2.940559,0.246495
14.940000,-1.971843,-0.781772,-1.186737
14.945000,-0.613609,0.937886,0.328547
14.950000,-1.023906,2.403467,-1.052499
14.955000,-1.546170,-0.482921,0.300925
14.960000,-1.465820,0.672274,2.401299
14.965000,0.820395,0.737071,1.559934
14.970000,-0.652919,0.685890,-1.717932
14.975000,-1.606094,-0.645584,-0.043459
14.980000,0.362154,1.515885,-0.191577
14.985000,0.293368,0.222815,0.536395
14.990000,-0.180102,-0.540373,-1.890530
14.995000,-0.383234,0.561209,0.526740
15.000000,-0.303743,1.524785,1.024282
15.005000,0.452586,2.453912,0.879242
15.010000,0.096301,-0.926130,-0.202323
15.015000,-2.063284,-0.783656,-0.022151
15.020000,0.794624,-0.871638,1.860706
15.025000,1.047014,0.451799,-0.941065
15.030000,-0.587540,0.257657,-0.965633
15.035000,-1.721250,0.293753,-1.165600
15.040000,1.395792,0.696667,-1.642636
15.045000,0.387619,1.731758,-0.086055
15.050000,-0.601339,-1.201453,0.745050
15.055000,0.216577,-0.926357,-0.599213
15.060000,-1.406137,0.126506,0.099216
15.065000,-0.185496,0.934706,-0.529344
15.070000,-1.841015,-0.733942,-0.027787
15.075000,-0.624015,1.322443,-0.588408
15.080000,-0.871855,-1.410549,0.248781
15.085000,1.008349,0.476651,0.482022
15.090000,0.740004,0.298118,0.364414
15.095000,-0.738179,0.800543,-0.728415
15.100000,0.639814,-0.711124,0.180020
15.105000,0.793444,0.456929,2.159559
15.110000,-0.471138,0.293928,-0.601712
15.115000,-0.127003,0.314000,0.440725
15.120000,1.449764,0.210449,-1.342664
15.125000,0.756147,-0.311078,0.999560
15.130000,0.330108,-0.571092,-0.917481
15.135000,0.196264,-1.957481,-0.483519
15.140000,-0.169604,-0.522873,-1.879876
15.145000,0.664294,0.749535,-0.106862
15.150000,-0.554796,-0.546597,0.215375
15.155000,-1.517929,-1.404404,-1.188728
15.160000,-0.305029,0.690043,0.135020
15.165000,0.349258,-0.726474,-1.407230
15.170000,0.196819,1.099946,0.619257
15.175000,0.253760,-0.183893,-0.971199
15.180000,0.116156,-0.218692,0.540129
15.185000,0.571553,-0.726433,-1.002826
15.190000,-2.208945,-1.115375,-0.646887
15.195000,-1.169923,-1.131397,0.106967
15.200000,0.926823,-0.594521,1.291854
15.205000,-1.356262,0.906398,2.337380
15.210000,-1.226750,0.450042,-0.919397
15.215000,0.569868,-0.553033,0.473714
15.220000,-0.138843,0.772518,-0.650083
15.225000,0.197078,1.739458,-0.336766
15.230000,-0.809340,1.693278,1.748615
15.235000,-0.274191,-0.550639,0.192287
15.240000,0.357326,0.272532,0.818251
15.245000,1.633487,-0.507732,-1.354653
15.250000,0.988077,-0.326840,-0.226285
15.255000,-0.821959,-1.139285,-0.074076
15.260000,0.127952,-1.295582,-0.720247
15.265000,0.864039,-1.057085,-0.763535
15.270000,0.494011,-1.421953,-0.181290
15.275000,-0.949194,0.192113,-1.709897
15.280000,-1.673316,0.390159,1.019299
15.285000,-0.535801,1.694798,-0.057710
15.290000,0.380381,0.521184,-0.691728
15.295000,-0.997377,0.774324,0.644782
15.300000,0.633340,0.831422,-0.926967
15.305000,1.715902,-0.108196,0.484421
15.310000,1.257742,-0.687862,1.050014
15.315000,-0.343394,0.093591,-0.115688
15.320000,0.599185,0.102803,0.935206
15.325000,-1.151692,0.435669,-0.221922
15.330000,0.900964,-0.486828,-0.809674
15.335000,0.721073,0.273675,-0.147613
15.340000,0.289018,-0.408858,-0.727338
15.345000,-0.821547,-0.693076,-1.766560
15.350000,-0.561896,-0.679586,0.321036
15.355000,-1.070624,-0.700661,1.043800
15.360000,0.908326,1.033508,-0.560953
15.365000,1.072331,0.391124,0.531530
15.370000,-1.223141,-1.043215,-2.060942
15.375000,-0.588823,0.496719,-0.790873
15.380000,0.714580,0.682555,0.557910
15.385000,-0.000754,0.914235,1.751928
15.390000,2.655603,-0.363408,-1.031964
15.395000,0.031153,-0.149663,-1.014482
15.400000,0.342193,-0.080661,0.472015
15.405000,-0.699430,0.968147,1.492030
15.410000,0.618593,-0.464032,-1.326289
15.415000,-1.084439,-0.054728,-0.309798
15.420000,0.629624,0.987838,-0.495727
15.425000,-0.706146,0.854094,0.802006
15.430000,1.971119,0.185793,0.384102
15.435000,-0.535508,-1.946468,-0.806069
15.440000,1.007998,0.646309,-0.673556
15.445000,1.131142,0.059032,0.864247
15.450000,-0.972024,-0.351974,0.241193
15.455000,0.604151,-1.186994,-1.166329
15.460000,0.298883,1.961290,-0.864817
15.465000,0.532012,1.533686,0.213427
15.470000,-1.635558,0.863836,-0.489865
15.475000,0.494184,-1.106339,0.529495
15.480000,-0.639204,0.177522,0.053311
15.485000,-0.175014,-0.361303,0.520297
15.490000,0.990878,1.883254,1.310801
15.495000,-2.681858,-0.526116,-1.485410
15.500000,-0.006666,0.410315,-1.430699
15.505000,1.192006,0.467221,0.579426
15.510000,0.625841,1.003114,1.087047
15.515000,0.060164,-1.046684,0.132818
15.520000,0.058150,-0.446059,-0.836074
15.525000,0.694491,0.139246,-1.165855
15.530000,-0.087197,-1.325307,-0.187380
15.535000,-0.338565,-1.025461,0.363686
15.540000,0.930001,0.147201,-2.181171
15.545000,-0.560851,0.523321,-1.239147
15.550000,-1.038200,1.618264,1.695829
15.555000,-0.000137,1.491897,-0.143566
15.560000,-0.768206,-1.520088,1.626714
15.565000,1.306923,0.360575,2.114695
15.570000,-0.206800,-0.358357,-1.225803
15.575000,1.164596,0.448713,-0.509027
15.580000,-1.229208,-1.801197,-0.562399
15.585000,-1.886786,-0.553546,1.033503
15.590000,0.444040,-0.972859,0.906382
15.595000,-0.134417,0.060107,-0.284786
15.600000,-1.059405,1.024633,1.161828
15.605000,2.015406,2.014749,-0.092421
15.610000,-0.288566,-0.553195,-1.030337
15.615000,0.758752,0.199460,-0.648713
15.620000,-0.726453,-0.089906,1.419040
15.625000,-0.189833,-0.651796,-0.249539
15.630000,-0.564104,-0.809898,-1.342191
15.635000,-0.769442,-0.464982,-1.516101
15.640000,-0.380132,-0.044371,-0.275544
15.645000,-0.523185,2.031816,0.281578
15.650000,0.495444,0.102456,0.362640
15.655000,0.682118,-0.069918,-0.638889
15.660000,-0.314533,-0.482067,1.825046
15.665000,-0.266935,1.960287,-0.000477
15.670000,-0.323631,0.489243,0.431381
15.675000,0.932376,-1.245564,0.047598
15.680000,0.064145,-1.625397,0.070084
15.685000,0.712896,2.290299,-0.952154
15.690000,0.457895,0.085012,1.133490
15.695000,-1.385644,0.166327,-0.531705
15.700000,0.170941,1.516538,0.276202
15.705000,-0.955868,0.311998,0.454575
15.710000,-1.697662,-0.268296,0.369628
15.715000,-1.454885,-0.931742,1.432987
15.720000,1.021094,1.626699,0.156778
15.725000,-0.581682,3.816245,3.224609
15.730000,0.483142,1.960917,1.377301
15.735000,-0.780318,-0.376187,-1.100105
15.740000,-1.050057,-0.121822,-1.079695
15.745000,-1.174646,-0.905441,0.513960
15.750000,0.255557,-0.116987,-1.500290
15.755000,-1.172378,-0.025858,-0.007156
15.760000,-0.864377,0.131440,-0.099466
15.765000,-1.115627,1.792560,-1.627609
15.770000,-0.627481,-0.443686,0.947714
15.775000,2.322583,0.085703,-0.723763
15.780000,-0.346527,0.092494,-0.863525
15.785000,-0.186614,0.398027,-0.674300
15.790000,-0.102136,0.419575,-0.087694
15.795000,-1.185733,-1.111922,0.583274
15.800000,-0.679204,-0.200379,0.244034
15.805000,-0.352994,0.733603,0.954824
15.810000,0.889060,1.854492,-0.263822
15.815000,-1.178506,0.181740,-1.402881
15.820000,-0.809064,0.049958,1.396180
15.825000,-0.263710,-0.629577,-0.381135
15.830000,-0.395354,0.645727,-0.562646
15.835000,0.384346,-0.240516,1.050227
15.840000,0.133237,1.000832,1.488617
15.845000,0.602197,-0.016671,-2.424925
15.850000,0.468449,-0.819568,-0.063239
15.855000,-1.379376,-0.716218,-0.948626
15.860000,1.054089,-1.383853,-0.790990
15.865000,1.415779,1.337285,1.433246
15.870000,2.254488,-1.097737,0.122665
15.875000,-2.357729,0.632573,0.722121
15.880000,-0.793526,-0.818362,-0.663876
15.885000,0.280180,1.317575,0.209193
15.890000,1.861392,0.560692,-0.215243
15.895000,-1.121225,-1.303167,-1.332059
15.900000,0.326573,1.372334,0.428173
15.905000,0.860885,1.973495,-0.399314
15.910000,-1.229809,-0.668288,0.460371
15.915000,-0.627659,0.290159,-0.641015
15.920000,-0.239656,-0.429162,0.942626
15.925000,-0.100655,-0.376191,-1.684948
15.930000,0.223648,-0.414376,-0.192401
15.935000,0.288672,-0.180608,-2.029122
15.940000,0.132719,1.237557,0.308157
15.945000,1.532013,2.131361,0.416968
15.950000,-0.139880,0.113114,-0.607581
15.955000,-1.084267,-1.698599,-0.116047
15.960000,0.143262,-0.157149,-1.058227
15.965000,-0.019409,0.364301,-0.924543
15.970000,1.023566,0.771036,-1.961181
15.975000,-0.197065,1.245785,0.405786
15.980000,-0.299358,2.185051,0.453255
15.985000,0.823791,0.297034,1.997070
15.990000,-0.575853,-0.165773,-2.007935
15.995000,-0.251633,-1.775974,-1.794034
16.000000,0.365233,1.920955,0.790014
16.005000,1.281326,-1.276255,-0.154335
16.010000,-1.742784,-0.666059,0.951588
16.015000,-1.315169,-0.673999,-0.062166
16.020000,-0.782882,0.108773,-0.496000
16.025000,0.518598,-0.982085,-0.217091
16.030000,1.040181,-0.537892,-0.439839
16.035000,-2.122265,-0.056347,-1.242984
16.040000,0.628619,0.112417,0.995018
16.045000,0.102352,0.545549,-0.069704
16.050000,1.698599,0.110725,-1.250662
16.055000,-0.184237,-0.076279,0.181040
16.060000,0.481720,1.189630,0.613693
16.065000,-0.467484,1.710189,3.083592
16.070000,0.979488,0.382568,-0.985272
16.075000,-0.309764,-1.124357,0.420329
16.080000,-1.443149,-0.574302,-0.584645
16.085000,1.574569,-0.046025,0.190981
16.090000,0.223114,-1.764647,-0.694105
16.095000,1.103165,0.233099,-1.798692
16.100000,0.012397,-1.120098,1.113285
16.105000,-0.355047,1.920930,0.354150
16.110000,-0.391397,-1.276565,0.879397
16.115000,-0.090772,-1.920269,-0.545967
16.120000,-0.759559,1.115157,-0.688026
16.125000,2.665104,-0.712839,1.101562
16.130000,1.138801,2.163763,-0.301213
16.135000,1.226101,-0.473231,-0.497644
16.140000,-0.393151,-0.082684,0.026991
16.145000,-1.772883,0.811750,0.531433
16.150000,0.336394,-0.151869,0.311460
16.155000,-1.573883,0.507689,-0.692728
16.160000,1.340026,1.059837,-0.785559
16.165000,1.332074,0.625429,-0.352032
16.170000,0.680584,1.091858,-0.267671
16.175000,-0.612138,-0.733068,-1.538397
16.180000,-0.158706,0.183315,-0.367756
16.185000,-1.173691,0.654148,0.931519
16.190000,0.118481,-0.440431,-1.372722
16.195000,-1.233311,-1.812294,0.639222
16.200000,-0.420123,-1.108271,-0.222034
16.205000,1.404469,0.467508,-0.160097
16.210000,1.328232,-0.162059,0.184473
16.215000,-1.246996,-0.312315,0.335806
16.220000,-1.200004,-1.316626,0.656735
16.225000,-0.306305,1.343012,-0.367598
16.230000,0.785442,-1.171715,-0.639202
16.235000,-0.256930,0.509317,0.296400
16.240000,0.321521,0.476623,0.433263
16.245000,-0.183898,0.273123,0.985992
16.250000,-2.359971,0.176334,0.658371
16.255000,0.704288,0.455424,-1.016001
16.260000,1.258163,-0.251909,-1.068105
16.265000,-0.811983,1.189445,-2.540699
16.270000,-0.285077,1.955020,1.593014
16.275000,1.410087,-0.238179,0.295164
16.280000,0.252300,1.814912,0.208771
16.285000,0.465472,2.058215,0.360434
16.290000,-1.156154,1.447794,0.061682
16.295000,-0.342068,0.497257,-0.481801
16.300000,-0.255492,1.464946,-1.737362
16.305000,1.478591,-0.869779,0.679661
16.310000,0.961252,-1.572712,-0.891870
16.315000,0.736845,-0.075847,0.755580
16.320000,0.523072,1.127200,-1.803348
16.325000,1.144431,2.093440,1.094937
16.330000,-0.271870,0.194206,2.277687
16.335000,1.923717,0.349098,-0.379559
16.340000,-0.716127,0.434579,-0.858650
16.345000,-1.466227,2.074761,0.320307
16.350000,-0.693398,-0.453430,1.032113
16.355000,-0.565757,-0.710697,1.214474
16.360000,-0.191169,0.156865,0.467118
16.365000,-1.221879,-0.845839,0.237963
16.370000,1.256126,-1.383037,-1.724166
16.375000,-0.521628,-1.556454,-0.914987
16.380000,-0.293372,-0.343806,0.317379
16.385000,-0.887041,0.527068,-0.163740
16.390000,0.207611,-0.506316,-0.328507
16.395000,-0.868415,-1.148976,-0.291062
16.400000,0.123419,-0.825370,-0.355284
16.405000,1.708930,1.639502,-0.444383
16.410000,-0.706494,-0.370447,-0.373228
16.415000,2.069025,-0.956174,0.542042
16.420000,-0.344309,-0.021072,1.492670
16.425000,-0.403529,-0.214004,2.193339
16.430000,0.336991,-1.301621,1.173937
16.435000,-1.027556,-0.233289,0.620681
16.440000,-0.923261,0.132375,0.203662
16.445000,2.013712,-0.644927,0.505632
16.450000,0.941529,1.497916,1.129155
16.455000,-2.185687,1.429736,-0.405698
16.460000,1.275217,0.176077,-0.622162
16.465000,-0.354845,0.207220,3.754167
16.470000,1.357737,-0.169630,-0.659803
16.475000,0.207297,0.344597,-1.409339
16.480000,0.113701,1.183934,-1.164611
16.485000,-1.465313,-0.558793,1.324985
16.490000,-1.711557,-1.025655,2.365427
16.495000,-1.648366,0.565655,-0.876570
16.500000,1.616166,-1.801524,1.661845
16.505000,1.409857,-0.288834,1.483883
16.510000,0.563178,-2.600758,-0.681241
16.515000,-0.193893,-0.221669,-1.043272
16.520000,-2.097569,-0.097483,1.715792
16.525000,0.822709,-0.106488,1.169821
16.530000,0.186134,0.033407,-0.281528
16.535000,-2.047947,0.474566,-0.241332
16.540000,-0.622597,-1.441597,0.228455
16.545000,0.429179,-0.077236,0.028392
16.550000,-0.524572,-0.933309,0.381337
16.555000,-0.799533,1.029510,0.750683
16.560000,-0.904464,0.275460,-0.355675
16.565000,3.020930,-0.448993,-1.790700
16.570000,0.250319,0.060506,-0.072165
16.575000,-2.876516,0.777258,0.123601
16.580000,0.984433,1.355517,-0.718644
16.585000,-2.225494,-0.515531,0.305672
16.590000,1.238985,0.811228,0.309107
16.595000,-0.286427,-1.659091,-1.655320
16.600000,-0.753681,-2.191937,0.198000
16.605000,0.162639,0.492877,-0.044894
16.610000,1.121520,-1.453132,-0.368461
16.615000,0.120148,-2.161981,1.294694
16.620000,0.226065,-0.311401,0.116174
16.625000,0.490381,0.405118,-0.108822
16.630000,0.378197,0.105353,1.598123
16.635000,0.938787,-1.285402,1.791883
16.640000,0.066836,0.401566,0.506639
16.645000,-0.163721,-0.325652,0.411406
16.650000,-0.575495,-0.056513,0.631000
16.655000,-0.264585,-0.011376,-1.169690
16.660000,0.972195,-0.960432,-0.557057
16.665000,1.432149,-0.473466,0.912964
16.670000,-1.726427,0.040261,1.236609
16.675000,-0.408269,0.347534,-0.555381
16.680000,0.270705,0.203482,0.360917
16.685000,0.720273,0.351906,1.763313
16.690000,-0.539953,0.852447,1.398967
16.695000,-0.795570,-1.158771,0.686578
16.700000,1.474030,-1.943356,0.067623
16.705000,2.412626,0.565061,-0.304315
16.710000,0.843300,-1.848537,1.148543
16.715000,0.757796,1.524279,-0.598223
16.720000,-1.781866,-1.487372,0.526549
16.725000,0.790422,-1.198456,-0.651883
16.730000,-0.292128,-1.058678,-2.572817
16.735000,-0.684212,-0.233423,1.231364
16.740000,1.015305,-1.696469,1.064236
16.745000,0.838740,0.568153,1.253975
16.750000,0.690708,-0.390178,-1.845672
16.755000,-0.976068,-1.262797,-1.092659
16.760000,0.535660,-1.916594,0.006750
16.765000,0.689144,3.196793,1.300777
16.770000,2.407118,-0.878677,-0.108093
16.775000,0.023306,0.327923,0.051002
16.780000,0.460528,-0.155689,-2.191497
16.785000,1.789492,-0.695233,1.641372
16.790000,0.498965,-1.221100,0.878264
16.795000,-0.190618,-1.891661,1.047404
16.800000,0.315169,0.088812,-1.250715
16.805000,0.175716,1.156844,-0.145600
16.810000,-0.598815,1.409174,-0.498807
16.815000,-0.852760,-0.027568,1.193435
16.820000,-1.477811,0.022449,-0.041107
16.825000,0.901987,-0.847146,-0.073049
16.830000,-0.747391,-0.456093,1.329417
16.835000,-0.721986,1.070840,-1.073381
16.840000,1.293341,-1.361100,1.801219
16.845000,1.223614,1.208324,0.609409
16.850000,0.052890,-0.023026,-0.188465
16.855000,-1.679968,0.811876,-0.257179
16.860000,1.245189,-0.668671,1.665039
16.865000,0.777663,-0.814990,0.539751
16.870000,0.174408,1.155878,-1.297753
16.875000,1.036568,-0.220528,-1.763097
16.880000,0.801658,1.475493,-1.779540
16.885000,1.271684,0.749854,1.240237
16.890000,0.212397,-1.636979,1.497138
16.895000,1.088031,-0.900889,0.510013
16.900000,0.290360,-0.273716,1.029574
16.905000,1.191661,-0.412489,0.240210
16.910000,-0.605263,-2.105659,-0.176355
16.915000,-0.856414,-0.311754,-0.294677
16.920000,-2.364207,-0.126037,0.090435
16.925000,-0.032384,-0.268637,-0.330389
16.930000,-2.202244,-0.169349,0.458758
16.935000,-0.371768,-1.326699,0.122748
16.940000,1.416717,1.361581,0.603244
16.945000,1.158606,1.094543,2.812005
16.950000,1.009809,1.148376,0.500025
16.955000,-0.584578,-0.058896,-0.988916
16.960000,0.315115,-0.053994,-1.202683
16.965000,-0.532266,-0.227158,-1.995319
16.970000,2.278853,0.869574,0.541773
16.975000,-0.871000,-0.118987,-0.805061
16.980000,-2.441326,-1.820000,-1.066832
16.985000,0.242016,0.441595,0.485145
16.990000,0.523393,0.240107,-1.494797
16.995000,-1.613757,-1.996962,1.382549
17.000000,-0.798735,0.135057,0.281766
17.005000,-1.793473,0.155710,-0.150921
17.010000,0.212534,-0.977116,0.265626
17.015000,0.507873,0.179517,-2.041053
17.020000,-0.607314,1.092305,-0.158306
17.025000,0.972943,0.614535,-1.357090
17.030000,-0.099402,-0.984308,-0.397385
17.035000,-0.063098,1.124382,-1.343734
17.040000,0.263890,1.174815,1.958033
17.045000,1.775251,1.458627,-0.186907
17.050000,-0.387967,-1.061122,0.941130
17.055000,-0.753063,-0.971871,-1.625373
17.060000,0.770337,-0.033863,0.751890
17.065000,0.546761,0.547606,-0.056614
17.070000,-1.447831,-0.409724,0.488340
17.075000,-0.089664,0.449219,1.362659
17.080000,-0.626689,0.368716,0.780622
17.085000,0.564050,-0.429414,0.427763
17.090000,-1.390867,0.564811,-0.184673
17.095000,-0.103899,-0.516086,-1.133167
17.100000,0.379283,-1.535006,1.013619
17.105000,-0.207394,-1.023665,0.389323
17.110000,0.920954,-0.094588,-1.043178
17.115000,-0.573474,1.143123,-0.446391
17.120000,0.812772,-0.862048,1.246373
17.125000,0.971468,0.343885,0.313642
17.130000,-0.423821,-0.408462,-1.809372
17.135000,0.690844,1.164413,-0.577351
17.140000,-0.681515,0.241390,0.419221
17.145000,0.534535,0.620201,0.405176
17.150000,0.679471,0.077594,2.036950
17.155000,-0.312401,-0.350291,-0.074844
17.160000,1.228987,1.491347,0.357308
17.165000,1.732178,2.062539,0.069661
17.170000,0.168966,0.286580,0.511932
17.175000,-0.576440,0.374880,-0.060487
17.180000,-0.640789,0.382325,-0.102224
17.185000,0.060628,0.696909,0.416491
17.190000,1.170286,-1.736008,-1.197302
17.195000,-0.472434,-0.299550,-0.030957
17.200000,-1.510614,0.723389,1.478963
17.205000,0.238424,-0.044859,-0.497892
17.210000,-1.710198,0.609665,-0.302519
17.215000,-0.481733,2.689822,-0.465993
17.220000,-1.178174,-0.190899,-2.088753
17.225000,-0.003345,-0.107264,-1.611624
17.230000,1.695931,2.161647,1.505463
17.235000,-0.680771,-0.047467,-0.867775
17.240000,0.643731,-0.504213,1.011838
17.245000,-1.210317,-0.522489,1.179018
17.250000,0.384649,-2.648092,1.162002
17.255000,-0.502823,0.214355,-0.304010
17.260000,-0.566060,-0.010231,-0.816191
17.265000,-0.498497,1.359357,1.366198
17.270000,1.283495,0.575729,0.585573
17.275000,0.361378,0.434014,0.019202
17.280000,-1.390476,1.965647,0.391866
17.285000,0.202959,0.126333,-0.248192
17.290000,-0.903756,0.884783,0.229586
17.295000,-0.652473,-1.006870,-0.979707
17.300000,0.146418,1.645353,0.701083
17.305000,2.623807,0.789026,0.761734
17.310000,-0.165561,0.527387,-1.310229
17.315000,-0.298222,1.011068,-1.004269
17.320000,-0.995617,0.383846,-1.559024
17.325000,1.010891,1.782538,0.388928
17.330000,-1.185252,-0.045298,-1.078244
17.335000,0.202629,-0.875549,-1.558296
17.340000,-0.294838,0.415255,-0.321892
17.345000,-0.860173,0.264745,0.881435
17.350000,1.104716,0.601993,0.014464
17.355000,-2.353471,0.212427,-0.038660
17.360000,1.187329,-0.101188,-0.180251
17.365000,1.745277,0.566042,0.857980
17.370000,1.283955,-0.129527,0.038929
17.375000,1.093427,0.036201,-0.284807
17.380000,-1.904648,-1.879830,0.601490
17.385000,1.525512,0.598608,-2.271137
17.390000,-0.805143,-1.002082,-1.770270
17.395000,-0.647705,-0.816106,0.589512
17.400000,0.188402,-1.231723,0.249733
17.405000,1.493905,-0.867348,-0.243728
17.410000,0.301267,-0.012906,0.564616
17.415000,-0.299962,-1.035433,-0.517497
17.420000,0.931745,-0.040852,0.012541
17.425000,2.253713,0.764399,-0.889077
17.430000,-0.199942,0.497971,-1.546454
17.435000,-0.331686,1.143035,-1.906087
17.440000,0.757830,0.280387,-0.950759
17.445000,0.289130,1.383679,0.516127
17.450000,0.535286,-1.357598,-1.659321
17.455000,-0.093671,-1.310719,-0.672613
17.460000,-0.514206,-0.546329,0.762670
17.465000,0.589697,0.542826,0.530972
17.470000,0.555632,-0.925802,1.540422
17.475000,0.657961,0.586743,-0.550817
17.480000,-1.300801,0.493241,-0.314894
17.485000,-0.410158,-1.226058,0.121789
17.490000,-0.260064,-0.920856,-1.797698
17.495000,-1.289617,-1.149417,-0.457513
17.500000,0.966416,0.522980,-0.928601
17.505000,0.656045,-0.008587,0.606016
17.510000,-0.823376,-0.869981,0.064910
17.515000,-0.232602,0.368372,-1.315705
17.520000,0.233262,1.801842,1.173666
17.525000,-0.679501,0.479260,0.476144
17.530000,-0.863306,0.462962,-1.212477
17.535000,-1.642326,-2.970378,0.081168
17.540000,-1.960310,0.012572,1.151805
17.545000,1.824230,1.278807,0.928172
17.550000,0.408918,-0.958734,-0.291216
17.555000,-1.128001,0.252328,1.377676
17.560000,-0.518892,1.102997,0.344931
17.565000,-0.617107,0.135028,-0.162278
17.570000,0.190361,-0.189840,0.360009
17.575000,-0.947977,-0.907683,1.223937
17.580000,0.034344,0.733644,1.375051
17.585000,0.679792,0.472820,0.030744
17.590000,0.510922,1.275893,-0.505548
17.595000,1.330757,1.279936,1.166365
17.600000,-0.522119,0.362857,-0.825459
17.605000,0.687312,-0.014756,1.493524
17.610000,2.704878,-0.272348,-2.711235
17.615000,0.200999,-0.119692,-0.800850
17.620000,-0.424906,1.166668,-0.129128
17.625000,0.843215,1.601305,0.915258
17.630000,0.997108,-2.279128,0.423482
17.635000,-0.431759,-0.907758,-0.136175
17.640000,-1.179223,-0.897448,0.741841
17.645000,0.290064,0.847527,2.160363
17.650000,-1.104073,1.132174,1.129954
17.655000,-0.293842,0.861845,-0.312712
17.660000,1.059155,-0.869173,0.036121
17.665000,1.213753,0.753184,-1.042712
17.670000,1.238749,-2.438886,-0.179552
17.675000,-0.209667,-0.441693,-1.251347
17.680000,-0.958882,1.497344,-0.160449
17.685000,1.558694,0.168175,0.724892
17.690000,-0.555435,-1.752854,1.060555
17.695000,0.988981,-0.175181,1.017915
17.700000,2.388128,-0.635189,-1.029080
17.705000,1.368763,0.391389,-0.532763
17.710000,-0.302325,-0.820225,-1.060228
17.715000,0.687857,-0.367936,1.959316
17.720000,0.361611,0.409075,1.255886
17.725000,0.934988,1.707206,1.245114
17.730000,0.095673,0.797990,-2.236730
17.735000,-0.628336,1.206719,-0.420759
17.740000,-1.545048,1.042970,-0.684736
17.745000,1.078593,0.609861,-0.081978
17.750000,-0.797905,0.085826,0.739092
17.755000,-1.175084,-0.073184,0.326894
17.760000,0.729722,-0.440821,-0.895162
17.765000,1.463532,-0.938649,-0.349584
17.770000,1.805938,0.449868,-0.235930
17.775000,-0.700027,0.207934,-0.494557
17.780000,0.217532,-1.282324,2.153312
17.785000,1.718290,1.000909,-0.448984
17.790000,-0.972762,-0.509639,-0.883684
17.795000,-0.025795,0.997214,-1.799062
17.800000,1.084063,0.590659,2.677496
17.805000,0.520551,-0.137742,-0.793486
17.810000,1.233749,-0.705185,0.088054
17.815000,-1.673666,0.756264,0.453377
17.820000,1.170559,0.413339,1.488048
17.825000,0.609495,1.595339,1.510439
17.830000,-0.181774,-0.779597,0.265453
17.835000,0.162122,-0.495372,-0.395954
17.840000,1.399436,-0.441202,-1.695511
17.845000,0.545097,0.195923,1.620231
17.850000,-0.215444,-0.804383,0.669511
17.855000,-0.560904,1.204516,0.201609
17.860000,2.140366,0.595486,0.346193
17.865000,-0.320776,0.450741,-0.177441
17.870000,0.713367,-1.183776,-1.189182
17.875000,1.058840,-0.252564,0.769938
17.880000,0.791204,-1.760268,-0.287690
17.885000,1.527622,1.649646,-0.753573
17.890000,-1.200216,0.103002,-0.384069
17.895000,0.167756,-1.212770,-0.543503
17.900000,1.840878,0.785214,1.407465
17.905000,1.970249,0.823639,-0.073115
17.910000,0.139359,0.369690,1.793382
17.915000,0.100736,0.277377,-0.730239
17.920000,0.347869,2.427214,0.358628
17.925000,-1.503192,1.683763,-0.106522
17.930000,0.387563,0.128178,0.506883
17.935000,0.564724,1.206530,-0.433892
17.940000,-0.514160,-1.101190,0.632225
17.945000,2.271868,-0.565491,-1.105952
17.950000,-0.240347,-1.438859,-0.032728
17.955000,-0.907564,-0.397851,-1.117837
17.960000,0.467665,1.460839,0.193762
17.965000,-0.436605,0.244044,-0.545342
17.970000,-3.206753,-0.900665,-1.410146
17.975000,0.050901,-1.120019,-1.466742
17.980000,0.113126,-1.696225,0.347280
17.985000,0.365083,1.072445,-1.608314
17.990000,-1.079317,1.059637,-1.350510
17.995000,1.818881,-2.420132,-0.663630
18.000000,0.791439,1.649999,-1.554228
18.005000,1.189732,1.130248,-0.113366
18.010000,-1.006834,-1.368040,-1.417064
18.015000,-0.781980,-0.666875,0.406914
18.020000,2.154355,-0.630432,0.495902
18.025000,0.918337,-0.145631,-0.835999
18.030000,0.432807,0.459344,-0.935747
18.035000,-1.998768,0.168806,-0.224692
18.040000,-0.515270,-1.269302,-0.180623
18.045000,-0.073087,0.091224,-0.580516
18.050000,-1.144305,-0.179520,-0.918932
18.055000,-0.341866,-0.289581,-0.281518
18.060000,0.423595,-0.421631,-0.227083
18.065000,0.128901,1.425976,1.607445
18.070000,-0.482405,0.568003,-0.324427
18.075000,2.107325,0.414243,0.400721
18.080000,-0.883240,1.445005,0.456309
18.085000,0.184567,1.174323,1.676204
18.090000,1.035860,0.911941,0.461889
18.095000,0.640075,1.515052,-1.037561
18.100000,-0.332279,2.782957,0.580837
18.105000,-1.169186,0.243019,0.482436
18.110000,-0.289723,-0.196860,-2.066920
18.115000,-0.207149,0.429986,2.356841
18.120000,-0.024546,0.821617,0.469225
18.125000,-0.745765,0.544402,0.498904
18.130000,-1.005730,-0.007312,-0.375884
18.135000,-0.782129,-0.178333,0.786763
18.140000,-1.684319,0.808763,-0.432023
18.145000,0.575222,0.728819,-0.291359
18.150000,-1.578863,-0.486376,0.929265
18.155000,0.845855,-0.886453,-1.261285
18.160000,-0.382900,2.141870,0.593595
18.165000,0.661062,1.147867,0.407837
18.170000,1.604316,-0.406484,-1.015493
18.175000,-1.245879,-1.321137,0.546320
18.180000,-0.404242,1.477673,1.212449
18.185000,-1.358219,0.474660,1.020542
18.190000,0.982948,-0.381457,0.098031
18.195000,0.072195,0.044141,-0.155732
18.200000,-0.375656,0.571698,0.055970
18.205000,0.216606,-0.935150,-0.292964
18.210000,-1.340520,0.154597,-1.881977
18.215000,-1.677294,-0.163043,1.024199
18.220000,0.173912,0.465663,0.599754
18.225000,0.921802,0.761709,-0.537667
18.230000,0.306796,-0.797047,0.259839
18.235000,-0.525688,-0.125724,-3.103325
18.240000,1.089545,-0.356977,0.685285
18.245000,0.663487,-0.837256,2.168168
18.250000,-0.657514,-0.607451,-1.640907
18.255000,-1.618720,-0.586415,-1.023867
18.260000,-0.332046,0.267036,0.023538
18.265000,1.186527,0.198832,-1.416599
18.270000,-1.068242,0.687301,-1.254080
18.275000,-0.063186,-2.528864,-1.515985
18.280000,-0.566870,0.082900,-1.850953
18.285000,1.729674,0.135508,1.072099
18.290000,-1.336512,-1.102595,0.071983
18.295000,-1.547478,-0.848422,-0.447491
18.300000,0.322814,-1.299988,-1.082311
18.305000,0.231873,0.659778,1.043958
18.310000,0.841067,-0.234087,-0.277042
18.315000,-1.061217,-1.625619,1.192500
18.320000,-0.339280,-1.272855,0.179530
18.325000,-1.228343,2.334014,0.929822
18.330000,-1.073499,1.309778,-0.396208
18.335000,-0.962925,0.607282,0.997722
18.340000,-1.580955,-0.051970,1.106809
18.345000,0.574944,-0.468948,0.330568
18.350000,2.138887,0.460525,0.314528
18.355000,-1.291573,-1.434369,-0.755347
18.360000,1.744000,1.289012,2.088658
18.365000,1.725759,0.862148,-1.534096
18.370000,1.094872,1.526601,0.420824
18.375000,-0.985860,-1.137279,-1.219621
18.380000,-0.031176,0.449109,0.354303
18.385000,0.303130,0.137389,0.633869
18.390000,0.326377,-0.545462,-1.184847
18.395000,-0.901727,0.206488,-0.575493
18.400000,1.094364,-1.185221,0.310587
18.405000,-0.037487,1.442822,0.117137
18.410000,-0.719662,0.008215,1.987641
18.415000,0.239450,-0.696039,-0.713302
18.420000,0.539262,-0.262700,-1.357233
18.425000,1.186486,0.639965,1.040127
18.430000,-2.033725,-0.053786,-1.464085
18.435000,0.496465,-0.562021,-0.891258
18.440000,-0.451808,-0.519670,-0.878347
18.445000,1.385920,1.319694,0.392336
18.450000,-1.230198,-1.833398,-1.965148
18.455000,-1.219446,-1.992199,-0.231572
18.460000,0.726508,0.306324,0.469026
18.465000,-0.152731,-1.424089,0.154930
18.470000,2.277959,0.946996,1.092402
18.475000,0.883902,-0.958532,-1.099623
18.480000,0.420723,0.802711,2.703321
18.485000,0.577485,-0.491254,0.255620
18.490000,-0.009251,-1.094388,1.108048
18.495000,-2.386823,1.487134,-0.497697
18.500000,-0.130292,-0.455924,2.390978
18.505000,1.674364,0.457802,0.964182
18.510000,-0.814310,-0.863844,0.030374
18.515000,-2.164652,-1.122065,0.484396
18.520000,0.024329,0.065658,-1.449138
18.525000,0.093312,2.083026,-0.305783
18.530000,-0.957201,-0.473512,-0.204657
18.535000,1.298140,-1.237945,-2.356447
18.540000,2.707229,1.593278,0.902106
18.545000,0.206663,0.749729,-1.089650
18.550000,1.289651,2.468884,-0.219472
18.555000,0.803950,-0.379381,0.372730
18.560000,-0.438930,1.620651,0.717049
18.565000,1.539237,-1.003374,0.251813
18.570000,1.335065,1.130445,0.677402
18.575000,-0.392989,-1.740491,-2.012173
18.580000,-1.420393,-2.031621,-3.200835
18.585000,1.298097,-0.940993,0.261693
18.590000,0.409548,1.940705,0.262359
18.595000,-0.760718,1.744383,-0.977234
18.600000,-0.484377,0.275826,0.766733
18.605000,0.849543,-0.653920,0.571382
18.610000,0.687903,-0.265604,-0.301401
18.615000,-1.685408,-0.412639,1.111289
18.620000,0.582592,0.262878,0.886359
18.625000,0.758954,0.146538,1.944888
18.630000,-0.082448,0.338330,0.966793
18.635000,-0.689958,-2.281551,-0.244337
18.640000,1.274822,-0.565675,1.837665
18.645000,-0.874336,1.429776,1.627481
18.650000,-1.062500,-0.701101,0.248014
18.655000,-2.607668,-0.843036,0.014603
18.660000,0.100667,-1.050241,1.048360
18.665000,1.138567,1.530390,-0.506700
18.670000,-0.064366,0.779357,1.899508
18.675000,-0.239243,0.869671,-1.763460
18.680000,0.580179,0.001595,-0.147595
18.685000,-0.850798,1.732618,1.553890
18.690000,-0.982007,1.394410,-0.056769
18.695000,-0.416144,-0.666214,-2.177860
18.700000,-0.820341,1.765979,-0.127796
18.705000,1.985881,0.848803,0.049170
18.710000,0.662731,1.068874,0.888122
18.715000,0.996648,-1.576963,0.807264
18.720000,-0.379815,-0.512899,0.340237
18.725000,-1.084378,-0.071872,1.371526
18.730000,-1.082036,-0.937706,0.537574
18.735000,-0.273193,0.193262,0.356041
18.740000,-0.515730,1.409742,-0.719538
18.745000,1.057508,1.377571,0.720858
18.750000,-1.157509,0.559282,0.329346
18.755000,-1.109974,-0.217462,-0.471703
18.760000,0.424555,-0.018804,-0.732676
18.765000,0.598423,-1.147983,-0.162056
18.770000,-0.175636,-0.274215,-0.488250
18.775000,-2.012504,-1.016626,-2.867171
18.780000,1.819731,0.596358,-1.184774
18.785000,-0.625264,0.223841,0.582243
18.790000,-0.425611,-1.823656,-0.454006
18.795000,-1.173218,-2.665642,-1.042005
18.800000,1.464107,1.566767,0.745327
18.805000,1.473069,-1.565605,0.615361
18.810000,0.153642,-0.673806,0.497822
18.815000,0.934456,-0.343597,-2.868040
18.820000,-0.193883,-0.239226,0.661600
18.825000,1.886571,0.502223,0.509454
18.830000,-2.559042,0.074862,-0.214242
18.835000,-1.038709,1.733491,-1.780113
18.840000,-0.475996,-0.531488,-0.258064
18.845000,0.931903,0.095892,0.078222
18.850000,-0.512696,0.462700,-0.685035
18.855000,-0.056989,0.139039,0.728411
18.860000,-0.730719,-0.479365,-0.666932
18.865000,1.369354,2.075836,0.951048
18.870000,-0.553666,-2.938960,1.324033
18.875000,-1.007956,-0.966451,-1.586346
18.880000,1.377579,0.708571,-0.276391
18.885000,1.522851,-0.629274,1.263719
18.890000,1.328911,-0.440119,0.844601
18.895000,-0.643975,0.727762,0.677783
18.900000,0.382498,1.120588,1.303895
18.905000,-0.973217,0.755748,1.774644
18.910000,-0.624148,-1.462185,0.324436
18.915000,-0.844162,-1.036735,-1.149932
18.920000,-0.780634,0.999279,-0.851860
18.925000,0.089222,0.314645,0.064029
18.930000,-1.490764,-0.347644,0.502782
18.935000,0.479445,-1.457252,0.223526
18.940000,0.578028,0.343194,0.254375
18.945000,-0.121498,0.547929,-0.736554
18.950000,-0.566948,-0.315206,0.926036
18.955000,-1.021431,-0.519663,-1.772541
18.960000,-2.278320,0.049182,-1.125119
18.965000,2.127650,0.854932,0.464057
18.970000,-0.493558,0.406478,-0.932443
18.975000,0.152634,-0.380802,0.910026
18.980000,0.409726,-1.457028,-0.312697
18.985000,0.626100,1.249190,0.314794
18.990000,-0.984225,-0.206646,-1.282390
18.995000,-0.246247,-0.790157,-1.149144
19.000000,-0.421277,0.876796,0.274368
19.005000,0.280216,1.687122,0.975526
19.010000,0.940998,0.549166,-0.171968
19.015000,-0.622384,-0.213459,0.038243
19.020000,0.081223,0.661391,0.791154
19.025000,3.030640,0.640916,0.371723
19.030000,0.344336,-0.329036,-0.073878
19.035000,-0.746508,-0.141413,-0.245379
19.040000,2.209832,0.016543,-1.196405
19.045000,-0.488747,0.036636,1.175418
19.050000,-0.946714,0.358924,0.946546
19.055000,-0.262530,0.833811,-2.161681
19.060000,0.032835,-0.954921,-0.031658
19.065000,-0.012604,1.689025,0.511436
19.070000,-0.862822,-1.080432,1.005049
19.075000,-1.426095,1.254070,1.070893
19.080000,-0.566894,0.491756,0.219345
19.085000,-1.252861,1.252458,0.629409
19.090000,1.068259,-1.658874,0.368030
19.095000,0.446966,0.122130,0.914804
19.100000,0.675469,-0.012375,-0.340631
19.105000,0.072130,0.781637,0.594352
19.110000,-0.117035,-0.106477,1.271401
19.115000,-0.934367,1.073023,-1.808546
19.120000,0.491402,1.046794,0.004359
19.125000,-0.274509,0.981299,-1.313003
19.130000,0.758930,-0.950835,0.061167
19.135000,-1.071000,-2.062026,0.706361
19.140000,0.329213,1.596164,-0.800494
19.145000,0.649531,0.961974,0.017624
19.150000,0.984854,0.214972,1.685387
19.155000,0.665434,-0.713385,0.903444
19.160000,-1.081812,-0.569651,1.242143
19.165000,0.814439,0.449747,-0.098676
19.170000,1.514735,-0.408549,1.361585
19.175000,-0.871126,1.008760,-0.041939
19.180000,-0.517579,-0.182919,-0.463204
19.185000,0.557852,0.033964,-0.701883
19.190000,0.228059,-0.806521,0.591204
19.195000,1.335121,-0.207348,0.979640
19.200000,0.144100,0.941089,0.060035
19.205000,1.225125,0.651773,-0.410593
19.210000,-0.039679,-0.575409,-1.388444
19.215000,-0.435242,-0.433339,0.215650
19.220000,0.286561,0.519252,-1.178857
19.225000,0.431890,0.174193,1.421109
19.230000,-0.826109,-1.821821,-1.772760
19.235000,0.411331,-0.432939,0.395447
19.240000,0.037651,0.128135,1.630806
19.245000,1.200075,-0.971857,0.173076
19.250000,-1.455712,0.574749,0.812917
19.255000,-0.085941,0.280484,2.294645
19.260000,0.833337,0.428730,0.098666
19.265000,1.687888,0.954414,1.850808
19.270000,-0.631162,-0.098924,0.490667
19.275000,-0.197239,0.323837,0.394256
19.280000,-0.035135,0.115647,-0.798863
19.285000,-1.210074,-2.718863,-1.131668
19.290000,-0.062957,1.059979,1.037169
19.295000,-1.672345,0.173736,-0.564307
19.300000,0.427897,-0.736949,2.602245
19.305000,0.743398,1.315730,0.595763
19.310000,-1.006199,2.053178,-0.770605
19.315000,0.019686,-0.815154,-1.229507
19.320000,0.943903,1.546318,0.398609
19.325000,0.302181,0.434936,0.190610
19.330000,-0.120923,0.163351,0.988511
19.335000,-0.404930,-1.120668,1.436739
19.340000,0.145295,-0.556491,0.088844
19.345000,1.495404,1.126106,0.073066
19.350000,-1.579997,-0.051782,-0.819282
19.355000,-0.392465,-0.534820,0.153756
19.360000,3.000374,-1.110538,-0.106464
19.365000,0.974665,0.574353,2.052243
19.370000,-0.634770,-1.240825,0.722093
19.375000,-0.462929,0.809063,0.035865
19.380000,1.384189,1.049973,0.428551
19.385000,-0.025351,1.453412,0.582810
19.390000,-0.548796,1.415844,0.020125
19.395000,-0.101575,-1.439230,-1.733109
19.400000,-1.254847,0.374614,-0.145618
19.405000,0.060297,-0.957924,-0.846733
19.410000,-1.078559,-0.913673,-1.728391
19.415000,0.717138,0.247475,-0.809839
19.420000,1.778960,0.765884,-1.410345
19.425000,1.339062,-1.045352,0.873287
19.430000,-0.692267,-0.141061,0.560194
19.435000,-1.146386,-0.234424,-1.609977
19.440000,-1.322843,-0.440843,0.913952
19.445000,0.312916,0.660535,-0.577582
19.450000,-0.193965,0.836821,1.045211
19.455000,-2.176729,0.437128,-0.731355
19.460000,0.735227,0.010663,-1.431715
19.465000,0.194972,-1.317111,0.044432
19.470000,0.480953,-0.101394,1.423588
19.475000,-0.833270,-0.937216,0.061627
19.480000,-0.842169,1.637692,-1.126312
19.485000,1.168539,-1.364748,1.318170
19.490000,0.125694,1.471518,0.151790
19.495000,-1.471241,1.387548,0.238470
19.500000,-0.919142,0.903465,1.808448
19.505000,1.492612,-0.591547,2.702456
19.510000,0.083460,-1.098600,-0.058274
19.515000,0.778544,0.447562,-0.567698
19.520000,-0.040838,0.675607,-1.269161
19.525000,0.677828,1.016155,-0.717131
19.530000,0.437888,-1.136824,0.089677
19.535000,-2.460446,1.000959,-1.291218
19.540000,-0.676990,-0.569911,-2.134781
19.545000,2.402486,1.861790,-0.045646
19.550000,0.406026,0.131595,0.105283
19.555000,-1.129718,-0.380524,0.712758
19.560000,0.090299,2.215485,-1.724733
19.565000,1.134289,-1.796580,0.163459
19.570000,2.339242,0.243558,-0.271127
19.575000,2.298316,0.083066,1.161818
19.580000,0.290723,0.130537,-0.752840
19.585000,0.277740,0.483798,-0.784422
19.590000,0.813094,-0.606411,1.519914
19.595000,-0.605621,0.631573,1.730085
19.600000,1.770491,-0.308366,-1.401423
19.605000,-1.418162,0.490130,0.460307
19.610000,-0.380722,-0.802908,1.032787
19.615000,-2.663837,0.651079,-0.576315
19.620000,-0.281430,-1.843841,0.487446
19.625000,0.104461,2.795246,1.242539
19.630000,-0.619649,0.160113,0.290613
19.635000,0.022659,0.888185,-0.060447
19.640000,0.163574,-0.269453,-0.783724
19.645000,1.406255,0.421194,0.523755
19.650000,0.858996,1.225025,0.514241
19.655000,1.402128,0.955808,0.053092
19.660000,1.070967,1.151225,0.742846
19.665000,-1.502122,2.840819,-0.113080
19.670000,-1.335561,1.221174,0.400928
19.675000,-0.170378,0.394062,-0.298342
19.680000,1.314250,0.538513,0.390397
19.685000,0.496008,-1.401092,0.577432
19.690000,1.666531,2.012652,0.950063
19.695000,-0.850363,-1.446587,0.356809
19.700000,-0.568064,1.017829,-0.004268
19.705000,-0.423784,-0.178524,0.883615
19.710000,-1.161519,0.386906,-0.425117
19.715000,-0.892826,-0.315084,0.377154
19.720000,-0.648532,-0.274402,0.231966
19.725000,0.890355,1.162012,1.192169
19.730000,-2.175759,-0.964312,-1.864502
19.735000,-1.187835,-0.665361,-2.436182
19.740000,0.453304,0.466944,-0.930294
19.745000,0.789309,0.440420,-0.072958
19.750000,0.526136,1.121959,1.505905
19.755000,-2.595239,-0.892718,2.224670
19.760000,-0.525187,-0.731814,-1.315341
19.765000,-0.724654,0.088212,2.079454
19.770000,-1.447409,-0.258737,1.319940
19.775000,0.309777,0.042030,-0.880585
19.780000,1.277829,-1.518050,-1.025150
19.785000,0.969744,0.397095,-0.815058
19.790000,-0.349841,1.192074,2.270212
19.795000,0.420339,0.105290,-0.794751
19.800000,0.701122,0.978447,0.768928
19.805000,-0.880088,0.368517,1.359138
19.810000,0.064921,0.205516,1.666178
19.815000,-1.802386,-0.811088,-2.081413
19.820000,0.757983,0.195839,-1.516109
19.825000,1.497227,2.174878,0.710771
19.830000,-1.520177,0.383478,1.446827
19.835000,-2.021327,0.732187,1.919704
19.840000,-0.369159,-1.201682,-0.406203
19.845000,0.158822,2.162232,3.656570
19.850000,-1.559503,-2.042413,0.907948
19.855000,-0.410786,-0.746578,-1.138057
19.860000,-2.044744,0.911422,-0.567728
19.865000,2.278495,1.979631,2.163478
19.870000,-0.362262,-0.461096,0.590122
19.875000,-1.697454,-0.959600,2.255119
19.880000,0.337437,-0.536387,-0.957958
19.885000,0.309626,-1.104064,-0.306132
19.890000,0.012651,-1.652099,0.511667
19.895000,0.548060,-1.114488,-0.462336
19.900000,-1.721644,-0.455740,0.264086
19.905000,1.748379,-1.398664,2.358196
19.910000,1.505411,0.233886,-0.548502
19.915000,0.475967,0.219893,1.121976
19.920000,-0.966228,-0.222745,0.090244
19.925000,0.164716,-0.613428,1.737597
19.930000,-0.019768,1.104650,1.439778
19.935000,1.269908,-0.981664,-1.899280
19.940000,0.405323,1.002135,0.802291
19.945000,-0.667295,1.568660,-0.909087
19.950000,1.394061,0.087432,0.472366
19.955000,1.392941,-2.116607,-1.091454
19.960000,2.337763,0.651860,-0.972877
19.965000,0.912237,0.241356,0.040868
19.970000,0.517564,-0.022433,0.347532
19.975000,-0.244192,-0.990775,0.471702
19.980000,-0.629146,1.107758,-0.448351
19.985000,-0.944464,1.709359,-0.295823
19.990000,0.632429,1.163338,0.853722
19.995000,0.136316,-1.046332,-2.102736
20.000000,2.051124,-0.320587,-0.392023
20.005000,0.066479,1.036428,-0.563970
20.010000,-0.175109,0.449841,-0.404534
20.015000,-0.224808,-0.552530,-0.276052
20.020000,0.446976,0.700604,0.382253
20.025000,0.843371,0.489476,0.764755
20.030000,-0.844747,-0.764944,1.176707
20.035000,-0.012681,-0.498634,-1.009766
20.040000,-1.274057,-0.416279,1.344078
20.045000,-0.119946,-0.685257,0.510691
20.050000,-0.570179,0.951255,0.487400
20.055000,0.738006,-1.168286,0.741450
20.060000,0.149856,-0.322928,0.026220
20.065000,1.362001,1.433365,0.971282
20.070000,0.068642,0.547205,-0.258039
20.075000,0.105758,0.942625,0.627681
20.080000,-1.888525,0.516528,-0.131337
20.085000,-0.637526,1.125195,-0.973126
20.090000,-0.372719,-0.495631,0.485531
20.095000,0.550770,-1.138359,0.143836
20.100000,1.027261,-0.082141,0.556283
20.105000,-0.174918,-0.893538,1.489500
20.110000,0.628624,0.225395,1.368061
20.115000,-0.363695,-1.226245,-0.147365
20.120000,-0.604357,0.301603,-0.082296
20.125000,1.014721,0.003383,-0.913748
20.130000,1.932548,0.728427,-1.581616
20.135000,-1.028562,-0.154114,-0.773509
20.140000,0.498229,-0.500362,0.344699
20.145000,1.456621,0.832026,0.779550
20.150000,-1.329186,0.153303,0.297499
20.155000,0.297819,-1.346256,0.548341
20.160000,1.267202,1.168087,-1.147431
20.165000,-0.553264,0.286174,1.165338
20.170000,-0.917654,-1.017180,-0.609099
20.175000,-0.796229,-1.596870,1.160548
20.180000,1.156349,0.700545,-1.758636
20.185000,-0.043143,-0.294620,0.893069
20.190000,0.486415,-1.155686,1.218701
20.195000,-0.196817,-0.922206,-2.101468
20.200000,-0.389277,0.700491,1.162932
20.205000,-0.289204,0.146379,2.279021
20.210000,0.509415,0.264925,-0.518044
20.215000,-0.621379,-0.286883,-1.863132
20.220000,-0.492426,1.014373,-0.941286
20.225000,-0.738502,-0.709161,1.712145
20.230000,0.438924,0.218924,-0.092461
20.235000,0.725729,0.164678,-0.627789
20.240000,0.674556,-0.519557,-0.172584
20.245000,1.736989,2.741612,0.353374
20.250000,0.874217,-0.156435,0.648749
20.255000,0.467729,-0.573478,-0.063722
20.260000,0.600435,1.101770,1.127370
20.265000,0.146025,0.583495,-0.156435
20.270000,0.254269,-0.824225,0.716742
20.275000,1.179835,-2.007645,0.668158
20.280000,-0.337804,1.909174,-0.836473
20.285000,-0.812120,1.841408,-1.282155
20.290000,-1.414214,0.828922,-0.797667
20.295000,-0.740894,0.939029,-0.371807
20.300000,0.136505,-2.620751,-1.470895
20.305000,-1.390446,0.810987,1.409407
20.310000,0.176861,0.195627,0.856402
20.315000,-1.780550,1.559323,-1.060016
20.320000,0.142224,-0.017601,1.731623
20.325000,1.518367,0.976635,-0.037861
20.330000,-1.488441,0.180520,-0.153369
20.335000,0.035879,-0.515922,2.376619
20.340000,0.908424,-0.127234,1.174456
20.345000,0.864118,0.843190,0.477300
20.350000,0.465807,1.570927,0.369235
20.355000,-1.744510,-0.324814,0.091329
20.360000,-0.485350,2.283495,-0.421881
20.365000,-0.876337,-0.216793,2.644757
20.370000,-0.134131,-1.095481,-0.312434
20.375000,0.690761,-1.401876,-0.737106
20.380000,0.585596,-0.150862,-0.861162
20.385000,1.168604,0.520986,-0.545136
20.390000,1.795929,-0.734433,1.116676
20.395000,-2.267932,-0.496011,0.705229
20.400000,1.155829,-1.273522,-0.799086
20.405000,-0.161001,-0.625999,0.009886
20.410000,-0.269587,-0.129641,1.067348
20.415000,-0.295117,-1.816704,0.350197
20.420000,0.317216,0.148715,-0.537229
20.425000,1.721934,1.253047,1.366593
20.430000,-0.412494,-1.319089,2.838799
20.435000,-1.677017,0.092894,-2.110398
20.440000,0.423365,0.258887,-0.596589
20.445000,1.198282,0.847765,1.126062
20.450000,0.008586,1.069001,-1.948381
20.455000,-0.610133,-0.174543,0.683975
20.460000,0.451335,0.126908,1.651822
20.465000,0.600707,-0.351599,1.399172
20.470000,0.625658,-0.654710,-0.017537
20.475000,-0.017088,-0.338035,-0.971789
20.480000,0.949209,-1.214295,0.145953
20.485000,-0.539539,1.128005,0.368697
20.490000,0.314769,0.455165,-1.317996
20.495000,-2.204103,-0.466745,-1.089889
20.500000,2.191137,-2.321726,-1.289248
20.505000,1.561183,1.106901,3.449585
20.510000,1.233857,0.573444,-0.136482
20.515000,-1.478166,0.159397,-1.351089
20.520000,1.151684,0.844311,0.025130
20.525000,-1.905974,1.020436,0.527876
20.530000,-0.657373,0.082931,-0.142403
20.535000,-0.074704,-0.969357,-0.236107
20.540000,-0.850372,0.926485,-0.432455
20.545000,-0.773316,0.586124,-1.212786
20.550000,-0.604464,0.214545,0.272075
20.555000,-0.300496,0.070276,-0.381236
20.560000,0.090684,1.948375,-0.696701
20.565000,2.225548,1.289055,0.297195
20.570000,-0.237877,1.467722,-0.619300
20.575000,-0.377056,0.666885,-2.258328
20.580000,-3.020126,-1.434185,-0.176186
20.585000,0.700795,0.439528,-0.777107
20.590000,-1.134306,-1.123416,0.940251
20.595000,-1.092758,-1.483959,0.041214
20.600000,0.734472,0.978718,-0.265091
20.605000,0.262965,1.237895,0.541741
20.610000,-2.755926,0.195289,1.050753
20.615000,-0.788022,-1.584786,-0.542181
20.620000,-0.641100,0.591054,0.464794
20.625000,1.274110,0.190217,-0.129223
20.630000,-1.049408,0.885680,0.149287
20.635000,0.242164,0.161746,0.718491
20.640000,1.451450,-0.986211,0.316743
20.645000,-1.518004,-0.007670,2.462590
20.650000,0.331305,-0.638986,-0.863482
20.655000,-0.457185,-2.069671,1.068184
20.660000,-0.573598,-0.662610,0.825690
20.665000,0.472445,-0.031836,1.834810
20.670000,1.131966,-0.861359,1.141138
20.675000,-1.008457,0.741348,-0.924363
20.680000,2.410200,0.691644,0.208199
20.685000,-0.025273,2.221679,-1.319227
20.690000,-0.809141,1.407294,-0.809825
20.695000,-0.400225,0.705855,-2.106472
20.700000,-1.036539,-0.445102,-0.301184
20.705000,1.540263,-0.017402,0.853933
20.710000,1.073695,0.544823,-0.224973
20.715000,-1.722663,-1.175477,-0.106072
20.720000,1.281325,0.157458,0.335023
20.725000,2.166417,0.961015,-2.161865
20.730000,-0.968553,0.350927,-0.695126
20.735000,-0.459651,1.120923,-1.945117
20.740000,-1.300245,-0.704825,1.144838
20.745000,1.223921,-0.170941,1.142788
20.750000,1.240739,-1.843880,1.541142
20.755000,-0.398451,0.072292,-0.042273
20.760000,0.055238,-1.587711,-0.822036
20.765000,0.260926,0.956335,0.153392
20.770000,-0.019835,1.614564,1.188009
20.775000,0.296822,-0.888336,1.277314
20.780000,2.317405,-2.058417,0.411609
20.785000,-0.284753,1.130016,0.452462
20.790000,-1.655343,1.426019,-0.840799
20.795000,0.856012,0.099123,2.631511
20.800000,-1.451842,0.499600,-2.072145
20.805000,-1.355723,0.185937,1.812440
20.810000,-0.135345,0.124081,-0.503680
20.815000,1.419050,-0.110436,-2.153247
20.820000,0.584860,-1.564610,-1.638779
20.825000,-1.127341,-1.830721,-0.400812
20.830000,-0.764717,0.055988,0.986207
20.835000,0.072067,-0.797111,-0.210858
20.840000,0.126960,-1.501002,0.135665
20.845000,0.674006,1.376505,1.713345
20.850000,0.208176,0.739415,-0.194902
20.855000,-0.398764,-0.303425,-1.519251
20.860000,1.201173,-2.305653,-1.076619
20.865000,1.709949,0.613630,0.845893
20.870000,-1.414277,1.281342,-1.622883
20.875000,-1.762926,0.366015,-0.522321
20.880000,1.582484,-0.329995,1.211391
20.885000,0.293702,-0.471393,0.579817
20.890000,1.378009,-0.055373,1.650472
20.895000,0.354480,-0.379034,-0.553868
20.900000,0.258096,1.114008,0.086361
20.905000,0.108459,0.925114,-0.037434
20.910000,0.047212,-0.250153,0.554270
20.915000,0.326076,-0.702909,-0.371242
20.920000,-2.562066,0.792351,-0.819029
20.925000,1.335630,0.386908,0.818994
20.930000,-0.433812,1.774334,-0.339783
20.935000,-1.963190,-1.752197,0.633479
20.940000,0.775684,-1.724814,0.828781
20.945000,-0.260552,1.495241,-0.255218
20.950000,1.244473,-0.264637,-1.609584
20.955000,-1.586395,-0.319556,0.504763
20.960000,0.969245,0.800883,-0.257080
20.965000,0.457644,-1.234030,0.656090
20.970000,-1.105293,-0.802694,1.639242
20.975000,-0.637974,-1.012589,-0.425635
20.980000,-0.600455,-0.297336,0.965476
20.985000,0.397509,1.378971,0.492645
20.990000,-1.045234,-0.816354,1.486399
20.995000,1.020160,0.074811,-0.157129
21.000000,0.395161,0.606885,-0.858386
21.005000,0.871887,-1.473401,3.035956
21.010000,0.701351,0.125141,0.689089
21.015000,-0.108579,-0.979404,-0.191944
21.020000,-0.066867,1.241301,1.327148
21.025000,1.060854,0.906777,0.160035
21.030000,0.791131,-0.167435,0.635696
21.035000,-0.554762,-1.412963,-0.636838
21.040000,0.088413,-0.848828,-1.201470
21.045000,0.876097,-0.617243,0.826060
21.050000,0.530818,0.913639,2.265605
21.055000,-0.623220,0.206361,-0.261968
21.060000,-0.624397,0.536976,0.517481
21.065000,-0.213104,-0.985746,2.165008
21.070000,0.268672,-0.322919,1.345785
21.075000,-1.428848,0.476303,-0.722637
21.080000,0.358256,-0.115732,-0.122790
21.085000,-1.246520,1.493759,0.599292
21.090000,1.282848,-1.369588,2.297008
21.095000,-1.559083,0.372606,0.062955
21.100000,-0.513038,-1.776827,-1.983630
21.105000,0.387530,0.307694,0.615650
21.110000,0.885036,0.177329,-1.670080
21.115000,-2.158615,-0.297451,-0.181485
21.120000,-1.858801,1.434686,-0.712398
21.125000,-1.388558,0.551786,0.696999
21.130000,-1.617239,-1.021862,0.144941
21.135000,-1.702696,-0.280280,-0.528323
21.140000,1.174187,-1.168555,-0.926712
21.145000,0.724205,1.308559,0.133931
21.150000,1.488001,0.600843,1.002647
21.155000,1.313098,-0.502194,-2.017422
21.160000,0.000975,0.683025,0.153088
21.165000,-0.058156,-3.018497,1.408088
21.170000,-0.867073,-0.049441,-0.753683
21.175000,0.017339,-1.583979,-0.171257
21.180000,0.043137,-0.741955,-0.554683
21.185000,0.329236,0.446565,1.591767
21.190000,-0.331388,-1.653799,-0.964131
21.195000,-0.237216,-0.021090,-2.288580
21.200000,0.415586,0.249524,-1.882487
21.205000,0.593445,-0.761284,0.120909
21.210000,-1.100004,1.314781,-0.884402
21.215000,0.935895,-1.132647,-0.535145
21.220000,-0.547857,-1.777231,0.197794
21.225000,0.748885,0.349435,1.077580
21.230000,-0.492236,-2.578822,0.843745
21.235000,-0.756684,-0.143001,-0.906726
21.240000,-0.076980,2.902047,0.129636
21.245000,0.701928,-1.802147,-1.421130
21.250000,-2.396462,-2.374093,0.647037
21.255000,-1.484740,-0.834992,-0.234464
21.260000,1.275105,0.337193,-0.659495
21.265000,1.261516,0.503692,1.034496
21.270000,-1.181647,-1.000115,-0.143790
21.275000,0.787363,0.676010,-2.546762
21.280000,0.698907,-0.521327,-1.742208
21.285000,-1.845718,-1.302963,-0.217548
21.290000,-1.054147,-0.431484,-0.311451
21.295000,-0.742439,-0.117431,-0.677871
21.300000,0.249456,0.559673,0.147706
21.305000,1.298353,1.274616,0.778652
21.310000,1.392801,-0.039874,0.874753
21.315000,0.485361,-1.395773,-0.881684
21.320000,0.069359,0.492102,-0.139575
21.325000,-2.083740,0.851747,0.036373
21.330000,-0.430366,1.335465,-0.842613
21.335000,-0.661439,-0.474929,1.240360
21.340000,1.287041,1.555003,-0.782665
21.345000,0.794138,-0.337340,-0.181208
21.350000,1.051562,-0.589162,1.729913
21.355000,-0.059436,-0.899032,0.751710
21.360000,-0.217957,0.140305,1.262471
21.365000,-0.142899,0.407269,2.074875
21.370000,-0.987204,0.389361,-0.603814
21.375000,0.172562,1.085485,-0.395237
21.380000,-1.271440,-1.396719,-0.949626
21.385000,2.034016,-1.823333,1.110387
21.390000,0.357699,-0.273721,-0.938268
21.395000,0.417938,2.020354,0.647688
21.400000,-0.232484,0.399223,0.523900
21.405000,1.240329,-0.690025,-0.839101
21.410000,0.293791,-1.791059,2.224395
21.415000,-0.938233,-0.417381,-0.136301
21.420000,0.295660,1.219514,-0.835636
21.425000,0.168468,-0.417686,0.339719
21.430000,-1.247878,-0.105126,0.830009
21.435000,0.161464,0.073787,0.154358
21.440000,1.312024,1.329954,-1.255494
21.445000,1.383741,0.761481,1.959158
21.450000,0.159884,0.117745,0.597696
21.455000,0.293379,-1.279208,-0.869614
21.460000,0.633222,0.159396,0.437937
21.465000,1.026366,0.325284,-0.480620
21.470000,0.910490,0.616620,-0.486121
21.475000,-0.766667,-0.075103,-0.391026
21.480000,0.688000,2.322178,-0.886167
21.485000,-0.271216,-0.856715,2.419404
21.490000,-0.958912,0.738168,1.896316
21.495000,-0.005689,0.013720,-2.041915
21.500000,0.669184,0.292866,-1.076598
21.505000,-1.440196,-1.287937,-0.331305
21.510000,-0.054858,-1.184963,2.257968
21.515000,-1.023818,-1.657684,-2.768312
21.520000,-0.666870,0.974501,-0.136842
21.525000,0.417185,1.364534,0.403048
21.530000,1.022042,1.259752,-0.848431
21.535000,2.048479,-0.347953,-2.185148
21.540000,1.204125,2.264652,0.745162
21.545000,0.440774,1.434158,1.157595
21.550000,-0.413426,0.515808,-1.140061
21.555000,-1.463106,0.731391,2.224238
21.560000,0.863734,-0.238856,0.762331
21.565000,0.363093,0.555432,-0.247673
21.570000,0.733854,1.614542,-0.359027
21.575000,0.120566,-0.068788,0.170733
21.580000,1.095431,-0.214924,-0.109160
21.585000,1.835265,-1.777881,0.173146
21.590000,-0.766491,0.120482,-0.932725
21.595000,-2.309047,0.114072,0.065169
21.600000,0.617617,-1.323705,-0.607122
21.605000,0.996443,1.339676,-0.764415
21.610000,-0.004485,0.624073,-1.237235
21.615000,-0.474753,-0.966426,0.737655
21.620000,0.481862,-0.570495,-1.030527
21.625000,0.331090,0.420884,0.353835
21.630000,0.601049,-0.050835,-0.575825
21.635000,-0.558031,-0.052567,0.439063
21.640000,-0.194374,-0.340097,-1.080070
21.645000,1.107409,1.262128,-2.105243
21.650000,-0.202622,-1.330728,-0.350441
21.655000,-1.658508,-1.045285,-0.206152
21.660000,-1.442917,0.953422,-0.449274
21.665000,-2.201331,1.477500,0.887478
21.670000,-0.607785,-0.220829,-0.370356
21.675000,0.281703,-0.121268,0.509478
21.680000,-0.245519,0.716647,-0.950261
21.685000,-0.872870,3.232185,-1.182861
21.690000,2.946660,-0.425500,-1.270683
21.695000,-0.512193,0.394572,-0.490943
21.700000,0.524914,0.566168,0.329615
21.705000,-0.420721,2.080238,-0.076535
21.710000,1.193798,0.684375,-0.931950
21.715000,-1.463540,-0.620504,-1.287519
21.720000,-0.402957,-0.077877,-0.609874
21.725000,0.523900,0.476855,1.128380
21.730000,-2.205146,-0.175907,-0.396838
21.735000,-0.607820,-0.256103,-0.205765
21.740000,2.317216,-2.751309,-0.513258
21.745000,0.581425,0.840036,0.721443
21.750000,-0.827972,-1.448783,0.971539
21.755000,0.109961,1.545492,-0.403529
21.760000,-0.595249,-0.287854,0.594313
21.765000,1.075307,-0.393290,-0.337392
21.770000,1.978703,0.382241,-0.132050
21.775000,-1.922815,0.023159,-1.851187
21.780000,0.273953,-0.342033,0.147373
21.785000,0.946204,-0.065001,0.217384
21.790000,-0.102141,-1.371839,0.394326
21.795000,-1.587844,0.153410,0.947881
21.800000,-0.453919,-1.581914,0.068025
21.805000,1.438212,-0.707956,-0.568970
21.810000,-0.891082,-3.221814,-1.275915
21.815000,-0.731810,-1.591149,0.216219
21.820000,-0.756263,-0.533092,-0.214957
21.825000,-0.528334,-0.257030,0.730508
21.830000,0.153332,1.876074,0.378987
21.835000,-3.642758,-2.271728,-0.924927
21.840000,0.633836,1.087749,0.944767
21.845000,-0.335578,-0.363812,-0.586708
21.850000,0.470859,0.864384,-2.182531
21.855000,-0.912627,0.283092,0.068178
21.860000,0.280580,-1.229356,1.131842
21.865000,2.030738,0.803163,-0.562199
21.870000,1.742458,-0.676498,0.416836
21.875000,-0.416152,-0.295535,0.739491
21.880000,-0.019262,1.278905,-0.326032
21.885000,-0.197374,-0.065075,0.049243
21.890000,0.154593,-0.772586,-1.145100
21.895000,-1.355431,-0.954081,0.553103
21.900000,-2.204832,1.197293,-0.240293
21.905000,-0.852263,1.380786,1.027175
21.910000,0.219670,0.692407,2.042992
21.915000,-0.211504,0.900886,0.412871
21.920000,1.309784,1.815679,-1.134766
21.925000,0.995144,0.729766,-0.255064
21.930000,0.074461,-0.520692,-0.098937
21.935000,0.070898,0.282797,-2.201439
21.940000,0.503297,-0.638863,-1.385778
21.945000,1.255532,0.313359,-0.399705
21.950000,-1.379733,-1.140088,0.198328
21.955000,-0.302896,0.934228,-1.387786
21.960000,0.199774,1.828697,0.312937
21.965000,0.860625,-0.636513,0.956190
21.970000,-1.501301,1.011841,-2.187125
21.975000,-1.554209,-0.331866,-2.306822
21.980000,-1.544752,1.055474,-1.309205
21.985000,-0.861924,0.437826,0.464114
21.990000,-0.475332,-0.713529,-1.183436
21.995000,-1.194041,-0.795555,-1.002124
22.000000,-1.744681,0.349257,-0.907896
22.005000,0.374039,0.527702,-0.094278
22.010000,-0.977945,0.060556,0.503406
22.015000,-0.719320,-0.511495,0.415760
22.020000,0.186890,2.057358,-0.126643
22.025000,1.426811,1.279586,1.603325
22.030000,1.824192,-0.130993,0.539369
22.035000,-1.510155,0.630918,-0.527997
22.040000,1.150938,-0.864293,0.418074
22.045000,0.981667,0.543866,1.101033
22.050000,-0.379716,0.062008,-0.525933
22.055000,-0.804424,-0.003498,-1.147968
22.060000,-0.268842,0.076319,-1.864032
22.065000,1.671668,0.890719,-0.329133
22.070000,0.445475,0.456336,0.573955
22.075000,-1.144777,0.503155,-1.279229
22.080000,-1.305975,0.857251,-0.054091
22.085000,-1.077914,1.057739,-0.061293
22.090000,0.525297,-1.898813,1.457913
22.095000,-1.310645,0.486768,1.271648
22.100000,-1.432844,0.132917,-0.214277
22.105000,0.548684,1.857138,0.599004
22.110000,0.234984,-0.742826,-0.886424
22.115000,-1.082909,0.608326,0.230871
22.120000,-1.961246,0.404599,-0.329571
22.125000,0.761498,0.702864,1.201193
22.130000,-0.345155,-2.245514,-1.088412
22.135000,0.769723,1.271090,1.670961
22.140000,1.904918,0.524522,2.691973
22.145000,0.458239,-1.707647,1.667552
22.150000,-0.380419,0.727792,0.042476
22.155000,0.297745,0.966219,-0.900148
22.160000,-0.003650,0.514488,-0.281123
22.165000,1.470551,0.085540,0.509028
22.170000,-1.332431,-1.081940,0.777003
22.175000,-1.790998,0.893381,-0.160510
22.180000,0.851687,0.545354,0.517382
22.185000,0.275538,1.152458,1.999888
22.190000,1.881103,-0.704476,-2.006191
22.195000,1.320673,-0.125746,-1.194965
22.200000,1.602676,-0.091019,-0.580862
22.205000,2.404256,1.455683,0.874096
22.210000,1.819548,-1.824484,0.020495
22.215000,-2.010150,-0.076780,0.742126
22.220000,0.280546,0.653236,0.031404
22.225000,0.095915,0.209834,0.618056
22.230000,1.761171,1.407738,-0.246958
22.235000,-0.993027,0.389719,-2.355706
22.240000,-0.374597,-0.045408,0.578739
22.245000,-1.566497,0.165364,0.253950
22.250000,1.024835,-0.189955,0.372826
22.255000,-0.510787,1.613036,0.545809
22.260000,-0.721380,-0.339139,0.052656
22.265000,1.415633,1.427700,-0.072219
22.270000,1.103445,-0.563382,-0.870994
22.275000,-1.056988,-0.347983,-0.622385
22.280000,-0.171550,-1.952412,-0.076334
22.285000,0.892819,-0.252655,-0.675693
22.290000,-1.683831,0.217978,-0.698741
22.295000,-0.106121,0.010533,0.684576
22.300000,1.462984,-0.637802,-0.064609
22.305000,-0.390569,1.046002,1.160511
22.310000,-0.417924,0.932161,-0.828311
22.315000,-0.269981,-0.598809,0.281879
22.320000,0.555822,2.256715,1.214485
22.325000,-0.338669,-2.480920,-0.907538
22.330000,0.229821,-0.423880,1.178992
22.335000,-0.435844,0.416568,0.661566
22.340000,3.377777,0.844069,-0.851337
22.345000,-0.277560,0.781414,1.784436
22.350000,1.539612,-0.167907,0.038472
22.355000,-0.161045,-0.226610,0.679609
22.360000,-0.994953,0.346361,0.623314
22.365000,0.297774,-0.365355,-0.464796
22.370000,-0.232527,0.894918,-0.844364
22.375000,-1.063126,-0.227715,-2.721663
22.380000,0.097217,0.169691,0.410280
22.385000,-0.914866,1.185757,0.688349
22.390000,0.420747,-0.545439,-0.986808
22.395000,-2.297975,-1.084055,0.911132
22.400000,-0.449852,1.194956,-0.702097
22.405000,-0.220072,-0.286872,-0.035192
22.410000,-0.684894,-0.753999,1.689179
22.415000,0.163962,-0.053631,1.360136
22.420000,-0.503932,-1.015665,0.094329
22.425000,1.222213,-1.888489,-0.902084
22.430000,0.888385,-0.947033,0.208276
22.435000,-1.133134,-1.981508,-0.323599
22.440000,-1.365103,-0.302232,0.141425
22.445000,0.375313,1.919173,1.289724
22.450000,-0.037541,0.117373,1.851250
22.455000,-0.975961,-1.640186,1.290375
22.460000,-1.629502,0.326162,-0.418167
22.465000,-1.081493,1.788784,0.590976
22.470000,-1.024156,0.273041,-0.968725
22.475000,0.761827,0.036733,-1.453607
22.480000,2.103546,1.289798,0.564424
22.485000,0.086387,-0.094708,0.064022
22.490000,0.907696,0.829431,0.612951
22.495000,-0.209608,-1.117224,-1.298124
22.500000,0.258902,0.549517,0.808372
22.505000,0.020815,1.274569,1.540119
22.510000,-0.043419,-0.635118,0.197985
22.515000,-2.067793,0.618924,0.243055
22.520000,0.301310,0.331221,-2.197526
22.525000,-1.485607,1.262288,-0.944185
22.530000,0.323623,-0.801181,-1.333716
22.535000,-0.313987,1.424741,0.460704
22.540000,1.701066,0.021406,0.412147
22.545000,-0.984641,-0.313707,-0.076867
22.550000,0.950520,-0.217573,0.494970
22.555000,0.590688,0.902082,0.290909
22.560000,0.753407,0.518484,0.338340
22.565000,1.739116,0.840838,1.239339
22.570000,-0.035446,0.568844,1.741136
22.575000,-1.573883,-1.408474,-0.068319
22.580000,0.446800,1.452836,-0.242168
22.585000,0.890979,0.552742,0.813146
22.590000,-1.059120,1.323301,-1.155227
22.595000,-0.319547,-0.414959,-0.052250
22.600000,1.130102,0.570632,-1.925955
22.605000,-1.542810,0.870925,0.721219
22.610000,1.458793,-1.499869,-0.161912
22.615000,-1.514111,-2.586230,-1.800199
22.620000,-1.791194,-0.533316,-0.662473
22.625000,1.165108,0.457010,1.259382
22.630000,0.375126,0.535076,1.818987
22.635000,-1.356148,-0.609402,1.826630
22.640000,-1.450701,0.594413,-0.387493
22.645000,0.355414,-1.051975,1.598354
22.650000,0.049798,1.695433,0.730284
22.655000,-0.920688,-0.178297,-0.913337
22.660000,-0.525987,1.417115,-1.303006
22.665000,-1.367012,-0.064790,2.683055
22.670000,-0.494118,-2.672816,0.459327
22.675000,1.029953,-0.483000,-0.126131
22.680000,-0.159423,-1.294389,-1.162542
22.685000,-0.601115,1.253972,0.555334
22.690000,0.174455,0.342001,1.094477
22.695000,-1.470722,-0.468975,0.499481
22.700000,1.168434,1.165377,-0.563451
22.705000,-0.166033,0.484107,0.911147
22.710000,-1.126042,-1.811002,-1.720039
22.715000,-1.133993,-0.400091,-0.030436
22.720000,0.932509,1.201536,-0.034392
22.725000,1.401107,0.903291,-0.179203
22.730000,-1.246506,1.636749,-0.045713
22.735000,-0.665666,1.335009,-1.191426
22.740000,1.152098,-0.174236,-0.524341
22.745000,0.485507,0.154497,-1.045317
22.750000,-1.505100,0.140272,0.333256
22.755000,-2.431726,-0.136257,0.142559
22.760000,-0.962008,1.436952,0.282927
22.765000,-0.380560,-0.471318,0.545496
22.770000,-0.577956,1.646224,-2.022648
22.775000,-0.792126,0.677211,-0.506199
22.780000,0.893324,1.773590,0.689766
22.785000,1.019915,-0.045897,-1.025684
22.790000,-0.076779,0.157455,-0.214634
22.795000,-1.886126,-0.235155,-0.141229
22.800000,0.347802,1.282119,0.920991
22.805000,0.062535,0.410629,-0.618133
22.810000,1.616841,-0.772678,0.942403
22.815000,0.335228,-0.328494,-0.621924
22.820000,-0.017701,0.249973,0.129373
22.825000,1.139134,0.460390,0.530996
22.830000,0.750684,-0.204032,0.484256
22.835000,0.343760,-0.522125,0.058699
22.840000,-1.812736,-1.740877,1.394728
22.845000,-1.501617,1.425845,0.970779
22.850000,-0.627496,-0.794464,0.580220
22.855000,0.832923,-0.974408,0.421556
22.860000,-0.048335,2.003540,0.803868
22.865000,-1.766179,1.563495,0.443921
22.870000,-0.591478,-1.031271,-0.682128
22.875000,-0.138834,-1.668804,0.235846
22.880000,1.498569,-1.078811,2.006598
22.885000,0.191220,1.261278,1.062975
22.890000,-0.093567,1.848459,0.312570
22.895000,-0.359083,-0.331790,-1.264297
22.900000,1.234483,-0.164890,0.108896
22.905000,0.970302,1.262801,1.136586
22.910000,-1.132309,-0.534467,0.179018
22.915000,0.647242,-1.671845,-0.469236
22.920000,-0.655768,0.577922,-0.200363
22.925000,0.777512,2.458050,1.138709
22.930000,-0.077965,-2.908996,-0.162840
22.935000,-0.678326,-0.080274,-0.453013
22.940000,-0.023219,-0.965881,-0.108848
22.945000,2.970246,1.164416,2.165543
22.950000,-0.938542,-0.206000,0.670882
22.955000,-1.104303,-0.227437,-0.435703
22.960000,0.443120,-0.271272,-1.311892
22.965000,-0.893933,-0.334099,0.205158
22.970000,0.417605,0.049339,-0.167985
22.975000,0.521008,0.954567,-0.695726
22.980000,1.439205,0.782938,-0.790952
22.985000,1.314051,-0.202499,-0.217825
22.990000,1.266245,-1.414005,0.479722
22.995000,0.795993,-0.267613,-1.889916
23.000000,0.612399,0.064841,0.961808
23.005000,1.519490,0.714371,-1.245531
23.010000,-0.776414,0.367411,-0.847014
23.015000,0.221297,0.309901,-0.935420
23.020000,0.872391,0.685964,-0.205225
23.025000,-0.298542,1.308070,-0.010609
23.030000,1.264890,-0.757106,0.661211
23.035000,1.289141,0.482562,-0.763155
23.040000,1.947483,0.867952,-0.167756
23.045000,-0.921071,0.168773,0.740073
23.050000,-0.628960,1.182419,-1.562216
23.055000,-0.548603,0.403715,0.072743
23.060000,-0.558649,0.926817,1.502034
23.065000,0.929141,0.075578,-0.746446
23.070000,-1.617849,0.588345,-0.612787
23.075000,-0.092306,0.013019,-0.325568
23.080000,-1.048310,1.771555,-0.671395
23.085000,0.627419,0.651146,1.474757
23.090000,-0.334684,0.361772,1.034449
23.095000,-0.226150,-0.581850,-1.045384
23.100000,0.843568,0.546008,-0.461154
23.105000,0.673511,0.674761,-0.317188
23.110000,-1.015548,-0.570267,-1.394371
23.115000,0.171041,-1.421991,0.537310
23.120000,-1.390962,0.536817,-0.393327
23.125000,0.535243,-0.272813,-0.046271
23.130000,-2.004464,-0.602129,-0.700114
23.135000,-1.515391,1.705944,-0.478238
23.140000,-0.348106,0.490938,1.035747
23.145000,2.873550,-0.282359,1.301121
23.150000,-0.138357,-0.557221,0.071583
23.155000,-0.681660,-0.433998,0.484760
23.160000,0.550989,1.584568,-0.042521
23.165000,1.032501,1.087226,-0.354014
23.170000,-1.956176,-1.377406,2.554610
23.175000,-2.506192,-0.665541,-0.530651
23.180000,-0.323835,0.907045,-1.420580
23.185000,-0.292624,3.560538,-0.260971
23.190000,-0.183103,0.964845,1.529757
23.195000,0.311524,-0.556950,-0.221087
23.200000,1.909861,0.611906,-1.389287
23.205000,1.093512,-0.740559,2.087709
23.210000,1.022322,0.232545,-1.095783
23.215000,-2.199733,-0.631591,0.745429
23.220000,2.774223,-1.322235,-1.227381
23.225000,-0.249332,-0.058119,-1.378615
23.230000,0.504275,0.347916,0.128408
23.235000,-1.112928,-0.479846,-0.068017
23.240000,-0.327106,-0.721436,1.054670
23.245000,2.180510,0.859016,-1.001596
23.250000,0.703704,-0.462121,-0.508628
23.255000,-1.196344,-0.134984,-0.175405
23.260000,0.116915,-0.144186,-0.273373
23.265000,-0.328178,-0.823666,0.478871
23.270000,0.978192,2.519463,-1.434353
23.275000,-0.522473,-1.734860,-0.978710
23.280000,1.298166,0.577665,-1.453544
23.285000,0.781985,-0.237120,0.939593
23.290000,0.322867,-1.008558,0.337765
23.295000,0.151698,0.554890,-1.698677
23.300000,-0.525445,-1.309303,0.512873
23.305000,0.574507,-1.841011,-0.701373
23.310000,-1.503581,-1.463589,0.254769
23.315000,-2.137501,0.191626,-0.925095
23.320000,0.028170,0.677363,-0.847187
23.325000,0.442628,0.945040,-1.526191
23.330000,0.415846,-1.240879,-1.775821
23.335000,-1.895870,-1.407458,0.028538
23.340000,-0.732809,-0.018180,1.864324
23.345000,0.759240,0.938188,-0.503691
23.350000,1.398914,0.677234,-1.230626
23.355000,-2.296837,0.590525,0.010774
23.360000,1.739507,0.237271,-0.633046
23.365000,0.176425,-1.044801,0.521309
23.370000,-1.745148,-0.380689,0.343186
23.375000,0.725601,0.019257,-0.283125
23.380000,-1.065252,-0.379765,1.402077
23.385000,1.217675,-0.106571,0.419819
23.390000,-0.210091,0.376276,0.413056
23.395000,-0.110365,0.127943,-3.871448
23.400000,0.100737,1.184748,0.560364
23.405000,-1.141934,0.401197,1.572905
23.410000,-1.086364,0.918745,1.417083
23.415000,1.363112,0.109906,-2.075844
23.420000,-0.858057,-0.386245,0.025367
23.425000,0.924748,-0.537609,1.141147
23.430000,-0.393766,0.257395,0.079042
23.435000,0.901840,-1.239846,-1.933314
23.440000,-0.111702,2.399561,0.317691
23.445000,0.091996,1.395975,1.145074
23.450000,-0.770374,-0.364616,0.363784
23.455000,-0.348648,1.047113,-2.612641
23.460000,-1.034698,-0.172086,1.564007
23.465000,-0.515966,1.238681,1.085832
23.470000,-1.140415,-1.008351,1.172383
23.475000,-1.150533,-1.371313,-0.325128
23.480000,-1.316237,0.832319,0.718747
23.485000,0.538164,1.047119,1.122978
23.490000,0.021150,0.339951,0.491837
23.495000,-1.235776,-1.195199,-0.881922
23.500000,0.008910,1.103657,-0.399977
23.505000,-0.851468,-1.648520,0.956407
23.510000,0.562762,0.032691,1.046201
23.515000,-0.525202,0.721442,-1.618304
23.520000,-1.191083,1.237161,0.866409
23.525000,-1.431173,-0.100721,0.095999
23.530000,-1.524245,-1.373748,-0.128337
23.535000,0.793953,-0.166538,-0.028321
23.540000,1.440173,-0.579963,-0.223945
23.545000,-1.010433,0.003859,0.615821
23.550000,-1.352759,-0.233959,-1.846984
23.555000,-0.970625,0.940329,0.223066
23.560000,0.177825,0.756941,-0.312736
23.565000,-0.714429,-0.462300,0.387952
23.570000,0.696981,-0.569380,-0.900040
23.575000,1.188201,0.262605,0.939392
23.580000,-0.784328,0.346500,-1.289764
23.585000,0.295304,0.578084,-0.676181
23.590000,1.143751,-2.111443,1.256031
23.595000,0.465025,-1.230755,0.429693
23.600000,1.144006,-1.582411,0.022408
23.605000,-0.343503,2.235972,1.037568
23.610000,0.750331,0.547439,0.430548
23.615000,-1.531502,-0.694386,2.196304
23.620000,0.018819,0.113559,1.028207
23.625000,2.117714,1.275040,0.907765
23.630000,0.586164,-1.097444,1.291821
23.635000,0.366478,-0.484248,-0.726964
23.640000,-1.043646,-0.535828,-1.106835
23.645000,-0.811636,-0.725346,-0.792468
23.650000,1.226782,-0.490088,-0.052137
23.655000,-0.050356,-1.057292,-0.981510
23.660000,-1.027508,1.189217,-1.322687
23.665000,0.312784,0.473836,-0.796593
23.670000,-0.409864,1.386701,-1.418957
23.675000,0.379355,0.793423,-1.213223
23.680000,-1.129912,0.954860,-1.142969
23.685000,0.188897,-0.303324,-0.636009
23.690000,0.546292,-1.468947,2.546491
23.695000,-0.484870,0.587109,-2.464500
23.700000,-0.225641,0.460387,-1.288416
23.705000,0.248087,0.483705,0.485311
23.710000,0.719686,-0.476875,-0.173236
23.715000,1.403024,-2.143619,0.388336
23.720000,0.538478,0.778941,-0.025617
23.725000,0.327574,0.303259,0.830900
23.730000,0.777744,-0.398291,1.158641
23.735000,-1.978674,1.151900,-0.397029
23.740000,1.654793,0.699117,0.980972
23.745000,0.365300,0.483614,1.757554
23.750000,-1.451836,0.207844,-0.690690
23.755000,-0.082549,-1.754211,-0.630776
23.760000,0.644193,0.206657,-0.636741
23.765000,2.631817,0.821049,-0.706110
23.770000,1.877934,1.362760,-0.089586
23.775000,0.148822,-0.741970,-0.779145
23.780000,2.083073,1.631354,0.469194
23.785000,1.100250,-1.377255,0.650015
23.790000,-0.546399,-1.660077,0.128164
23.795000,-1.541915,-0.488600,-0.473408
23.800000,1.058191,0.225565,-1.363434
23.805000,0.765848,-1.133305,1.160691
23.810000,0.056558,-0.930289,0.973657
23.815000,-0.149988,0.282286,0.328027
23.820000,-1.028774,-1.230528,0.644143
23.825000,1.458011,-0.046460,0.780982
23.830000,-1.340516,-1.431107,0.012170
23.835000,-2.372394,0.327205,0.549927
23.840000,0.893596,0.590754,-0.971743
23.845000,-0.234879,0.527116,-0.474951
23.850000,-2.174248,0.327005,0.114140
23.855000,-1.251935,-0.639543,0.215710
23.860000,0.428777,1.178687,-0.038889
23.865000,0.056717,-0.134110,-0.260823
23.870000,0.463965,-1.186458,-0.161202
23.875000,0.367290,-0.516711,-1.444187
23.880000,-2.214026,0.669867,-2.258688
23.885000,1.711689,0.041068,-1.880909
23.890000,0.896757,0.341332,-1.161687
23.895000,0.569921,-0.218119,-0.387293
23.900000,-0.171641,0.119672,0.019047
23.905000,-0.133470,-1.107190,1.218438
23.910000,0.302421,-0.445681,1.840169
23.915000,-0.615206,-1.984874,-0.629521
23.920000,0.099712,-1.856350,1.272382
23.925000,2.006204,-1.793714,1.688362
23.930000,0.235622,1.046717,0.745886
23.935000,-0.516215,0.548468,-0.335011
23.940000,-0.400640,-0.075684,-0.187627
23.945000,0.994048,0.792219,0.627734
23.950000,1.680946,-1.627693,0.607517
23.955000,0.709278,1.453251,0.224818
23.960000,-0.443777,0.169774,1.841155
23.965000,1.657729,1.254493,0.313782
23.970000,-1.122546,-1.420613,-0.097205
23.975000,-1.407105,-0.765904,0.158792
23.980000,-0.156046,-0.885591,0.558242
23.985000,0.346393,1.214395,0.454015
23.990000,0.355106,-0.263660,-0.824285
23.995000,-0.772551,-0.389086,-0.522875
24.000000,-0.786534,0.847608,1.662910
24.005000,0.912167,-0.818374,0.590443
24.010000,0.260866,0.163146,-0.533202
24.015000,0.268119,-0.568585,0.405454
24.020000,-1.179794,-0.355265,-0.510264
24.025000,-0.521766,0.676485,0.886252
24.030000,-0.149496,0.415644,-1.120484
24.035000,-2.194019,0.984606,-0.608692
24.040000,-1.458551,0.268765,1.469616
24.045000,-0.300093,0.699188,0.960376
24.050000,-0.420452,-0.244700,-0.968386
24.055000,-0.530607,2.051471,0.023748
24.060000,-1.125178,0.705146,1.605828
24.065000,1.580330,1.675893,-0.988784
24.070000,0.262509,-0.623150,-0.122534
24.075000,-1.107188,-0.171183,-1.248777
24.080000,1.565175,-0.162957,1.726803
24.085000,0.590626,2.179356,0.675725
24.090000,-0.138544,-0.236766,0.799191
24.095000,0.711963,-0.297604,0.556886
24.100000,0.064635,-0.360827,-1.836443
24.105000,1.981299,0.229107,0.577546
24.110000,-0.385355,1.534687,-1.035194
24.115000,-1.044489,-0.475218,-1.975864
24.120000,0.168330,-1.312545,0.716048
24.125000,1.545348,0.405776,0.996163
24.130000,0.935693,0.095232,0.530391
24.135000,0.260491,-0.214228,-0.686484
24.140000,1.282017,-0.611326,0.580970
24.145000,1.210959,-1.215391,1.219579
24.150000,0.650782,-0.293797,-0.016090
24.155000,-0.608465,-0.493912,-0.224078
24.160000,-0.460338,1.405311,0.295735
24.165000,-0.323022,1.137335,-1.696429
24.170000,-1.018241,2.024504,1.746439
24.175000,0.096171,-0.214318,-0.662644
24.180000,-0.918359,0.815474,-0.094441
24.185000,2.011549,-1.075102,-0.825033
24.190000,0.618733,0.083662,-0.114512
24.195000,-1.155739,-0.166778,-1.740578
24.200000,0.562662,-1.542499,0.438507
24.205000,-0.967818,0.001715,0.465313
24.210000,0.135989,1.129724,-0.218779
24.215000,-0.911933,-2.542857,-1.720777
24.220000,-0.042569,2.312307,1.544614
24.225000,1.194323,0.422028,0.369071
24.230000,-0.274382,-1.952068,0.062629
24.235000,-0.528048,-0.318859,-0.660211
24.240000,-0.216805,-0.381787,-1.140201
24.245000,1.540617,1.515383,-1.069210
24.250000,0.692775,0.367122,-1.360673
24.255000,-0.418351,-0.925817,0.541161
24.260000,-0.181590,-1.607833,-1.003234
24.265000,1.997935,0.583196,1.047998
24.270000,0.461681,-1.014756,-2.596235
24.275000,-0.916100,-0.266900,-0.108443
24.280000,1.394956,0.624455,2.955563
24.285000,1.450666,1.159348,-0.727117
24.290000,-0.218706,-1.466155,-0.300186
24.295000,0.094093,0.308709,-0.309497
24.300000,2.013814,-0.690873,-0.542913
24.305000,1.695357,2.071156,1.344377
24.310000,-0.391265,-1.023779,0.560993
24.315000,-0.388424,-0.481400,-0.736663
24.320000,0.992852,1.847054,0.628355
24.325000,-0.202928,0.604704,1.472427
24.330000,-0.340612,-0.214518,-0.140218
24.335000,-0.988073,-1.333490,-0.453120
24.340000,-0.308544,0.352134,0.228871
24.345000,1.222769,0.549485,0.897351
24.350000,-0.043319,0.512794,-0.041770
24.355000,-0.913893,-0.442324,-0.372580
24.360000,0.277370,-0.017506,0.477169
24.365000,2.292784,0.649350,0.008089
24.370000,-1.551317,0.164887,-1.546020
24.375000,1.434750,-0.847315,0.668983
24.380000,-0.638973,-0.414482,-0.989356
24.385000,0.405604,0.582370,1.221696
24.390000,0.295970,-0.585970,-0.292840
24.395000,-0.999193,0.730233,-0.186606
24.400000,0.431143,-0.143505,0.153442
24.405000,1.394532,1.989629,1.146922
24.410000,-0.082748,-1.372917,0.617827
24.415000,-0.055694,-1.069215,-1.043020
24.420000,0.214691,0.849948,0.398682
24.425000,0.225183,-1.119281,0.679169
24.430000,-0.735963,-0.461677,0.925839
24.435000,-1.179072,-0.407402,0.652780
24.440000,-0.250597,1.241487,1.195716
24.445000,-0.325143,0.688565,1.181547
24.450000,-2.779246,0.679057,1.169576
24.455000,0.021371,-0.607821,-1.102621
24.460000,-0.161370,-0.757199,-1.644753
24.465000,-0.378740,-0.148093,-0.931633
24.470000,1.503432,1.970704,2.063662
24.475000,-1.489208,-0.350106,0.756623
24.480000,0.399469,-1.170148,-1.339598
24.485000,1.748731,1.231574,0.938628
24.490000,0.239514,-1.042545,-0.558258
24.495000,0.029868,-0.770996,-1.592312
24.500000,-0.040406,1.309759,2.184030
24.505000,-1.516811,-0.232734,0.654502
24.510000,0.471895,-0.444162,-1.072179
24.515000,-1.111158,-0.095464,-1.910509
24.520000,-0.283306,0.692236,1.030350
24.525000,-0.073528,-0.632155,0.526818
24.530000,0.885548,-0.444552,-2.378121
24.535000,-0.012663,-0.670364,0.859633
24.540000,-1.377924,1.115143,-0.559516
24.545000,-0.262340,0.858794,1.340329
24.550000,-0.268364,0.279308,2.597010
24.555000,0.167624,0.057830,-0.921011
24.560000,0.640983,1.257416,1.156264
24.565000,-0.148130,0.094981,-1.030945
24.570000,0.480647,-0.802405,-0.188291
24.575000,-0.831064,-0.070671,-0.170796
24.580000,1.364568,1.953398,0.586332
24.585000,1.572713,1.730873,-0.606061
24.590000,-1.014632,-2.374592,-1.538398
24.595000,1.352533,-0.260826,-1.325737
24.600000,0.620941,0.299298,-0.491257
24.605000,1.273644,0.964240,-0.000614
24.610000,0.263152,-0.142686,-1.967267
24.615000,0.807064,0.316992,-2.840354
24.620000,-0.392717,-1.254085,0.086479
24.625000,-0.553524,-0.527905,1.502108
24.630000,-0.704175,-2.031688,-0.221348
24.635000,-1.765790,-0.606067,-2.049260
24.640000,-0.392913,2.114189,-0.793792
24.645000,0.494477,0.284081,1.534042
24.650000,0.483494,0.421505,-0.648507
24.655000,0.062510,-0.034487,-1.004838
24.660000,-0.322432,-0.358383,-0.707362
24.665000,-0.004600,1.473943,0.324057
24.670000,0.919160,-1.449749,-0.317163
24.675000,-0.973434,0.148162,-0.128730
24.680000,-0.164345,1.204859,0.804565
24.685000,0.138975,-1.539432,-0.554285
24.690000,-0.115738,-1.311577,-0.115157
24.695000,0.283828,-0.749016,0.204931
24.700000,-0.417756,-0.261948,1.550821
24.705000,0.339064,1.017706,0.975864
24.710000,-0.686381,-1.063967,0.942360
24.715000,-0.672221,-1.042310,0.552823
24.720000,-3.005719,-1.126298,-0.066831
24.725000,0.765782,0.561131,-1.340181
24.730000,-0.913441,-1.079666,-1.483445
24.735000,-0.534962,-0.159697,0.262651
24.740000,0.928108,1.079545,-0.296181
24.745000,1.548555,1.087208,0.460771
24.750000,0.680445,-0.256475,-1.353247
24.755000,-1.399824,-0.307087,-0.997473
24.760000,-1.856359,-1.219835,0.959231
24.765000,0.618812,1.810974,-0.357308
24.770000,-2.117757,-0.222744,0.380252
24.775000,-0.772348,0.894654,-1.707115
24.780000,1.290117,2.880254,1.502346
24.785000,0.051595,0.771786,-1.132581
24.790000,-0.980968,-0.741506,1.357597
24.795000,-1.410478,0.431641,-0.708096
24.800000,-1.193184,1.384050,-1.578314
24.805000,-0.205487,0.997172,-0.423447
24.810000,-0.378896,-0.284967,0.443209
24.815000,-1.044091,-0.392053,1.336444
24.820000,0.869136,0.338775,0.319974
24.825000,-0.185677,-0.575668,1.324708
24.830000,0.489177,0.527700,1.784811
24.835000,-1.758819,0.548392,0.112879
24.840000,0.281401,0.049011,-1.654535
24.845000,2.309914,2.113928,1.275809
24.850000,-0.860972,0.248751,-0.841486
24.855000,-1.246095,0.407276,0.167589
24.860000,1.650171,1.117232,0.354011
24.865000,0.782585,0.782476,0.709808
24.870000,-0.207985,1.022117,0.361407
24.875000,-0.207971,-0.184274,-1.818821
24.880000,-1.277896,1.091083,-0.112291
24.885000,0.866479,2.220159,0.617496
24.890000,0.100387,-1.738279,-1.023473
24.895000,-0.795386,-0.657686,0.003620
24.900000,-0.271987,2.194383,-1.225995
24.905000,0.900011,-1.486633,1.398199
24.910000,-0.770150,0.903123,-2.308424
24.915000,-0.930492,-1.613921,-0.302271
24.920000,-1.439842,2.023303,-1.554868
24.925000,-0.730139,2.028164,0.796116
24.930000,0.532379,0.287303,-1.641648
24.935000,-0.397232,0.123801,0.350116
24.940000,-0.564359,1.269748,1.178674
24.945000,0.370438,1.728004,0.844701
24.950000,-0.565330,-0.963591,0.650209
24.955000,0.070356,-1.040727,-0.962865
24.960000,-0.351442,0.623148,0.469696
24.965000,0.295674,0.535191,0.980219
24.970000,1.090990,0.511450,-0.357522
24.975000,-0.546590,0.666370,0.261649
24.980000,0.826786,1.633325,0.191712
24.985000,-0.262892,-1.565793,-0.661378
24.990000,-0.001933,-0.224242,-0.083405
24.995000,-0.183384,-0.165057,-0.349214
25.000000,-1.899299,0.918699,-0.619854
25.005000,0.775667,-0.429260,-1.484535
25.010000,-0.397633,0.186836,-1.265979
25.015000,-1.789912,-2.523766,-0.655781
25.020000,0.159163,-1.592159,0.525983
25.025000,1.550434,1.648126,-0.121066
25.030000,0.345933,-0.773343,-0.754051
25.035000,1.734949,0.583674,0.025942
25.040000,0.470464,-0.788031,0.182550
25.045000,-0.676180,-1.255801,0.072449
25.050000,-0.178567,-0.525984,0.224462
25.055000,1.899383,-0.665744,-0.845638
25.060000,0.050153,0.757056,-0.441536
25.065000,0.329871,0.764803,-0.217250
25.070000,0.228133,0.941455,-1.137002
25.075000,0.447912,1.244263,-0.876541
25.080000,0.859920,1.474119,0.297252
25.085000,1.259260,1.109037,0.988884
25.090000,0.126736,-0.056818,-1.302431
25.095000,-1.197958,-1.677256,-2.147126
25.100000,-2.103956,-0.089319,2.536258
25.105000,0.600967,-1.069171,1.219383
25.110000,-0.693484,2.268383,-0.566731
25.115000,-0.909614,0.525014,1.414179
25.120000,1.221598,0.640107,2.145499
25.125000,2.597094,0.335047,0.753567
25.130000,0.194858,1.597934,0.568672
25.135000,-1.195727,0.255067,-0.735387
25.140000,-0.904129,-0.558838,0.881498
25.145000,0.939847,0.756653,-0.897322
25.150000,-1.183451,-0.045317,0.512459
25.155000,0.620762,0.179969,2.128785
25.160000,0.441531,-0.122754,0.286118
25.165000,0.577523,0.548912,0.131566
25.170000,-0.462552,-1.155405,-0.148210
25.175000,-0.806379,-0.552958,-0.342158
25.180000,-0.665011,1.172297,1.410094
25.185000,0.481143,0.832236,1.527645
25.190000,1.000207,-0.344608,0.409207
25.195000,-0.349062,0.649416,-1.054114
25.200000,-1.080624,-1.362265,-0.121242
25.205000,0.162119,1.736173,0.540046
25.210000,-0.457012,0.769034,-1.134373
25.215000,-2.144931,0.280620,-1.173698
25.220000,-0.218581,-0.355459,1.457175
25.225000,0.267961,2.489575,0.366296
25.230000,-0.404014,-0.180203,-1.711494
25.235000,-0.522707,-0.835894,0.188554
25.240000,-0.984717,-1.408849,0.153282
25.245000,0.875772,1.139402,-0.672693
25.250000,-1.968460,-0.198960,0.434276
25.255000,0.106180,0.820795,0.135519
25.260000,0.840938,-0.240356,1.255005
25.265000,-0.199556,-0.604553,-0.651217
25.270000,-0.019089,-1.276613,-0.688029
25.275000,1.321619,-0.533922,-1.857582
25.280000,0.680712,-0.812277,0.299041
25.285000,-0.177723,0.002131,0.372803
25.290000,0.647643,0.604472,-0.839311
25.295000,-0.958997,-0.790050,-0.608814
25.300000,-0.514245,-0.009160,0.429392
25.305000,1.337036,2.021088,2.052199
25.310000,-0.175153,1.232238,0.404010
25.315000,-1.087994,-1.436137,0.020884
25.320000,-0.504872,-2.044166,-0.333692
25.325000,-0.543711,2.131290,0.356622
25.330000,0.797571,-2.377968,1.052098
25.335000,-0.578107,-0.178513,-0.192068
25.340000,0.558718,1.565067,1.917997
25.345000,1.094076,0.852022,-0.264673
25.350000,0.080864,-0.432315,-0.241716
25.355000,-0.547593,0.694425,-0.949341
25.360000,0.319742,0.717751,-0.984540
25.365000,0.999071,0.714923,1.066357
25.370000,1.782538,-0.336367,0.477030
25.375000,0.432798,-0.587471,-0.016167
25.380000,-0.103934,0.878969,-1.797443
25.385000,-0.283456,0.404923,0.997613
25.390000,-1.453845,0.988703,-0.192277
25.395000,-2.593280,-1.941391,-1.260065
25.400000,0.222453,-0.194594,0.123031
25.405000,0.524234,-1.341494,1.307606
25.410000,0.087186,-1.195495,0.603196
25.415000,1.831473,-0.293551,-1.993675
25.420000,-0.426063,-0.157299,0.023062
25.425000,0.431308,0.470034,0.785481
25.430000,-0.712401,-0.017726,-0.377105
25.435000,-0.287381,-0.460410,-0.591827
25.440000,-0.702791,1.326505,1.219783
25.445000,1.179436,0.084193,1.375844
25.450000,-0.257515,-0.899136,-0.861880
25.455000,0.780911,-0.627263,-0.075858
25.460000,0.246314,1.422073,1.123734
25.465000,0.501972,2.055713,-0.081658
25.470000,0.384605,-1.455840,-1.547107
25.475000,-1.519483,-0.590499,-0.192183
25.480000,-1.128222,1.394411,0.122880
25.485000,1.248780,-0.110181,0.067550
25.490000,1.451094,1.585473,1.494807
25.495000,-0.221930,-1.171313,0.307088
25.500000,-0.184467,0.343972,1.505628
25.505000,1.509146,0.246089,1.621775
25.510000,1.161255,-1.100630,-0.814606
25.515000,-2.402950,0.592666,-0.373209
25.520000,-1.310495,0.080585,0.949713
25.525000,0.581875,1.051866,0.443415
25.530000,0.344665,0.416275,0.140835
25.535000,-0.009401,-0.178129,0.659669
25.540000,2.883899,0.916781,0.167707
25.545000,-0.109449,0.068006,0.086282
25.550000,0.993174,-2.601287,0.869445
25.555000,-2.308056,0.238537,-1.193372
25.560000,-1.587840,-0.230406,0.157973
25.565000,1.951384,2.228659,0.916637
25.570000,0.787646,-1.857748,2.297874
25.575000,-0.421844,-2.049544,-1.923296
25.580000,0.383093,1.090608,-0.176515
25.585000,2.382093,-0.334212,1.342701
25.590000,0.631356,-2.273929,-0.830213
25.595000,-1.021744,-0.644286,-0.222007
25.600000,-1.598866,-0.260586,-0.467092
25.605000,1.202338,0.321070,0.533370
25.610000,-0.736695,-0.075764,-0.006121
25.615000,0.664361,0.079702,1.018124
25.620000,0.786093,-0.114772,-0.804668
25.625000,2.154934,1.244010,-0.995035
25.630000,-0.916481,0.395132,1.144153
25.635000,0.459591,-0.289554,0.252163
25.640000,1.464501,0.111716,1.321455
25.645000,1.523319,2.029553,0.494673
25.650000,-0.064634,-0.090950,-0.884799
25.655000,0.901625,0.132360,-0.513093
25.660000,-0.746890,0.254714,-1.033314
25.665000,0.028699,-1.485204,-0.325197
25.670000,0.674272,-1.702719,-0.308534
25.675000,0.352240,1.447814,-1.901878
25.680000,-0.856763,-0.564836,0.329731
25.685000,0.302360,1.017849,-1.255263
25.690000,-0.935316,0.881481,-1.825298
25.695000,0.584775,0.230518,0.036940
25.700000,0.007638,-1.164518,1.176198
25.705000,0.308802,-0.372468,-0.449892
25.710000,0.596720,-0.874741,-0.413735
25.715000,-0.536524,0.003389,-0.783804
25.720000,0.571977,-0.436863,0.364301
25.725000,-0.434908,0.325007,1.791981
25.730000,-0.349220,1.507389,-0.067726
25.735000,0.611904,-1.764504,-2.290304
25.740000,-0.506896,-1.136828,1.333384
25.745000,2.279751,1.608731,-0.695316
25.750000,-1.130403,0.517872,1.560329
25.755000,-2.547431,1.664758,-0.213918
25.760000,-1.502050,-1.008281,-0.372665
25.765000,0.573790,0.122665,-0.161507
25.770000,-0.588285,-2.432714,-0.008663
25.775000,-0.325652,-1.580407,0.121756
25.780000,0.216495,-0.963492,1.225404
25.785000,0.625523,1.093927,1.455038
25.790000,-0.083583,-1.196552,0.544022
25.795000,0.345524,-0.954983,0.673207
25.800000,-1.237475,-1.802850,0.619663
25.805000,1.457605,1.079947,-0.144668
25.810000,1.490899,-0.391591,-1.342611
25.815000,-0.893754,0.779989,-0.629825
25.820000,-3.003440,-1.499868,2.069514
25.825000,0.099363,0.332254,0.238688
25.830000,0.096428,-1.378487,-0.130532
25.835000,-0.650688,0.660538,1.523051
25.840000,-0.271769,-0.234416,0.116300
25.845000,1.473445,1.447938,0.109803
25.850000,0.661379,-0.077920,-0.926273
25.855000,-1.268839,0.628203,-2.630126
25.860000,1.212050,-0.202857,0.290569
25.865000,-0.941305,1.154691,0.371060
25.870000,0.890310,0.946941,-0.890552
25.875000,1.230839,-0.990213,-2.261325
25.880000,0.146191,-0.360744,0.335850
25.885000,0.129979,0.883766,-0.756091
25.890000,0.584140,0.581410,-1.643613
25.895000,-0.717136,0.065077,-1.643863
25.900000,-0.598741,0.695342,2.254441
25.905000,2.439467,-0.080852,0.152041
25.910000,-0.039768,0.947385,0.515503
25.915000,-1.776203,-1.329828,-2.259443
25.920000,-1.739964,-0.041060,0.002881
25.925000,0.648018,-0.160069,-0.126437
25.930000,-0.787784,1.030906,-0.499910
25.935000,-1.278430,-0.222314,0.447773
25.940000,-0.220735,0.810275,-0.899449
25.945000,1.134107,0.945982,0.698085
25.950000,0.306996,0.721433,-0.965492
25.955000,-1.229592,-0.962451,-0.989970
25.960000,-0.219628,0.071204,-0.870396
25.965000,0.946872,0.855921,1.025321
25.970000,-0.184290,1.265976,-1.726007
25.975000,0.822880,0.725310,0.158494
25.980000,-0.187763,0.069795,0.192587
25.985000,-0.205824,0.908143,1.034813
25.990000,0.955203,1.895345,-0.108198
25.995000,0.200148,-0.342129,-0.810483
26.000000,0.160372,-0.401557,0.428352
26.005000,1.374140,1.911116,-0.588283
26.010000,-0.031431,-1.321983,1.357712
26.015000,-1.561703,-0.294265,-0.260832
26.020000,-0.548990,2.255643,0.274767
26.025000,0.891278,-0.496008,1.615707
26.030000,-1.051328,0.126010,-0.145229
26.035000,-0.511289,0.439807,-0.286520
26.040000,0.529165,0.871578,-0.288053
26.045000,-0.471092,0.342846,1.177976
26.050000,-0.761050,-1.071298,-1.806986
26.055000,-1.057961,-0.484460,0.626871
26.060000,-1.569852,-0.013462,-0.299320
26.065000,1.743103,0.835120,0.787916
26.070000,-0.814935,-1.722405,0.575322
26.075000,0.164408,0.116994,-1.077243
26.080000,0.296640,0.807736,2.111873
26.085000,-1.167293,-0.083414,1.518500
26.090000,-1.332501,1.183853,1.508072
26.095000,-0.179566,0.841566,-1.924764
26.100000,0.058497,1.227640,-0.319906
26.105000,-0.746972,0.501280,0.261930
26.110000,-0.976557,-0.570122,-0.348699
26.115000,-0.502334,0.296707,-1.180598
26.120000,0.695149,-0.221016,1.373043
26.125000,0.383979,-0.530601,2.197633
26.130000,0.169075,1.313255,0.615355
26.135000,-0.609478,-1.081994,0.348546
26.140000,-0.553528,0.601335,0.702381
26.145000,-1.566325,0.196722,1.209053
26.150000,-1.028726,0.702274,-0.991893
26.155000,-0.022659,-0.301200,-0.466648
26.160000,-0.236796,-0.707661,0.549345
26.165000,2.658099,-0.275000,0.255858
26.170000,0.348284,-0.171804,-2.164403
26.175000,-0.099086,-0.109868,0.652068
26.180000,0.382176,-0.919122,-1.019723
26.185000,0.690333,0.561791,2.717819
26.190000,0.669095,-0.635689,0.784389
26.195000,0.803315,-1.002091,0.100682
26.200000,-1.281871,-0.937345,0.289136
26.205000,2.268975,-0.668189,0.615599
26.210000,2.248352,-0.215733,0.601900
26.215000,0.284296,-1.417513,-0.060154
26.220000,0.085287,-0.871651,-0.551689
26.225000,-0.245856,0.753502,-0.276630
26.230000,1.947139,-0.914836,1.464147
26.235000,-0.919628,-0.922075,-1.096258
26.240000,0.188720,1.097703,0.945421
26.245000,-1.069125,2.356654,0.179364
26.250000,-0.289398,-1.590009,-0.115549
26.255000,1.164483,-1.233483,-0.911918
26.260000,-1.528685,0.964700,1.108639
26.265000,-0.840657,-0.548603,0.293882
26.270000,-1.422969,2.562141,-0.436752
26.275000,-1.395776,-0.012504,-1.635276
26.280000,-1.534758,1.822908,-0.028506
26.285000,-0.950986,0.102611,2.008576
26.290000,-0.382278,2.083016,1.667762
26.295000,2.298484,-0.096981,-0.482011
26.300000,-0.680228,-0.505402,-0.537012
26.305000,0.287164,0.920563,0.849545
26.310000,0.599347,-0.537273,-1.589119
26.315000,-1.836834,-1.626222,-0.261924
26.320000,0.247443,-1.869641,-0.908942
26.325000,-0.678784,1.130844,0.761504
26.330000,-0.780749,0.877518,-0.747400
26.335000,1.229599,0.332814,0.258462
26.340000,-0.376115,0.612954,0.137195
26.345000,0.105725,1.222509,-0.298085
26.350000,0.469147,-1.372645,1.292592
26.355000,-1.378903,-1.808920,0.938634
26.360000,-2.358689,1.578451,0.986992
26.365000,0.630639,2.283904,-0.468087
26.370000,-0.004557,0.541503,-1.236255
26.375000,-0.491680,-0.664988,-1.669820
26.380000,-0.335136,1.644895,1.612770
26.385000,-1.027688,-0.778751,-0.114785
26.390000,-1.466616,-1.085566,-0.488316
26.395000,-0.597321,1.211015,-1.049909
26.400000,0.799339,0.602873,-0.193942
26.405000,-0.772347,0.673684,1.815598
26.410000,-0.484081,-1.943353,1.888333
26.415000,1.410069,-0.483382,-1.174921
26.420000,0.873979,0.106027,0.561525
26.425000,-0.012899,0.737157,0.117721
26.430000,-0.232351,-0.205272,1.029141
26.435000,-0.248695,-1.663866,-0.153823
26.440000,-0.624954,1.544405,0.500315
26.445000,0.884051,1.153758,-0.296396
26.450000,-0.829610,1.601418,-0.401441
26.455000,0.383166,0.137376,-1.128020
26.460000,0.318199,-0.253408,1.504269
26.465000,0.860839,0.203507,0.351183
26.470000,-0.665916,0.386090,-0.444230
26.475000,-1.337392,-0.038224,-1.367359
26.480000,-1.143935,-0.090323,-1.474802
26.485000,-0.733097,0.233229,1.742739
26.490000,-0.535085,-1.826969,-0.230963
26.495000,-2.390447,0.276546,-2.142883
26.500000,1.206073,0.414704,2.570607
26.505000,1.272666,-0.146409,-0.493385
26.510000,-1.043459,0.518319,-1.739734
26.515000,-0.300446,-1.498265,0.004034
26.520000,0.186805,0.378617,-0.243427
26.525000,0.385651,-0.845976,-0.553920
26.530000,1.013388,0.290278,-1.915808
26.535000,-0.443269,0.939155,-1.558655
26.540000,-0.349563,0.451038,-0.939737
26.545000,2.012706,-1.474786,0.378049
26.550000,0.415365,1.270085,1.308636
26.555000,-0.407358,0.198080,-0.810538
26.560000,-0.089362,0.332555,-1.041135
26.565000,-0.357283,0.132175,-1.015918
26.570000,-0.417996,1.456505,1.477489
26.575000,-0.745415,-0.940978,-0.021596
26.580000,-0.873705,2.240917,-0.628278
26.585000,0.721168,1.115329,0.548510
26.590000,1.943267,-0.322732,-0.533383
26.595000,-1.837275,0.639198,-0.153222
26.600000,0.485069,-0.074045,-0.701015
26.605000,-0.539217,0.024667,1.080832
26.610000,-0.023532,0.201114,-0.536453
26.615000,1.053318,-0.879777,0.278625
26.620000,0.696866,-0.238076,-0.203692
26.625000,0.623146,0.033055,-1.165131
26.630000,-0.037339,-1.058950,-1.102120
26.635000,-1.349127,0.413097,0.210827
26.640000,0.876837,0.886112,0.202562
26.645000,0.655584,-0.930323,0.498644
26.650000,-0.006936,0.254948,0.940618
26.655000,-0.855492,0.310289,1.307846
26.660000,-1.055618,-0.052357,0.151042
26.665000,0.850739,-0.943902,-0.889365
26.670000,0.509827,-1.356052,0.130047
26.675000,1.078168,-0.419563,-2.001518
26.680000,-1.065398,-0.174196,1.488827
26.685000,0.296420,0.432690,1.144711
26.690000,1.581707,0.807942,-0.218526
26.695000,-0.401158,-0.761243,-1.217246
26.700000,-0.571908,-0.658366,-1.442141
26.705000,-1.053465,1.571898,1.910699
26.710000,1.660125,-0.796455,-0.628676
26.715000,-0.407119,-0.564372,-0.303566
26.720000,-2.099797,-0.345320,0.349965
26.725000,1.776282,0.394761,0.219608
26.730000,-0.268892,-0.738294,0.572214
26.735000,0.106136,-0.872899,0.767870
26.740000,1.185873,1.262072,-0.717901
26.745000,1.801701,-0.707544,-0.613921
26.750000,0.696745,2.913005,-0.869233
26.755000,-0.285434,0.391494,0.324935
26.760000,1.262544,-1.575771,0.118676
26.765000,0.183999,-0.937599,-1.262943
26.770000,-0.872857,-0.496507,-0.466203
26.775000,-1.534183,-0.254866,-0.613201
26.780000,-0.750408,0.068820,0.386574
26.785000,0.276290,1.780720,-0.821111
26.790000,-2.146886,-1.567870,0.013480
26.795000,-1.066490,-0.250803,1.532529
26.800000,-2.561515,0.480466,1.159145
26.805000,-1.330323,1.975338,-0.463907
26.810000,-2.113228,-0.394901,-0.325655
26.815000,-1.505543,0.016455,-2.058387
26.820000,-2.425716,-0.180763,-0.890124
26.825000,1.139137,-0.393268,-0.126271
26.830000,0.540366,-1.504211,-0.778036
26.835000,-0.914363,-0.542661,2.115275
26.840000,-0.693580,1.563544,0.901933
26.845000,1.113415,0.660638,0.146824
26.850000,0.759070,0.142082,2.281865
26.855000,-1.760376,-0.692938,-1.287475
26.860000,-0.885895,-1.464760,1.211275
26.865000,-0.009108,0.407486,-2.311645
26.870000,-0.317358,-1.199679,-0.245879
26.875000,1.343124,-1.432779,1.145510
26.880000,-0.272806,0.888622,-0.180421
26.885000,-0.842368,1.128848,-0.067027
26.890000,-0.668972,0.675887,1.494877
26.895000,0.162635,0.509408,0.297677
26.900000,1.093852,-0.898026,0.542478
26.905000,0.457361,1.304495,-0.565967
26.910000,-0.497653,-1.549797,-0.298173
26.915000,-1.055182,-0.699282,-0.616260
26.920000,1.032703,0.868652,-1.465519
26.925000,0.111962,1.165422,-1.447049
26.930000,1.056817,-1.078681,0.193944
26.935000,-1.123117,0.257632,-0.746292
26.940000,-0.881023,-0.540660,2.520990
26.945000,-0.058782,1.623005,-0.859318
26.950000,0.354072,-2.814956,-0.152953
26.955000,-0.290390,0.701641,0.860009
26.960000,-0.303926,1.088142,-0.485724
26.965000,-0.871123,-0.145792,1.313150
26.970000,-0.429925,0.872532,0.998664
26.975000,0.119852,0.038403,-0.923065
26.980000,0.335715,-0.149274,0.992114
26.985000,0.171010,-0.977705,0.111734
26.990000,-1.352412,0.258294,-0.243913
26.995000,0.062037,-0.402944,0.035378
27.000000,-0.205995,1.082804,-2.307643
27.005000,1.574755,-0.331668,-0.652899
27.010000,0.930866,0.143932,-0.111371
27.015000,0.767285,-1.311224,-0.366372
27.020000,-0.406711,2.064338,-0.751919
27.025000,-0.774826,-0.097577,0.108705
27.030000,-0.524638,0.663172,-0.862034
27.035000,-0.581986,-1.644968,-0.433603
27.040000,-1.095994,0.676949,1.759601
27.045000,-1.201374,-1.093220,0.135699
27.050000,1.559632,0.333588,-1.304520
27.055000,1.031659,0.139485,-0.411328
27.060000,-1.115145,0.426995,2.419493
27.065000,1.156185,-0.547441,2.414735
27.070000,1.134026,0.674827,1.049395
27.075000,-1.443040,1.135022,0.269049
27.080000,0.000495,0.963857,-0.017763
27.085000,0.411488,0.808878,-0.039689
27.090000,1.132691,1.260442,-1.548449
27.095000,-1.159408,-1.017744,-1.835989
27.100000,-0.245620,0.271332,0.078418
27.105000,0.307048,1.465185,-0.916964
27.110000,-0.059742,-1.615532,1.333454
27.115000,-0.892359,-1.454913,0.421119
27.120000,0.461440,-0.775652,-0.667095
27.125000,-0.116243,-1.046080,-1.013403
27.130000,0.534919,0.269434,-0.570538
27.135000,0.438563,-2.759865,-0.841433
27.140000,-0.474708,0.123806,-0.282484
27.145000,0.310800,1.031695,1.453962
27.150000,-0.808866,-0.794503,-0.023823
27.155000,1.548309,0.494637,-0.154512
27.160000,1.294577,1.786507,0.674687
27.165000,-0.303596,-0.599853,0.082191
27.170000,0.195914,-1.736959,-1.603185
27.175000,0.242177,1.436330,-1.639124
27.180000,-1.714523,-0.299123,0.224245
27.185000,0.407061,1.099257,2.288535
27.190000,-0.181581,1.429295,-0.440449
27.195000,0.888573,-0.606021,-1.216833
27.200000,-0.990293,-0.881584,0.932847
27.205000,0.341828,1.285369,0.764142
27.210000,-0.663647,0.768812,-0.360002
27.215000,0.290409,0.767078,0.401772
27.220000,-0.762996,1.072313,0.279906
27.225000,0.432973,0.222302,-1.046592
27.230000,0.542992,-1.799902,0.074982
27.235000,-0.971950,-1.246126,-1.380823
27.240000,1.138048,0.750981,-1.171881
27.245000,-0.186857,1.108734,0.977278
27.250000,0.764598,0.948373,-0.566209
27.255000,0.391900,-0.672225,-1.334245
27.260000,-1.125277,-0.857337,0.121104
27.265000,0.618892,0.168924,1.203177
27.270000,-0.494271,0.900959,-0.432303
27.275000,-1.895335,-0.945377,0.291233
27.280000,0.723416,0.162967,0.904393
27.285000,1.736747,0.083533,0.406492
27.290000,-1.446879,-1.336007,-0.592390
27.295000,-0.457530,-0.256559,-0.961932
27.300000,0.064945,0.803996,1.074668
27.305000,0.882201,1.171196,1.318067
27.310000,-1.372001,-0.193535,-0.827231
27.315000,-1.483942,1.664014,-1.491112
27.320000,-1.339047,2.473565,-0.062374
27.325000,0.184817,-0.507517,-0.473327
27.330000,-1.202148,-0.629520,-0.682120
27.335000,0.110879,-0.073190,1.589187
27.340000,-1.105322,-1.123605,0.117039
27.345000,0.641650,-0.491451,-0.646574
27.350000,0.934486,-0.633302,0.913504
27.355000,-1.043820,1.596114,0.493983
27.360000,0.495036,0.871335,-1.526180
27.365000,0.063560,-0.127992,0.216886
27.370000,1.419679,-1.999424,0.203657
27.375000,-0.109662,-0.532237,-0.248881
27.380000,0.101214,0.849436,1.137322
27.385000,-0.872263,1.220704,-0.983576
27.390000,-0.442184,-0.783629,1.404900
27.395000,-0.929779,0.858727,-2.207849
27.400000,0.042890,-1.080129,-0.299096
27.405000,0.167409,0.217936,0.003388
27.410000,-1.616042,0.283325,-0.474014
27.415000,-1.730641,-1.738761,-0.026066
27.420000,0.447645,1.548733,-1.206322
27.425000,0.471549,0.903896,1.173439
27.430000,0.099023,-0.430600,-0.109314
27.435000,2.647191,0.660328,1.028891
27.440000,-1.273923,-0.809027,1.602164
27.445000,-1.010245,0.256412,1.153842
27.450000,-1.821244,-1.109177,1.574541
27.455000,-0.210741,-1.284380,-0.441483
27.460000,0.201388,0.798840,0.564949
27.465000,0.782823,0.045524,-0.889610
27.470000,0.523508,0.713132,0.145968
27.475000,0.563866,0.351916,1.056400
27.480000,-0.658007,0.013067,0.423812
27.485000,-0.352809,-0.947508,0.077995
27.490000,1.174002,0.390028,-0.208466
27.495000,-1.328060,0.155556,-0.359121
27.500000,0.648640,-3.384195,0.259457
27.505000,-1.033864,0.481983,1.610387
27.510000,0.609913,0.345112,-1.615057
27.515000,-0.048936,-0.064825,-0.615899
27.520000,-0.320481,0.583038,-0.716700
27.525000,0.569807,-0.226070,2.005632
27.530000,0.260202,-1.466086,-0.494002
27.535000,0.139540,-2.565870,-0.838834
27.540000,0.184227,0.095220,-0.747822
27.545000,0.974483,-1.008845,-0.219775
27.550000,0.408170,-1.587174,-1.466606
27.555000,1.094608,1.094122,0.265551
27.560000,-0.226745,-0.603257,0.249652
27.565000,-2.028544,-1.201394,0.149767
27.570000,0.269754,-0.433265,0.424803
27.575000,1.584193,-0.358893,-1.008195
27.580000,-0.979853,-0.699145,0.332371
27.585000,-0.884027,0.397113,1.143382
27.590000,-0.784927,-0.869494,-1.487687
27.595000,-0.119453,-0.520056,-0.405621
27.600000,-1.095126,1.454641,0.188725
27.605000,0.174291,0.588433,-0.016443
27.610000,0.330817,0.974544,0.038622
27.615000,-1.620626,0.380755,-1.453513
27.620000,-0.189385,1.004509,0.300361
27.625000,1.195659,-0.341713,-0.674656
27.630000,-0.012812,-0.080796,-0.535731
27.635000,0.090616,-2.077954,-1.253161
27.640000,0.600905,2.773252,-0.947501
27.645000,0.085644,0.284678,-1.543095
27.650000,-0.033647,-0.778041,-1.111573
27.655000,-1.176991,0.619831,0.153835
27.660000,0.081711,-0.086660,-0.345607
27.665000,-0.943530,1.476489,0.578944
27.670000,0.452625,-0.696186,0.062420
27.675000,-0.438439,0.861683,0.775171
27.680000,0.390268,-1.219457,-0.158186
27.685000,2.702333,0.970105,0.646767
27.690000,1.673475,-0.783141,0.302150
27.695000,-0.661461,-2.351025,-1.415214
27.700000,0.229324,-0.496589,0.048922
27.705000,2.356218,-0.164244,0.307410
27.710000,0.257710,-0.262452,-0.400320
27.715000,-2.838870,-0.323915,-0.201511
27.720000,0.501203,1.709762,-0.180936
27.725000,-1.322879,-0.312809,-0.143905
27.730000,-1.151413,0.527075,-2.068678
27.735000,0.084807,-0.764962,-1.060647
27.740000,1.098126,-0.098268,-0.347908
27.745000,0.669952,0.653439,-0.376589
27.750000,-0.683863,0.023032,-0.724421
27.755000,-1.440921,0.635352,-0.474499
27.760000,0.900875,1.364241,-0.808688
27.765000,0.056283,0.139592,-0.727268
27.770000,-1.470358,0.101316,-0.250087
27.775000,-0.018447,-0.536326,1.938687
27.780000,0.118931,0.152392,-1.829799
27.785000,-0.484122,0.290747,1.625604
27.790000,0.140741,0.468247,0.804762
27.795000,-0.925918,-0.175564,0.669478
27.800000,-0.646397,0.060759,-1.566340
27.805000,1.308864,0.671871,1.000652
27.810000,-0.465835,0.548212,-1.656103
27.815000,-2.011786,0.309700,0.704013
27.820000,-1.618631,1.704309,0.265236
27.825000,0.035750,0.962221,0.385228
27.830000,-0.366140,0.601932,-0.104705
27.835000,0.550398,-0.895527,-0.719840
27.840000,0.732460,1.435685,-0.000266
27.845000,-1.579310,0.099454,-0.708612
27.850000,-0.270944,-0.149468,-1.486041
27.855000,-1.012872,-1.093315,0.779721
27.860000,-1.035746,1.159781,0.757259
27.865000,0.499905,1.826565,1.549475
27.870000,-1.912480,1.461155,-0.056221
27.875000,2.053844,1.400246,0.510155
27.880000,0.695126,0.507348,-0.151873
27.885000,0.258219,0.781827,0.558659
27.890000,0.205287,2.722713,0.160026
27.895000,0.670569,0.052485,2.480864
27.900000,-0.535248,0.071737,0.336681
27.905000,0.582803,1.389022,1.215717
27.910000,0.231441,-0.609586,-0.645214
27.915000,0.651794,0.254459,-1.064315
27.920000,0.556571,-1.078518,0.652992
27.925000,2.154665,1.158973,0.225582
27.930000,1.187369,-0.551905,-1.503202
27.935000,-0.850824,-0.336083,0.032961
27.940000,-0.550374,-1.424403,-0.020177
27.945000,-0.959579,-0.030535,-0.465792
27.950000,0.413290,-0.359740,0.122375
27.955000,-3.386427,1.089227,-1.999929
27.960000,0.260980,1.307899,0.529053
27.965000,-0.203226,0.559464,0.906836
27.970000,-1.838659,0.755381,0.632145
27.975000,-0.654315,-1.151166,-0.968337
27.980000,-0.023492,0.084526,-0.875067
27.985000,0.595456,-1.393162,-0.346384
27.990000,0.672297,-0.791931,-1.425837
27.995000,-0.219176,0.197528,-0.783465
28.000000,0.820134,-1.384920,-0.131531
28.005000,1.217519,-0.858409,-0.330885
28.010000,-0.012825,-0.319146,-0.847048
28.015000,0.651183,-2.980480,-0.453921
28.020000,-0.523316,1.064563,1.379204
28.025000,-1.346221,-0.086110,-0.187310
28.030000,1.491660,0.587448,0.806801
28.035000,-0.312192,-0.776296,-0.217307
28.040000,-0.709479,-0.494224,1.132231
28.045000,-0.097186,1.014320,0.837995
28.050000,0.337667,-1.266122,0.905766
28.055000,-0.244924,2.347429,0.301726
28.060000,-0.055370,0.160249,0.453848
28.065000,0.734404,0.825411,1.656049
28.070000,-0.726093,-0.546013,-0.253407
28.075000,0.536802,0.019305,-0.915398
28.080000,0.783439,1.999267,-0.199850
28.085000,0.024657,1.302094,-0.741952
28.090000,0.879513,0.573000,0.443247
28.095000,0.903484,-1.227030,0.429223
28.100000,-0.570752,2.702404,-0.019986
28.105000,-1.040575,0.880862,0.685538
28.110000,0.547514,0.488873,-1.121077
28.115000,-0.814218,-0.804889,-1.366909
28.120000,0.014355,1.096796,1.738937
28.125000,2.253649,1.703338,1.499497
28.130000,0.738364,0.615454,0.499417
28.135000,0.960545,-1.078348,-1.267631
28.140000,0.916833,-0.229637,0.852468
28.145000,-0.403979,-0.254061,-0.303049
28.150000,-0.054997,-0.873092,0.140502
28.155000,-1.065250,0.428556,-1.978985
28.160000,0.703678,-0.430770,0.619404
28.165000,0.808531,-1.105692,-0.230918
28.170000,-0.344036,0.727683,0.575545
28.175000,0.254544,-0.258802,-1.423132
28.180000,-0.611419,0.428609,0.701280
28.185000,0.269576,0.991021,0.712948
28.190000,-0.626727,1.136883,-0.583644
28.195000,-1.175479,0.377770,0.752921
28.200000,1.197498,1.466578,-1.477120
28.205000,-0.124390,-0.084611,-1.029571
28.210000,1.720639,-1.323496,-0.564463
28.215000,0.702674,-1.270740,-0.694509
28.220000,2.418895,1.619087,-0.562952
28.225000,1.305290,0.008966,0.433990
28.230000,1.690448,0.344546,-1.887803
28.235000,-0.960546,-0.847450,-0.069836
28.240000,0.453716,0.317708,0.566827
28.245000,2.245403,1.613056,0.175002
28.250000,0.151244,-0.409123,-0.841803
28.255000,0.942665,-0.087429,-0.100594
28.260000,-0.474931,1.582522,0.968942
28.265000,-0.393245,-0.430283,1.842806
28.270000,-0.374269,0.178313,-0.000769
28.275000,-1.470404,-1.548003,-1.546953
28.280000,-0.142719,0.236253,2.773266
28.285000,-0.301294,-0.085054,1.352821
28.290000,0.438389,-1.216513,-1.331942
28.295000,0.552701,-0.564676,-0.017194
28.300000,-0.894869,-0.152215,-0.114973
28.305000,2.502471,1.620839,0.384875
28.310000,-1.342369,-1.279193,0.621458
28.315000,-0.989351,-1.214335,-0.052421
28.320000,-2.649826,0.015240,0.091548
28.325000,0.736524,-1.591409,1.960487
28.330000,0.063421,-0.779477,0.688961
28.335000,-1.431507,-0.974763,0.580138
28.340000,-0.032493,-1.023726,-0.573752
28.345000,-1.116850,-0.682801,-1.201971
28.350000,1.480274,0.176197,1.941403
28.355000,-1.021101,0.071822,1.636982
28.360000,-0.366542,-1.126678,-0.329873
28.365000,-0.685603,-0.011850,0.518650
28.370000,-0.703968,-0.682540,-0.101586
28.375000,-0.430893,0.193650,-0.849468
28.380000,-0.597935,1.251231,-0.641542
28.385000,0.488074,-0.877511,-0.266089
28.390000,0.308528,0.846235,1.248401
28.395000,0.590050,-0.256194,-1.265795
28.400000,-1.027548,-0.141546,0.724266
28.405000,-0.615473,-0.588755,-0.450330
28.410000,-0.271404,1.196591,0.731021
28.415000,-0.253788,-0.651018,-0.793318
28.420000,0.520736,0.313803,0.761424
28.425000,-0.406029,-0.827018,-0.156507
28.430000,0.930776,-1.347841,0.423559
28.435000,-2.108585,-0.330913,-0.306684
28.440000,1.748508,0.621766,-0.718043
28.445000,0.267831,-0.090748,-0.991622
28.450000,-0.590798,-0.627389,-0.294447
28.455000,-1.043198,0.239993,-1.376306
28.460000,-0.337504,0.010846,0.690674
28.465000,-1.704736,0.400063,-0.024179
28.470000,-0.948644,0.541228,-0.531111
28.475000,-1.070267,0.190865,-2.414486
28.480000,1.509065,-0.267111,1.215508
28.485000,0.669987,1.341767,2.264541
28.490000,0.007544,-0.264805,0.893299
28.495000,0.821110,-1.735025,-0.770997
28.500000,-0.471371,1.794912,-0.653968
28.505000,1.357978,1.391799,0.125295
28.510000,0.042887,0.388503,2.383794
28.515000,-1.405663,-0.538302,1.086446
28.520000,0.240437,1.123826,-1.731569
28.525000,1.002382,0.450962,0.063764
28.530000,-1.066917,0.644150,0.044454
28.535000,0.449155,0.056625,-0.277502
28.540000,-0.515231,1.578087,-0.147975
28.545000,-2.736814,1.918380,-0.073160
28.550000,-0.775680,-3.068370,0.200231
28.555000,0.413911,1.122597,-1.305876
28.560000,-0.480926,-1.053623,-0.408861
28.565000,0.903790,0.962050,0.947427
28.570000,0.263399,1.980653,0.137218
28.575000,0.348461,0.795794,0.013888
28.580000,-1.237665,-0.776957,0.808402
28.585000,0.148275,1.257306,0.426212
28.590000,1.611448,-2.243538,-1.306392
28.595000,-0.790599,-1.029704,0.565843
28.600000,1.733559,-0.634007,-0.769699
28.605000,1.147510,0.854698,0.771640
28.610000,-0.526988,-1.149933,-0.437989
28.615000,0.302026,0.425763,0.164679
28.620000,-2.297372,0.518684,0.068874
28.625000,1.177156,1.189620,1.393801
28.630000,-1.109993,-1.311800,-0.427789
28.635000,-0.987291,0.034285,0.855136
28.640000,-1.289515,0.896910,0.051367
28.645000,0.128221,0.946856,1.205557
28.650000,1.562869,0.741374,0.425905
28.655000,0.052713,-3.057680,-0.640721
28.660000,0.380676,0.270296,0.508593
28.665000,-0.707133,-1.059391,0.355573
28.670000,0.174770,0.164387,0.712373
28.675000,0.190712,-1.256848,-0.967697
28.680000,-1.681737,1.066481,1.072994
28.685000,-0.170263,-0.022225,-0.730215
28.690000,-1.260855,-0.811586,0.166760
28.695000,-1.196573,-0.902607,-0.062827
28.700000,0.293578,0.873760,1.558349
28.705000,0.767464,2.060670,1.361917
28.710000,1.203282,0.755453,-0.724193
28.715000,-1.169136,0.207229,-0.926659
28.720000,1.034609,0.481478,-0.486577
28.725000,-1.195921,0.857625,-0.025788
28.730000,1.382836,-1.666150,0.717795
28.735000,-0.076995,-1.406841,-0.510536
28.740000,0.382469,-1.192073,1.059944
28.745000,0.713596,-0.800845,1.135436
28.750000,-0.222280,-0.412325,-1.625415
28.755000,-0.903352,-0.338727,1.883837
28.760000,-0.383732,-0.774959,-0.785567
28.765000,1.433369,-1.241661,0.039457
28.770000,1.733356,0.621631,-3.635246
28.775000,-0.898052,2.751374,0.722610
28.780000,-1.035045,-1.501121,1.130227
28.785000,1.036224,0.436487,0.066292
28.790000,-0.434485,-0.744972,0.027167
28.795000,-1.499653,-0.266749,-0.599670
28.800000,0.210193,-1.844377,-1.114103
28.805000,0.651939,-0.736797,1.021783
28.810000,-0.954845,1.599257,0.609353
28.815000,-0.868785,-0.794745,-0.857960
28.820000,-0.241866,0.612560,0.701651
28.825000,-0.549373,0.488845,0.928180
28.830000,0.782920,2.816472,0.126354
28.835000,-1.650207,-0.581116,-1.756452
28.840000,-0.504523,-1.614651,1.036169
28.845000,0.480170,0.162023,1.957705
28.850000,-0.599894,-0.295044,-0.818112
28.855000,-0.183544,0.618386,-1.380933
28.860000,-0.112647,0.664107,0.031565
28.865000,-0.461781,1.730174,1.028209
28.870000,1.413238,0.629348,-0.579755
28.875000,-1.015804,1.037963,0.827547
28.880000,0.326008,0.347654,0.254449
28.885000,1.396995,-1.265912,1.989167
28.890000,-0.367460,-0.909685,-0.166625
28.895000,-1.087730,-0.246774,-1.506055
28.900000,0.821648,-1.557928,0.458265
28.905000,0.752052,0.671344,1.044358
28.910000,0.826229,-0.221348,-0.257912
28.915000,0.083407,0.531770,-0.966902
28.920000,0.546920,0.109599,1.392732
28.925000,0.229815,-1.254136,1.467826
28.930000,-1.204980,0.746764,0.113061
28.935000,-1.313704,0.108000,0.918589
28.940000,-1.848810,-1.415675,1.228006
28.945000,0.912123,1.108579,0.974638
28.950000,1.574447,0.104032,1.618838
28.955000,0.090700,0.433241,-0.452054
28.960000,0.498682,-0.981237,-0.699956
28.965000,-0.821960,1.589535,1.940041
28.970000,-1.109210,-1.570770,0.417301
28.975000,0.197921,-1.393498,-1.455439
28.980000,-0.294414,0.697966,1.025683
28.985000,0.089254,-0.843361,0.929053
28.990000,-0.985051,1.033761,-1.017807
28.995000,-1.438831,-0.683497,-0.214771
29.000000,-0.787619,-1.157199,-0.620894
29.005000,-0.369194,0.280022,2.218517
29.010000,-0.879818,0.464568,0.723629
29.015000,1.563378,-1.067720,-0.465344
29.020000,1.380303,-0.721558,-0.690241
29.025000,-0.036848,1.035524,0.931971
29.030000,-0.194398,-1.435201,-2.296508
29.035000,-1.524740,-1.498421,-2.279968
29.040000,2.420653,-1.060633,1.433513
29.045000,0.865413,1.154430,0.916885
29.050000,-0.862055,2.318346,0.310253
29.055000,0.321126,-0.031752,-0.279994
29.060000,-0.329494,-1.509763,-0.577174
29.065000,1.038910,0.700797,-0.598969
29.070000,-0.008648,1.458768,-0.835013
29.075000,-0.387545,-2.499988,-1.221439
29.080000,-0.087458,-0.300746,0.185453
29.085000,-0.239259,-0.599382,0.378168
29.090000,0.075095,-0.842804,-0.916752
29.095000,-1.056776,-0.848251,-0.039579
29.100000,0.529146,0.947606,-0.075609
29.105000,0.714176,0.623854,2.036955
29.110000,-1.713369,-0.669881,0.020963
29.115000,-1.282859,-0.744231,-2.176362
29.120000,0.291326,0.563368,-0.756766
29.125000,0.863957,1.931480,0.445282
29.130000,0.761025,-0.450498,-0.707548
29.135000,1.228046,0.859310,-0.749360
29.140000,-0.019220,-1.302200,-0.716203
29.145000,-0.430037,-0.716073,0.429341
29.150000,-0.227944,-0.809722,-0.191172
29.155000,-1.283702,-2.041705,-0.035651
29.160000,1.126533,1.895359,0.310882
29.165000,0.636915,-0.324211,-1.731387
29.170000,-0.360411,-2.089563,0.537654
29.175000,-1.113190,-0.481789,1.853690
29.180000,-0.666477,0.094572,0.851914
29.185000,0.006792,0.603095,1.080413
29.190000,-1.490212,-0.611849,1.940895
29.195000,-0.373980,-1.510770,0.425979
29.200000,1.411699,0.324483,-1.671050
29.205000,2.677785,-1.048126,-0.436409
29.210000,-0.995863,-0.202282,-0.676869
29.215000,0.864223,-2.300347,-2.646960
29.220000,1.380703,-0.165569,-0.729648
29.225000,1.116538,0.342199,1.075230
29.230000,-0.191843,-1.381625,-0.665143
29.235000,-0.494190,-1.526395,0.179250
29.240000,-0.194056,0.027554,-1.143885
29.245000,-0.359549,0.454477,0.501609
29.250000,0.904851,0.171385,-1.926552
29.255000,-1.281210,-0.263447,1.110632
29.260000,1.051948,0.556025,2.359637
29.265000,0.491027,-0.273597,0.841552
29.270000,-1.020334,-0.534388,-0.362535
29.275000,-1.256501,-2.063659,0.198142
29.280000,-0.258094,-1.675603,-0.589440
29.285000,0.533463,0.341981,0.712332
29.290000,-1.861819,-0.883828,1.053054
29.295000,-1.779012,-0.508442,1.820012
29.300000,-0.312104,1.145786,-1.054827
29.305000,0.620064,1.034499,1.427349
29.310000,0.713114,-1.335530,0.057001
29.315000,1.561253,0.160690,0.246051
29.320000,1.221830,0.277390,-0.119437
29.325000,2.048058,2.282109,0.841468
29.330000,0.355980,-0.181464,-1.631085
29.335000,0.790503,0.289051,0.394779
29.340000,-1.479686,0.690544,0.825925
29.345000,1.686792,-1.008534,-0.743069
29.350000,-0.005648,0.581656,1.903776
29.355000,-1.345435,-1.634699,0.510511
29.360000,1.291996,-0.652946,1.165561
29.365000,0.528439,0.182348,0.230018
29.370000,-0.659031,2.236733,-1.424266
29.375000,0.238226,-0.994034,-0.224578
29.380000,-1.875725,-0.538747,0.953794
29.385000,0.138915,-0.898570,1.753009
29.390000,-1.048483,0.219588,0.393985
29.395000,-0.631552,-1.979082,-0.512096
29.400000,0.581400,0.539911,-0.506051
29.405000,1.469821,1.050847,0.439774
29.410000,-0.976092,-0.631233,-1.111559
29.415000,-0.191674,-0.026528,-2.424084
29.420000,1.807207,0.147004,-0.986101
29.425000,-0.269110,0.430370,-0.065100
29.430000,0.126557,-1.072748,0.605051
29.435000,0.151419,-1.349692,-0.074647
29.440000,-0.302588,-0.068713,-1.159885
29.445000,1.168022,1.787928,-0.007692
29.450000,-0.158497,-0.642284,-1.817493
29.455000,-1.777005,-0.004182,-0.590572
29.460000,-0.168302,0.391233,-1.197558
29.465000,-1.835294,-0.573833,0.236784
29.470000,-1.536120,0.810616,0.071061
29.475000,-0.262703,-0.372465,-2.400299
29.480000,-0.739915,0.341877,0.393790
29.485000,0.708971,-0.329937,-0.265489
29.490000,-1.049779,-0.171413,1.772512
29.495000,-0.007574,0.658318,-0.251446
29.500000,0.019807,0.827413,-0.099807
29.505000,0.340566,2.261791,1.360648
29.510000,-0.060570,1.097469,-0.247056
29.515000,-2.165236,-0.016922,0.869877
29.520000,-0.230467,0.395530,1.596762
29.525000,0.577570,0.266624,0.498627
29.530000,0.378942,1.043996,-0.379073
29.535000,0.207713,-1.092634,-1.573317
29.540000,0.167063,0.137561,-2.196691
29.545000,-1.083859,0.996402,1.469705
29.550000,-0.147385,-0.160685,0.130161
29.555000,-2.769965,-1.785661,-1.181147
29.560000,-1.711895,1.383117,0.578469
29.565000,0.061635,1.620721,1.417932
29.570000,1.057662,-0.746732,0.793917
29.575000,-1.629435,0.043536,0.973079
29.580000,-0.734296,1.002110,0.560635
29.585000,-0.578128,0.012183,-0.424745
29.590000,0.618199,-1.072391,0.214936
29.595000,0.774810,-1.193572,-1.257976
29.600000,-0.120526,0.311100,1.411576
29.605000,0.970198,-0.887065,-0.500282
29.610000,-1.063111,1.331066,-0.220884
29.615000,0.691264,-1.006660,0.237439
29.620000,0.949408,0.741064,-0.551454
29.625000,1.435037,1.244657,0.692841
29.630000,-0.348741,0.572330,-0.332423
29.635000,-0.061939,0.673442,-0.204777
29.640000,0.557835,1.266035,-1.491730
29.645000,0.391889,0.472453,2.110615
29.650000,-0.988381,-0.296084,-0.564336
29.655000,-0.486105,0.667224,1.234512
29.660000,0.049922,-0.195497,-0.524999
29.665000,-0.118109,-0.824746,0.165176
29.670000,-0.050127,0.352402,0.709786
29.675000,-0.461511,-0.742917,-0.973560
29.680000,-1.781932,-0.674535,-0.957289
29.685000,0.822805,-0.104168,-0.089166
29.690000,-0.620249,-0.444866,-0.164621
29.695000,-1.563459,0.264187,2.082166
29.700000,-0.739268,-2.255221,0.994581
29.705000,-1.700455,1.523918,-1.384602
29.710000,2.100250,-2.308778,-1.092531
29.715000,-1.349293,-0.066715,-1.264594
29.720000,-0.489987,0.213152,0.130612
29.725000,0.027902,0.484060,-1.741892
29.730000,1.729872,-1.880847,-1.448905
29.735000,-0.859132,-0.557704,-0.051721
29.740000,-0.832977,-0.143831,1.007824
29.745000,0.075896,0.541884,-0.226361
29.750000,-1.350546,-0.298650,0.470918
29.755000,-0.822958,-0.405819,-0.376870
29.760000,0.314638,-1.294560,-0.221739
29.765000,-1.238020,-0.679924,0.376984
29.770000,0.215647,-1.311068,-0.031642
29.775000,-0.073396,-0.354579,0.048224
29.780000,-1.154844,0.119029,0.676196
29.785000,1.128638,0.761369,0.974078
29.790000,-0.624137,-0.412287,-0.348378
29.795000,-0.751063,-2.133233,0.231755
29.800000,0.491959,0.403699,-0.305176
29.805000,0.930721,-0.517323,0.051094
29.810000,-0.805278,-0.599597,-1.011954
29.815000,-0.597285,-1.435040,-0.230894
29.820000,-1.814890,-1.652346,1.843777
29.825000,1.226683,1.120672,0.125074
29.830000,1.202320,-0.093719,-0.439620
29.835000,0.297817,1.047064,-0.990005
29.840000,0.099079,2.628110,0.141874
29.845000,-2.267540,0.189957,1.773884
29.850000,-0.375395,0.231381,-1.492266
29.855000,-0.110676,-2.219146,-0.842293
29.860000,0.286349,0.490290,-0.643105
29.865000,-0.957218,-0.811026,-0.340994
29.870000,0.232717,-1.192222,0.244074
29.875000,-0.423806,-1.603655,-0.331863
29.880000,1.285897,0.923720,1.112485
29.885000,-0.231983,-0.018156,0.305811
29.890000,-0.135244,1.218244,0.321015
29.895000,-1.087346,-1.621211,-0.649466
29.900000,-0.432500,0.888979,-0.534893
29.905000,-0.762894,-0.910739,1.608613
29.910000,-0.227623,-0.705600,0.745214
29.915000,0.212144,-0.699396,-1.632179
29.920000,-0.575913,1.677490,0.517530
29.925000,-0.002502,0.344385,1.833904
29.930000,-0.867497,-0.541338,-0.786260
29.935000,-1.080847,0.593863,0.394775
29.940000,0.631583,1.443057,0.752171
29.945000,-0.253734,-0.178701,0.938965
29.950000,0.705061,1.271044,-0.545419
29.955000,-1.681431,1.322279,-2.628082
29.960000,1.195383,-0.526285,0.547785
29.965000,-1.744845,0.119717,0.530278
29.970000,0.902960,0.343407,-1.547041
29.975000,0.792154,-1.557554,-1.066039
29.980000,-0.074049,-1.859727,-0.147939
29.985000,1.813466,0.111534,0.218225
29.990000,-0.381428,0.631017,0.243363
29.995000,-2.250804,-1.301752,-1.657227
30.000000,0.368745,-0.506120,-0.071153
30.005000,-1.336304,1.209026,0.963388
30.010000,0.002600,-0.304666,0.563409
30.015000,0.167767,1.178098,-0.978371
30.020000,0.015749,0.519082,-1.441535
30.025000,0.128809,1.875932,-0.406997
30.030000,-0.950109,-0.111902,-1.201324
30.035000,0.114256,0.772275,-0.490462
30.040000,2.071010,-0.679433,2.139660
30.045000,0.405354,-0.686301,1.362628
30.050000,0.148410,-0.424161,-0.407517
30.055000,-1.354562,-0.314616,-0.729475
30.060000,-1.163952,0.585632,-0.115565
30.065000,2.274558,2.657146,-0.069206
30.070000,-0.073123,-0.021482,0.194953
30.075000,-0.978482,0.124313,-0.336314
30.080000,0.345189,0.424832,0.059677
30.085000,-0.241152,0.446929,-0.724913
30.090000,-0.099142,-0.714205,-2.666426
30.095000,-0.026247,0.584113,0.792380
30.100000,-0.508216,0.835194,0.685290
30.105000,-0.305025,0.389407,2.221141
30.110000,-0.613563,0.672751,0.092647
30.115000,0.089568,-0.184153,0.346104
30.120000,2.535269,-1.034105,0.481770
30.125000,0.477175,1.353144,1.357959
30.130000,1.237764,0.245055,-0.190811
30.135000,-1.770253,-2.315921,0.493964
30.140000,-0.874731,-0.385092,-1.267920
30.145000,1.043483,0.200908,0.274846
30.150000,-2.172171,-0.784019,0.955469
30.155000,-0.234590,-0.081240,-0.960111
30.160000,2.016834,-1.239146,0.926912
30.165000,0.052240,-0.227537,0.464420
30.170000,-0.835510,-1.793825,-2.886724
30.175000,0.229150,0.646303,-0.725679
30.180000,0.787270,2.393110,-0.506136
30.185000,1.819345,0.499313,-1.084749
30.190000,-0.063504,-0.463989,-0.235665
30.195000,-0.124509,-1.374345,-0.353440
30.200000,-0.095940,-0.103418,0.600496
30.205000,1.975217,0.676093,-0.670093
30.210000,-1.027661,-1.159968,0.901266
30.215000,-0.784634,-1.549729,0.470972
30.220000,-1.382714,-1.340521,0.448344
30.225000,1.587009,0.883887,1.778803
30.230000,-0.289602,0.974165,-0.060702
30.235000,-1.246163,-1.016100,-0.718999
30.240000,-1.224766,-0.938453,-0.157151
30.245000,0.389137,-0.349640,1.446374
30.250000,1.682754,-0.936211,1.185336
30.255000,-2.216972,1.671734,-0.662813
30.260000,0.452104,0.111420,-0.230698
30.265000,1.564751,1.393151,1.030912
30.270000,-1.629000,-1.596610,0.481365
30.275000,-0.836596,-0.216454,-1.703672
30.280000,-0.371917,0.080547,0.727833
30.285000,0.409382,0.547332,0.495286
30.290000,-0.082525,-0.128455,1.045940
30.295000,-0.187052,0.619019,0.787490
30.300000,-1.433011,1.288988,0.876920
30.305000,-1.327501,-0.157497,-0.887276
30.310000,1.025732,-0.819991,0.750787
30.315000,-0.380410,-0.587838,1.111974
30.320000,2.003700,0.885789,0.299817
30.325000,-0.002647,-0.802116,-2.364606
30.330000,0.686035,-1.215062,-0.385406
30.335000,-1.068040,-0.581191,0.358671
30.340000,0.885223,-0.224939,1.313830
30.345000,1.651255,0.000323,-1.404471
30.350000,-0.696666,1.227332,0.085388
30.355000,-1.535253,-1.676824,-0.202932
30.360000,-0.089295,1.969601,-0.959147
30.365000,0.240925,-0.077161,-0.555769
30.370000,0.945596,-0.611109,0.479434
30.375000,0.042460,-1.335439,-1.472660
30.380000,1.250161,-0.036290,-0.270255
30.385000,2.048037,-0.516720,-0.164607
30.390000,-0.707620,-0.391809,-1.140425
30.395000,0.975609,-0.252625,0.827095
30.400000,0.981302,0.301228,0.159049
30.405000,1.062409,-0.088570,0.136656
30.410000,-0.428958,0.298932,0.283270
30.415000,0.069426,-0.836437,-0.452995
30.420000,1.659753,3.039580,1.048390
30.425000,1.061132,0.659306,1.666598
30.430000,-0.775694,-1.878531,-0.033148
30.435000,1.791674,-0.371705,-0.298793
30.440000,1.072880,0.178076,1.171384
30.445000,1.112799,1.304137,0.463022
30.450000,-0.685132,-0.611168,-0.473705
30.455000,0.032673,-1.682951,-0.007922
30.460000,1.690214,0.138462,0.676328
30.465000,0.318954,-0.211903,-0.393181
30.470000,0.775471,-0.317060,0.176351
30.475000,-1.674879,-1.127018,-0.756048
30.480000,-0.684453,-0.349747,2.277772
30.485000,0.678172,0.337640,-0.993602
30.490000,-0.180951,-1.397048,-0.618608
30.495000,-0.626770,0.038575,-0.925303
30.500000,2.094447,0.131920,-0.793606
30.505000,-1.017304,1.450738,2.623164
30.510000,0.530263,0.069243,-0.371694
30.515000,-0.233837,-2.082685,0.339860
30.520000,-1.680949,0.535944,-1.295260
30.525000,0.426693,0.688704,0.003620
30.530000,-0.495238,-1.031985,-1.006111
30.535000,-0.333402,1.128960,-1.406564
30.540000,-0.528047,-0.176368,0.086500
30.545000,-0.871167,-0.697652,-0.799317
30.550000,-1.348455,-0.036923,-0.507828
30.555000,-0.227050,0.570425,-0.297685
30.560000,0.001857,-0.023788,-0.931674
30.565000,1.147645,0.248551,2.148060
30.570000,-0.655587,1.140538,-0.543445
30.575000,0.075005,-0.165759,-0.185380
30.580000,-1.887979,1.700518,0.129239
30.585000,0.801435,-1.686196,1.418805
30.590000,-0.400434,-0.705999,0.970875
30.595000,-0.991629,-0.563314,-0.712954
30.600000,-0.506915,0.257238,0.277972
30.605000,-0.699619,-0.682782,0.973312
30.610000,-1.301247,-0.991137,1.043361
30.615000,-1.239547,0.734135,-1.994462
30.620000,0.282028,2.130446,1.481971
30.625000,0.787802,0.345691,0.026668
30.630000,0.312925,-0.101086,-0.103628
30.635000,-0.665674,-0.418879,-0.498406
30.640000,-1.564441,0.223088,0.136450
30.645000,0.276137,0.857579,0.050146
30.650000,0.518357,-0.591121,-0.863143
30.655000,-0.683022,1.682939,-0.120004
30.660000,1.969228,-1.262931,0.893821
30.665000,2.755373,0.460844,1.263780
30.670000,-1.511653,0.503221,-0.941964
30.675000,-0.636468,1.308259,-1.092659
30.680000,0.228969,0.882928,0.050242
30.685000,-1.540920,0.086504,0.178480
30.690000,-1.006270,-0.074844,-0.944582
30.695000,-1.223115,-1.290191,-1.489592
30.700000,-1.350333,0.230630,-1.858791
30.705000,0.185598,2.223992,0.914507
30.710000,-1.082677,1.511191,0.214366
30.715000,-1.041014,-1.087610,-0.726620
30.720000,2.018871,0.986282,0.468598
30.725000,0.984024,-0.564086,0.373761
30.730000,0.265697,-1.526746,-1.408141
30.735000,0.558128,-1.086117,-1.965422
30.740000,-2.179977,0.789820,1.360524
30.745000,0.882011,2.017303,0.124995
30.750000,0.209437,-1.131663,-0.187206
30.755000,-0.902656,-1.672956,-0.738368
30.760000,0.894883,1.448622,0.375591
30.765000,1.510352,0.599718,0.415317
30.770000,1.018790,-1.816065,1.199137
30.775000,-0.443050,1.879654,-0.037092
30.780000,-0.012010,-0.437186,0.609060
30.785000,0.449164,0.184834,0.795129
30.790000,-1.193711,0.263116,-0.768011
30.795000,0.645891,-0.721570,0.137526
30.800000,1.557091,0.129980,0.370921
30.805000,-2.328117,0.372139,0.274170
30.810000,0.189403,-0.029984,-1.844270
30.815000,-2.048204,-0.167461,-0.105479
30.820000,-0.584425,-0.206512,-1.514681
30.825000,-0.652718,0.302063,0.372720
30.830000,0.363305,-1.845559,2.229967
30.835000,-0.963586,1.534307,1.162704
30.840000,-2.067230,-1.191010,1.198042
30.845000,-0.234711,0.316143,-1.521908
30.850000,-2.923868,1.432346,0.068986
30.855000,-1.408442,-0.923165,-0.257024
30.860000,0.319257,1.451670,-2.270785
30.865000,0.150514,0.385659,0.621982
30.870000,1.281435,1.118507,-0.598407
30.875000,-0.687425,-1.174467,0.238627
30.880000,-1.686252,-0.746859,-2.027451
30.885000,0.835091,1.042808,-0.790606
30.890000,-0.718285,1.045283,0.444785
30.895000,0.189922,0.623794,0.917829
30.900000,0.121029,-1.031265,0.326296
30.905000,2.507025,1.413912,1.526359
30.910000,-1.180758,-0.683733,0.246108
30.915000,-0.127936,-0.295121,-1.260138
30.920000,0.983794,0.103848,0.663355
30.925000,-0.148032,-0.768870,0.400324
30.930000,-0.530995,0.412044,0.971193
30.935000,0.182184,-0.937406,0.110041
30.940000,-0.411804,-0.892951,-0.990430
30.945000,1.769892,-1.140039,0.744534
30.950000,0.543361,-1.367655,-1.813682
30.955000,-1.718084,0.379616,0.794685
30.960000,1.148528,0.306208,-0.018957
30.965000,-0.547690,-0.157753,-1.390433
30.970000,-1.001979,1.645246,-2.108409
30.975000,-0.193771,-1.194436,-0.096546
30.980000,0.344455,0.032434,0.152676
30.985000,0.209074,0.397448,0.567837
30.990000,1.061251,-0.214748,-1.341659
30.995000,0.120251,-0.579481,0.430405
31.000000,0.312273,0.002352,-0.444741
31.005000,-0.900246,1.494736,1.119009
31.010000,1.303482,0.989530,-0.522202
31.015000,-1.805453,-0.205378,1.013714
31.020000,1.076496,-1.443715,0.775276
31.025000,-0.610899,-2.312840,0.408295
31.030000,1.660961,-0.556448,-1.164748
31.035000,2.188643,-1.943292,-0.073762
31.040000,-0.034174,2.427943,2.255854
31.045000,1.051781,-0.884700,-0.052348
31.050000,-1.627997,-0.004457,-0.517116
31.055000,-2.480700,0.210139,-1.286794
31.060000,-1.647282,0.221947,0.738931
31.065000,1.207803,1.191001,-0.319665
31.070000,-0.300907,1.200717,-0.260060
31.075000,-1.027524,-0.224326,-1.224785
31.080000,0.070808,-0.623231,1.137289
31.085000,1.326702,-0.944298,-0.027218
31.090000,-0.472516,-1.047682,-1.738259
31.095000,-0.905635,-1.744145,0.315458
31.100000,-0.790324,0.465427,1.798918
31.105000,-0.480413,0.432162,0.128946
31.110000,-0.883639,-1.222998,1.549863
31.115000,0.761161,1.513125,-1.072328
31.120000,0.864317,0.832098,0.758687
31.125000,0.862247,1.276606,1.403886
31.130000,0.676516,0.910379,0.053968
31.135000,1.392175,-3.163760,-1.308510
31.140000,-0.141087,-1.333417,0.859061
31.145000,-0.601049,-1.224157,0.203120
31.150000,-0.974875,-0.028404,1.245323
31.155000,-0.777668,0.142889,-0.661691
31.160000,-1.249647,-1.076072,1.105962
31.165000,-0.509879,2.266001,-0.151784
31.170000,0.507295,-1.458393,-1.110992
31.175000,-1.385792,-1.915507,0.618469
31.180000,-0.402734,-0.344919,-1.638149
31.185000,-0.857194,-0.338782,-0.363248
31.190000,-1.674900,1.488876,-0.852576
31.195000,-1.501490,-1.598429,-0.388244
31.200000,-0.421024,-1.247232,-0.010086
31.205000,1.117078,2.536600,0.905267
31.210000,-1.401999,0.983208,-1.851570
31.215000,-0.528439,-1.883593,-1.336233
31.220000,0.514257,0.061459,1.457617
31.225000,-0.628902,0.598388,-0.317249
31.230000,-0.056382,0.228530,-1.371732
31.235000,1.089727,-1.387339,-0.053240
31.240000,-0.505731,1.605628,-0.190451
31.245000,-0.769721,1.216878,1.013029
31.250000,0.983885,1.435927,0.265855
31.255000,0.301003,-1.059526,-0.499426
31.260000,-0.687121,-2.043893,-1.762578
31.265000,-1.363576,2.393608,-0.067002
31.270000,0.599056,-0.229334,0.083199
31.275000,0.512780,0.193618,-1.086585
31.280000,-0.618229,1.309998,-2.097031
31.285000,-1.155351,-1.130254,2.018742
31.290000,-1.058283,-0.240520,-0.708666
31.295000,-0.785389,-0.403882,-0.268984
31.300000,0.527313,-0.045953,0.014596
31.305000,1.017361,0.083583,1.200227
31.310000,-0.619818,0.688768,0.724233
31.315000,-1.588410,-0.207135,0.113021
31.320000,0.193058,1.056093,-1.566204
31.325000,0.780847,0.962911,0.875027
31.330000,0.979489,-1.599784,-1.196702
31.335000,0.260033,-0.913542,1.088000
31.340000,-0.725593,0.964120,0.738803
31.345000,-0.964620,0.262514,1.034882
31.350000,1.216975,-1.310558,-0.333114
31.355000,-0.951936,-2.778127,0.861704
31.360000,-0.825101,0.559420,-1.552259
31.365000,0.012423,0.017818,1.112636
31.370000,-1.208744,1.319287,0.212412
31.375000,0.486536,-1.335406,-2.048454
31.380000,1.259122,-0.062477,-2.203995
31.385000,-0.159252,-0.669982,1.187627
31.390000,0.241471,-0.686308,-2.311166
31.395000,0.503051,-0.463817,-1.636901
31.400000,-0.199769,-1.196427,0.814236
31.405000,-0.192439,1.669216,1.136612
31.410000,0.208145,-1.022585,-0.787790
31.415000,-1.386858,0.148116,1.033237
31.420000,1.168710,0.646652,-0.683750
31.425000,1.785841,1.862885,-0.435717
31.430000,0.904788,-0.513805,-1.288349
31.435000,-1.432302,-1.003188,1.215271
31.440000,0.473640,0.158359,0.169221
31.445000,-0.835356,-0.881876,0.278303
31.450000,-0.605697,1.196193,-1.782087
31.455000,-1.140975,-0.048833,-0.862249
31.460000,0.682856,1.039479,-0.401723
31.465000,-0.068104,0.688332,0.823739
31.470000,-0.477559,0.224087,0.218992
31.475000,-0.461865,-2.190312,0.170863
31.480000,-1.138876,0.751438,0.207583
31.485000,0.389936,-0.277515,0.759947
31.490000,-2.052877,0.697441,0.189863
31.495000,-0.661253,-0.983161,-0.333635
31.500000,-1.549811,-0.443091,0.198866
31.505000,0.122801,0.335861,-0.910570
31.510000,-0.318832,0.513475,-0.679997
31.515000,-0.192583,0.202436,-1.878754
31.520000,-2.215386,1.981490,0.742959
31.525000,-0.133535,0.727637,-1.145526
31.530000,2.357992,-0.526790,0.608058
31.535000,0.953554,-1.567749,-1.175010
31.540000,0.255533,-1.274354,0.309362
31.545000,1.008116,0.164498,-1.391104
31.550000,0.656197,1.726649,-1.054253
31.555000,0.108379,-0.991634,1.526707
31.560000,-0.377313,-1.609013,0.404296
31.565000,0.776353,-0.395035,0.773466
31.570000,1.072278,-1.103723,-0.781225
31.575000,0.488972,-0.799465,-0.983516
31.580000,-1.442600,-1.202170,1.126789
31.585000,-0.079134,2.255462,0.655220
31.590000,-0.091699,2.330817,0.506051
31.595000,-0.847728,0.037631,0.749741
31.600000,-0.103019,0.586622,-0.972856
31.605000,-1.486623,-0.309129,-0.231648
31.610000,0.029151,1.057233,0.928366
31.615000,0.378992,-0.738150,-1.102566
31.620000,0.831166,-1.083322,0.587530
31.625000,-0.282466,2.117277,0.602600
31.630000,1.038498,-0.554812,-2.353742
31.635000,-0.209755,-2.621219,0.227881
31.640000,-0.949511,-1.411826,2.010924
31.645000,0.714076,-0.083374,-0.202871
31.650000,1.411510,1.519870,1.929384
31.655000,-0.537370,0.691479,0.596994
31.660000,0.825923,-0.269179,1.467058
31.665000,0.479855,-0.891502,-0.240717
31.670000,1.171963,-2.468355,-0.178362
31.675000,-2.598421,0.318050,-0.865331
31.680000,0.169360,-1.041558,1.109373
31.685000,2.858951,0.527382,0.735075
31.690000,0.844769,-1.249061,-2.537625
31.695000,0.895441,-0.146498,1.287801
31.700000,-1.011462,1.321010,-0.404538
31.705000,1.602208,-0.068882,0.688577
31.710000,0.832203,-0.911142,-0.757945
31.715000,-1.535664,-1.209904,0.967702
31.720000,0.716695,-0.886394,-0.357094
31.725000,-0.560824,1.449745,-2.188603
31.730000,0.657279,0.583333,0.339693
31.735000,-0.966090,-0.817477,-0.507026
31.740000,0.629689,-1.359584,2.632768
31.745000,-0.561313,0.341238,-1.256258
31.750000,-0.641630,-1.607180,-0.481529
31.755000,1.465704,-0.579681,0.436505
31.760000,-0.706101,1.267471,-0.066318
31.765000,1.813981,1.633549,1.861493
31.770000,0.337312,-1.026900,-0.546899
31.775000,-2.044523,-0.145108,-0.738394
31.780000,-0.863034,-0.115590,0.068000
31.785000,1.326237,-0.634104,0.874820
31.790000,-1.221216,0.719250,-0.362533
31.795000,0.768358,1.369507,-0.251100
31.800000,0.753176,1.726140,1.369216
31.805000,-1.605571,-0.900656,0.381871
31.810000,-0.354533,0.555434,2.214377
31.815000,-0.198773,0.411985,-0.402996
31.820000,-0.594928,-2.294227,-0.706549
31.825000,-0.621840,0.538347,0.953674
31.830000,-0.247982,0.475561,0.475506
31.835000,-0.291960,-0.365496,-1.149282
31.840000,0.236837,-0.173923,-0.425266
31.845000,1.914256,1.102506,1.368088
31.850000,1.589824,-1.558749,1.142319
31.855000,0.092249,-1.735115,-3.285832
31.860000,1.091727,-0.575352,-0.473053
31.865000,1.137137,0.534882,-0.207271
31.870000,2.347638,-1.215623,-1.016021
31.875000,0.420296,-2.399431,0.665416
31.880000,-1.189127,-0.385248,0.355928
31.885000,0.676123,-0.025757,1.283907
31.890000,0.962176,-0.984391,0.636017
31.895000,1.239754,-0.599584,-0.115046
31.900000,-0.224519,-0.243577,-2.255531
31.905000,1.788906,-0.355141,0.984063
31.910000,0.668561,-0.626058,-0.184699
31.915000,-1.806837,-0.288805,-1.555232
31.920000,-0.306986,0.319745,0.237598
31.925000,1.705806,-1.924162,0.027586
31.930000,-0.675227,1.996059,-0.015598
31.935000,-2.296718,-0.685986,-0.705217
31.940000,-0.547277,-1.331300,0.419827
31.945000,0.807290,-0.117960,0.150512
31.950000,-0.006709,-0.019830,-1.126047
31.955000,-0.448393,0.473002,-1.769962
31.960000,-0.157406,0.202152,0.691504
31.965000,0.100079,0.348322,0.545589
31.970000,0.648130,-0.698542,0.648471
31.975000,0.089279,-2.427592,1.117339
31.980000,1.707944,0.989086,1.230251
31.985000,0.406772,-1.134471,1.049757
31.990000,-0.315858,1.010284,0.144275
31.995000,0.407077,0.136722,0.138010
32.000000,-0.272749,0.148114,0.425413
32.005000,0.902562,1.349354,0.752296
32.010000,0.122608,0.074207,0.100382
32.015000,-1.234748,-0.133021,-0.074544
32.020000,0.591662,0.694102,0.766840
32.025000,-0.722319,1.286836,0.161915
32.030000,0.499285,1.791892,1.324975
32.035000,-0.624138,-0.378565,-0.487411
32.040000,-0.447174,-1.595480,-2.334928
32.045000,0.991584,-1.185599,1.534340
32.050000,0.189484,0.229726,0.273963
32.055000,0.267091,-0.356131,-0.645945
32.060000,0.261691,0.647146,1.679340
32.065000,0.493102,-0.622333,-1.208248
32.070000,1.108715,-1.397121,0.090370
32.075000,-0.302325,-1.150022,1.012086
32.080000,-0.106586,-0.548693,-0.775852
32.085000,2.060718,1.051388,0.783082
32.090000,0.570272,-1.139467,0.446808
32.095000,1.214290,-0.249020,-0.785211
32.100000,-0.191060,0.957605,0.285234
32.105000,-0.749919,-0.123754,0.658998
32.110000,1.003117,-1.700260,1.657460
32.115000,-1.682030,0.487165,-0.465350
32.120000,-1.089922,-1.351150,-0.243121
32.125000,0.999873,0.756709,0.985701
32.130000,-0.493998,0.987111,-0.672896
32.135000,1.494500,-1.196932,-0.551027
32.140000,-1.412917,0.578469,1.154615
32.145000,-0.397513,0.601656,0.199598
32.150000,0.007538,0.932161,1.113198
32.155000,-0.230379,0.050572,-0.063264
32.160000,1.661809,-0.792631,-0.388264
32.165000,-1.607572,-0.335641,2.844306
32.170000,0.306799,-0.489110,0.360717
32.175000,-0.849821,0.670218,0.202294
32.180000,1.354421,-1.682332,-0.109396
32.185000,0.842834,1.836331,0.637168
32.190000,0.487065,1.372118,-0.215570
32.195000,0.270052,0.353042,0.135576
32.200000,1.482256,-0.571808,0.948582
32.205000,0.706311,-0.625622,0.960005
32.210000,-1.146128,1.042187,0.849625
32.215000,-0.447079,-1.160684,-0.767978
32.220000,-1.055167,-0.947343,-1.432063
32.225000,-0.320140,-0.269162,-0.336680
32.230000,0.722608,0.626028,2.198548
32.235000,0.628953,-1.204731,1.111251
32.240000,-0.102487,-1.285585,-0.073219
32.245000,-0.088595,0.859731,0.046573
32.250000,1.271991,0.697764,2.014214
32.255000,-0.562054,-0.307985,-0.079676
32.260000,-1.017806,0.219822,-0.456904
32.265000,-0.279007,1.100986,-0.387559
32.270000,1.681425,-1.076990,-2.107860
32.275000,0.532371,-1.274919,0.606764
32.280000,-0.646668,2.068605,-1.701721
32.285000,1.296789,1.091838,-0.590322
32.290000,-1.008207,-1.886626,-1.280675
32.295000,-0.682616,0.512166,-2.842746
32.300000,0.691185,-1.724714,0.587947
32.305000,-0.132329,0.016018,0.099673
32.310000,0.803789,-0.488039,0.614184
32.315000,1.430488,-0.054585,-0.647633
32.320000,-1.019153,0.953395,0.118098
32.325000,0.832723,0.625233,0.710821
32.330000,1.611091,-0.240641,0.432795
32.335000,0.383012,-1.003642,0.017193
32.340000,0.134388,1.137452,-1.011346
32.345000,-0.631332,-0.333913,1.368595
32.350000,-1.230399,-0.250663,-0.819166
32.355000,-1.562482,1.021607,-0.175560
32.360000,0.048671,1.061402,-0.080134
32.365000,-1.018917,0.014058,-0.307273
32.370000,-0.208383,-0.434758,-1.670038
32.375000,0.469337,1.397675,-0.729169
32.380000,-1.894478,0.131523,1.343121
32.385000,-1.374573,-0.319939,-0.787172
32.390000,-0.089207,-0.823726,-1.965909
32.395000,0.129556,2.409271,-1.748630
32.400000,-1.639963,-0.599047,0.778869
32.405000,1.042722,-0.876616,1.903594
32.410000,-1.674231,0.524405,-0.492056
32.415000,-1.728359,-0.678234,-1.203622
32.420000,-0.918646,0.982637,-1.814299
32.425000,-1.503577,0.691458,1.048308
32.430000,0.622821,-0.171037,1.153490
32.435000,0.192155,1.156218,-0.492641
32.440000,0.186627,0.306673,-1.006652
32.445000,-0.610022,0.954393,1.443310
32.450000,2.239093,0.188185,0.621664
32.455000,0.606178,0.696754,-1.153083
32.460000,-0.286506,1.470918,1.140077
32.465000,0.253890,-1.402873,-0.124346
32.470000,0.418798,0.231775,-0.377448
32.475000,-1.113328,-0.764078,0.976371
32.480000,-0.108140,0.579985,-0.591992
32.485000,-0.056156,0.217293,0.964394
32.490000,0.731279,-0.251086,-1.121028
32.495000,-0.839801,0.262183,-0.666871
32.500000,-0.051510,0.682863,0.310126
32.505000,0.906088,-0.765576,1.340205
32.510000,-1.896144,1.268027,0.716537
32.515000,0.168970,-2.649376,0.158525
32.520000,1.113741,1.750846,-0.259696
32.525000,-0.558340,-1.055991,0.881330
32.530000,1.386683,0.447610,-2.032751
32.535000,-1.562352,0.434821,1.216281
32.540000,0.235113,-0.801495,-1.227969
32.545000,-0.163875,-0.437707,1.609556
32.550000,-1.072383,-0.109369,-1.155163
32.555000,1.646366,-1.048310,-0.388209
32.560000,0.306968,-1.261574,0.248533
32.565000,-0.806243,-0.068165,-0.656455
32.570000,0.950751,0.274887,1.494137
32.575000,-0.405567,-1.012913,0.234681
32.580000,-0.961831,1.960370,0.535455
32.585000,-0.250287,-0.309427,1.183355
32.590000,1.944484,-0.138754,-0.215261
32.595000,0.369876,0.553644,-1.071542
32.600000,-1.705449,-1.336089,-0.319765
32.605000,-0.169251,1.232727,1.547342
32.610000,-1.423219,-0.820715,0.419295
32.615000,0.336703,0.675089,-1.379216
32.620000,1.210807,-0.453229,1.169368
32.625000,1.312038,0.498843,-0.917907
32.630000,-0.620954,1.341077,-0.273959
32.635000,-0.943085,-0.720767,0.474023
32.640000,0.943891,0.521970,0.241109
32.645000,0.379899,0.622076,-0.503705
32.650000,-0.035403,-1.319574,-0.420409
32.655000,-1.870156,0.096977,-2.161131
32.660000,-0.312396,1.587504,0.510303
32.665000,0.043058,2.227583,1.581956
32.670000,-0.860623,0.444227,0.117146
32.675000,-1.201634,0.853232,0.565497
32.680000,-2.169320,1.681729,0.194046
32.685000,-0.621766,-0.977030,1.001085
32.690000,1.665412,-0.073473,-0.839668
32.695000,-0.400438,-0.807051,-0.604840
32.700000,-0.414824,-0.138952,0.381709
32.705000,1.280047,-0.614461,-0.812825
32.710000,0.707968,1.159829,0.054055
32.715000,0.015233,-1.876628,-0.205394
32.720000,-0.852049,0.682920,0.552518
32.725000,-0.284845,-0.084169,-1.599553
32.730000,0.181102,-1.303913,0.212455
32.735000,0.176373,-0.647439,-1.178992
32.740000,-0.887525,-0.275322,-1.428242
32.745000,-0.053228,0.935434,1.136084
32.750000,-0.284556,-0.483568,-0.199995
32.755000,-1.062278,-3.091740,0.453212
32.760000,-2.015343,0.151673,1.454086
32.765000,0.212270,-1.435986,0.354659
32.770000,-1.532436,0.570579,0.742095
32.775000,-0.228834,-1.032746,-0.877429
32.780000,-0.693533,0.969244,2.099399
32.785000,0.036443,0.359478,0.427044
32.790000,-0.140294,1.173796,-0.129186
32.795000,1.337830,0.663724,-0.096787
32.800000,-0.960789,-1.097456,0.381958
32.805000,-1.483339,1.170746,-0.733613
32.810000,0.084568,-0.090989,-0.730286
32.815000,1.174903,1.400789,-2.463880
32.820000,0.910640,-0.829061,1.209232
32.825000,1.760365,0.339431,0.452040
32.830000,-1.842141,-0.432224,0.327326
32.835000,1.305261,-0.112166,0.682618
32.840000,0.182281,1.051064,-1.459903
32.845000,0.473417,1.884672,-0.602367
32.850000,1.373689,-1.984005,-0.548295
32.855000,-0.577141,1.155163,-0.772244
32.860000,1.245139,0.052355,0.455185
32.865000,0.625936,0.337300,-1.780409
32.870000,0.714223,0.342082,-1.159995
32.875000,-0.530294,-0.413317,0.293097
32.880000,0.322018,-0.487372,1.190062
32.885000,0.573354,0.981752,-0.648893
32.890000,1.335444,1.526818,-0.649658
32.895000,-0.915883,0.544004,-1.741843
32.900000,-3.229652,0.071138,0.550933
32.905000,1.000685,-0.417218,0.826309
32.910000,-0.421296,-0.123344,1.018663
32.915000,0.259872,-0.214502,-1.389728
32.920000,-0.989455,0.886780,0.460803
32.925000,-0.158988,-0.241317,-0.900718
32.930000,0.352707,0.238337,-0.668924
32.935000,-0.529065,-0.876990,0.771323
32.940000,1.130213,-0.195541,1.553107
32.945000,-0.327348,-0.431513,0.942632
32.950000,-0.205111,-1.492561,0.106199
32.955000,0.476529,-0.524433,0.638922
32.960000,-0.306679,0.975391,-0.899203
32.965000,0.764697,1.126260,0.009281
32.970000,2.436601,-1.551026,-0.362741
32.975000,-0.332979,-0.717739,-2.082310
32.980000,0.225459,2.651692,-1.205523
32.985000,-1.142653,0.769204,0.268499
32.990000,-0.037540,-0.974498,0.693945
32.995000,0.137695,0.066716,-0.963752
33.000000,0.397597,-1.427812,-0.954354
33.005000,-0.083606,0.198051,-0.870347
33.010000,0.641694,0.201656,1.176629
33.015000,-1.194370,-0.339656,-1.062573
33.020000,-0.111496,1.357877,0.779695
33.025000,1.050211,2.111786,-0.552966
33.030000,0.828883,-0.403464,-0.949473
33.035000,-0.022990,-1.685717,1.831902
33.040000,0.952963,0.130951,-1.819906
33.045000,0.335186,0.748652,-1.247420
33.050000,0.884025,0.733239,0.705564
33.055000,0.291682,-1.649923,1.400887
33.060000,-0.938934,-1.358339,-1.189979
33.065000,-1.687515,-0.362651,-1.733810
33.070000,0.494849,-0.654008,-1.957955
33.075000,-0.942558,-1.471558,0.886033
33.080000,-0.990122,-0.667986,-0.100474
33.085000,-1.469906,-0.033729,1.407614
33.090000,1.100705,-0.035040,-1.671541
33.095000,1.360196,-0.828531,-2.021144
33.100000,1.665539,-1.127775,1.718763
33.105000,0.687011,-0.770643,0.358390
33.110000,1.071087,-0.770042,0.734298
33.115000,-0.514553,-1.464012,1.063382
33.120000,0.152540,-0.050896,-1.412640
33.125000,-0.408462,-0.337123,-0.497956
33.130000,1.098770,-0.553567,0.978048
33.135000,-0.936605,-2.260159,-1.219045
33.140000,0.630724,-0.265975,-1.202318
33.145000,0.609596,-2.065214,-1.013765
33.150000,2.861292,0.660959,-1.348484
33.155000,-1.327110,-0.305677,-1.173948
33.160000,-1.551876,1.190378,-0.257843
33.165000,0.081306,0.345626,1.439473
33.170000,1.352706,1.219110,-1.603665
33.175000,0.330651,-1.384714,-2.503943
33.180000,-1.364965,-0.271291,1.331388
33.185000,1.342473,1.160751,1.572513
33.190000,-0.481209,-0.789889,1.792015
33.195000,-0.158111,-1.470675,1.381777
33.200000,-0.961494,-0.443802,-0.232373
33.205000,-0.828487,-0.232495,0.143274
33.210000,-1.192921,-0.373038,-0.463019
33.215000,1.621998,-0.563650,-1.584637
33.220000,0.385532,0.154633,0.337127
33.225000,-0.609457,-1.102660,0.456329
33.230000,-1.705409,0.340376,-1.417054
33.235000,-1.897159,-1.398271,-1.189834
33.240000,0.350696,0.440190,-1.594170
33.245000,1.047345,0.901872,-0.003387
33.250000,-1.717081,-1.100096,-0.729424
33.255000,-1.173736,0.299939,-0.357219
33.260000,0.235240,-0.001384,-1.456188
33.265000,-0.546809,1.466162,1.588196
33.270000,0.634916,1.080667,-1.379223
33.275000,0.495664,-1.808476,1.587076
33.280000,-0.263158,-1.316226,-0.038914
33.285000,1.369514,1.135006,1.106073
33.290000,1.868465,0.753044,-2.320231
33.295000,-0.932156,-0.185700,-1.384822
33.300000,-0.254554,0.885791,1.626499
33.305000,1.846673,1.666104,1.574503
33.310000,-0.668743,1.030182,0.714307
33.315000,-0.470611,-0.973524,-2.411792
33.320000,-0.311345,1.102913,-0.682663
33.325000,-0.420982,1.948047,1.804410
33.330000,0.046167,-0.217121,-0.445806
33.335000,-1.538771,-0.393627,-0.349283
33.340000,0.654027,0.444361,1.524142
33.345000,1.178589,-1.359050,0.586926
33.350000,0.760832,0.299875,-0.599877
33.355000,-0.317896,0.648276,0.996101
33.360000,0.322081,-0.860704,-1.214571
33.365000,-1.052068,-0.064828,-1.864615
33.370000,2.158581,0.620866,-0.526160
33.375000,-0.667696,0.874110,-1.868782
33.380000,0.381152,-0.803495,0.944042
33.385000,0.631795,-0.853302,-0.734625
33.390000,0.103217,0.004139,-0.623436
33.395000,0.008378,0.440158,0.057573
33.400000,1.023677,0.853491,-0.301558
33.405000,-0.298648,1.934444,2.069329
33.410000,1.112312,-0.135683,-0.951571
33.415000,-0.371900,-0.363837,-0.239769
33.420000,-0.354937,0.926805,0.239254
33.425000,0.277683,-0.613563,0.479063
33.430000,1.040558,1.227947,0.861110
33.435000,-0.236602,-0.723001,-0.602825
33.440000,-0.693391,-1.093297,-0.600689
33.445000,-0.557711,2.756205,0.913878
33.450000,1.269624,0.277884,0.741937
33.455000,-1.066653,0.804687,0.007908
33.460000,1.134836,-0.811053,1.362552
33.465000,0.127884,-0.531213,0.505696
33.470000,-0.804614,1.199939,-0.273709
33.475000,0.003721,-0.823837,-1.809174
33.480000,-0.528066,0.785972,0.184114
33.485000,1.275250,0.252522,-0.558006
33.490000,-1.084366,-0.734658,-1.143349
33.495000,0.250466,0.359351,-0.708797
33.500000,0.821920,-1.662429,0.465308
33.505000,-0.391640,0.049564,1.239119
33.510000,-0.954938,0.978525,-1.284555
33.515000,0.192666,-0.790336,-1.728822
33.520000,-0.722178,-0.827663,2.220448
33.525000,-0.523722,1.778143,-0.852794
33.530000,1.956079,0.950373,-0.271584
33.535000,0.330257,-0.233430,0.939049
33.540000,0.139739,-2.420695,1.185775
33.545000,-0.333523,0.632034,1.174683
33.550000,-0.634544,-0.523666,0.221748
33.555000,-3.047813,-0.370840,0.745225
33.560000,0.117284,0.046534,0.802107
33.565000,0.874963,-1.371569,-0.736143
33.570000,1.634065,-0.496630,-0.813473
33.575000,-1.621020,-0.756810,-0.331144
33.580000,1.676799,0.372427,0.250933
33.585000,3.062271,0.688667,-0.474416
33.590000,-0.456153,0.022857,-0.490619
33.595000,-1.304943,-0.417019,-1.587223
33.600000,0.041702,1.441558,0.445765
33.605000,-0.196808,-0.990652,1.373002
33.610000,-0.431044,-0.287653,0.727693
33.615000,0.192606,-0.276777,-0.336285
33.620000,1.408796,-0.686640,-0.059475
33.625000,0.225738,-0.492281,-0.862856
33.630000,0.778211,-1.229625,0.326791
33.635000,-1.326346,-0.731723,-0.801313
33.640000,-0.977689,-1.596000,1.832059
33.645000,-0.327927,-1.500392,1.208466
33.650000,0.208066,-0.982488,0.079750
33.655000,-0.138177,-0.409700,0.140312
33.660000,-1.457574,1.576339,-2.073866
33.665000,0.060065,0.200792,0.313198
33.670000,0.931522,0.462325,-1.192392
33.675000,0.017111,-1.489040,-0.050255
33.680000,-0.812354,1.933421,-1.130810
33.685000,1.203008,0.324717,-1.237493
33.690000,0.295810,2.038553,-0.532406
33.695000,-0.552535,-1.055685,-0.096350
33.700000,-1.348403,0.177788,-0.118961
33.705000,0.540164,0.527527,-1.320376
33.710000,-0.103791,0.904312,0.569788
33.715000,0.622512,1.683913,-1.209500
33.720000,-0.515560,1.475701,-0.817544
33.725000,-0.328438,3.014089,0.078460
33.730000,-1.254818,2.067891,-0.782761
33.735000,-0.766016,0.916932,-0.237674
33.740000,-0.343412,-0.746480,0.140276
33.745000,1.419420,-1.424526,-0.431760
33.750000,-0.549070,0.639299,-0.170547
33.755000,-0.360714,-1.258406,-0.649349
33.760000,1.180304,0.122494,1.124772
33.765000,1.322973,-0.453098,-0.016101
33.770000,2.181649,0.492204,1.321536
33.775000,-0.109965,-0.555856,1.380805
33.780000,-1.254047,0.180846,0.690993
33.785000,1.381053,-1.458602,0.318214
33.790000,-0.186783,-1.498247,-1.183832
33.795000,-2.279149,-0.814189,1.162336
33.800000,-0.449344,0.192050,1.006474
33.805000,-2.501338,1.091313,1.036511
33.810000,0.053940,1.139984,-0.078351
33.815000,-0.361825,-1.059888,1.759139
33.820000,0.264713,0.605173,0.459026
33.825000,-0.075987,1.820895,-0.772739
33.830000,-0.101823,1.202604,1.425640
33.835000,-0.367077,-1.020471,1.431478
33.840000,0.504626,-0.123531,0.872715
33.845000,0.918801,1.122735,1.276418
33.850000,0.225611,-0.703660,-1.552617
33.855000,-1.908545,-0.005064,0.063782
33.860000,-1.249995,0.158144,1.032051
33.865000,0.530180,0.630137,-0.781776
33.870000,0.272494,0.831614,0.559217
33.875000,-0.393390,-0.497064,-0.402919
33.880000,-0.637078,-1.154861,0.230492
33.885000,0.322801,0.504490,2.300668
33.890000,-0.725709,1.184918,0.927531
33.895000,-0.451812,-1.014653,-1.278273
33.900000,0.012592,-0.227655,-1.022928
33.905000,-2.428803,0.282815,1.276734
33.910000,-0.373560,-0.358962,-1.044999
33.915000,0.307249,0.815725,1.123395
33.920000,1.259454,-0.572123,-0.215303
33.925000,1.618804,2.063326,0.286918
33.930000,-0.929366,0.938100,-0.818473
33.935000,-0.889942,0.472087,0.147531
33.940000,0.876422,-1.591399,-0.665985
33.945000,-0.514445,1.357059,1.269984
33.950000,0.391996,0.649734,0.080895
33.955000,-1.883327,-0.353977,-1.319436
33.960000,-0.871634,-1.130473,-1.043023
33.965000,0.837151,0.902903,1.894582
33.970000,-1.703045,-0.397852,0.290700
33.975000,0.606155,1.454583,0.193611
33.980000,0.503930,-0.773671,0.079842
33.985000,-1.543360,1.410691,2.154041
33.990000,2.979268,-0.519401,0.451331
33.995000,-1.621599,1.135659,0.026650
34.000000,1.817532,-0.748515,-0.044214
34.005000,1.685405,1.944064,-0.415205
34.010000,1.538287,1.071948,-1.524630
34.015000,0.026793,-0.700084,-0.475849
34.020000,-0.281288,0.958686,0.098046
34.025000,1.308127,0.248726,0.619400
34.030000,2.343490,0.800535,0.087778
34.035000,-0.808875,-0.578378,0.162615
34.040000,-0.896289,-1.563392,-0.184982
34.045000,0.584418,-1.044579,-0.080496
34.050000,-0.353727,0.214799,1.139228
34.055000,-0.035157,-0.478986,-1.441050
34.060000,-0.528415,0.211420,-2.161391
34.065000,-0.128660,-0.240936,1.328373
34.070000,-0.026869,-0.276748,-0.035216
34.075000,-1.335453,0.240240,-1.433073
34.080000,0.888391,-1.175250,-0.570962
34.085000,-0.137253,0.742099,2.005262
34.090000,1.583296,0.600188,2.168250
34.095000,-1.071339,-0.332921,-1.954508
34.100000,-1.541460,0.625527,0.658203
34.105000,-0.216131,0.036978,0.749633
34.110000,1.341042,-0.048880,0.907381
34.115000,-0.502359,-2.088064,1.100867
34.120000,-0.633888,-0.532170,-1.612450
34.125000,0.697696,1.415951,0.318984
34.130000,-0.152768,-0.722555,-0.424681
34.135000,1.032971,-2.527471,-1.259321
34.140000,-1.148685,-0.430435,-0.421427
34.145000,-0.441741,-1.990222,0.514275
34.150000,1.872229,-0.783095,-1.986345
34.155000,-0.331871,0.751445,-2.651491
34.160000,0.543546,1.707727,0.481754
34.165000,0.350075,0.172459,0.733099
34.170000,0.724192,-0.603771,1.304644
34.175000,1.325601,-2.419745,-0.611862
34.180000,-0.105482,-0.439306,-0.180531
34.185000,-0.210879,0.865992,1.311695
34.190000,0.505519,2.252506,1.254803
34.195000,-2.373653,-0.291362,-1.390358
34.200000,-1.955748,0.667112,-0.117690
34.205000,0.424501,0.835760,0.232026
34.210000,0.518397,-0.083463,-0.102679
34.215000,-1.284841,2.753920,-0.026103
34.220000,0.861528,0.321844,-0.591997
34.225000,-0.656899,1.134554,2.054817
34.230000,0.616953,0.359958,-1.780849
34.235000,0.577673,-2.336606,-1.051332
34.240000,-1.820579,0.315583,-0.275078
34.245000,0.364747,-0.630966,0.624448
34.250000,1.098886,-0.072626,0.849724
34.255000,-0.477915,-1.753335,0.122218
34.260000,0.745471,0.770953,1.815703
34.265000,0.597310,-0.657413,0.418770
34.270000,1.182691,1.908816,-0.931531
34.275000,-0.254689,0.424003,-0.852714
34.280000,0.817716,-0.857664,0.071395
34.285000,-0.223986,1.141014,0.479261
34.290000,0.076458,-0.704614,-0.624630
34.295000,-1.060284,-0.982329,0.086699
34.300000,1.330022,-1.499155,1.198557
34.305000,-2.003033,-0.694706,-0.195957
34.310000,0.705922,-1.298164,0.740045
34.315000,-1.660439,-1.372829,-0.399595
34.320000,-0.481354,0.030259,-0.379379
34.325000,-0.439075,0.690257,1.124909
34.330000,1.630727,-1.900000,-0.720256
34.335000,-0.874048,1.321840,0.163970
34.340000,0.445107,-0.471081,1.180053
34.345000,0.078076,1.318045,1.520800
34.350000,0.889600,-0.279477,-1.492410
34.355000,-0.680870,-0.241435,0.335358
34.360000,0.079552,0.818615,-0.712847
34.365000,0.749257,0.448923,0.175564
34.370000,0.422840,0.757456,-0.133662
34.375000,0.924018,-2.282460,-1.918220
34.380000,0.033068,-0.752504,2.280298
34.385000,-0.502889,-0.059396,0.673477
34.390000,-1.022508,1.822810,0.364629
34.395000,0.300250,-1.940400,0.042824
34.400000,0.059088,0.336398,0.975093
34.405000,1.317890,0.465570,0.798280
34.410000,0.590933,-0.133561,-1.411760
34.415000,-1.062048,0.806489,-1.652101
34.420000,-0.087632,-0.628597,-0.059723
34.425000,1.321915,-0.297664,0.802789
34.430000,-0.839927,0.499683,-0.202624
34.435000,-0.350795,2.223078,0.994100
34.440000,-1.252409,1.735040,-0.914010
34.445000,0.204627,-0.777706,-0.874493
34.450000,-1.217012,-0.183641,-0.034709
34.455000,-1.434230,-1.042862,-1.046752
34.460000,-0.508504,-0.852200,-0.696754
34.465000,1.075499,0.876836,-0.647136
34.470000,0.586748,-0.601653,-1.303261
34.475000,-0.440242,0.776995,0.943230
34.480000,-0.177655,-1.425146,0.065428
34.485000,-0.681913,0.011114,0.660914
34.490000,1.464328,-0.957779,0.460330
34.495000,1.560390,-1.306032,-0.602802
34.500000,-0.502566,-2.213196,-0.903206
34.505000,-1.190686,-0.143809,-0.176565
34.510000,-1.001476,0.771819,-0.725034
34.515000,0.943204,-0.814974,0.628397
34.520000,0.008228,1.392975,1.671005
34.525000,0.085669,0.496418,0.959214
34.530000,-0.611097,-0.080486,-1.216909
34.535000,-0.350196,-0.078667,-0.322856
34.540000,-0.413036,0.703866,-1.288586
34.545000,-1.351481,2.023539,-0.531356
34.550000,-1.739537,1.697744,-0.827150
34.555000,-1.395547,0.137698,0.713780
34.560000,-0.305259,-0.074615,0.239613
34.565000,0.755550,-0.175282,-0.464833
34.570000,2.319043,1.040064,2.098425
34.575000,0.063323,0.031478,0.549959
34.580000,-0.223633,0.404495,-1.023806
34.585000,-0.785289,0.439804,0.658466
34.590000,0.278803,1.172541,-0.876781
34.595000,-0.250427,1.059816,-1.398505
34.600000,-0.523739,0.442485,0.728673
34.605000,-0.654757,0.503854,1.696263
34.610000,0.720264,1.348773,-0.069619
34.615000,-1.152152,0.538931,-0.661398
34.620000,0.107118,1.895816,-0.329287
34.625000,-0.376943,1.023513,0.491874
34.630000,0.401975,0.040172,-0.824503
34.635000,0.648650,-1.146037,0.281908
34.640000,0.284749,-0.587394,-0.202253
34.645000,-0.398363,0.080282,1.692439
34.650000,-1.017309,0.828000,2.813460
34.655000,-0.009741,-0.394857,0.473449
34.660000,-0.604660,3.415347,0.914763
34.665000,-0.068606,-0.560083,-1.116766
34.670000,1.334353,-0.687785,-0.171175
34.675000,-0.269978,-0.674373,0.244652
34.680000,0.603529,1.048760,0.247902
34.685000,1.267658,-0.415603,-0.755671
34.690000,0.398830,-0.958651,-0.840486
34.695000,-0.801048,-1.063068,-0.668525
34.700000,-0.158222,-0.991096,0.347411
34.705000,0.233233,-0.196594,0.753931
34.710000,0.993592,-1.337775,1.036785
34.715000,0.013240,-1.710981,0.777995
34.720000,-0.832596,1.354542,1.576602
34.725000,-0.829734,-0.858050,0.305255
34.730000,-0.859640,-0.926655,1.905469
34.735000,-1.049465,-0.117851,-0.554749
34.740000,0.285924,-0.056617,0.677910
34.745000,-1.701029,1.415085,0.264173
34.750000,0.969560,1.608290,-0.279249
34.755000,1.335329,1.775822,0.364495
34.760000,-1.966391,-1.789989,-0.545367
34.765000,-0.244540,-0.100112,-1.318708
34.770000,0.280917,1.835253,0.269633
34.775000,-1.263294,0.748789,1.469561
34.780000,-0.129183,0.487453,0.969176
34.785000,-0.710847,1.826531,1.525421
34.790000,1.113777,-0.417363,-0.944658
34.795000,0.799735,0.409480,-1.210285
34.800000,1.460320,0.157497,0.444264
34.805000,-0.749688,-0.173111,-0.187585
34.810000,1.529274,0.705920,-0.888535
34.815000,-0.034567,-1.562488,-0.293813
34.820000,0.242693,0.426727,-1.153722
34.825000,0.564165,-0.386718,-0.248948
34.830000,-1.184481,0.173951,0.319896
34.835000,-0.917931,-1.443976,-1.185668
34.840000,1.319880,0.296415,1.280747
34.845000,0.040106,2.308829,0.398987
34.850000,-0.465424,0.243973,-0.286466
34.855000,-1.413954,-0.111824,-0.889073
34.860000,-0.197459,-0.165803,0.929062
34.865000,0.617704,0.621634,0.992719
34.870000,1.237239,0.009418,0.569771
34.875000,-0.175286,-0.705883,0.231144
34.880000,-0.003247,0.501482,1.261607
34.885000,1.039816,0.553692,-0.096752
34.890000,-1.348764,-0.986919,-0.168865
34.895000,-0.375173,0.945238,-0.186771
34.900000,-1.081843,-0.936214,-0.581871
34.905000,-0.620348,0.355335,0.194847
34.910000,0.621424,0.747285,-0.703536
34.915000,-0.573993,-1.866664,-0.145432
34.920000,0.993380,-1.681944,0.594677
34.925000,1.396827,-0.179299,-0.697566
34.930000,0.859384,-1.078631,-0.383048
34.935000,-2.200841,-0.397357,-0.329396
34.940000,0.310570,-1.090498,-0.339885
34.945000,-1.859465,0.778999,-0.253093
34.950000,-0.113662,-0.774632,-2.138040
34.955000,-0.914284,-1.073825,-1.425037
34.960000,0.261829,-1.898257,0.679495
34.965000,-1.697470,0.519943,0.699954
34.970000,-0.511114,0.447172,1.715357
34.975000,0.140718,-0.913023,-1.187110
34.980000,-1.752219,0.202838,-2.271705
34.985000,1.099037,0.148172,0.904563
34.990000,-0.718501,0.540992,-1.097886
34.995000,0.237993,1.115975,0.874478
35.000000,1.340885,-1.968341,-0.367863
35.005000,1.337894,-1.177470,0.345252
35.010000,-1.098033,-0.131368,0.745974
35.015000,-2.923310,-0.623993,0.426269
35.020000,-1.580727,0.015473,-0.318909
35.025000,1.573553,0.683037,2.034572
35.030000,0.549688,1.359940,-1.392337
35.035000,-0.150360,-1.193239,1.389918
35.040000,-0.518978,0.105180,1.397494
35.045000,0.049931,3.294407,1.074539
35.050000,0.065051,-0.366997,-0.597001
35.055000,-0.814958,-1.584047,-0.409272
35.060000,-0.927439,2.123532,-0.591232
35.065000,-1.595737,-1.079789,1.632365
35.070000,-2.274149,0.683293,1.145194
35.075000,-1.727986,-1.560105,-0.910991
35.080000,-0.138879,-0.854389,-2.618709
35.085000,-2.603294,-0.756534,-0.117660
35.090000,1.018316,0.500143,-3.149043
35.095000,-0.004916,1.378645,-1.117224
35.100000,0.069898,-1.293231,-0.682271
35.105000,1.010063,-0.427112,0.860501
35.110000,0.499667,1.397777,-1.105278
35.115000,0.961419,-0.560845,-2.164406
35.120000,-0.495057,-0.001344,-2.003544
35.125000,0.833881,-0.017377,1.486371
35.130000,0.726562,0.862387,-0.669171
35.135000,-0.500668,-0.446871,1.015721
35.140000,-1.209039,2.278512,-0.208527
35.145000,0.001957,1.656360,0.555361
35.150000,0.705863,0.437044,-0.450007
35.155000,0.980840,-0.208924,-0.098298
35.160000,0.249342,0.883867,1.151345
35.165000,0.473855,0.995144,0.494352
35.170000,-0.641529,-0.049897,0.893318
35.175000,0.856634,-2.212189,-1.711460
35.180000,-1.360188,-0.474903,-0.635991
35.185000,1.409943,1.031929,1.618389
35.190000,1.873792,-0.300428,-1.095285
35.195000,-1.350518,0.980387,0.014685
35.200000,0.342222,-0.732185,-1.377557
35.205000,0.487573,1.015990,-0.248151
35.210000,0.498840,1.301646,-1.321105
35.215000,0.199284,0.356672,-0.883239
35.220000,-1.578614,-0.467317,-1.190668
35.225000,0.326776,0.210410,0.380802
35.230000,-0.689359,0.706352,1.409841
35.235000,-0.849495,-1.651487,0.643608
35.240000,-1.256738,-1.295337,0.227431
35.245000,-0.904249,-0.198340,0.147546
35.250000,0.795978,-0.467010,-0.290316
35.255000,-0.259053,-0.668132,0.627294
35.260000,-1.509257,-0.424820,-0.142312
35.265000,-0.612238,-1.021491,-0.923346
35.270000,-1.254027,-1.341583,1.321285
35.275000,0.202470,-0.391291,-1.260992
35.280000,-0.693066,-1.591296,-1.293218
35.285000,2.640801,0.411196,1.934913
35.290000,1.241270,-0.884464,0.791588
35.295000,-0.151578,-1.009243,-0.766483
35.300000,1.976463,0.150281,-0.419287
35.305000,0.813588,1.021945,0.439344
35.310000,1.883628,0.908057,0.826182
35.315000,1.422691,-2.169899,2.448477
35.320000,0.378673,-0.690467,1.298836
35.325000,-1.758069,-0.633012,0.010189
35.330000,-1.227530,-2.026550,-0.613415
35.335000,-1.399504,-2.079262,-0.558182
35.340000,-1.132428,1.330727,1.669317
35.345000,-0.725281,-0.995378,0.716911
35.350000,-1.209280,-0.549344,0.693928
35.355000,0.135640,-0.422919,-0.013897
35.360000,0.478529,0.490311,-0.264982
35.365000,0.396285,0.617807,2.260035
35.370000,-0.317296,-0.679674,0.409812
35.375000,0.643657,1.076899,-0.711844
35.380000,-0.643254,1.782289,0.824942
35.385000,-0.042141,-1.313369,1.092018
35.390000,0.299676,0.058129,0.510659
35.395000,0.639775,-0.858897,-1.407859
35.400000,0.656994,-0.311429,0.956621
35.405000,2.571693,0.850315,-0.294646
35.410000,-0.366414,0.173093,2.440687
35.415000,0.483061,-0.866420,-0.511296
35.420000,-0.714735,-0.549001,-1.145411
35.425000,-0.897888,-0.447318,-0.351191
35.430000,1.113387,0.253510,0.250153
35.435000,-0.603624,-1.658086,0.545585
35.440000,1.357393,-0.020788,-1.129229
35.445000,1.048053,-0.407295,2.360766
35.450000,-1.140215,-0.136172,0.955017
35.455000,-0.358613,-1.387825,-1.169807
35.460000,0.212494,-1.293173,0.544676
35.465000,0.511364,1.619282,-0.793888
35.470000,0.262480,0.970393,0.760822
35.475000,1.010680,-0.207646,-0.018032
35.480000,-2.483133,-0.441181,-0.501211
35.485000,1.636728,0.138956,1.376327
35.490000,2.156073,0.021954,-0.307071
35.495000,1.636978,0.351011,1.369326
35.500000,-1.437922,0.280355,-1.916657
35.505000,1.091577,1.287338,-0.478264
35.510000,1.591742,1.002647,-0.678117
35.515000,0.619061,-1.247461,-1.089536
35.520000,0.298473,-1.203497,0.093274
35.525000,0.964515,1.200339,1.176058
35.530000,1.187067,-1.896719,-0.627710
35.535000,-0.223955,0.362464,-0.676512
35.540000,-0.549058,-0.303139,-0.688918
35.545000,-0.435614,1.313035,1.554109
35.550000,0.010463,0.738262,1.309433
35.555000,0.785358,0.712453,0.890786
35.560000,-0.014379,-0.284246,0.284332
35.565000,-0.581061,1.483278,0.512267
35.570000,0.222332,1.287331,-0.241773
35.575000,0.257513,1.454936,1.832082
35.580000,-0.116756,-0.884294,1.615409
35.585000,-0.391507,0.227248,-0.443016
35.590000,-1.238138,-0.419505,-0.155209
35.595000,-0.010188,-0.874575,1.189451
35.600000,-0.137916,-0.372514,0.004030
35.605000,1.016562,-0.492611,1.292125
35.610000,2.550641,-1.352660,-1.567817
35.615000,-0.764063,0.078601,-0.644400
35.620000,0.054766,-0.006176,-0.069014
35.625000,1.840659,0.094746,1.621731
35.630000,-0.672931,1.030797,-0.090022
35.635000,-0.868884,-1.492146,-1.623618
35.640000,-1.334812,-1.933414,0.898746
35.645000,-0.124712,1.960708,-0.332905
35.650000,0.320631,-0.898195,0.449951
35.655000,0.668674,-0.065954,-1.915864
35.660000,-1.580824,1.463036,0.488366
35.665000,-0.752505,0.768504,-0.425658
35.670000,-0.003084,-1.565818,0.471161
35.675000,1.627762,-0.786943,0.555925
35.680000,0.075311,-0.825623,-0.007973
35.685000,1.255479,1.559695,-0.284874
35.690000,0.569776,-0.234604,-0.104142
35.695000,1.268417,-1.430946,0.568020
35.700000,-1.261615,0.994324,1.259729
35.705000,0.127856,-1.433388,0.593796
35.710000,1.637110,0.274465,0.608359
35.715000,-1.898170,0.802173,-1.016666
35.720000,-0.298742,-0.692418,0.163785
35.725000,-1.783020,0.937373,-1.409191
35.730000,-1.496492,0.235228,0.881513
35.735000,0.077617,-1.181665,0.009240
35.740000,-0.058464,2.197058,1.096342
35.745000,0.782942,-0.676843,-0.486243
35.750000,0.145535,1.817318,0.429057
35.755000,-1.381579,1.046714,-2.007784
35.760000,-2.177713,0.529057,-0.091060
35.765000,-0.216543,0.003706,0.887205
35.770000,2.110389,0.895510,0.308758
35.775000,-1.938733,-1.539010,-1.557827
35.780000,0.867261,0.646436,0.403450
35.785000,0.274782,-0.959010,0.711067
35.790000,0.479091,-0.000988,-0.398721
35.795000,-0.373617,0.275492,-1.216650
35.800000,0.465840,-1.005015,0.504486
35.805000,0.761188,0.776757,0.398198
35.810000,0.026124,1.698732,-1.957059
35.815000,0.213225,0.714524,0.330738
35.820000,-1.042866,0.400476,0.316794
35.825000,0.265632,0.834803,-0.173533
35.830000,-0.375058,0.535765,-0.357115
35.835000,0.646352,1.149765,-1.330216
35.840000,-0.869826,-0.375577,0.423886
35.845000,0.212179,-0.877918,-1.758192
35.850000,0.182870,1.987720,-0.346491
35.855000,-0.217199,-0.875340,-0.926876
35.860000,0.315548,-0.720791,-0.273753
35.865000,0.042459,0.594570,1.617255
35.870000,-0.168380,0.187462,1.119519
35.875000,-1.225533,-0.890586,-1.092794
35.880000,-0.427638,-0.729762,-0.667494
35.885000,1.006786,1.529645,1.575319
35.890000,0.542610,0.922254,0.954987
35.895000,0.135738,-0.626849,-0.850516
35.900000,1.119070,0.106258,0.678885
35.905000,0.562721,2.331304,0.070218
35.910000,0.719883,-1.272097,-0.796957
35.915000,-1.077021,-1.305340,-1.349909
35.920000,-0.499150,0.277973,-1.171481
35.925000,0.867242,-0.235017,0.742877
35.930000,0.255310,0.344782,0.675516
35.935000,-0.119286,-0.088132,-0.296252
35.940000,-0.186110,2.309498,0.187880
35.945000,-0.598286,1.824412,-0.926229
35.950000,-0.222734,-0.070522,-0.485283
35.955000,-1.049416,-0.095297,0.078508
35.960000,0.555942,0.211703,-0.025030
35.965000,0.693029,0.934429,-0.214056
35.970000,0.711784,1.215970,-0.662953
35.975000,1.642938,2.142340,0.755923
35.980000,-1.873031,1.915441,2.316466
35.985000,0.704382,-0.104711,1.119239
35.990000,0.878421,0.418310,0.272033
35.995000,0.554093,1.777181,0.722279
36.000000,-0.047753,-0.016522,0.793411
36.005000,1.235274,-0.023773,1.579755
36.010000,-0.763095,0.159892,-0.871739
36.015000,2.156614,-0.618432,-0.316296
36.020000,0.776302,-0.490048,-1.159408
36.025000,1.178750,0.071768,0.302717
36.030000,-0.431876,0.667375,0.354167
36.035000,-0.400084,0.378976,-0.808371
36.040000,-0.549373,-0.250954,-0.083857
36.045000,0.772415,1.798469,0.608155
36.050000,-0.120537,0.921221,-0.154844
36.055000,-0.301157,-1.322760,0.558148
36.060000,0.703919,0.241674,-0.350054
36.065000,-0.079500,2.211096,0.845594
36.070000,2.118829,0.229692,0.817011
36.075000,-0.241667,-0.013691,-1.765800
36.080000,-0.331072,-0.830378,0.506488
36.085000,1.720200,0.740701,0.756375
36.090000,-1.474545,-1.468319,0.480778
36.095000,0.332004,0.588278,0.356944
36.100000,0.499448,0.702660,1.407977
36.105000,1.155443,0.570861,0.071149
36.110000,0.655706,-2.023869,0.993296
36.115000,0.807378,-0.559044,0.101127
36.120000,0.460499,-0.821925,0.354899
36.125000,0.545102,0.335910,0.819658
36.130000,0.976820,0.581471,0.379852
36.135000,-0.282507,-0.742328,-1.729759
36.140000,1.601845,-0.090634,1.890070
36.145000,2.657749,-0.263587,0.364889
36.150000,0.744296,-0.294645,0.295595
36.155000,-0.056535,0.139819,-0.674042
36.160000,0.285033,0.033158,0.486388
36.165000,1.057895,0.077934,0.009580
36.170000,0.819128,-1.997203,1.869846
36.175000,-0.880713,-0.811818,1.161554
36.180000,0.705674,-1.008173,2.251327
36.185000,0.095530,0.765949,2.177903
36.190000,-0.640758,1.999939,0.609452
36.195000,-1.112616,0.619466,-0.317719
36.200000,0.270825,-0.517227,1.303594
36.205000,0.211908,1.606798,0.256027
36.210000,0.875969,-0.418112,-0.050316
36.215000,-0.983290,-1.446677,-0.565722
36.220000,-0.841789,1.290636,-0.489689
36.225000,1.003565,-0.047701,-1.006090
36.230000,0.083986,-1.056319,-1.335602
36.235000,-1.769351,0.392548,-1.096485
36.240000,-0.390033,-0.291704,-0.511189
36.245000,-0.070839,1.554231,1.416718
36.250000,1.028697,-1.304808,0.994081
36.255000,-1.105896,1.118132,-1.819432
36.260000,-1.783274,0.094429,0.826283
36.265000,0.609307,0.593528,0.825684
36.270000,1.323415,1.156444,-1.399414
36.275000,-0.808550,-0.472475,-0.808701
36.280000,-1.145768,-0.718244,-0.465871
36.285000,0.986963,-0.297696,0.775778
36.290000,1.662216,-0.969006,0.520128
36.295000,-1.420699,0.869755,0.791950
36.300000,0.164740,-0.574353,1.879607
36.305000,1.772660,0.172052,2.619832
36.310000,1.408470,-1.344741,1.167687
36.315000,1.543347,-0.003098,-2.267470
36.320000,0.445911,-0.170182,0.173668
36.325000,-0.128433,1.684164,-0.574489
36.330000,-0.713637,-1.541496,0.200902
36.335000,-1.934931,1.143610,-2.728174
36.340000,-0.517041,2.359148,0.176195
36.345000,-0.488537,0.912733,-0.578138
36.350000,0.702900,-0.203767,1.359243
36.355000,-0.038309,0.036759,-1.745168
36.360000,-0.434236,1.476353,-0.820053
36.365000,-1.884637,-0.287324,0.238958
36.370000,-0.671502,-0.166299,0.046541
36.375000,0.767113,-1.547867,-0.602270
36.380000,0.531306,1.398990,0.878055
36.385000,1.698293,0.246632,-1.781387
36.390000,-1.356092,-0.595466,-0.526558
36.395000,1.845044,1.650846,-1.602011
36.400000,0.414054,-1.673041,1.186262
36.405000,-0.376063,0.725310,0.294025
36.410000,-0.957311,-0.048322,-0.085595
36.415000,-1.886179,-1.506179,1.519209
36.420000,-0.568901,-0.591125,0.604284
36.425000,0.146935,1.494448,-1.390420
36.430000,1.874545,-0.006328,0.087268
36.435000,1.022119,0.330889,-2.391979
36.440000,0.702873,1.036133,1.262454
36.445000,0.608225,1.629909,0.441585
36.450000,-0.832948,-0.447319,-0.992002
36.455000,0.119046,-0.632994,-0.574233
36.460000,1.227867,-0.583419,1.146226
36.465000,-1.880262,1.510870,-1.926913
36.470000,-0.661667,0.058886,-0.493251
36.475000,-0.187580,-1.744864,-1.331149
36.480000,-1.358755,0.674910,-0.097477
36.485000,0.539237,0.892030,2.151410
36.490000,0.588176,0.762774,-0.845425
36.495000,-0.777100,0.430393,-1.103319
36.500000,0.381745,-0.007586,-0.364261
36.505000,-0.875208,-0.574249,0.759780
36.510000,-0.636452,0.747355,0.148167
36.515000,0.715862,-3.302707,-1.867551
36.520000,0.385235,0.505865,0.497216
36.525000,-0.931192,0.069820,-0.204864
36.530000,-0.313353,-1.602971,-0.616391
36.535000,-0.674959,0.478723,-0.082474
36.540000,-1.923655,0.407508,1.338956
36.545000,-0.160601,0.488604,1.292464
36.550000,0.108585,-2.055527,0.583352
36.555000,-0.364655,0.636512,-0.744012
36.560000,-0.557497,1.377033,0.036254
36.565000,-0.108475,0.270804,0.894496
36.570000,-0.985955,-0.606348,-2.275369
36.575000,-0.880613,0.217161,-0.028616
36.580000,-0.874775,0.223468,-0.077105
36.585000,0.744150,1.075496,0.050943
36.590000,-1.426131,-0.396026,0.906183
36.595000,0.564627,-1.794025,1.470057
36.600000,0.333350,-1.075004,1.005320
36.605000,0.217957,-0.130173,-0.335352
36.610000,-0.414334,0.213457,-3.087748
36.615000,-0.575670,-0.409117,-0.250511
36.620000,0.273440,-0.258349,0.100315
36.625000,-0.056434,-0.737961,1.290129
36.630000,0.280732,0.246827,-0.402593
36.635000,1.328472,-0.490564,-0.559263
36.640000,-0.839993,1.662918,1.022475
36.645000,0.210665,0.220572,0.793060
36.650000,0.005623,0.981651,0.130580
36.655000,0.225971,-0.999903,0.416887
36.660000,1.375828,0.324413,1.588749
36.665000,0.777215,0.100768,-0.019779
36.670000,-0.945418,-0.162791,-0.318439
36.675000,0.773367,0.307380,0.886095
36.680000,-1.362803,-0.897894,0.529865
36.685000,0.541809,0.261878,1.404849
36.690000,1.421663,2.412950,-0.644963
36.695000,1.610700,-2.014917,-0.154447
36.700000,-0.120086,0.792593,-0.226161
36.705000,2.087904,2.084373,0.355985
36.710000,0.746338,0.671275,-0.427923
36.715000,-0.674321,-0.427094,-1.302655
36.720000,-0.523774,-0.997106,-1.209949
36.725000,1.823599,0.308507,0.554003
36.730000,1.385105,-0.719870,1.190079
36.735000,-1.840968,-0.384027,-0.229883
36.740000,0.457447,-2.545804,1.002197
36.745000,-0.042010,-0.708505,0.246405
36.750000,-0.789635,-0.394446,1.361944
36.755000,0.193688,-1.292079,-1.624705
36.760000,0.581724,0.335165,-0.913698
36.765000,0.394728,0.653937,2.732383
36.770000,0.431459,-1.247548,0.316393
36.775000,0.524336,0.477060,0.326832
36.780000,0.149888,-0.423160,-0.020117
36.785000,0.259449,0.189357,0.411103
36.790000,-0.736168,0.607450,-0.772494
36.795000,0.219786,0.359609,-0.860884
36.800000,-0.444165,0.172084,-1.537773
36.805000,-0.980087,0.532801,-1.331396
36.810000,-1.784747,-0.088421,-0.280485
36.815000,0.823524,-2.104133,-0.453962
36.820000,-1.915951,1.251698,-0.369062
36.825000,2.686234,0.258299,1.056579
36.830000,0.615984,-1.287671,0.028402
36.835000,0.790271,-1.216172,-1.078356
36.840000,-0.207970,0.808337,-0.359111
36.845000,-0.035410,1.000416,-0.077327
36.850000,-0.381724,-1.021728,0.462785
36.855000,-0.461192,0.242339,1.896459
36.860000,0.816666,-0.538003,1.473825
36.865000,-1.127141,-0.036254,1.587633
36.870000,-0.408720,1.360543,-0.553272
36.875000,-2.230457,1.517383,-0.314456
36.880000,0.964807,-0.496348,1.263461
36.885000,-0.637648,-0.504621,-1.761218
36.890000,0.279715,1.529425,0.485352
36.895000,-1.693271,1.869087,0.157796
36.900000,1.125537,-0.570283,-1.314566
36.905000,0.604467,0.730022,0.675128
36.910000,1.084602,0.213473,-1.833288
36.915000,0.023151,-0.855776,1.422404
36.920000,-1.210801,-0.312439,0.943661
36.925000,-1.404897,-0.617680,1.773518
36.930000,-1.615559,0.118775,0.561922
36.935000,-1.247403,-1.093593,0.679962
36.940000,-1.114033,1.401253,-1.072664
36.945000,-0.436192,-0.618245,-0.127527
36.950000,-1.284442,-1.175780,-0.077959
36.955000,0.224511,0.510734,-1.528532
36.960000,0.535863,0.550443,0.698155
36.965000,2.923184,-0.626393,-1.292628
36.970000,-0.028729,1.415890,0.670011
36.975000,-1.066674,-0.584322,0.375302
36.980000,-0.239016,0.220903,-0.371775
36.985000,-0.286323,2.587675,0.265275
36.990000,-0.095811,-0.951835,0.427647
36.995000,0.387872,0.732616,0.813291
37.000000,-0.720738,-1.183497,-0.510483
37.005000,0.153813,1.833518,0.666023
37.010000,0.291753,1.553610,0.842699
37.015000,-0.330999,-0.432067,-0.562092
37.020000,-0.422013,-0.756044,-0.069761
37.025000,-0.519362,0.201387,-1.053572
37.030000,0.301871,1.134025,1.272599
37.035000,-0.679045,-2.235871,-0.804851
37.040000,1.616188,-0.497081,-0.292471
37.045000,1.190729,-1.130145,0.783949
37.050000,-0.195907,-0.161070,-0.316105
37.055000,2.153743,-2.023696,-0.056496
37.060000,-1.309461,1.881152,2.439410
37.065000,0.115301,-0.654755,-0.068469
37.070000,0.147415,-0.967588,0.805402
37.075000,-0.471544,1.388599,-0.438437
37.080000,-0.873567,-1.941415,0.557498
37.085000,-0.239726,0.110545,0.151860
37.090000,0.005222,0.018918,-0.117009
37.095000,-2.272309,-1.779974,-1.158292
37.100000,-0.025055,-0.687120,1.360087
37.105000,0.324588,0.197905,0.406712
37.110000,-0.163802,-0.360468,-2.122109
37.115000,0.611532,-0.814555,-1.290758
37.120000,0.290261,0.524613,0.515036
37.125000,-0.178067,1.342152,0.164128
37.130000,-0.171826,-0.410705,0.564008
37.135000,0.597152,0.279847,0.577503
37.140000,0.912270,0.635669,0.627001
37.145000,-0.661077,-1.040871,-0.738310
37.150000,0.529636,-0.054100,-0.120051
37.155000,-0.792358,-0.994889,-1.402197
37.160000,-0.145535,-0.853580,0.490447
37.165000,0.610128,-1.670002,0.320778
37.170000,0.952010,-0.283150,1.064798
37.175000,-0.202642,-0.680465,-1.100396
37.180000,-0.273667,0.805499,-0.969754
37.185000,0.245408,-0.374772,0.151388
37.190000,0.726292,-1.091411,0.488667
37.195000,-0.268408,-0.000750,0.742915
37.200000,-1.312186,0.212704,1.446115
37.205000,2.396461,-1.781198,-0.330106
37.210000,-0.547549,1.683932,-0.121237
37.215000,-0.021665,-0.833467,0.139171
37.220000,-0.154290,0.940352,0.677574
37.225000,-0.548226,2.478455,-0.429375
37.230000,0.842622,0.196186,-0.204836
37.235000,-0.549500,-0.422483,-1.434870
37.240000,0.258171,1.593456,2.276642
37.245000,-0.076555,0.387906,1.087517
37.250000,-1.272739,1.181742,-1.733067
37.255000,-0.423726,-0.620700,0.542670
37.260000,1.688040,-1.033144,0.287223
37.265000,-0.300791,0.409756,0.960472
37.270000,-0.974429,1.162998,-0.589984
37.275000,-1.641274,0.372310,0.894170
37.280000,-1.017630,-0.217853,0.179546
37.285000,-1.188913,0.506379,-0.635562
37.290000,-0.830561,0.576748,-3.096957
37.295000,1.717022,-1.322248,-0.591528
37.300000,-0.098540,-0.913258,0.467861
37.305000,0.755554,-0.059185,-0.011453
37.310000,-1.173455,-0.071545,0.295165
37.315000,0.425461,-0.351024,-1.574723
37.320000,0.853425,-0.383070,-1.214311
37.325000,0.034824,-2.058985,-1.079348
37.330000,-0.135139,2.206595,0.877706
37.335000,1.024428,0.253286,-1.669882
37.340000,-0.539829,-1.093849,1.090262
37.345000,-0.623727,-0.197763,1.470358
37.350000,-0.807269,1.026745,-1.274103
37.355000,1.037219,-1.010688,-1.507826
37.360000,0.642424,0.153299,1.077331
37.365000,-0.911202,2.058102,0.350238
37.370000,-0.257322,1.724494,-0.666114
37.375000,-0.333007,-0.756286,1.358250
37.380000,-1.403120,-1.907376,1.352688
37.385000,1.506936,1.092949,0.506890
37.390000,-0.271643,0.633097,0.110712
37.395000,-1.349312,0.451039,-1.014127
37.400000,-0.371000,-0.702944,1.958861
37.405000,1.192580,-0.488236,-0.319461
37.410000,0.857407,-1.538989,-0.554527
37.415000,-0.023334,0.335645,-1.002351
37.420000,-0.112368,0.149302,0.906401
37.425000,-0.404074,-0.227592,1.604070
37.430000,0.481894,-0.804971,-1.927818
37.435000,-0.150185,-1.332278,0.429715
37.440000,1.753693,-0.268774,-0.531552
37.445000,-1.590842,1.070790,0.342509
37.450000,-0.784427,0.827477,-1.001246
37.455000,-1.520375,-2.518140,0.627255
37.460000,0.065222,-2.571247,-0.723041
37.465000,-0.345415,-0.985454,0.525541
37.470000,0.783147,-0.920216,0.137427
37.475000,-1.589105,-0.246694,1.450907
37.480000,0.162345,0.403184,0.975075
37.485000,-0.558921,0.724082,0.136402
37.490000,0.028321,-0.489005,-4.955773
37.495000,-0.971131,2.098819,-1.379038
37.500000,2.742111,1.031116,1.009148
37.505000,-0.045947,1.978534,0.445123
37.510000,-0.660403,-1.687348,0.302395
37.515000,-0.432122,-0.324161,-2.126324
37.520000,-0.220204,0.007753,-1.056090
37.525000,1.647593,-0.594672,0.613747
37.530000,-0.582048,-1.664954,-0.203863
37.535000,-0.981551,-0.359164,-1.212767
37.540000,-1.130430,-1.432515,0.610990
37.545000,-0.891339,1.300446,0.713662
37.550000,0.573184,0.746406,0.256242
37.555000,0.263838,-0.931872,-1.314114
37.560000,-0.058376,-0.822684,-0.984394
37.565000,1.373224,-0.230760,1.330108
37.570000,-0.266441,0.258796,-0.713600
37.575000,-1.697735,-0.231328,1.074196
37.580000,0.027104,-0.528711,-2.420699
37.585000,-0.738143,0.898836,-0.992780
37.590000,1.465887,-1.682373,0.584862
37.595000,0.142368,-0.062867,-0.897333
37.600000,1.211161,0.229965,-0.614016
37.605000,1.108046,-1.300392,0.132421
37.610000,0.942426,-1.006720,-1.202210
37.615000,-0.870934,-1.060037,-2.722263
37.620000,0.332906,0.932918,-0.885411
37.625000,-0.363278,0.680226,0.640609
37.630000,1.004904,-0.680533,0.138982
37.635000,-0.660747,0.048756,0.138236
37.640000,-0.218875,0.880246,-0.166373
37.645000,0.967741,1.680982,2.103157
37.650000,-1.240875,1.064754,-1.180183
37.655000,-0.277913,-0.193409,-0.961668
37.660000,1.188851,-0.247655,-2.290600
37.665000,1.143945,-0.734868,1.521303
37.670000,0.948542,0.616023,-1.092094
37.675000,0.288452,-0.012978,-0.249759
37.680000,-1.355186,-0.612462,-0.270659
37.685000,-0.156079,0.355497,-1.489433
37.690000,0.160426,0.274493,-1.754581
37.695000,-0.383819,-1.238064,-0.195024
37.700000,2.052958,0.226810,-1.008424
37.705000,0.359323,1.784608,0.490552
37.710000,1.377840,-0.733856,-0.496253
37.715000,-0.066282,0.414770,-0.171553
37.720000,0.492520,-0.163974,-1.387698
37.725000,-0.338212,2.184479,1.432867
37.730000,-0.593606,0.110214,-1.065582
37.735000,-0.498227,-0.810023,1.367313
37.740000,0.323355,0.253870,1.297434
37.745000,0.510422,0.820165,1.522312
37.750000,1.437974,-1.077992,-2.246805
37.755000,-1.144113,-0.085500,0.300386
37.760000,-0.389221,0.744489,0.413427
37.765000,0.198055,1.339362,1.133043
37.770000,2.517269,1.922169,-0.532553
37.775000,-1.066335,-0.684948,-0.164785
37.780000,-0.122560,-0.631517,-1.333567
37.785000,-1.842067,0.372204,-1.234624
37.790000,1.342869,-2.472631,-0.493079
37.795000,1.196187,0.766800,-0.582144
37.800000,0.283891,0.482984,-0.187750
37.805000,-0.966774,-0.648114,1.087257
37.810000,-0.698934,-0.616340,1.261624
37.815000,-0.114242,0.498705,-0.767932
37.820000,-1.482249,-0.605218,0.643892
37.825000,0.327671,-0.159151,0.085905
37.830000,0.270234,0.325960,-0.955940
37.835000,1.058398,0.025215,-0.565401
37.840000,1.713858,1.943299,0.055519
37.845000,-0.147728,-1.204086,0.288984
37.850000,-0.140985,-0.685811,-1.275156
37.855000,-1.155475,0.381250,-0.364055
37.860000,-0.506568,0.184181,-0.243060
37.865000,0.121993,0.981402,0.684073
37.870000,-0.786938,-0.572481,1.497550
37.875000,-0.423422,-1.382372,-0.872334
37.880000,0.055593,2.193901,-0.722562
37.885000,-0.529286,1.779871,-0.561913
37.890000,0.364419,1.067907,-1.502256
37.895000,0.572220,0.303128,-1.863946
37.900000,0.598060,0.964326,1.187631
37.905000,2.437905,0.523375,0.040842
37.910000,1.994338,-0.303095,-0.347073
37.915000,-2.513090,-0.270831,-1.387670
37.920000,0.171724,0.218155,1.039226
37.925000,-1.017917,-0.179094,-0.601142
37.930000,0.820658,-1.091372,-1.961909
37.935000,-0.188015,-0.359885,-1.190910
37.940000,-0.129547,0.489520,-0.648554
37.945000,-0.457263,-1.322185,-2.021444
37.950000,1.073549,-1.033727,1.041745
37.955000,-1.080999,-0.135766,-1.785652
37.960000,1.311327,-0.818277,0.248090
37.965000,1.085329,-0.715654,0.945958
37.970000,0.427406,1.013073,1.498627
37.975000,-0.093071,-1.422300,-1.193125
37.980000,0.205994,0.479097,1.094891
37.985000,0.251522,0.911881,1.192640
37.990000,-0.060604,-0.537012,-1.494760
37.995000,-0.158698,-0.487872,0.569118
38.000000,-0.592100,0.142853,-1.543340
38.005000,0.911134,0.217010,0.184547
38.010000,0.071584,-0.718592,0.367389
38.015000,-1.253257,0.224680,-1.776673
38.020000,0.293989,0.398804,-0.594140
38.025000,1.356138,-0.980076,0.256149
38.030000,-1.038481,-0.452504,-2.072842
38.035000,-0.056023,-0.457860,-0.342959
38.040000,-0.307406,0.737315,0.164347
38.045000,-0.254944,-0.683111,1.184282
38.050000,-0.083604,-0.213209,-1.591494
38.055000,-0.382766,0.978899,-0.267583
38.060000,0.413197,0.947153,0.644645
38.065000,0.889976,0.165908,-1.162504
38.070000,1.078962,-0.910777,1.152646
38.075000,1.213751,-0.898251,-0.951739
38.080000,-0.837200,-2.325051,-0.341474
38.085000,0.793492,1.975318,0.949654
38.090000,-1.991103,-0.112106,-1.117138
38.095000,0.795242,-0.378042,0.233956
38.100000,0.347967,-0.961088,0.354627
38.105000,2.563956,-0.533752,-1.408472
38.110000,-0.399817,0.013561,-3.141135
38.115000,0.625133,-0.234596,-0.141744
38.120000,-2.037154,0.492342,-1.134521
38.125000,-1.358446,0.399194,0.653002
38.130000,0.660090,0.223709,0.150931
38.135000,1.820489,-1.416741,-0.867996
38.140000,-0.401819,1.675504,-2.074105
38.145000,1.001326,3.031150,0.741193
38.150000,-1.624702,0.225295,0.159399
38.155000,0.530643,-0.009039,-0.301290
38.160000,2.111555,-0.014510,0.139283
38.165000,0.949275,0.713535,-0.508605
38.170000,-0.113804,0.443488,-0.483057
38.175000,0.698879,-1.088290,1.116755
38.180000,1.265413,-1.182517,-0.808649
38.185000,-0.305586,1.361256,1.186380
38.190000,-0.278677,0.484456,-0.524316
38.195000,-0.462090,0.198781,-0.464444
38.200000,2.847278,-0.284523,-1.535318
38.205000,1.411363,1.248252,0.847229
38.210000,-0.565179,-0.083924,-0.266829
38.215000,1.441238,0.103495,-2.183683
38.220000,1.592713,1.147875,-0.715900
38.225000,1.673910,0.570531,1.458548
38.230000,-1.085820,-1.591538,-1.105449
38.235000,-0.383037,0.124633,0.156780
38.240000,-0.190988,0.473873,0.074174
38.245000,-0.184463,0.119293,0.442335
38.250000,0.136205,-0.311357,-1.552989
38.255000,0.069995,-1.742711,1.262613
38.260000,0.694726,0.718819,0.781387
38.265000,0.939034,-0.305936,-0.154447
38.270000,0.668362,0.808678,-0.174148
38.275000,-0.367357,0.458214,-0.657133
38.280000,1.521383,0.400661,-0.651494
38.285000,0.300306,0.221572,0.119033
38.290000,-0.724930,0.792970,0.405960
38.295000,0.324452,0.221533,-1.303505
38.300000,1.536263,1.548316,0.582269
38.305000,-1.039282,2.079523,0.631731
38.310000,0.002864,0.232943,0.545397
38.315000,-1.348551,0.044466,1.042569
38.320000,-0.986222,-1.746115,-2.589737
38.325000,-0.107132,1.245411,-0.163876
38.330000,-0.917120,0.349758,1.224414
38.335000,0.879938,2.147667,-0.132773
38.340000,1.524064,1.679921,0.764485
38.345000,1.136704,-0.335210,-1.096509
38.350000,-0.244305,-0.800047,-0.820226
38.355000,-0.178299,0.328201,0.868479
38.360000,-1.388824,0.313833,1.275184
38.365000,0.601704,-0.764512,0.399286
38.370000,0.818790,-0.148938,-0.271588
38.375000,-2.136186,0.843419,0.570345
38.380000,0.977322,-0.550738,0.352861
38.385000,0.833696,-1.226548,-1.040234
38.390000,0.181767,-0.778863,0.181353
38.395000,1.021594,-1.192120,1.863762
38.400000,3.577638,1.286055,-0.047088
38.405000,1.144937,-0.021294,0.564067
38.410000,0.076586,-0.224446,0.229950
38.415000,-1.350290,1.707082,0.001884
38.420000,-2.460590,0.470267,-0.637495
38.425000,-0.651685,-0.477848,1.239557
38.430000,-1.873315,0.967468,-0.268282
38.435000,0.805196,0.360201,0.495295
38.440000,-0.354315,1.685346,0.079144
38.445000,0.436755,-0.378253,1.364760
38.450000,-0.735275,0.097972,0.560671
38.455000,-0.475387,-1.472637,-0.594954
38.460000,0.463035,-1.765522,2.022813
38.465000,0.144206,0.556462,-0.304651
38.470000,0.689705,1.483990,-1.775654
38.475000,-1.221209,0.865516,0.630533
38.480000,1.203744,-0.310310,0.195748
38.485000,0.549608,1.356463,0.156363
38.490000,-1.007523,1.497989,-1.321151
38.495000,-0.636629,-0.540541,-0.954509
38.500000,0.419232,1.115156,0.480028
38.505000,-0.367812,0.186559,-0.401568
38.510000,1.095560,2.104621,0.361530
38.515000,-0.056940,0.317369,0.542050
38.520000,0.562257,0.102470,1.141188
38.525000,0.918859,-0.482413,0.306129
38.530000,1.380404,0.468604,-0.253200
38.535000,-1.113409,-0.089875,-0.243430
38.540000,-0.254519,-1.283062,-0.168023
38.545000,0.022756,-0.122211,-0.479563
38.550000,0.247364,-0.373856,-0.184809
38.555000,-0.651009,-0.998008,-0.016082
38.560000,0.594355,1.949236,-0.972094
38.565000,-0.933692,0.479519,1.072052
38.570000,-1.129947,0.131946,0.107039
38.575000,-0.173868,-0.753861,-1.552334
38.580000,2.324452,1.044640,-1.554041
38.585000,-0.522009,0.396311,0.310595
38.590000,-1.394238,0.566425,-0.036165
38.595000,0.958576,-2.201608,-0.479290
38.600000,1.046595,0.710668,2.125466
38.605000,0.052058,-1.232282,-1.056831
38.610000,-0.477803,-0.356686,-0.017494
38.615000,-0.797449,0.027691,-1.746220
38.620000,0.363248,-0.020173,1.155280
38.625000,-0.726095,0.766168,-0.778999
38.630000,1.109921,0.494746,0.953777
38.635000,0.645761,-0.997127,-1.289392
38.640000,0.683087,0.358929,-0.782676
38.645000,1.467910,1.753167,1.154391
38.650000,0.632254,-0.426579,-0.201307
38.655000,-0.307029,-0.257299,-0.375178
38.660000,0.195699,1.578621,-1.570719
38.665000,0.222480,0.804401,2.069495
38.670000,-0.139910,-1.998277,-0.236851
38.675000,2.163169,1.997061,-1.043736
38.680000,1.122302,1.399101,0.165331
38.685000,0.277705,0.774323,1.424334
38.690000,1.961704,0.007979,-1.396499
38.695000,0.931148,-0.912296,0.364895
38.700000,0.172079,-0.072495,-1.042506
38.705000,0.042655,-1.874866,0.157486
38.710000,2.059881,0.579930,-1.467078
38.715000,-0.448739,0.247465,-0.870915
38.720000,0.754537,-0.917277,-0.526331
38.725000,1.758407,1.134718,-1.051741
38.730000,-0.331010,0.590954,0.336669
38.735000,0.303610,-0.673959,-1.123369
38.740000,1.816709,-0.504623,-0.109730
38.745000,-0.635057,0.163266,-1.710939
38.750000,-0.786917,0.158104,-0.451624
38.755000,-1.337806,-0.389832,-0.175238
38.760000,0.528749,-0.281311,0.690094
38.765000,1.152764,1.335691,-1.027916
38.770000,0.215287,-0.562482,0.288523
38.775000,0.767552,-2.016887,-1.916933
38.780000,0.896043,0.987310,-0.153688
38.785000,1.181802,0.527123,0.271799
38.790000,-0.210569,-0.113309,-1.106487
38.795000,0.472752,0.037025,-0.141969
38.800000,-0.781741,-0.343101,-0.151985
38.805000,-0.319649,1.439031,0.559559
38.810000,1.293846,-0.187506,1.803783
38.815000,-0.016041,0.029219,0.453485
38.820000,-0.543671,0.273046,0.379390
38.825000,0.831871,1.489891,-1.478467
38.830000,-1.141004,-1.771394,-0.204209
38.835000,-0.204988,0.239533,-1.585892
38.840000,1.153424,1.770767,-1.812031
38.845000,1.113919,0.025310,1.111341
38.850000,-0.627688,-0.042898,0.655090
38.855000,-1.191631,-2.048675,0.518394
38.860000,0.636043,0.194081,-0.320171
38.865000,0.285766,-1.595357,-0.523131
38.870000,-0.582924,-0.036817,1.397031
38.875000,0.137198,-1.233746,-1.853819
38.880000,-0.111205,0.532195,1.304075
38.885000,-0.270922,1.005069,0.905191
38.890000,0.705043,1.055561,-2.861967
38.895000,1.201764,1.360913,-1.826558
38.900000,-0.353501,0.999320,-0.004526
38.905000,-0.083699,0.962588,0.449083
38.910000,-1.020554,0.042017,-1.366767
38.915000,1.367414,0.808287,-1.385836
38.920000,1.032471,1.418178,0.787181
38.925000,1.996152,0.558033,-0.370750
38.930000,1.206957,-1.494179,0.090342
38.935000,-0.499629,-0.273834,-0.286224
38.940000,0.611003,-1.233964,0.824278
38.945000,0.111980,0.232194,0.115994
38.950000,-0.006164,0.205231,-0.178529
38.955000,1.389004,1.462403,0.709017
38.960000,2.265142,-0.794541,0.211546
38.965000,-0.172385,2.542310,0.106167
38.970000,-1.593282,1.964134,-0.569254
38.975000,-0.525441,-0.416992,1.305494
38.980000,1.641756,-0.918864,-0.653085
38.985000,1.503423,1.821122,1.928589
38.990000,-1.633955,-1.041253,-1.141055
38.995000,1.495509,-0.156650,-1.084339
39.000000,0.607971,-0.934207,0.639669
39.005000,0.782059,-0.300244,0.460212
39.010000,1.275084,0.283225,0.118327
39.015000,-0.829454,1.184624,0.190717
39.020000,-0.681984,1.581280,0.034432
39.025000,0.967138,1.066812,1.248649
39.030000,-0.083381,-0.111857,-0.063496
39.035000,-0.872103,0.410836,-0.058386
39.040000,-0.331185,-0.391191,0.123899
39.045000,2.120349,-2.789330,1.518079
39.050000,0.144939,-0.105033,-1.886491
39.055000,0.264664,1.598351,-0.862154
39.060000,1.070867,0.587343,1.016402
39.065000,2.641158,0.822175,-0.443028
39.070000,0.803249,-0.392733,1.286281
39.075000,-1.476813,0.923443,0.783488
39.080000,0.093338,1.267884,1.024778
39.085000,-0.231730,0.270659,-0.925649
39.090000,1.317775,-0.617851,-1.267937
39.095000,0.254669,-0.980495,0.893041
39.100000,-0.011589,1.038120,0.166361
39.105000,0.442558,1.748253,1.407852
39.110000,-0.540315,-0.518197,0.023026
39.115000,-0.153241,-0.524565,1.985317
39.120000,0.812207,-2.301281,1.427579
39.125000,-0.454634,2.286122,-1.212209
39.130000,-0.409414,0.805717,0.817702
39.135000,-1.676545,1.505766,-0.794106
39.140000,-0.023024,0.232071,-1.666048
39.145000,1.402254,-0.112928,2.018255
39.150000,-1.554897,0.612131,0.943861
39.155000,0.681189,-0.382903,-1.587766
39.160000,0.147857,0.596310,-1.320761
39.165000,0.474102,0.403762,2.014714
39.170000,-0.617905,-0.308571,-1.191670
39.175000,-0.140487,-1.806012,-1.223464
39.180000,0.345925,-0.412723,0.192961
39.185000,-1.079967,-0.454093,-0.040450
39.190000,0.465520,-1.431550,1.533491
39.195000,-0.047885,0.340018,-0.742960
39.200000,1.182134,0.626273,-0.787943
39.205000,-0.967337,-0.188503,-0.818396
39.210000,-1.682059,0.338661,-1.047725
39.215000,-1.024476,-0.938981,-0.516918
39.220000,-1.118028,-0.108565,-0.897587
39.225000,1.750987,1.158569,-0.414313
39.230000,-0.227725,1.204918,1.160337
39.235000,0.240913,0.427708,-1.590572
39.240000,-1.028449,-0.756150,0.056651
39.245000,0.846288,-1.209219,-1.258940
39.250000,1.130925,-1.802393,1.420946
39.255000,0.745599,-0.872786,-0.260916
39.260000,-1.457516,-0.481006,1.536736
39.265000,-0.335106,1.232710,-0.926117
39.270000,-0.839860,-1.233312,0.194064
39.275000,1.119368,-0.940591,-0.131803
39.280000,1.730857,1.136328,0.446544
39.285000,1.092545,0.530762,-1.024894
39.290000,0.369983,2.123107,-0.685966
39.295000,-1.758884,-0.338205,0.166637
39.300000,0.289067,-2.469102,0.485502
39.305000,0.561529,-1.491155,-0.116396
39.310000,1.028777,0.406929,-1.007141
39.315000,-2.388856,-0.026798,0.269969
39.320000,-0.213758,1.389685,-0.830959
39.325000,-1.673948,-1.155378,0.775355
39.330000,-0.373387,0.698608,0.258413
39.335000,-2.579733,0.898735,0.141448
39.340000,-0.780911,-0.358955,-0.614817
39.345000,0.090014,0.388619,0.858937
39.350000,-1.039478,-0.755063,-0.709219
39.355000,0.967585,1.285081,-1.594679
39.360000,-2.323659,-0.313879,0.249623
39.365000,2.128552,0.451384,-1.527668
39.370000,-0.093435,-0.717048,0.549214
39.375000,0.136348,-0.180073,-0.308624
39.380000,0.829769,-1.020994,1.544552
39.385000,1.198927,-0.123435,1.766905
39.390000,-2.425289,-0.764289,-0.701322
39.395000,-1.821169,-1.015453,-1.167727
39.400000,-0.686617,1.947865,1.456332
39.405000,0.791529,-0.173241,0.372152
39.410000,0.332528,-0.907614,0.512339
39.415000,-0.921981,0.575708,0.405452
39.420000,-0.542487,0.015681,0.385114
39.425000,0.094933,1.961930,0.279262
39.430000,-1.312743,0.104861,-0.125819
39.435000,0.818446,-1.588752,0.246247
39.440000,-0.057445,-1.901537,0.658563
39.445000,-1.769783,1.401477,1.055410
39.450000,1.802159,0.200765,0.158118
39.455000,-1.823507,0.310969,-2.712433
39.460000,-0.579357,0.001810,-1.187138
39.465000,1.483782,0.621113,-1.973304
39.470000,0.534946,1.264586,-0.336884
39.475000,-0.379800,-1.020024,0.050815
39.480000,0.894964,0.430242,-0.167921
39.485000,-0.299586,-1.109753,-0.272344
39.490000,0.646464,-1.224040,0.695669
39.495000,-0.541645,-0.715844,-0.379230
39.500000,2.148492,-0.463826,-0.603492
39.505000,2.308112,0.972364,0.950601
39.510000,0.313340,0.112478,0.565084
39.515000,0.888447,-0.257812,0.869405
39.520000,1.677111,1.074967,0.249836
39.525000,-0.905632,-0.640637,0.672721
39.530000,-0.690683,0.041527,0.537824
39.535000,-0.573055,0.023196,-0.208471
39.540000,0.714471,0.705646,0.132439
39.545000,-1.119036,0.834892,1.892056
39.550000,-0.736422,0.433259,-0.381516
39.555000,-0.442070,-1.032186,-1.526321
39.560000,-1.357226,-0.275083,1.516902
39.565000,1.254282,1.193145,-0.912017
39.570000,1.531746,-0.978695,0.842857
39.575000,-2.255499,0.104256,-0.794275
39.580000,0.761561,0.650391,-0.102402
39.585000,-0.278797,1.226166,1.963726
39.590000,0.455373,1.128499,-0.434671
39.595000,-0.223876,0.385631,-0.595950
39.600000,-0.522628,-0.238769,-1.250113
39.605000,1.112388,-0.380051,2.031730
39.610000,0.518241,0.839939,-1.261400
39.615000,-1.574145,0.564832,0.425894
39.620000,-0.398770,0.693092,-1.584398
39.625000,0.937856,0.434044,-0.996921
39.630000,-0.110749,-1.362157,0.463831
39.635000,-0.774735,-1.528214,-0.320873
39.640000,-0.159519,1.950762,-1.341825
39.645000,0.023255,-0.573461,1.647401
39.650000,0.754686,-0.430462,-0.059101
39.655000,-1.003397,0.312495,-1.381421
39.660000,0.417451,0.070744,-1.204293
39.665000,-0.512770,1.552691,-3.640449
39.670000,0.198746,-0.176902,-2.303271
39.675000,-0.010208,-0.798551,-1.636852
39.680000,1.764589,0.271943,1.284585
39.685000,-1.465356,1.608680,-0.680312
39.690000,-1.165834,-1.656221,-0.644428
39.695000,0.180431,-0.125726,1.023430
39.700000,1.375506,0.392819,-0.656127
39.705000,0.577109,0.638827,-0.543976
39.710000,-0.143317,-0.038384,-0.296751
39.715000,-1.651983,0.023966,-0.536586
39.720000,0.626677,1.041753,1.214169
39.725000,1.937729,0.552404,-0.579667
39.730000,-1.269425,-0.834492,0.990944
39.735000,-0.219244,-0.834195,-1.179219
39.740000,1.113107,-1.457302,-0.858664
39.745000,1.729868,0.228152,-0.872133
39.750000,2.100943,0.669716,0.955483
39.755000,-1.926077,-0.635269,0.011225
39.760000,-0.979211,2.059725,0.148554
39.765000,-1.572369,1.702099,2.696975
39.770000,-0.386609,-0.991537,-1.250201
39.775000,0.178637,0.602356,-1.942317
39.780000,-0.002249,-0.147186,0.815209
39.785000,0.780576,-0.009048,-1.399016
39.790000,-0.079091,0.093263,-1.181675
39.795000,0.254031,0.311838,-0.763845
39.800000,0.044808,-0.315229,0.874982
39.805000,1.336349,0.774504,1.191199
39.810000,-1.915330,-1.240049,2.090319
39.815000,-0.955363,0.509131,-1.696702
39.820000,-1.035728,-0.023077,0.803865
39.825000,0.574412,0.708432,0.453309
39.830000,0.301734,-1.713398,0.387868
39.835000,-0.813603,-0.034190,0.526007
39.840000,1.420423,0.653433,-0.696971
39.845000,0.212483,1.080436,1.006893
39.850000,1.419548,-0.048247,0.725262
39.855000,0.661234,0.981997,-0.080959
39.860000,0.347214,0.665006,0.644764
39.865000,0.482382,2.468124,-0.757243
39.870000,0.796871,0.399081,-0.478252
39.875000,0.409678,0.142696,-0.306186
39.880000,-0.007028,0.802035,-0.279743
39.885000,-0.594783,0.995620,-0.419628
39.890000,-0.245558,-0.121767,-0.689449
39.895000,-1.193521,0.077905,-0.825945
39.900000,0.102852,1.051801,0.233948
39.905000,-1.039732,-0.047302,0.624954
39.910000,-0.067033,-0.994169,-0.666642
39.915000,0.713347,0.268444,-0.838917
39.920000,-0.716519,1.702436,1.099798
39.925000,0.485045,0.212469,0.176008
39.930000,-1.251913,0.736755,-0.222273
39.935000,-0.034179,-1.373488,-2.040165
39.940000,0.956859,1.233670,1.207156
39.945000,0.564110,1.199607,0.184382
39.950000,0.168970,0.114975,-0.116473
39.955000,-0.587973,0.171608,-0.928612
39.960000,0.936774,-0.133841,0.417985
39.965000,0.867353,-0.154417,-0.734877
39.970000,1.385331,-0.777343,1.700875
39.975000,-0.694117,1.594605,-1.596776
39.980000,-0.158990,-0.345132,0.311151
39.985000,1.709236,-0.480272,-0.203995
39.990000,1.782969,0.369765,-0.409009
39.995000,-1.741483,-1.343031,-0.201874
40.000000,2.003971,-0.168256,2.149205
40.005000,1.219536,2.352657,0.193832
40.010000,1.217493,-2.292508,-0.117449
40.015000,-3.226271,-0.585076,-1.196556
40.020000,-0.849196,2.041296,-0.160886
40.025000,2.353561,0.998833,0.459045
40.030000,-0.938659,-0.054444,1.015891
40.035000,-2.567824,0.874788,0.221046
40.040000,-0.670948,1.686113,-1.361327
40.045000,1.834751,1.984808,0.426501
40.050000,-0.952426,-0.710381,-1.678486
40.055000,0.486150,-0.599725,-0.459669
40.060000,0.568057,1.713401,-0.185802
40.065000,-0.038485,1.048601,-0.435379
40.070000,0.365564,-2.281636,-0.665850
40.075000,1.558514,-0.529528,-2.165788
40.080000,1.269408,0.708501,-0.038579
40.085000,-0.001628,-0.069456,0.877037
40.090000,-0.281634,0.847916,-0.072843
40.095000,0.024489,-1.937354,0.413433
40.100000,0.501526,1.587137,-1.064617
40.105000,-0.565068,0.398321,-0.669690
40.110000,-0.349998,-0.712964,1.082215
40.115000,0.878744,-0.873881,-0.161619
40.120000,-0.205357,-0.112153,-0.104485
40.125000,0.305943,0.387175,1.317341
40.130000,0.400153,-0.453897,-1.269397
40.135000,-0.402486,-1.431549,1.180690
40.140000,0.914571,0.622002,0.437359
40.145000,1.054128,0.476780,1.110071
40.150000,0.311689,0.539114,0.049372
40.155000,0.894381,0.616913,0.201726
40.160000,-1.122305,-1.598017,0.843583
40.165000,1.047260,0.018123,0.628676
40.170000,-2.160338,0.144841,0.593567
40.175000,-1.597291,-1.946170,-1.107665
40.180000,-0.836338,-0.055319,-0.349371
40.185000,1.089576,-0.275955,-0.000545
40.190000,0.187773,0.606088,-0.366714
40.195000,-0.381112,-0.399427,-1.697115
40.200000,0.889166,-0.079269,-1.495260
40.205000,-0.565068,1.999680,-0.136639
40.210000,-0.342963,-0.349637,-0.873649
40.215000,0.904769,-0.106121,1.183952
40.220000,-1.030083,-0.380753,0.559963
40.225000,0.640957,-0.594649,0.458874
40.230000,-2.972631,-1.260326,0.335179
40.235000,1.104900,-0.116959,-1.082925
40.240000,-0.220342,0.309264,0.890306
40.245000,0.837801,-0.521328,-0.202821
40.250000,-1.352901,-0.799565,-0.845303
40.255000,0.337082,-1.354089,0.146290
40.260000,0.232529,1.835312,0.623151
40.265000,0.695566,2.342191,1.182034
40.270000,0.260444,1.201735,1.075574
40.275000,-0.815389,-0.665634,-0.798083
40.280000,0.376110,1.228841,2.059854
40.285000,-0.056675,-1.327001,-0.618720
40.290000,-1.865653,-0.171206,-2.757072
40.295000,-0.707750,-1.795267,0.495459
40.300000,1.041856,-0.695282,0.214747
40.305000,1.384535,0.611388,-0.801298
40.310000,0.809583,-0.640044,-0.673221
40.315000,-1.578846,-0.539450,-1.166565
40.320000,1.001824,-0.293931,1.978575
40.325000,-0.348977,0.273657,0.280882
40.330000,1.331025,-0.010020,-0.119809
40.335000,-0.518314,-0.237457,0.784270
40.340000,-0.308938,-1.644004,1.528178
40.345000,0.758183,0.467069,-1.085582
40.350000,2.335732,-1.099302,-0.219194
40.355000,-1.757838,0.823259,0.403160
40.360000,-0.793732,1.417939,2.366890
40.365000,0.869322,1.142636,-1.267644
40.370000,-0.290445,-0.405317,-0.419219
40.375000,2.016693,-0.319643,-2.076484
40.380000,-0.270738,0.376975,0.852357
40.385000,1.158327,0.386564,0.022295
40.390000,1.299393,1.291667,0.542657
40.395000,-0.466930,-0.986846,-0.179822
40.400000,1.333398,0.966257,-1.123397
40.405000,0.967603,0.523763,0.970695
40.410000,0.865930,-0.401826,-0.394036
40.415000,-1.289993,-0.746069,-0.847808
40.420000,-0.175432,-1.163495,-0.698509
40.425000,-0.863320,-0.531789,2.104415
40.430000,0.690892,-1.343519,1.603839
40.435000,-0.008145,-2.118727,-0.222542
40.440000,-0.212996,0.255512,-0.991849
40.445000,-0.535295,1.437425,1.325846
40.450000,1.489574,0.120337,1.184749
40.455000,-1.028983,1.841659,0.498036
40.460000,-1.018697,1.250237,-0.016395
40.465000,1.503648,0.200470,-0.697726
40.470000,-0.227061,1.482719,0.106606
40.475000,-0.199540,-0.711739,-0.528364
40.480000,2.159051,-0.799554,-0.035601
40.485000,1.459049,-1.109148,0.374665
40.490000,-0.176359,1.604979,-1.362596
40.495000,-1.769170,-0.677936,0.905139
40.500000,0.078355,0.388736,0.576813
40.505000,1.915602,-0.428243,0.450333
40.510000,0.918996,0.914804,-0.875918
40.515000,0.543781,-0.437219,-1.069238
40.520000,-0.932778,0.399883,-2.073152
40.525000,0.543949,0.678889,0.915965
40.530000,-0.918393,-0.818675,-1.136178
40.535000,0.060609,-1.959450,0.655582
40.540000,-0.867344,0.460474,1.119374
40.545000,-1.853822,0.322170,0.309189
40.550000,-0.765863,-0.648514,1.014647
40.555000,0.736055,0.748131,-0.776051
40.560000,-0.214198,1.219857,0.906387
40.565000,1.134456,1.828712,0.396509
40.570000,-1.176363,0.157974,-0.908145
40.575000,-0.501027,0.419894,0.242995
40.580000,0.794559,-0.091902,1.797741
40.585000,0.558841,1.756621,-0.809669
40.590000,0.001420,-0.183886,1.289830
40.595000,0.272362,0.032399,-0.472461
40.600000,-0.144515,1.481668,0.504320
40.605000,1.324156,0.327341,-1.195302
40.610000,-0.527974,0.105014,0.366792
40.615000,-0.345415,1.106931,0.441438
40.620000,-0.166945,2.530251,1.596943
40.625000,-0.370091,-0.705671,0.359069
40.630000,-0.470525,-0.447451,0.225439
40.635000,0.326092,-2.195035,-0.261846
40.640000,1.626963,0.231523,1.286548
40.645000,-0.844650,0.334550,1.778186
40.650000,-1.443762,-0.381877,-0.164933
40.655000,-1.036771,-1.793212,0.481925
40.660000,1.812816,0.985743,0.706121
40.665000,0.633653,-0.182841,-0.930841
40.670000,-2.452529,-0.115514,-0.408356
40.675000,-1.222176,-0.123175,-0.462904
40.680000,-0.982491,-1.071015,0.498031
40.685000,-0.987785,0.124703,-0.475918
40.690000,0.763815,-0.658825,-0.923119
40.695000,-0.843996,-0.475729,-1.535313
40.700000,-0.320738,-1.168764,0.083843
40.705000,-1.147829,1.500984,1.133827
40.710000,-0.391292,-2.024782,-0.627029
40.715000,0.258835,1.326682,-1.475918
40.720000,-0.646029,0.183034,0.115780
40.725000,0.719469,1.781753,-0.425209
40.730000,0.123828,-1.418397,-0.187421
40.735000,1.467041,0.274908,-1.249563
40.740000,-0.987669,-0.742381,-0.801932
40.745000,0.864925,1.857650,-0.522593
40.750000,0.264336,0.792956,-0.352140
40.755000,-1.578555,1.642371,1.979123
40.760000,2.406915,-0.848843,-0.662836
40.765000,-0.371805,1.454123,1.268235
40.770000,0.111244,0.307645,0.219793
40.775000,-1.655303,-2.721421,-1.265470
40.780000,1.290689,-0.575848,-0.357995
40.785000,-1.209767,0.319886,2.426511
40.790000,-1.568566,-2.584767,-0.314056
40.795000,-1.971731,-1.217558,-1.041542
40.800000,1.078823,-1.001849,0.330199
40.805000,0.188499,0.086095,1.877525
40.810000,0.650787,-0.066740,1.397807
40.815000,-0.309862,-0.901349,-0.623981
40.820000,1.253453,-1.358244,-0.541793
40.825000,1.596071,0.112669,-1.126656
40.830000,1.349659,0.528985,-0.750254
40.835000,-0.880884,-2.670948,-0.618799
40.840000,-1.093852,0.008561,0.481506
40.845000,2.434661,1.811043,-0.520501
40.850000,-1.019020,-1.547411,1.220828
40.855000,-0.777435,-0.524287,0.190604
40.860000,-0.175994,-1.159171,-0.805894
40.865000,-0.716580,0.276108,0.155341
40.870000,-0.546070,-0.064349,0.510405
40.875000,-1.575801,0.001350,1.015484
40.880000,0.481179,-0.298795,-0.936647
40.885000,-0.611649,0.262833,-0.076224
40.890000,0.688654,-0.836558,-0.487000
40.895000,-0.063550,-0.586091,-0.764148
40.900000,0.069860,-0.105759,1.670155
40.905000,2.005935,0.375358,-0.395437
40.910000,0.784615,-0.148750,0.072509
40.915000,-1.691984,-0.128099,0.406642
40.920000,-0.678588,1.321868,-1.484473
40.925000,1.530931,-1.751516,1.404080
40.930000,1.665224,-0.067569,-0.553462
40.935000,-0.885486,1.058563,-0.918555
40.940000,1.169602,0.419093,0.274251
40.945000,1.200851,0.857853,0.375920
40.950000,-1.095758,1.978495,-1.874108
40.955000,-1.186607,-1.088447,-1.444643
40.960000,0.355994,-0.719719,-0.353023
40.965000,1.412373,0.563613,-0.060418
40.970000,1.236583,-0.182105,-0.077089
40.975000,-0.648679,-0.827788,1.168809
40.980000,0.497748,-0.148713,0.056604
40.985000,-0.466380,0.770910,0.351402
40.990000,0.672293,0.629679,-0.413335
40.995000,-1.275638,-0.602240,-1.421004
41.000000,-0.879819,0.619312,1.689097
41.005000,-0.297660,-0.201668,0.417513
41.010000,1.006307,0.068424,1.744431
41.015000,-0.379389,-0.662773,-2.503877
41.020000,0.708631,0.879944,-0.696599
41.025000,-0.842272,0.604307,1.221661
41.030000,-0.649852,-1.084957,-0.220804
41.035000,-0.682406,-1.138249,-2.359077
41.040000,0.000793,0.638716,-0.540163
41.045000,1.221420,1.316567,0.747832
41.050000,0.559491,0.523271,-0.744476
41.055000,-0.844988,-0.761824,-0.127180
41.060000,0.049686,-0.114143,0.351152
41.065000,1.016934,-1.186639,-1.067763
41.070000,0.313613,-1.961321,-0.222165
41.075000,-0.693888,0.696667,-0.569911
41.080000,0.119094,-0.186622,0.821653
41.085000,0.434740,0.594441,-1.042528
41.090000,-1.501188,-1.359718,-0.258391
41.095000,-1.846717,0.498051,-0.346610
41.100000,-0.367235,1.088875,-1.048061
41.105000,-0.131908,-1.691700,0.861365
41.110000,-0.299219,-0.306195,-0.587831
41.115000,-0.902390,0.469827,0.579395
41.120000,-1.124488,0.605545,0.117636
41.125000,0.808075,-0.293119,-0.037532
41.130000,0.481346,-0.753974,-0.582652
41.135000,-0.499167,-2.415609,1.831714
41.140000,0.533526,0.889703,0.580448
41.145000,0.062038,0.544879,1.294036
41.150000,0.812249,-0.560149,-0.619951
41.155000,-0.431104,-1.482983,0.134909
41.160000,1.522774,0.519732,-0.374910
41.165000,-0.994502,1.049241,1.333166
41.170000,-0.464846,-1.538107,0.798268
41.175000,-1.138976,-1.229229,0.011052
41.180000,-1.014614,-0.376263,-0.545440
41.185000,0.837278,-0.920563,-0.319428
41.190000,-1.666868,-0.342622,-0.234399
41.195000,-0.255302,-0.194799,-0.693036
41.200000,0.708032,-0.025232,1.136386
41.205000,0.662209,0.233935,-0.523775
41.210000,-0.424547,-0.710073,-0.194535
41.215000,-1.002914,-0.008161,-1.928187
41.220000,1.544996,2.258662,-1.317779
41.225000,-0.616402,-1.089079,0.222507
41.230000,-1.310178,0.703194,-0.822192
41.235000,-1.356520,1.612969,-0.066313
41.240000,-0.994762,0.807765,-1.065159
41.245000,0.192911,0.965725,-0.884991
41.250000,2.073696,0.360033,-0.745208
41.255000,0.236818,0.219603,-1.162425
41.260000,0.750912,0.977687,1.929350
41.265000,-0.037066,-1.289186,-1.135436
41.270000,-1.891305,-2.617817,-3.317275
41.275000,-0.191923,-1.139526,0.645068
41.280000,-0.742888,0.468468,-0.274258
41.285000,0.072084,0.342664,-0.473993
41.290000,-1.315498,-0.279058,0.578302
41.295000,0.372326,-1.242259,-0.730476
41.300000,1.299003,-1.170035,1.106427
41.305000,-0.405747,0.014293,1.125716
41.310000,-0.299940,0.792051,-0.305026
41.315000,1.334398,-1.827071,0.227577
41.320000,-0.324676,1.342740,-0.888992
41.325000,-0.011577,-0.439668,0.245426
41.330000,-1.846337,-1.168602,0.732519
41.335000,0.354242,-0.289647,1.249678
41.340000,-0.994164,-0.829286,-0.486049
41.345000,0.392203,1.997241,0.312768
41.350000,-1.079209,-0.053482,-1.719154
41.355000,-1.315594,0.083591,-0.920986
41.360000,0.623288,-0.421415,0.767338
41.365000,0.802012,0.665136,2.352265
41.370000,-0.320107,2.060916,-1.071687
41.375000,-2.690655,-0.116914,-0.918110
41.380000,1.674953,-1.223407,0.941777
41.385000,-0.469245,-1.664673,1.049418
41.390000,0.069272,1.112992,-0.233643
41.395000,-1.268840,1.745497,1.629045
41.400000,1.059737,-0.468567,0.614346
41.405000,0.156650,0.708841,1.323925
41.410000,1.380495,-0.243576,1.874072
41.415000,1.416506,-2.514711,-2.463009
41.420000,1.073791,-0.128649,-0.484069
41.425000,0.314045,0.428065,1.262443
41.430000,0.939962,1.251062,0.583857
41.435000,-0.291286,-3.320713,-1.232139
41.440000,1.330793,-0.855166,0.791465
41.445000,1.127126,0.491361,0.239674
41.450000,-1.281766,-0.480462,0.156007
41.455000,-1.415010,-1.997826,-0.312038
41.460000,1.970348,0.720254,-0.127716
41.465000,-0.726684,2.077667,1.397424
41.470000,-0.473625,-0.839583,0.201917
41.475000,0.399161,0.154540,-0.221315
41.480000,0.837086,0.217158,-1.022871
41.485000,-0.815307,-0.682431,0.629017
41.490000,0.290360,-0.953135,-1.849586
41.495000,-1.061643,0.698793,-1.245689
41.500000,-1.513142,0.872794,-0.258813
41.505000,-0.139629,0.363344,0.195024
41.510000,0.482872,-1.386065,1.457597
41.515000,-4.202660,-0.136446,-0.720810
41.520000,0.545994,-1.809178,0.238672
41.525000,0.433860,-0.803067,-0.305527
41.530000,0.076974,0.111472,-1.176774
41.535000,-0.978221,-1.992594,-0.355882
41.540000,0.814061,-0.107039,-0.268401
41.545000,0.730431,-0.264972,1.072031
41.550000,0.570287,-1.024483,0.560816
41.555000,-0.843919,-0.371918,0.760348
41.560000,1.976317,0.708067,1.040546
41.565000,1.823818,-0.287166,1.499083
41.570000,-0.476938,0.260669,2.045525
41.575000,-1.684624,0.995498,-0.083180
41.580000,-0.690155,-0.488558,-0.120785
41.585000,-1.410148,2.154373,0.905524
41.590000,-1.654594,1.152082,-0.939843
41.595000,1.373246,-1.151301,-0.977989
41.600000,-0.701747,1.369644,-0.868519
41.605000,-0.035994,0.176362,0.396856
41.610000,-0.297260,-0.536986,-0.233915
41.615000,-1.123182,-0.305917,1.237807
41.620000,-1.448996,2.059468,0.160253
41.625000,-0.186766,0.317866,-0.380527
41.630000,-0.173118,0.822652,-0.150256
41.635000,-1.500141,-1.007616,-0.637094
41.640000,-0.081791,-0.496874,-0.535809
41.645000,-0.205780,1.842896,1.513086
41.650000,-1.250379,1.481479,-1.463512
41.655000,-0.697610,1.224704,0.691916
41.660000,1.154569,-0.693646,-1.210253
41.665000,-0.060550,2.168142,-1.111566
41.670000,0.442754,-1.431647,-0.488647
41.675000,-1.236049,0.061747,0.149580
41.680000,-0.159678,0.666713,0.736619
41.685000,0.149667,-1.243677,0.067736
41.690000,1.802786,-0.620462,-0.027163
41.695000,0.089041,1.166563,-0.144186
41.700000,0.361726,0.597356,-0.239971
41.705000,-0.977713,-0.147722,0.994401
41.710000,-0.386794,-0.229318,-1.244824
41.715000,-1.644208,0.330522,-0.874727
41.720000,2.944962,-0.291687,1.490098
41.725000,0.123483,-0.654922,-2.023901
41.730000,-0.776352,-1.832762,-0.636495
41.735000,-1.147751,0.391980,0.072966
41.740000,-1.541179,-0.428347,-1.509605
41.745000,1.248852,0.600093,1.499134
41.750000,0.432016,0.068729,0.309389
41.755000,-2.195873,-0.295071,-1.212755
41.760000,2.818494,0.725542,-0.203077
41.765000,0.179729,0.744053,-0.063446
41.770000,-1.855279,0.412750,1.238635
41.775000,0.083479,-0.839700,-1.021952
41.780000,0.201609,0.668906,-0.762971
41.785000,1.208880,-0.008270,-0.669319
41.790000,1.117250,-0.977006,-0.332589
41.795000,-0.615716,0.419627,-0.709689
41.800000,0.476980,-1.600957,-1.202968
41.805000,0.491307,0.117200,1.807439
41.810000,3.288502,1.274470,0.129963
41.815000,1.020085,0.649055,0.937530
41.820000,1.035080,-0.502607,0.801521
41.825000,1.320661,0.574568,1.090364
41.830000,0.536630,-0.762588,1.591946
41.835000,-0.890024,1.597741,-2.462823
41.840000,1.127106,-0.418149,0.025874
41.845000,0.804398,-0.210015,-0.122791
41.850000,1.724595,0.969620,-1.029026
41.855000,-0.959364,-2.100978,-0.573267
41.860000,0.292495,0.092116,-1.058336
41.865000,-0.414276,1.055242,-0.182196
41.870000,1.084743,-1.063549,1.434531
41.875000,-1.347890,-0.880300,-1.972819
41.880000,-0.841445,-0.564969,0.150539
41.885000,1.891224,1.464009,0.205784
41.890000,1.129178,0.078070,-0.886291
41.895000,-0.047644,-0.565869,-1.937566
41.900000,1.331493,1.224731,-0.274156
41.905000,0.123231,1.069330,0.951093
41.910000,-0.876692,-0.170146,-2.065222
41.915000,-0.062793,0.065667,-0.107608
41.920000,2.854774,0.901400,0.909370
41.925000,-0.685007,-0.212453,-0.369341
41.930000,0.704560,-1.205407,-1.145488
41.935000,0.069802,0.821244,2.673625
41.940000,1.783725,-1.288244,1.663817
41.945000,-1.782340,-1.051501,-0.627841
41.950000,-0.916174,-1.456611,-0.524825
41.955000,-0.319860,-1.557998,-0.836861
41.960000,0.744891,-0.121588,-1.087126
41.965000,0.430797,-0.840417,0.029602
41.970000,0.098376,-0.676873,-1.132955
41.975000,0.474986,-0.916404,0.369364
41.980000,0.429520,-0.239470,1.431054
41.985000,0.608975,-0.465296,-0.580479
41.990000,-0.667421,0.274699,-0.982099
41.995000,1.230711,1.430843,1.528820
42.000000,-0.109659,0.251131,1.380503
42.005000,1.623098,0.441934,-0.167969
42.010000,-0.401615,-0.356582,0.931094
42.015000,-0.473784,-1.980222,-0.600133
42.020000,1.091740,-0.296363,1.878070
42.025000,1.278685,-0.928097,0.377569
42.030000,-0.423439,1.873337,-1.177769
42.035000,0.703056,-0.375214,-0.215813
42.040000,2.337046,-0.072404,-0.511590
42.045000,2.451428,0.514203,-0.551726
42.050000,0.164635,0.803965,0.164481
42.055000,1.658786,-2.936406,2.724365
42.060000,-1.355303,0.983485,0.274304
42.065000,0.873775,2.070115,-0.912539
42.070000,-2.332397,-0.034649,0.381744
42.075000,0.221488,-0.393538,-0.097703
42.080000,-0.900374,1.871311,1.227122
42.085000,0.055335,0.816753,0.876042
42.090000,-0.614070,-0.249023,-0.048741
42.095000,-0.649803,0.024124,-0.310249
42.100000,-1.552874,1.001216,0.770633
42.105000,0.380361,-0.307888,-0.934999
42.110000,1.198448,0.762364,-1.347162
42.115000,-0.510725,-0.524690,-1.211520
42.120000,-0.688360,1.433454,0.209356
42.125000,0.033231,0.022230,-0.328544
42.130000,-0.040741,0.072563,-0.782118
42.135000,-0.205514,0.320279,-0.474650
42.140000,1.930642,0.097670,-0.168951
42.145000,0.608291,-0.211935,2.326980
42.150000,1.255633,-0.132309,0.393468
42.155000,-1.275043,-0.249579,-0.409649
42.160000,0.181762,-0.282299,-0.596827
42.165000,0.483887,-0.411864,0.398362
42.170000,-0.135501,-0.604451,0.590056
42.175000,0.534463,0.217595,1.036997
42.180000,-0.506856,0.953356,2.227139
42.185000,1.010419,-0.631099,0.221675
42.190000,1.725632,-0.908331,-1.959833
42.195000,-1.576163,-1.668785,-0.856534
42.200000,0.737013,1.843050,1.177630
42.205000,1.556391,-0.115065,0.691548
42.210000,1.277981,1.392989,-0.609576
42.215000,2.169060,0.619442,-0.375269
42.220000,-2.188227,0.925262,0.728618
42.225000,-0.432619,0.589306,-0.764089
42.230000,1.281559,-1.084620,-0.030205
42.235000,-1.596951,-0.349678,-0.053829
42.240000,0.997181,-0.097354,0.557154
42.245000,0.400307,0.077062,0.257705
42.250000,1.199872,-0.748291,-0.713722
42.255000,-1.627855,0.083383,0.183740
42.260000,1.050587,0.334632,2.079952
42.265000,2.076861,0.170930,0.181772
42.270000,0.233432,-0.309588,-0.529070
42.275000,1.874014,0.706133,-0.930234
42.280000,-1.420017,0.410410,-0.168663
42.285000,0.203150,0.348554,1.683128
42.290000,-0.916938,2.098302,-0.293842
42.295000,-0.916309,0.656469,0.087438
42.300000,0.868594,-0.730935,0.288117
42.305000,0.298419,0.448612,-0.633085
42.310000,0.993228,-0.443519,0.510815
42.315000,-0.523638,0.048841,1.156736
42.320000,1.163284,1.508023,-0.939223
42.325000,1.037666,-0.389500,0.041997
42.330000,1.283104,0.462180,0.409653
42.335000,-1.463506,-0.089804,0.778675
42.340000,1.590264,-0.558076,0.057903
42.345000,0.983316,0.011700,0.818117
42.350000,1.425729,0.220270,-0.597274
42.355000,-2.108543,-0.205788,-1.003833
42.360000,0.052615,0.304674,1.781923
42.365000,-1.325701,-0.092612,1.038402
42.370000,1.957782,0.456546,-0.032821
42.375000,0.521149,-1.410604,-0.783121
42.380000,0.483346,0.128653,0.243410
42.385000,0.531734,-0.152581,-0.484875
42.390000,0.539713,-1.528634,-0.858853
42.395000,-0.210538,-1.157002,-0.391525
42.400000,0.952161,0.779767,1.520101
42.405000,0.347071,0.180507,0.747435
42.410000,1.124553,-3.240913,1.607798
42.415000,-1.020649,0.223823,-0.106606
42.420000,-1.247483,1.913797,-1.281274
42.425000,1.650215,-0.858751,0.611399
42.430000,-0.654503,-0.594135,-0.665984
42.435000,-1.370525,0.082420,1.527307
42.440000,-0.670855,0.426482,0.224225
42.445000,0.386360,-1.280307,1.141359
42.450000,-0.070299,-0.650367,-0.554341
42.455000,-1.001135,-0.249753,0.743490
42.460000,-0.354712,1.000537,-0.004556
42.465000,2.346989,-1.205817,-1.383905
42.470000,0.245973,-0.322699,-0.720496
42.475000,0.487699,0.320148,-1.045323
42.480000,0.153487,2.976554,-0.400363
42.485000,0.325417,-0.740319,1.137717
42.490000,-1.834981,-0.297411,0.637675
42.495000,-0.186507,-0.755108,-0.536394
42.500000,0.368481,0.234206,0.468476
42.505000,0.843659,-0.040516,1.101986
42.510000,1.870591,-0.140175,-1.869523
42.515000,0.476884,-0.260234,-1.847581
42.520000,1.052019,1.995738,-0.273845
42.525000,-0.447007,0.968522,-0.474513
42.530000,0.806929,-0.341881,-0.889716
42.535000,-1.952043,-0.882917,-0.842926
42.540000,0.016846,-0.193718,0.943054
42.545000,1.718188,1.362205,0.654535
42.550000,0.001141,1.794583,-2.382795
42.555000,-0.303684,1.166919,-0.490728
42.560000,-1.818785,-0.068773,1.108933
42.565000,-0.948026,-1.422236,0.557137
42.570000,0.511047,-1.400320,-1.307256
42.575000,0.249621,0.149884,-1.737449
42.580000,-0.272961,0.666670,-0.193416
42.585000,-0.230306,-0.414764,1.014432
42.590000,-0.878468,-0.656071,-2.138595
42.595000,0.236261,-0.289581,-0.213301
42.600000,-2.067672,0.162764,-0.531246
42.605000,-0.543886,-0.165098,0.456351
42.610000,-0.303630,1.070478,-0.158436
42.615000,1.454726,-0.834664,2.801591
42.620000,-0.799335,-0.061143,0.291310
42.625000,0.409902,1.081657,0.617340
42.630000,0.915643,1.002340,-1.281057
42.635000,-0.152615,-1.747755,-1.068511
42.640000,-1.186647,0.593724,0.774280
42.645000,0.720782,0.677670,1.930285
42.650000,0.757512,0.077726,-0.420531
42.655000,0.739274,-0.052025,0.210036
42.660000,1.379089,-0.771793,-0.077191
42.665000,1.761867,1.993912,-0.537335
42.670000,0.289131,-0.478092,0.260289
42.675000,-1.318339,0.360836,-1.410284
42.680000,-0.111915,0.963393,0.356916
42.685000,2.196205,0.713421,2.195864
42.690000,-0.929626,0.723086,-0.914145
42.695000,-2.269235,0.110149,0.389869
42.700000,0.441271,2.134413,0.672602
42.705000,-0.575074,1.108590,0.321562
42.710000,1.052667,0.240278,-0.224311
42.715000,0.168375,-0.422647,1.177976
42.720000,1.102137,-0.337888,0.985746
42.725000,-0.085510,-1.089553,0.245787
42.730000,0.718684,-0.530716,1.118168
42.735000,-1.296206,-0.225223,-1.742190
42.740000,-0.567443,-0.553108,0.196593
42.745000,1.354186,0.286381,0.737152
42.750000,1.101194,0.330557,-0.505300
42.755000,-0.896818,-0.832119,0.094199
42.760000,0.279502,1.924714,0.750116
42.765000,-0.737598,0.891279,2.268713
42.770000,0.568764,1.055143,-1.117883
42.775000,-0.634130,0.001515,-0.269934
42.780000,-0.330336,-1.454557,0.641043
42.785000,0.788866,0.054705,0.272974
42.790000,-0.337110,-0.420793,-0.857651
42.795000,-0.139044,0.199073,-0.569552
42.800000,0.209444,-0.746057,-0.252337
42.805000,0.158903,1.282581,-0.794877
42.810000,-0.002595,1.422416,-0.184717
42.815000,-0.333901,-0.424727,0.160168
42.820000,-2.530742,0.295259,0.383861
42.825000,-0.486541,1.249973,-0.463241
42.830000,1.471595,-1.954243,-1.867069
42.835000,-0.359813,1.289915,-1.042047
42.840000,1.666415,-0.502019,2.704545
42.845000,0.113303,1.142616,0.309921
42.850000,-0.089274,0.046930,0.909348
42.855000,0.263484,-1.057858,-0.927279
42.860000,-1.245536,-0.420780,0.612229
42.865000,0.322276,1.021626,0.886365
42.870000,1.364491,-0.467534,-1.698515
42.875000,-2.575676,-1.693114,-0.546266
42.880000,-0.610552,0.193411,1.545376
42.885000,0.212162,-0.334665,0.348743
42.890000,-1.192707,0.989575,-0.512892
42.895000,-2.067664,-1.167711,0.552033
42.900000,0.757213,0.785058,1.925973
42.905000,1.019631,1.451260,-1.999121
42.910000,-1.476141,1.614490,-0.014587
42.915000,0.445252,-0.666322,-1.818625
42.920000,0.645150,-0.107411,-0.576503
42.925000,-0.194412,0.624298,0.447323
42.930000,-0.597843,2.257464,-1.709265
42.935000,-2.404973,-1.685640,0.607687
42.940000,-0.122754,1.858234,-0.727556
42.945000,0.324059,2.323587,-1.590056
42.950000,-0.222051,-0.075142,0.795614
42.955000,-1.215611,-0.125016,0.337828
42.960000,-0.693297,-0.270564,-0.199335
42.965000,1.428591,2.723297,1.247923
42.970000,0.037019,0.951903,0.368258
42.975000,-1.906267,0.201656,0.764515
42.980000,-0.730982,0.893233,1.219668
42.985000,-0.277875,0.713863,1.426372
42.990000,-0.056321,-1.694032,2.010113
42.995000,-1.654803,-1.631501,-0.215542
43.000000,-0.279959,-0.975891,2.899285
43.005000,-1.993149,0.149986,1.212278
43.010000,-0.297425,-0.153353,-0.561005
43.015000,0.795381,0.911622,-0.828988
43.020000,-1.363811,-1.781865,0.863475
43.025000,-0.348596,-0.572364,0.283079
43.030000,-0.188451,-0.923086,-0.139534
43.035000,0.639398,-0.754321,-0.288061
43.040000,-0.583385,-0.074111,0.575652
43.045000,-0.195222,0.132276,2.595241
43.050000,-0.684102,-0.408448,1.205758
43.055000,-0.902177,-0.941541,0.389890
43.060000,-0.858975,-1.651709,0.227321
43.065000,0.041655,0.921460,0.600770
43.070000,-0.055122,-0.911914,-1.083623
43.075000,-0.619946,-0.055852,-0.413116
43.080000,-0.797753,-0.478722,-1.180478
43.085000,1.464991,-0.029607,1.433219
43.090000,0.368664,0.584841,-0.005192
43.095000,-1.155598,-0.410918,0.251792
43.100000,-0.466448,0.026174,1.434511
43.105000,-0.343687,1.763709,-0.300942
43.110000,0.070283,1.856162,-0.801383
43.115000,-0.573758,0.164295,0.781114
43.120000,1.140766,0.646730,-0.354487
43.125000,0.252984,-0.515150,0.326079
43.130000,0.409185,-0.789772,0.293718
43.135000,-0.577101,0.583523,0.060485
43.140000,2.038256,-1.661274,-0.860816
43.145000,-0.154085,-0.306298,0.331308
43.150000,-0.485530,0.440155,-1.759305
43.155000,0.427509,1.184655,-1.343558
43.160000,0.318747,-0.669026,1.181289
43.165000,-0.368722,-0.827558,-0.802876
43.170000,1.469394,0.202114,-1.491715
43.175000,-0.128065,1.451523,-0.796707
43.180000,-1.148133,-0.264298,1.366695
43.185000,1.477516,-0.284874,1.169807
43.190000,0.828250,-0.830361,-1.381515
43.195000,-0.969709,-0.661272,-0.309335
43.200000,-2.782015,-0.653043,1.420898
43.205000,0.371095,-0.370587,-0.441448
43.210000,0.944715,0.054369,-0.503630
43.215000,-0.490449,-0.746171,-0.690710
43.220000,-0.474414,1.117832,-1.326396
43.225000,2.047305,0.343515,-1.195305
43.230000,-0.137715,-0.872403,0.124706
43.235000,0.282612,-2.223735,1.294237
43.240000,-0.275411,0.050705,-0.612280
43.245000,0.750503,-1.276376,1.731416
43.250000,1.392683,-0.452383,-0.852250
43.255000,0.943445,0.350490,-0.559556
43.260000,-0.465987,-0.471746,0.671076
43.265000,-0.601282,-0.019452,2.423098
43.270000,-0.139963,-0.367720,-0.677986
43.275000,0.132858,-0.331879,-0.481823
43.280000,-0.474841,0.585947,0.262976
43.285000,-0.000562,0.591299,-1.306321
43.290000,1.071670,-0.311571,0.101818
43.295000,0.127253,-1.068425,-0.722728
43.300000,-0.732552,1.139915,1.423977
43.305000,-2.161210,0.936965,2.043526
43.310000,0.671489,0.188837,-1.665764
43.315000,-0.124674,-0.816056,0.402145
43.320000,1.113830,0.690052,0.095392
43.325000,1.691821,0.501936,-0.939600
43.330000,0.746176,-0.389366,0.336946
43.335000,-0.528298,-0.920540,-0.151475
43.340000,0.549221,-0.325217,0.073367
43.345000,0.388580,0.829592,0.291281
43.350000,-0.368406,0.300986,-0.819173
43.355000,-0.912307,0.199166,0.855785
43.360000,1.465526,-0.872230,0.458987
43.365000,1.209948,-0.352544,-0.863756
43.370000,2.158569,-0.771022,-1.121536
43.375000,-0.157233,-0.358790,0.602251
43.380000,-2.383813,-1.512317,-0.280698
43.385000,-1.145070,1.046113,-0.529599
43.390000,-2.217502,1.386420,-1.434045
43.395000,-2.050470,0.351727,-0.304235
43.400000,-0.182375,-0.739133,1.318189
43.405000,-1.948634,-1.387160,-0.513367
43.410000,0.818545,-1.692851,-1.676632
43.415000,-1.421995,-0.458058,-0.000042
43.420000,-0.438024,2.297021,0.845990
43.425000,-1.189993,0.833874,-0.983026
43.430000,0.809929,1.156170,-0.672333
43.435000,-0.553123,-0.175649,-0.686227
43.440000,-2.237774,-0.438840,0.268389
43.445000,-0.015715,-0.519328,0.840779
43.450000,0.914872,1.779725,0.642492
43.455000,0.666501,0.009327,-0.377416
43.460000,0.129170,0.413763,0.573762
43.465000,0.111423,-0.003098,-0.376914
43.470000,1.872254,1.072994,0.698626
43.475000,-0.871213,-0.451822,-0.162752
43.480000,-0.196879,-0.616375,0.966650
43.485000,0.048360,-0.656729,-2.533512
43.490000,-0.083550,-0.195812,-0.971952
43.495000,-0.470366,-1.477680,1.290490
43.500000,-0.765294,-0.961361,-0.047973
43.505000,0.393102,1.562539,-0.514283
43.510000,-1.704414,0.089938,1.308791
43.515000,-0.294806,-0.422153,-0.860056
43.520000,1.372146,-0.612886,1.317053
43.525000,-1.216238,0.739828,0.727942
43.530000,0.356438,-0.773334,0.477753
43.535000,0.442737,0.366893,-1.784797
43.540000,-0.974073,0.195849,1.540821
43.545000,-1.735165,0.480202,0.715700
43.550000,-1.012009,1.163862,-0.894401
43.555000,0.630700,-1.620551,-1.630978
43.560000,0.371504,-0.070911,0.032665
43.565000,-0.491018,-0.401412,1.022481
43.570000,-0.887557,-0.411310,0.760200
43.575000,0.994043,0.265533,-0.911964
43.580000,0.659036,0.250565,0.489972
43.585000,-0.471671,1.585600,-1.157022
43.590000,-1.797402,-0.068084,-0.316621
43.595000,-0.361018,0.547490,0.768577
43.600000,0.392594,-0.306371,1.548269
43.605000,-0.764633,-0.986576,0.217216
43.610000,-0.236749,-1.865968,-2.130080
43.615000,0.072893,-0.683092,1.026830
43.620000,0.377143,-0.151598,2.639483
43.625000,0.447110,1.244061,-0.555730
43.630000,1.554966,0.225866,0.043232
43.635000,0.078924,0.001940,0.035249
43.640000,-0.943643,-0.913546,0.381854
43.645000,-1.341954,0.844252,-1.133841
43.650000,0.334725,-0.834004,-0.386854
43.655000,-0.409990,-0.436924,0.625699
43.660000,-0.953869,1.506212,0.261863
43.665000,-0.942367,2.415215,0.545768
43.670000,-0.646243,2.100067,-0.890104
43.675000,-0.139842,-2.005318,-0.355656
43.680000,-0.321862,2.872914,-0.458724
43.685000,-1.405417,-0.730367,1.809924
43.690000,-0.782315,0.414571,-0.541501
43.695000,0.775034,-0.079082,-1.948863
43.700000,-1.077497,0.312634,-0.580647
43.705000,-1.457179,-1.324119,2.434036
43.710000,1.065703,-0.185405,0.702724
43.715000,-0.780120,0.078286,-0.629468
43.720000,-0.579611,-1.470664,-1.962823
43.725000,-0.171038,1.561789,1.338813
43.730000,0.282883,1.640304,-2.120618
43.735000,-1.186833,0.386014,-0.545828
43.740000,-0.128217,-0.383849,0.745816
43.745000,-0.367327,-1.797215,1.560095
43.750000,-0.619071,-0.331709,-0.611960
43.755000,-0.213669,-0.733123,-0.484494
43.760000,0.870192,0.818175,0.006082
43.765000,0.778652,1.584248,-1.055791
43.770000,-1.191061,-0.643134,-2.309673
43.775000,0.434838,0.230358,-0.266516
43.780000,-0.334921,0.294637,-0.639044
43.785000,-0.944814,1.863652,0.336051
43.790000,-0.343571,0.798850,-0.666858
43.795000,0.752540,-1.358312,0.966895
43.800000,0.002375,1.528525,1.605808
43.805000,1.112014,1.940611,1.895666
43.810000,0.051973,1.148147,-0.607439
43.815000,0.068041,-2.021246,-0.268131
43.820000,-1.428910,0.149560,0.329332
43.825000,-0.336302,0.428044,0.916109
43.830000,-0.072288,-1.926399,1.738853
43.835000,-0.551622,-0.495341,0.596160
43.840000,-1.386443,-0.323289,0.356141
43.845000,0.068305,-0.543269,2.305612
43.850000,1.672263,-0.287488,-1.075948
43.855000,-1.075319,0.265546,-0.535027
43.860000,-1.091929,-0.491935,0.996663
43.865000,1.004724,1.168383,0.357494
43.870000,1.609155,-1.270122,-2.265591
43.875000,0.939441,0.174039,-0.816836
43.880000,-0.533740,-0.378511,2.222434
43.885000,-0.528747,0.649775,0.133325
43.890000,0.198402,0.991912,0.741603
43.895000,0.618229,-0.301125,-2.007291
43.900000,-1.077815,-0.190331,0.044927
43.905000,-0.714239,1.011746,2.072818
43.910000,0.181692,0.278325,0.099277
43.915000,0.478901,-1.187014,0.493186
43.920000,-0.939897,-0.190898,0.293798
43.925000,0.488275,1.773312,-0.080186
43.930000,-1.292713,-0.793059,0.709365
43.935000,-0.624771,0.329720,-0.070494
43.940000,0.460854,0.773251,-0.354228
43.945000,0.017261,1.490587,1.020485
43.950000,0.671628,-1.794148,0.010998
43.955000,0.393559,1.244992,1.244681
43.960000,-0.648904,1.375007,0.366934
43.965000,0.616935,1.927750,-0.218449
43.970000,-0.980507,-0.474171,0.430772
43.975000,0.860252,0.856215,-1.444491
43.980000,-0.275120,-1.389838,0.966032
43.985000,0.688500,0.493277,-0.187190
43.990000,1.173889,-1.128874,0.125922
43.995000,-0.107410,-0.326466,-1.171928
44.000000,0.807802,0.493603,1.047166
44.005000,0.343587,0.483031,1.577714
44.010000,0.113071,1.396536,0.010025
44.015000,-0.767319,-1.204443,1.072148
44.020000,0.020587,0.751649,-0.212567
44.025000,-0.925202,0.526782,1.152495
44.030000,0.838380,-0.866291,1.839968
44.035000,0.922004,-2.466011,0.366758
44.040000,-0.625748,1.212428,-0.694230
44.045000,1.958431,-0.296754,-1.312979
44.050000,0.473962,0.801121,-1.350607
44.055000,-0.260409,-2.453839,-2.338093
44.060000,0.168400,-1.586369,0.898849
44.065000,0.111581,0.894885,-0.710051
44.070000,1.839770,0.977800,-1.215977
44.075000,2.276105,-0.568188,-1.635240
44.080000,-1.637919,-0.184260,0.522601
44.085000,0.825195,0.116782,1.141989
44.090000,0.040917,0.675668,0.780185
44.095000,-0.420192,-0.325301,-0.613337
44.100000,-0.033326,0.243859,-1.494351
44.105000,-0.513171,1.559208,-0.051239
44.110000,-1.656906,-0.109647,0.073026
44.115000,0.067353,1.244070,-1.051707
44.120000,0.909140,-1.559481,-2.286234
44.125000,-0.512373,-0.107092,-2.609939
44.130000,2.502245,-1.608900,-1.275797
44.135000,0.887218,-0.499263,-1.453651
44.140000,-0.547197,-0.566095,0.207848
44.145000,0.307833,1.083888,-0.254679
44.150000,2.155958,-0.832314,-0.177718
44.155000,-0.148150,-2.529135,-0.637373
44.160000,-1.022932,-2.273279,-0.994140
44.165000,-0.565559,0.145772,0.732803
44.170000,-0.616707,-0.205458,-1.141418
44.175000,1.164918,-1.281513,-0.512288
44.180000,0.002534,0.527543,0.450926
44.185000,0.817445,-0.174117,0.658358
44.190000,-1.614089,-1.045169,0.406253
44.195000,-0.020735,-0.683778,0.141137
44.200000,1.017360,1.677741,0.534880
44.205000,-0.585250,-0.378194,-0.182183
44.210000,-0.587832,-1.061276,1.642794
44.215000,-0.459939,0.784190,0.725328
44.220000,-1.522618,-0.958769,2.005585
44.225000,0.672838,0.473533,-0.621884
44.230000,-1.422940,2.144956,-1.809492
44.235000,1.127474,0.104185,0.474270
44.240000,-0.060061,1.614869,-0.334394
44.245000,-0.477700,1.222824,0.895892
44.250000,0.071368,0.029911,-0.271090
44.255000,0.982532,0.649275,-0.203736
44.260000,-1.249575,-0.768085,1.541970
44.265000,1.590580,0.534121,-0.385623
44.270000,-1.347589,0.217704,1.338236
44.275000,-0.502153,0.070326,0.149454
44.280000,0.018221,-1.759796,0.356663
44.285000,1.313483,1.565195,0.114687
44.290000,1.203668,0.081465,-0.116660
44.295000,0.867322,0.210773,0.406383
44.300000,-1.558331,2.035253,0.817469
44.305000,-0.671805,-0.622671,-0.421679
44.310000,-0.457296,-0.002067,-1.481427
44.315000,-1.152326,0.132167,0.107035
44.320000,-0.624717,-1.443861,-0.419029
44.325000,-0.705883,0.489698,0.022667
44.330000,1.727942,-0.043287,-0.788459
44.335000,0.557822,-0.910014,-1.057136
44.340000,-1.021899,1.168176,0.354991
44.345000,-0.389386,-0.305927,0.177827
44.350000,-0.203721,0.218784,-0.612063
44.355000,-1.088888,-1.069691,-1.122583
44.360000,-1.203438,-1.635740,-0.338300
44.365000,0.888429,1.794798,2.078902
44.370000,-0.223891,1.682034,0.025245
44.375000,0.618231,-1.552450,-0.429592
44.380000,0.823555,-1.196491,-1.611865
44.385000,0.275350,0.455967,-2.514273
44.390000,-0.290886,0.059204,-1.017743
44.395000,0.418864,-0.395262,1.611046
44.400000,-0.447802,-0.416924,-0.102189
44.405000,-0.679966,0.035989,-0.852552
44.410000,0.640202,-1.199080,-0.866489
44.415000,-0.324646,0.146921,-0.651909
44.420000,-0.570626,-0.050918,-1.212388
44.425000,1.225595,1.456373,-0.688826
44.430000,-1.931707,-0.389550,-2.239205
44.435000,0.943848,0.433395,-0.377714
44.440000,0.334217,-1.426013,-0.390814
44.445000,0.314229,1.499617,-0.116574
44.450000,0.603964,-0.342697,-0.748280
44.455000,-1.117217,-0.006967,0.059734
44.460000,-0.726949,0.224405,0.678656
44.465000,-0.515144,0.060558,1.667146
44.470000,0.597591,-0.081838,-1.917408
44.475000,-0.563974,0.638026,-1.393742
44.480000,-0.510368,-0.098521,-0.284188
44.485000,0.374685,0.048536,1.233372
44.490000,0.562861,-0.105886,0.009406
44.495000,-1.949414,-2.036597,0.599515
44.500000,-0.618053,0.977120,-0.163358
44.505000,-1.201536,-1.975746,0.094425
44.510000,1.688534,1.635683,-1.119801
44.515000,0.646057,0.448730,-0.806541
44.520000,-0.664859,-1.467896,-0.589688
44.525000,0.514088,1.159004,0.581221
44.530000,0.461813,-0.796981,0.773672
44.535000,-0.216068,-0.674562,-0.430150
44.540000,-1.740075,1.383267,0.375979
44.545000,1.123518,2.605800,2.310076
44.550000,-0.914810,1.913651,0.927317
44.555000,-0.081233,0.328048,-1.575237
44.560000,-0.350708,-0.588512,0.365245
44.565000,0.701747,-0.207322,-0.949669
44.570000,-0.408397,-0.050863,0.063621
44.575000,1.941344,-0.247455,-0.724238
44.580000,0.578258,0.086371,-0.821366
44.585000,-1.349221,1.543414,-0.657319
44.590000,0.762069,-1.385463,0.641830
44.595000,-0.311630,-1.094161,-2.179724
44.600000,0.157628,-0.064906,-1.049621
44.605000,0.520699,0.860260,0.416215
44.610000,2.367262,-1.302871,0.341661
44.615000,-0.121044,-0.225830,0.061564
44.620000,0.117073,-0.769316,0.437479
44.625000,-0.348094,0.150475,1.866967
44.630000,0.364803,-0.429042,-1.195797
44.635000,0.337610,0.058741,-1.489296
44.640000,-1.939963,-0.040318,-0.602800
44.645000,-0.131301,0.496626,0.368796
44.650000,-1.667806,0.982590,-1.389777
44.655000,0.689701,-1.111314,-0.812256
44.660000,1.013876,1.520676,-0.334049
44.665000,1.086498,1.107179,0.499848
44.670000,-0.517461,1.054560,0.354033
44.675000,-1.389340,-1.979782,-0.659349
44.680000,0.398418,-0.423957,-0.300080
44.685000,-0.067944,1.145913,0.081446
44.690000,0.068475,1.334801,1.107739
44.695000,-0.360023,2.563227,0.062598
44.700000,0.554348,-0.660492,0.330630
44.705000,1.130482,-0.746163,0.841311
44.710000,-0.914309,2.052546,0.904472
44.715000,1.194334,-1.591348,-0.718266
44.720000,0.628430,-0.994502,3.003564
44.725000,-1.578660,-0.260455,-0.243457
44.730000,-0.998637,1.120460,-0.838076
44.735000,-0.135766,0.767017,-0.170413
44.740000,0.037481,-0.160568,1.507534
44.745000,0.947529,1.938556,0.496851
44.750000,1.847762,-1.198503,-0.902266
44.755000,-0.801088,-1.294264,-1.212278
44.760000,1.634263,-1.163966,0.051141
44.765000,-0.649198,0.898652,0.066034
44.770000,0.325491,-0.952286,-0.072732
44.775000,-0.960571,-0.263356,-1.361633
44.780000,0.610917,-1.015960,1.177313
44.785000,-0.995768,0.938355,1.142397
44.790000,0.904553,0.644740,-1.699172
44.795000,0.134679,-1.397055,-1.574029
44.800000,1.248741,2.364646,0.768080
44.805000,1.524008,-0.225787,0.886728
44.810000,0.541320,1.347800,0.549892
44.815000,0.930376,-0.795332,0.603944
44.820000,1.139559,-1.212416,0.634746
44.825000,1.542188,0.542216,-0.997727
44.830000,-2.159017,1.308772,0.464452
44.835000,-0.826922,-0.798066,1.327685
44.840000,-0.532980,0.916165,-0.959651
44.845000,-0.792921,1.873111,-0.722558
44.850000,1.083490,-0.330413,0.643115
44.855000,-1.413101,0.036053,-0.934994
44.860000,-0.887203,0.995396,-0.177036
44.865000,-0.806551,1.332481,1.403244
44.870000,1.484021,-0.207023,1.701884
44.875000,-0.560180,-1.309609,2.144576
44.880000,-0.658602,1.320710,-0.180831
44.885000,-2.451037,-0.093207,1.445874
44.890000,0.339939,-1.122682,1.353403
44.895000,-0.596140,-0.530733,1.068738
44.900000,-1.016421,0.427126,-0.538720
44.905000,1.896605,-0.202162,0.851189
44.910000,1.857676,-1.230606,0.150589
44.915000,0.458424,-0.595150,-1.700913
44.920000,-1.569026,1.158089,-0.149861
44.925000,-0.582284,-0.026373,-0.668584
44.930000,-0.682465,0.531154,-0.041338
44.935000,0.393130,0.714501,1.134469
44.940000,1.111081,-2.015874,0.091093
44.945000,0.403623,1.076942,0.045309
44.950000,2.033865,1.036126,-0.031113
44.955000,-2.139878,-0.094358,-0.494103
44.960000,0.139376,-0.029980,0.132062
44.965000,1.226138,0.177995,0.460719
44.970000,-0.704258,-0.088668,-0.393118
44.975000,0.312469,-1.484834,-2.252600
44.980000,-1.270290,-0.547584,-1.036211
44.985000,0.599941,0.231156,1.187859
44.990000,-0.900879,1.463511,1.241043
44.995000,1.134083,-0.073953,-0.454202
45.000000,-0.364329,0.774428,1.559894
45.005000,-0.786375,0.116432,-0.183582
45.010000,-0.758643,0.127480,-0.588978
45.015000,0.280840,-1.135950,-1.423532
45.020000,-0.123806,1.536769,2.345795
45.025000,-0.046530,-0.567709,0.669634
45.030000,1.190025,2.197774,1.633940
45.035000,1.059323,-1.295858,-0.775100
45.040000,1.445366,0.549332,0.954151
45.045000,-0.379724,-1.127042,0.703069
45.050000,-0.339875,-2.062283,0.120277
45.055000,-1.054755,-0.876103,-0.001751
45.060000,-0.297060,-0.731506,-0.434385
45.065000,0.740694,-0.208084,-0.247387
45.070000,-0.092228,-1.454832,-3.222165
45.075000,0.159693,-2.199553,-0.963504
45.080000,-1.170119,0.648606,-0.788463
45.085000,2.257590,0.447099,-1.210517
45.090000,0.699988,1.626313,-2.153475
45.095000,-3.290861,-1.255194,-1.239428
45.100000,0.687527,0.781645,-0.597919
45.105000,-0.002331,-1.238670,0.125645
45.110000,-0.766169,0.156593,-0.539162
45.115000,-0.321109,0.223963,-1.719656
45.120000,-0.862381,0.241399,0.060093
45.125000,0.632422,0.058078,1.282585
45.130000,-0.153679,-0.311327,-0.009883
45.135000,0.633877,-0.373450,-0.417338
45.140000,1.222331,1.653843,2.179371
45.145000,1.853685,0.128562,-0.071600
45.150000,-0.834981,-0.790988,0.147897
45.155000,-1.831154,-2.597969,-0.314511
45.160000,-1.378784,0.224310,-0.502165
45.165000,0.966717,0.674257,1.849841
45.170000,-0.101201,-0.869374,0.212439
45.175000,1.932895,-1.487212,-1.084182
45.180000,-1.514857,-1.012102,1.110352
45.185000,0.614152,0.204340,0.472170
45.190000,1.013745,0.712224,-0.933807
45.195000,-2.828990,-0.468481,-1.355877
45.200000,0.757627,-0.339520,0.588577
45.205000,0.766506,-0.848552,2.088270
45.210000,1.538444,-0.397748,0.957024
45.215000,-0.041576,-2.131153,-2.405303
45.220000,0.323449,-0.725425,0.286741
45.225000,-0.170283,1.713503,0.407224
45.230000,0.199287,-0.742828,0.158326
45.235000,-0.648307,-0.172986,0.398787
45.240000,-0.767784,-0.012983,0.813809
45.245000,0.835004,-0.867185,-0.435329
45.250000,-0.873297,-0.630026,0.064546
45.255000,-1.003871,0.408382,2.871521
45.260000,-0.620432,-0.754499,0.901196
45.265000,1.824809,-1.140633,-0.773108
45.270000,0.613736,-2.158584,-0.907853
45.275000,0.477783,-0.150587,0.713018
45.280000,-1.733236,0.273341,0.698364
45.285000,1.512726,-0.052860,1.886014
45.290000,1.333966,-0.391341,2.380185
45.295000,0.753860,-1.586087,0.080618
45.300000,-0.845920,0.199248,-0.047694
45.305000,0.987479,-0.242603,-2.206290
45.310000,-0.621332,-1.262081,0.315053
45.315000,1.419423,1.920741,-0.464865
45.320000,1.564742,1.011239,-0.017603
45.325000,1.101003,-1.002425,1.739090
45.330000,-0.385238,0.026630,-0.012862
45.335000,0.532103,-0.127061,0.109761
45.340000,1.713643,1.911697,0.351297
45.345000,0.010185,0.172089,0.964734
45.350000,1.417446,-0.043832,-1.756487
45.355000,-0.119031,-0.690180,-0.168629
45.360000,-0.410774,0.809671,0.980106
45.365000,0.546614,2.252236,1.533443
45.370000,-1.397908,0.240523,-1.057209
45.375000,0.936516,-0.324377,-0.156742
45.380000,-0.000256,-1.363893,0.076898
45.385000,0.173462,0.986816,-1.307787
45.390000,0.698594,0.700389,-1.360673
45.395000,-0.467954,-1.239967,0.028535
45.400000,-0.920154,-1.063412,1.189621
45.405000,-0.164275,0.629508,-0.941875
45.410000,0.248009,-0.081666,1.169861
45.415000,0.695747,-0.485821,-0.054593
45.420000,0.552449,-1.049681,0.216900
45.425000,1.588478,-1.671570,1.171852
45.430000,-1.871826,1.404724,-1.564136
45.435000,-0.424376,-1.337378,2.318011
45.440000,0.477588,1.307947,-0.511382
45.445000,-1.707055,-2.089871,0.876527
45.450000,1.108709,-1.636253,-0.649946
45.455000,2.285553,-1.156469,-1.047504
45.460000,0.172468,0.889255,-0.735868
45.465000,0.523337,0.941504,1.185083
45.470000,-0.415267,1.646662,-1.112603
45.475000,0.235226,1.856552,0.264907
45.480000,-1.359865,0.255618,1.295787
45.485000,-0.546660,0.067188,1.138775
45.490000,-0.519738,-0.347524,-1.695598
45.495000,0.152833,-0.362228,-1.333604
45.500000,1.292887,-0.155602,1.123134
45.505000,0.273999,0.697876,-1.046484
45.510000,0.192057,0.139709,-0.565473
45.515000,-0.505163,-0.728801,-0.364345
45.520000,0.648193,1.132186,-0.523560
45.525000,1.981383,-0.379553,-0.162377
45.530000,-0.514904,-1.069108,0.474999
45.535000,-0.931923,-0.496842,0.832341
45.540000,-0.520188,0.188359,0.258948
45.545000,-1.400391,-0.380378,1.698852
45.550000,0.533982,-0.975958,1.587160
45.555000,0.027336,0.346741,0.311354
45.560000,-0.871184,-0.072312,0.253872
45.565000,1.014338,2.439849,0.387565
45.570000,0.595117,0.446088,0.738905
45.575000,-1.573837,-1.999718,-0.393017
45.580000,-0.952042,0.917055,0.511224
45.585000,2.354863,-1.651192,-1.377247
45.590000,1.573704,0.827874,1.025777
45.595000,0.376323,-1.138690,-0.264073
45.600000,1.148334,0.208082,0.913598
45.605000,0.042685,0.117070,-1.716240
45.610000,0.153726,0.210425,0.836815
45.615000,0.649399,1.551725,0.571506
45.620000,-0.501983,-1.568867,1.436402
45.625000,1.229601,-0.822584,-0.685078
45.630000,0.296591,0.487743,-1.652143
45.635000,0.140953,0.154411,0.670361
45.640000,0.452651,-0.202678,-2.313565
45.645000,1.140817,-0.285185,1.908772
45.650000,-1.686208,-0.942665,0.683092
45.655000,-0.052529,-0.436447,0.394469
45.660000,-0.741971,-1.114725,1.812347
45.665000,0.999637,0.733621,2.310149
45.670000,-0.125922,-0.807063,0.233081
45.675000,-0.591178,0.606091,-0.252610
45.680000,-0.956997,0.367954,-1.383748
45.685000,0.608800,-0.226142,2.076984
45.690000,-0.234550,0.973905,-1.463049
45.695000,-2.486079,0.029265,0.113155
45.700000,-0.899491,-1.398130,-1.458829
45.705000,0.681285,0.659619,1.037799
45.710000,0.424744,-0.181147,0.099229
45.715000,0.634898,0.053525,-0.567321
45.720000,0.321341,0.152493,0.705991
45.725000,-0.204475,1.749247,1.438995
45.730000,1.597013,-1.193960,0.333022
45.735000,-2.179124,-0.011740,0.216294
45.740000,-1.525959,1.429677,0.316690
45.745000,-0.801732,-0.422532,0.208454
45.750000,-0.345512,1.524540,-0.613876
45.755000,-1.986035,0.787364,0.099277
45.760000,0.263440,1.925154,0.076076
45.765000,-0.319136,0.963192,1.387212
45.770000,-0.662741,1.678248,-0.256871
45.775000,-0.934980,-0.442511,-0.537578
45.780000,-1.481974,2.435728,-0.391729
45.785000,0.878806,-1.570120,0.109508
45.790000,0.124181,-0.192921,0.495502
45.795000,-1.813027,-1.074861,-1.856252
45.800000,1.243960,0.010873,-1.743721
45.805000,-1.078751,0.699225,-0.196486
45.810000,-2.133464,-0.687990,-1.460839
45.815000,0.011866,-1.656296,1.000061
45.820000,1.074441,1.375712,-0.750758
45.825000,0.216646,-0.272678,0.536880
45.830000,-0.535273,0.008090,-0.938595
45.835000,-0.383851,-0.651169,-1.562492
45.840000,0.164773,3.170544,0.323641
45.845000,-0.305833,2.008619,-0.514791
45.850000,-1.726101,1.637476,-0.630715
45.855000,0.220901,0.095277,-2.918213
45.860000,-0.213901,0.640616,1.851914
45.865000,0.209991,-0.433501,-0.713223
45.870000,-0.758748,-0.065136,0.601663
45.875000,-1.342707,-2.727030,0.702080
45.880000,0.476655,0.285737,-0.069599
45.885000,1.234874,-0.085501,0.261615
45.890000,0.195833,0.429558,0.283487
45.895000,-0.017070,-1.659262,0.718242
45.900000,-1.443967,-1.119203,0.377017
45.905000,1.145779,-0.956767,-0.574273
45.910000,1.034358,-0.799193,0.752162
45.915000,0.191664,0.737104,-0.432713
45.920000,-0.561368,-0.949177,1.965369
45.925000,1.310310,1.633366,0.800151
45.930000,0.583963,0.444257,-0.675444
45.935000,-0.238884,1.341496,-1.991812
45.940000,0.607649,-0.163620,-0.049186
45.945000,0.256174,0.649622,-1.288554
45.950000,0.455762,0.195140,-0.110219
45.955000,-0.482572,1.472544,0.353095
45.960000,0.334452,0.434822,0.625906
45.965000,-1.991842,-0.394622,0.157385
45.970000,1.557760,0.210019,-1.157267
45.975000,0.437962,-1.480335,-0.939646
45.980000,0.430463,1.038378,-0.955735
45.985000,-0.236679,0.801296,0.853556
45.990000,0.735421,0.175112,0.362696
45.995000,0.360267,-1.781890,-1.658753
46.000000,-0.289043,-0.859780,0.775968
46.005000,0.398519,1.847274,-0.118012
46.010000,-0.319718,0.809548,0.452293
46.015000,-0.732742,-0.857696,-0.955659
46.020000,0.630209,-0.042957,1.201838
46.025000,-0.408765,-0.332241,-0.815892
46.030000,-0.764402,-0.912432,-0.416341
46.035000,-0.110572,-1.581868,-0.201202
46.040000,0.230063,-0.133601,-0.030185
46.045000,1.035621,0.293950,1.540661
46.050000,-0.278781,0.597938,1.057737
46.055000,-0.001982,-1.750430,1.116602
46.060000,-1.693556,-1.042809,-1.337607
46.065000,0.743053,-1.306639,-0.565610
46.070000,0.633356,-0.103982,-0.810943
46.075000,-0.903259,-0.953111,1.782980
46.080000,-1.305969,-1.398309,1.231897
46.085000,-0.547533,1.584458,1.806193
46.090000,-0.232219,1.592568,-0.135155
46.095000,-0.613900,-1.374659,-0.305664
46.100000,-0.360530,-0.248353,0.763865
46.105000,0.811030,-0.304605,-0.076761
46.110000,-1.408334,-1.200796,-1.269097
46.115000,-0.367825,0.607381,-0.613434
46.120000,0.810665,-1.013250,0.756173
46.125000,1.294531,0.345717,0.479610
46.130000,-0.432781,-1.341878,-0.531039
46.135000,-1.546341,0.448833,0.559974
46.140000,0.241646,-0.527519,-1.503273
46.145000,0.529919,-1.281219,0.695208
46.150000,-0.470263,0.323300,0.187911
46.155000,1.196746,-0.055518,-0.579811
46.160000,-0.659548,1.758283,0.066126
46.165000,0.826560,1.183232,-0.781223
46.170000,-0.757328,-0.175162,-1.431814
46.175000,-0.479026,-0.642464,-1.110816
46.180000,-2.028654,-0.058380,1.603226
46.185000,0.811447,-1.338599,1.587267
46.190000,-0.603448,-0.996883,-0.248928
46.195000,-0.376770,0.340663,0.189335
46.200000,-0.632135,-0.990045,0.387887
46.205000,-1.339572,0.353471,1.900523
46.210000,-0.772684,0.720578,0.005430
46.215000,-1.095332,-0.383885,-0.458790
46.220000,-0.416724,-1.673549,0.246889
46.225000,0.411854,0.601617,-1.117963
46.230000,0.636509,-1.444898,-0.704733
46.235000,-1.199303,-0.576726,0.762218
46.240000,0.240807,1.049543,1.508977
46.245000,-1.094103,0.545130,-0.730815
46.250000,-0.307085,-1.507051,-1.530048
46.255000,0.263230,0.002134,-1.961639
46.260000,0.856281,0.399204,2.667214
46.265000,2.432848,0.888190,-0.521307
46.270000,1.413088,-0.690697,-0.770396
46.275000,-1.868128,-0.261866,0.505944
46.280000,-0.399490,-0.094692,0.337086
46.285000,-0.568544,1.283040,-0.094024
46.290000,-0.219433,1.384472,-0.440917
46.295000,-0.266097,-2.822220,-1.037693
46.300000,-0.779220,0.422216,0.944121
46.305000,1.382299,0.178279,-1.518098
46.310000,-0.313503,-0.566303,0.084382
46.315000,-2.185121,-0.428371,-1.522065
46.320000,-0.089201,0.475028,-0.110691
46.325000,-1.724610,1.468361,0.965229
46.330000,0.276345,0.390810,0.101635
46.335000,-0.183668,1.620147,-0.742655
46.340000,1.627510,-1.051259,-0.935996
46.345000,-0.667484,-0.729873,0.348262
46.350000,-0.036652,0.062449,-0.132120
46.355000,0.354968,-0.142957,1.227467
46.360000,-1.044848,1.113418,0.842945
46.365000,0.488508,0.025678,0.905508
46.370000,0.102099,-1.350883,-1.424295
46.375000,-0.347176,-1.473751,-0.333358
46.380000,0.371488,1.023977,-0.173668
46.385000,0.752186,-0.806293,1.006808
46.390000,-1.692208,0.491602,-0.870793
46.395000,0.329422,0.094648,0.002518
46.400000,-0.200284,-1.829168,0.449609
46.405000,0.860062,0.308564,-0.439214
46.410000,0.448521,0.648244,0.689977
46.415000,-1.239638,-1.148796,-0.685988
46.420000,0.432927,1.826072,0.394448
46.425000,0.873588,0.666975,-0.217374
46.430000,0.494908,0.931055,-1.363838
46.435000,1.593254,-0.070778,0.575672
46.440000,-0.767160,1.682410,0.712463
46.445000,1.161461,0.772993,-1.702415
46.450000,0.280555,0.027188,0.322415
46.455000,-1.117124,-0.628190,-0.233033
46.460000,0.168064,0.103511,0.834873
46.465000,-1.352226,-0.292498,-0.152774
46.470000,-0.394220,-0.843494,0.566181
46.475000,-0.669054,-0.656581,-1.432256
46.480000,2.667913,-0.656448,-0.382831
46.485000,1.747638,0.727469,1.477379
46.490000,-0.986854,0.411000,0.480371
46.495000,0.779135,-1.255387,-0.021211
46.500000,-1.847078,-0.403110,0.799253
46.505000,-0.179054,-0.931980,0.407336
46.510000,-0.211271,-0.087762,1.372156
46.515000,-0.478093,0.527417,-0.680786
46.520000,-0.312362,-1.191536,1.262880
46.525000,-0.807460,-0.118468,0.436796
46.530000,1.669784,-0.927816,-0.367806
46.535000,-0.134573,-1.103946,-0.045807
46.540000,0.941125,-0.963411,-0.612433
46.545000,1.939065,0.391167,0.388843
46.550000,0.384320,-1.043678,-1.135653
46.555000,-0.341566,-1.896584,0.905674
46.560000,0.087127,-0.719785,0.503692
46.565000,1.804928,1.164915,-0.726861
46.570000,-0.411765,-1.497811,0.059436
46.575000,1.145792,0.488872,0.834884
46.580000,-0.015881,0.707569,1.687019
46.585000,1.088505,-0.210264,2.296058
46.590000,1.613325,0.667248,-0.166208
46.595000,-0.283053,0.032632,-0.144727
46.600000,1.389507,0.289797,2.062218
46.605000,2.065275,-1.022520,0.295168
46.610000,-0.943430,-0.497029,-0.045043
46.615000,-1.500369,-0.703221,-1.139083
46.620000,-2.372223,0.528570,-1.285505
46.625000,0.496010,1.454878,0.177068
46.630000,-0.202869,-0.553606,-0.000171
46.635000,-0.190298,0.413196,-1.312624
46.640000,0.411557,-1.203488,0.248050
46.645000,-1.580299,0.296274,-0.551362
46.650000,-0.895047,1.535756,0.353930
46.655000,0.274953,-0.764366,-1.886285
46.660000,-0.701629,0.598378,1.084144
46.665000,0.961936,1.009543,1.306467
46.670000,-1.862282,-2.239350,-0.867926
46.675000,0.082375,1.244064,-1.829937
46.680000,-1.463824,-1.758109,-0.454963
46.685000,-0.067052,0.096342,0.888345
46.690000,1.403863,-1.747302,1.398184
46.695000,0.837707,1.574469,0.593226
46.700000,-0.393069,0.520043,1.247777
46.705000,0.734057,-0.663535,0.326508
46.710000,1.672762,-1.077176,-0.308497
46.715000,-0.076527,1.026749,-1.051045
46.720000,0.399370,1.682038,2.469362
46.725000,-1.067268,-1.383699,1.431831
46.730000,-0.734505,0.974247,0.122547
46.735000,0.246140,-0.911709,-0.693503
46.740000,2.600446,0.829889,0.499396
46.745000,0.021705,1.930948,0.618955
46.750000,0.937583,-0.884789,-0.010190
46.755000,-1.613780,-0.822820,0.547099
46.760000,-0.678679,-0.349268,-0.701295
46.765000,0.989324,-0.626990,0.148454
46.770000,0.399585,1.251322,0.944969
46.775000,0.751239,-0.753044,0.056544
46.780000,1.049999,-0.751532,-0.390467
46.785000,-0.527633,-1.361218,-0.237609
46.790000,-1.205434,-0.243638,1.147974
46.795000,1.901800,-0.926500,0.854998
46.800000,0.748603,-0.876930,0.421467
46.805000,0.836251,0.577409,-1.201361
46.810000,1.957863,-0.369284,0.529755
46.815000,-0.109831,-0.324226,-2.093126
46.820000,-0.066407,0.382806,-0.120619
46.825000,-0.185226,-0.026277,1.052341
46.830000,1.003956,-0.835188,0.682203
46.835000,-1.067458,-0.277128,-1.319661
46.840000,1.019327,-0.942960,1.482368
46.845000,1.584334,1.160708,0.995387
46.850000,-0.332141,2.004799,-1.787261
46.855000,-1.092262,0.229502,-0.238567
46.860000,-0.235902,0.296858,2.622928
46.865000,0.530740,-1.369875,-0.333944
46.870000,1.461009,2.030782,2.308046
46.875000,0.936735,-1.310922,-0.026866
46.880000,-1.074767,0.194907,1.455999
46.885000,0.176948,2.037864,-1.421883
46.890000,0.003248,-0.369036,-0.038135
46.895000,0.042819,0.355684,0.864712
46.900000,-0.184833,0.064616,0.992114
46.905000,1.870331,-0.339510,1.263012
46.910000,-1.035470,-1.038005,-1.013518
46.915000,1.236983,-0.638371,0.694679
46.920000,0.520876,1.155211,0.727068
46.925000,-0.350380,-1.644215,0.595659
46.930000,-1.084222,-0.462141,-1.768499
46.935000,-1.891471,-0.193112,1.451049
46.940000,0.037853,0.015275,-1.169122
46.945000,0.973473,0.683544,-0.142390
46.950000,1.876212,0.797937,-0.960026
46.955000,0.633291,-2.199413,-1.565159
46.960000,0.855279,-1.963012,-0.106731
46.965000,0.452854,-0.407414,0.310996
46.970000,0.755420,-1.503356,-0.218756
46.975000,0.030147,0.417758,-1.078124
46.980000,-0.809938,1.826488,0.900325
46.985000,1.104579,0.603697,-0.603538
46.990000,1.135203,0.502431,0.715402
46.995000,0.081220,-0.450859,-0.509260
47.000000,1.702813,0.355904,-0.844640
47.005000,-0.191531,0.906820,-0.076445
47.010000,0.496510,0.048758,0.327022
47.015000,1.769220,-2.167871,-3.774744
47.020000,-0.090330,1.124560,0.087572
47.025000,-0.396969,0.161009,2.049468
47.030000,0.602392,0.150745,0.864780
47.035000,0.019557,0.980693,0.206016
47.040000,-0.145611,-0.141300,-0.022588
47.045000,1.826956,0.111868,-0.309776
47.050000,2.017023,-1.023753,-0.177267
47.055000,0.240766,1.256617,-1.215020
47.060000,1.524199,0.167450,-0.280288
47.065000,-0.884192,1.430876,0.656368
47.070000,-0.219076,-0.841471,0.465395
47.075000,-0.185574,-0.987724,-1.014800
47.080000,-0.704281,0.405268,-0.074463
47.085000,-1.136735,-0.616241,1.032542
47.090000,-0.444767,-0.055687,-0.121028
47.095000,-0.643468,0.831037,-0.268177
47.100000,-0.297906,-1.622058,-0.212060
47.105000,0.170196,0.666074,1.037278
47.110000,-0.129822,-0.175024,0.517567
47.115000,-0.029773,-0.822848,0.930410
47.120000,-0.206921,-1.317134,1.445441
47.125000,-0.556929,0.274058,-0.930284
47.130000,0.676368,1.118772,-0.387162
47.135000,-0.720254,1.160652,0.926494
47.140000,0.102393,-0.205782,-1.615761
47.145000,2.055971,-0.663857,2.495008
47.150000,-0.658353,0.431656,-0.169335
47.155000,0.590907,0.755036,-0.975552
47.160000,0.383534,-0.989598,-0.340078
47.165000,2.366335,-0.816082,1.862578
47.170000,-0.210990,-1.358484,-2.568718
47.175000,0.171025,-1.212590,0.872989
47.180000,-0.793236,0.222856,-0.763200
47.185000,0.879336,0.144345,-0.434192
47.190000,0.158436,-0.183675,0.413368
47.195000,-0.160203,0.541326,0.257442
47.200000,1.947243,1.333776,1.394632
47.205000,0.297866,0.072671,-0.132216
47.210000,0.182336,-2.211175,1.334877
47.215000,0.400314,-1.159812,-0.264409
47.220000,-1.225049,0.080581,0.498088
47.225000,-0.949996,0.315421,1.074163
47.230000,-1.364788,-0.302339,1.339681
47.235000,-0.764761,0.221698,0.907181
47.240000,0.701772,-0.397758,0.784481
47.245000,2.299902,0.743823,-1.508021
47.250000,-0.656217,-1.392843,-1.089899
47.255000,0.909781,-1.903557,0.048491
47.260000,-0.173209,0.146396,-0.294510
47.265000,0.391912,1.110388,1.774678
47.270000,0.718630,-0.333407,-0.601357
47.275000,0.234871,1.464915,1.164514
47.280000,1.270812,-1.707153,0.484497
47.285000,-1.244312,-0.463225,-1.861329
47.290000,-0.291481,-0.112372,-0.344897
47.295000,-0.629798,-2.517372,-0.922972
47.300000,-1.409668,0.441164,-2.491260
47.305000,0.242324,2.220550,0.480851
47.310000,-0.044587,-0.452441,-0.005284
47.315000,-0.505708,1.496324,-0.450669
47.320000,-0.296653,0.494512,-0.366767
47.325000,0.497921,-0.026292,0.722939
47.330000,1.247763,-0.178572,1.106193
47.335000,-0.352755,3.459750,-1.097631
47.340000,0.324332,-0.436990,-0.547441
47.345000,-0.587227,-0.697145,0.421582
47.350000,-0.609976,-0.576126,-1.555832
47.355000,-0.257510,-0.464646,-0.448204
47.360000,-0.188795,2.100636,-2.529817
47.365000,0.513284,1.866998,-0.987888
47.370000,0.868159,-1.534866,-0.046562
47.375000,-1.962443,0.749024,-1.015692
47.380000,0.048388,-1.719669,-0.869754
47.385000,1.464229,1.860178,-0.171690
47.390000,-0.739015,0.314362,-0.834916
47.395000,-0.157904,-0.744922,-0.697778
47.400000,0.659353,-1.546117,-0.494386
47.405000,-1.029982,0.771146,-0.779528
47.410000,-0.207428,0.406617,0.814979
47.415000,0.194627,0.422857,-0.906910
47.420000,-0.617790,-0.038482,2.393126
47.425000,0.601033,0.631614,0.169094
47.430000,0.928487,-1.180400,-1.545795
47.435000,-0.293667,-0.947493,-0.358498
47.440000,-0.433243,1.435979,-0.788608
47.445000,0.796035,0.886493,-0.061846
47.450000,-1.648882,-1.404037,0.175900
47.455000,-0.505471,-1.615039,-2.184713
47.460000,-1.680604,-1.306271,-0.174796
47.465000,-0.830442,-0.616954,-0.792169
47.470000,-0.737670,-0.410742,-0.783700
47.475000,-1.507069,1.237979,-0.990529
47.480000,-0.038611,1.152659,-0.691036
47.485000,-1.374084,-0.057059,1.643336
47.490000,1.242211,-1.138048,1.101004
47.495000,-0.164749,0.237012,0.523411
47.500000,0.431731,-0.053249,-0.359353
47.505000,-0.171555,-1.431120,-1.223258
47.510000,-0.414887,-0.282284,-1.435074
47.515000,-1.238842,0.932997,-1.297136
47.520000,-0.260971,0.583477,-0.390408
47.525000,2.054326,-1.000753,1.123348
47.530000,-1.678957,1.209189,-0.551412
47.535000,-0.613223,-1.737160,-1.327474
47.540000,0.716032,-0.718374,1.398005
47.545000,1.789718,-0.594775,-0.268396
47.550000,-0.546684,0.734725,-1.371224
47.555000,0.214212,-0.382589,0.014126
47.560000,0.364636,1.286645,-1.050206
47.565000,0.115916,-0.716095,-0.983123
47.570000,1.291288,-0.542784,-1.349850
47.575000,0.564452,-2.461350,-0.126196
47.580000,-0.261883,-0.634349,1.112396
47.585000,2.168924,1.369565,0.669831
47.590000,1.352406,0.484720,-0.888190
47.595000,-0.612907,-1.239088,-2.263763
47.600000,0.170488,-0.568765,0.157476
47.605000,0.704463,-0.627956,0.844641
47.610000,-0.505676,-1.149719,0.781187
47.615000,-0.836932,-0.666854,-0.234518
47.620000,-1.985270,-0.786357,-0.009467
47.625000,-1.713826,0.400552,0.908677
47.630000,0.140329,-0.392633,0.815479
47.635000,-1.135717,-1.884433,0.355929
47.640000,1.321953,-0.325534,0.940524
47.645000,1.556430,-0.082393,-0.086566
47.650000,-0.487373,-1.124077,-1.003411
47.655000,-1.365193,-0.481897,0.112662
47.660000,-0.013872,-0.081622,0.685754
47.665000,0.755244,0.140026,0.681296
47.670000,-2.275519,-1.916221,1.179405
47.675000,-1.315585,-0.344835,0.385298
47.680000,-0.762684,0.829929,-0.314792
47.685000,0.592284,3.297482,-0.212917
47.690000,0.194803,-0.704303,0.478621
47.695000,-0.408406,-1.509547,0.065851
47.700000,0.665422,-0.591720,2.846969
47.705000,1.198665,1.015750,1.188660
47.710000,0.256355,-0.621544,0.165708
47.715000,-0.343861,-0.502702,0.299499
47.720000,1.192027,-1.026528,0.637043
47.725000,1.639597,1.135193,-0.697316
47.730000,1.056132,1.078342,0.378897
47.735000,-1.146074,1.301954,0.865809
47.740000,1.118484,0.963858,-0.485551
47.745000,1.685383,0.078511,0.605993
47.750000,1.082839,-1.138873,-0.999961
47.755000,-1.185409,-0.490533,-1.036837
47.760000,0.342189,0.253919,-1.822119
47.765000,1.615498,0.835927,-1.345102
47.770000,-0.727961,-0.985028,-0.591343
47.775000,-1.034483,0.736366,1.074256
47.780000,0.661492,-0.299931,0.648105
47.785000,2.845146,0.058797,0.527447
47.790000,-0.139271,0.017109,-1.074448
47.795000,0.513554,0.172303,0.696271
47.800000,0.410874,2.115869,-0.742843
47.805000,0.689798,1.141018,0.902074
47.810000,1.827555,-0.495835,0.857323
47.815000,-0.486990,-1.455908,0.706334
47.820000,-1.313705,2.100274,-0.394020
47.825000,-0.392273,-1.513016,-0.911631
47.830000,-2.422141,-1.364038,-0.641863
47.835000,0.668222,-1.366475,0.027607
47.840000,-1.808283,0.605226,0.237277
47.845000,0.870464,1.101495,-0.533681
47.850000,1.002058,0.265669,-1.124536
47.855000,-0.907609,-1.124978,-0.698704
47.860000,-1.450918,1.756177,1.468213
47.865000,0.081122,-0.616287,-0.507980
47.870000,-1.674914,-0.946325,-1.152198
47.875000,-0.330232,-0.327016,0.772013
47.880000,-0.662002,-1.580422,0.218268
47.885000,1.539107,0.187581,0.128478
47.890000,0.656241,-1.541064,-1.647520
47.895000,-0.050088,-0.614327,-1.688969
47.900000,0.105496,0.324524,0.974062
47.905000,0.114993,1.638012,3.497578
47.910000,0.954271,0.991832,-1.004140
47.915000,-0.987968,-1.251906,-0.219932
47.920000,0.004348,-0.342444,0.552079
47.925000,-0.163292,-0.861019,-1.395683
47.930000,0.729185,0.564140,0.746742
47.935000,0.456236,-0.068922,-1.294674
47.940000,0.423903,-1.886363,0.876786
47.945000,1.865689,-0.014336,1.070624
47.950000,0.003743,-1.295858,0.310936
47.955000,-2.218830,-0.425514,1.461974
47.960000,-0.869147,1.957650,-0.366403
47.965000,-0.983482,1.811386,0.861057
47.970000,1.706006,-0.918209,-0.403988
47.975000,0.625591,-0.429262,-0.099908
47.980000,0.431339,1.541322,0.423430
47.985000,2.431585,-0.773923,-0.589023
47.990000,-0.107489,-1.582094,-0.529546
47.995000,1.014097,0.307810,-0.057203
48.000000,0.638749,0.295219,3.079503
48.005000,-0.787284,0.068002,1.081451
48.010000,1.238780,-0.946563,0.345379
48.015000,-0.138205,-0.670855,-1.443095
48.020000,1.437559,-0.830780,-0.138917
48.025000,-0.758787,2.123138,1.277780
48.030000,0.128619,-0.455078,0.227232
48.035000,-1.583875,-0.688032,0.073301
48.040000,1.625863,0.436709,-0.099118
48.045000,-0.813204,0.604780,1.279776
48.050000,-0.321297,-0.865827,-0.172708
48.055000,0.046446,1.118245,-1.324597
48.060000,-1.655406,-0.060227,-0.275743
48.065000,-1.043328,0.223506,0.667156
48.070000,2.167442,-1.296670,-1.316345
48.075000,0.773922,0.263943,-1.081781
48.080000,-0.255898,1.262640,0.697575
48.085000,1.375067,3.821844,-0.502457
48.090000,1.808754,0.952115,-0.600587
48.095000,0.605515,-0.293522,0.658240
48.100000,-0.267200,0.356636,-1.638122
48.105000,-0.325961,-2.056374,0.469913
48.110000,0.259423,-1.449655,-1.336763
48.115000,1.508601,0.272511,-0.203492
48.120000,0.794607,-0.262386,0.064482
48.125000,0.951554,0.004768,-0.297417
48.130000,-0.501220,-0.919577,0.377836
48.135000,-1.222683,-0.351155,2.468615
48.140000,-0.145977,0.253164,0.024090
48.145000,0.924363,0.012683,0.191928
48.150000,-0.774686,0.569710,-0.529429
48.155000,0.022401,1.323693,-0.704825
48.160000,0.551035,-1.186227,-0.428702
48.165000,-0.618717,0.778089,-0.643869
48.170000,1.333628,-0.520404,-0.406197
48.175000,0.856145,1.118673,-0.575953
48.180000,0.686926,0.095207,-0.027858
48.185000,0.288403,1.030382,0.449526
48.190000,0.672567,0.102045,0.754767
48.195000,-0.528413,-1.652076,-0.661365
48.200000,1.114385,0.107506,-1.346353
48.205000,0.696479,1.510815,-0.294606
48.210000,-0.849621,0.645885,-0.583674
48.215000,0.067898,1.013373,-0.948206
48.220000,-0.181760,-1.183944,0.311014
48.225000,-1.054623,-0.165841,2.014883
48.230000,-0.965056,0.452656,-0.107189
48.235000,-0.807679,-0.265591,-0.417501
48.240000,0.382224,1.430279,-1.146788
48.245000,0.521420,0.447298,-0.540814
48.250000,-0.496756,-0.242488,-0.563695
48.255000,-0.070588,-0.847057,-1.349241
48.260000,0.487138,0.040805,0.641021
48.265000,1.330240,0.249411,1.385220
48.270000,0.172786,-0.493967,-1.079214
48.275000,-1.120994,-0.380627,-1.167788
48.280000,0.123825,-0.826875,-1.522535
48.285000,0.657666,0.782907,0.827795
48.290000,0.707752,-1.337384,-1.653195
48.295000,-0.648961,-1.760859,-0.242851
48.300000,-0.273721,-0.506386,1.361539
48.305000,-0.075030,1.507233,0.001199
48.310000,0.497933,-1.138431,-0.256442
48.315000,-0.729092,0.511295,0.360712
48.320000,1.192292,-1.267112,0.924602
48.325000,-0.819863,-1.137155,1.418760
48.330000,-0.577417,-0.236786,0.351868
48.335000,-0.108742,-0.990334,0.925709
48.340000,0.210529,-0.493852,1.415392
48.345000,-0.332818,-0.367925,-1.585706
48.350000,0.663538,-0.250537,-0.891170
48.355000,1.386962,-0.638204,0.275032
48.360000,0.469779,0.586092,0.774278
48.365000,0.855868,1.577594,-0.375160
48.370000,-0.029719,-1.024186,1.128258
48.375000,0.515539,-1.725443,0.191963
48.380000,1.921544,1.871035,0.252176
48.385000,0.861923,-0.937889,0.127905
48.390000,0.206818,-1.489152,-0.941907
48.395000,-0.870181,0.423311,0.115749
48.400000,1.326350,0.968141,-0.729038
48.405000,-1.218884,1.094333,-1.233037
48.410000,-0.774490,-0.759358,-1.048542
48.415000,-0.578650,-1.470113,-1.084497
48.420000,1.033969,-0.431885,-1.851339
48.425000,0.510149,1.655670,-1.070891
48.430000,0.168887,0.699345,0.832410
48.435000,-0.980391,0.312748,0.455160
48.440000,1.126404,1.608604,1.788094
48.445000,-0.897901,1.428532,0.765460
48.450000,-2.117929,0.657951,0.467116
48.455000,-1.133677,0.499321,0.761904
48.460000,-0.500962,-0.591323,0.075332
48.465000,1.004701,0.032663,1.633516
48.470000,1.792697,-0.639076,-1.158198
48.475000,1.427966,-0.550650,-0.344281
48.480000,-0.145621,-1.433600,1.898343
48.485000,-0.018333,-0.846648,0.526536
48.490000,1.820887,-0.948195,-0.552085
48.495000,0.363973,0.661592,0.256954
48.500000,0.243033,0.071360,1.171557
48.505000,1.368999,-0.427478,-0.730825
48.510000,-1.160702,-1.116825,-1.070556
48.515000,0.991740,-0.710940,0.672942
48.520000,-1.539889,-1.339416,0.846768
48.525000,0.085202,1.000893,0.804651
48.530000,0.445355,-0.027486,-0.321413
48.535000,-0.063236,1.209004,-0.747208
48.540000,0.139600,-1.785401,0.870981
48.545000,1.637683,-1.141149,-0.565107
48.550000,-0.593092,0.133960,-1.657191
48.555000,-2.599272,0.674418,0.892846
48.560000,-2.487630,-0.427980,-0.964072
48.565000,0.688570,0.261993,-2.282101
48.570000,1.214112,-0.284338,-1.983215
48.575000,-1.599903,-1.562272,-0.478660
48.580000,-0.139534,0.601040,0.420347
48.585000,0.507036,-0.835413,0.137631
48.590000,0.661831,-1.457879,0.077790
48.595000,0.661057,-1.441395,0.258985
48.600000,-2.485896,-1.211252,-0.458453
48.605000,0.465856,1.024473,0.451211
48.610000,1.637491,-0.112239,-0.445062
48.615000,1.342569,-1.257584,-1.491548
48.620000,1.448439,0.926151,-1.208938
48.625000,-0.175203,-1.529944,0.226737
48.630000,1.449095,0.607197,1.071979
48.635000,-0.712392,-0.323997,-0.039171
48.640000,-1.214171,-0.870461,-0.670911
48.645000,-1.309627,-0.754309,0.116108
48.650000,1.243908,0.164661,0.611575
48.655000,-1.846043,-0.020635,0.286184
48.660000,-1.360065,0.362319,-0.200022
48.665000,0.680288,0.810780,-0.172951
48.670000,0.041769,0.260607,0.985153
48.675000,-0.651520,0.723160,-2.051289
48.680000,-0.635936,-1.047302,1.196363
48.685000,0.966976,-0.574581,0.460230
48.690000,0.756517,-0.022378,-0.509627
48.695000,0.349808,-1.943584,-1.845158
48.700000,-0.325464,0.260168,0.449041
48.705000,0.990873,-1.632801,0.707306
48.710000,0.611674,0.301765,-1.887769
48.715000,-0.034790,-0.472540,-0.953456
48.720000,0.077402,0.745324,1.764686
48.725000,0.704899,0.163563,-0.927542
48.730000,-0.180638,-0.987278,-0.308173
48.735000,-1.000017,0.409000,-0.423313
48.740000,-1.206790,1.122597,-0.999989
48.745000,-0.178029,2.436475,-1.233933
48.750000,-0.023312,-1.022155,-2.922829
48.755000,1.047335,0.559584,0.035005
48.760000,-0.925123,0.770550,-0.627339
48.765000,-0.960011,1.959448,-1.514392
48.770000,0.181314,0.887298,-0.291046
48.775000,0.562423,0.004143,-0.415644
48.780000,-0.375841,-0.153754,-0.119996
48.785000,-0.464275,0.485743,1.048838
48.790000,-0.362179,0.102597,-0.494764
48.795000,-1.254439,0.715120,0.570374
48.800000,0.551990,-1.419815,-1.178137
48.805000,0.244715,1.875873,-0.627584
48.810000,-1.362750,-0.748767,-0.120946
48.815000,1.722925,-1.160663,-0.763813
48.820000,-2.251629,-0.093591,1.284515
48.825000,1.907559,1.532037,0.402429
48.830000,0.383119,1.176757,-0.878010
48.835000,-0.786773,-2.770621,-0.570421
48.840000,-0.911417,0.947520,-0.226044
48.845000,0.947851,1.171856,1.259314
48.850000,1.234272,-0.871156,-0.564362
48.855000,0.246710,-1.848091,-1.725172
48.860000,-0.950786,0.221234,-0.568944
48.865000,0.442172,0.696537,1.717094
48.870000,1.079978,-1.616192,1.556134
48.875000,-2.525459,0.067644,0.118211
48.880000,-0.279852,0.424840,0.946322
48.885000,0.227717,-0.096318,0.207763
48.890000,-0.503969,1.131981,0.442833
48.895000,-1.129350,0.579220,0.555322
48.900000,-0.423228,1.827706,-0.326326
48.905000,1.099045,2.946026,-0.650831
48.910000,-0.749417,0.369885,-1.526606
48.915000,-1.141436,-0.633790,0.962432
48.920000,2.021234,1.458469,1.295883
48.925000,-0.399307,-0.082963,1.434036
48.930000,-0.837331,0.943867,-0.245739
48.935000,-0.197499,-1.711523,0.352668
48.940000,-0.352933,-0.158961,0.193581
48.945000,0.228890,1.446736,-0.384735
48.950000,-0.446155,-0.443698,-1.364726
48.955000,-1.837001,-1.904222,0.018455
48.960000,-2.195780,0.992560,-0.748725
48.965000,-1.033567,2.718956,-0.256553
48.970000,1.928328,-1.355811,-1.536920
48.975000,-1.696618,-1.190301,-0.401172
48.980000,-0.983051,-0.713025,-1.044642
48.985000,-0.310658,-0.514299,-0.256640
48.990000,-0.509787,-1.310051,-0.548856
48.995000,-1.002783,0.629195,-0.923109
49.000000,0.996331,0.912918,-0.545744
49.005000,-1.326498,-1.409493,1.278124
49.010000,0.887568,0.744473,-1.625960
49.015000,0.166056,-0.769490,-1.506853
49.020000,0.802073,-1.152167,-0.050717
49.025000,1.093734,0.990811,-0.654905
49.030000,0.713730,-0.826933,0.131473
49.035000,1.598122,1.640739,-0.690660
49.040000,-0.900400,2.331605,1.258896
49.045000,1.126682,0.397158,-0.574329
49.050000,1.415715,-0.122540,0.469640
49.055000,-0.529539,1.063630,0.944746
49.060000,-2.093745,-0.252780,0.301149
49.065000,1.015386,-1.120373,0.317260
49.070000,-0.497149,1.945841,0.039038
49.075000,-1.511523,-0.523676,-1.528981
49.080000,1.400131,0.762858,1.463383
49.085000,0.356058,-0.473231,0.195344
49.090000,-0.527321,0.163178,0.536490
49.095000,0.731326,-1.090541,-0.103579
49.100000,-0.713426,-0.843175,0.388112
49.105000,-0.696210,-2.042284,-0.577145
49.110000,-0.559694,-0.582837,-0.640032
49.115000,-0.997417,1.036490,-0.122054
49.120000,-0.324178,1.264482,0.839302
49.125000,1.651574,1.287862,0.652867
49.130000,0.531906,-0.385005,0.416200
49.135000,-1.139304,0.679684,1.156766
49.140000,1.564862,-0.075074,1.120433
49.145000,1.266434,1.507283,1.886374
49.150000,0.847069,-1.311112,0.515489
49.155000,0.150859,1.221571,1.011631
49.160000,1.266369,0.815995,0.289864
49.165000,0.603840,1.684354,1.182555
49.170000,0.432914,-1.193187,0.419808
49.175000,-0.694283,1.544088,0.555171
49.180000,-0.985677,-0.392083,-1.627468
49.185000,3.557690,0.712970,-0.939462
49.190000,0.422341,-0.495109,-0.831441
49.195000,-1.068513,-1.932004,0.495137
49.200000,-0.744979,-0.395512,1.920045
49.205000,-0.254722,2.126118,-0.116142
49.210000,0.914127,1.187970,0.709821
49.215000,-0.553545,-0.008059,-0.956242
49.220000,1.915454,0.254617,1.608371
49.225000,0.905150,1.501089,-0.064859
49.230000,-0.236446,0.075093,0.781148
49.235000,-0.536903,-1.556144,1.165427
49.240000,0.388308,-0.184413,1.857374
49.245000,-0.668901,1.070675,-0.418404
49.250000,0.951475,1.101768,-2.057989
49.255000,0.649569,-0.024328,-0.088797
49.260000,-0.307747,-0.856653,1.129799
49.265000,-0.424841,1.159846,2.154627
49.270000,-1.598749,0.223809,-0.005556
49.275000,1.323862,1.097674,0.515643
49.280000,-2.291668,0.063558,1.865883
49.285000,-0.860143,0.760450,-0.344485
49.290000,-0.595521,-1.136248,-0.951336
49.295000,1.048209,-0.054383,-2.798558
49.300000,1.534397,-0.005650,-0.506938
49.305000,0.124030,-1.182930,1.888921
49.310000,0.104136,0.165699,-0.753816
49.315000,0.944446,0.507584,0.881544
49.320000,-0.632524,-0.695283,-0.384208
49.325000,1.658429,-1.012052,-0.017088
49.330000,0.932874,0.214634,-1.290851
49.335000,-1.392196,-0.620881,-0.660529
49.340000,-0.998576,-0.173660,-1.124411
49.345000,-1.364886,0.608989,-0.455488
49.350000,0.439534,0.361568,-2.006140
49.355000,-1.294551,-1.338975,-1.931603
49.360000,-0.773684,1.063461,0.736186
49.365000,0.170836,0.980868,0.556197
49.370000,-0.061175,2.785271,-2.366046
49.375000,-1.018091,1.879241,1.009560
49.380000,-0.565500,0.223255,0.187539
49.385000,1.089627,0.026811,1.167029
49.390000,-0.463518,0.056436,1.213983
49.395000,0.302209,2.076881,0.037398
49.400000,0.553799,0.507392,0.872278
49.405000,-0.019288,0.177808,2.038095
49.410000,-1.551443,0.080499,0.401892
49.415000,1.396832,0.535224,-0.861299
49.420000,0.179360,0.133844,0.688713
49.425000,1.218472,0.297626,-0.482471
49.430000,0.451617,-0.371467,0.340405
49.435000,-1.420686,-0.228756,0.250479
49.440000,0.142324,1.121850,1.259137
49.445000,-0.003325,2.560283,-0.056420
49.450000,-1.910327,0.219062,-0.741346
49.455000,-0.256357,-1.003949,0.036033
49.460000,1.045395,1.413350,-0.308431
49.465000,0.596283,0.668416,0.655180
49.470000,-0.008675,0.064954,0.691206
49.475000,-0.951611,-1.197706,0.677123
49.480000,0.357943,1.150291,0.909098
49.485000,-0.643750,1.487813,0.304100
49.490000,0.046401,-0.458872,2.846761
49.495000,0.019129,0.470775,-1.315299
49.500000,0.445443,-0.502145,-0.747486
49.505000,0.239018,1.635047,0.124949
49.510000,2.443061,0.226990,0.893384
49.515000,-2.704154,-0.798891,-1.396888
49.520000,1.435021,0.470237,0.169359
49.525000,0.586526,-0.696950,0.450667
49.530000,1.157446,-1.049573,0.002858
49.535000,-1.616827,1.262162,-0.558761
49.540000,-0.841629,1.002569,0.916558
49.545000,-0.456142,1.021329,-0.081717
49.550000,0.023715,-1.037798,0.708436
49.555000,-0.702644,-1.635094,-0.401218
49.560000,0.710970,-0.155105,1.592008
49.565000,0.120659,-0.504460,-0.556604
49.570000,1.457915,0.223650,0.834727
49.575000,0.319442,0.776810,-1.233251
49.580000,-2.116952,-0.584861,0.732708
49.585000,-0.095941,0.818534,0.253710
49.590000,-1.114205,0.942032,0.654677
49.595000,1.677946,-0.581208,0.996270
49.600000,-0.909196,0.510416,0.298189
49.605000,1.741680,-0.078049,0.052913
49.610000,-0.096489,1.337561,-1.370894
49.615000,0.089470,-0.856071,0.448605
49.620000,-0.357558,-1.157616,0.371924
49.625000,-0.037544,-0.560139,0.739282
49.630000,-0.589776,-0.335513,0.927628
49.635000,0.346512,-1.173281,0.550456
49.640000,-1.234211,0.440155,0.262688
49.645000,0.017395,0.115292,0.008050
49.650000,1.519143,-2.163049,-0.924800
49.655000,-1.153416,0.127722,0.229658
49.660000,-0.638982,-0.135107,0.798766
49.665000,-1.526334,0.502757,-0.357608
49.670000,1.196937,-0.593555,0.818405
49.675000,0.428414,0.034101,-0.374293
49.680000,0.108380,0.284763,1.009901
49.685000,-1.870766,-0.389045,0.298184
49.690000,-0.382624,-0.577292,-2.212443
49.695000,0.160749,-1.924782,-0.186216
49.700000,-0.130888,2.236713,1.108368
49.705000,0.535448,0.420938,-0.208130
49.710000,0.922646,0.008628,-0.254703
49.715000,-0.841590,0.024249,-1.014879
49.720000,1.252165,-1.665333,1.417846
49.725000,0.377653,1.173552,-0.271249
49.730000,1.360541,-0.718716,0.887273
49.735000,0.314318,-1.246775,0.385841
49.740000,-1.015160,-1.612091,0.685855
49.745000,1.892379,0.443041,-0.731041
49.750000,0.424184,-0.090329,-0.643261
49.755000,-1.606756,-0.600703,-0.360126
49.760000,1.966597,-0.912178,-0.474638
49.765000,1.980788,1.097885,0.234237
49.770000,0.721919,1.257420,0.057142
49.775000,0.816063,0.257964,0.149544
49.780000,-0.325748,-0.450830,-0.964313
49.785000,-0.874250,0.255324,0.319414
49.790000,-1.701240,-0.354577,-2.119165
49.795000,0.341582,-1.730475,1.392138
49.800000,1.541628,-1.966147,-0.094608
49.805000,-1.320233,1.025309,-1.069604
49.810000,1.579959,0.195963,-0.456077
49.815000,0.768014,0.961725,-1.204055
49.820000,0.769357,1.500189,-0.090543
49.825000,-1.221601,2.972315,1.064364
49.830000,0.772814,0.784410,0.207344
49.835000,0.117127,0.485674,-0.813051
49.840000,-0.731117,-0.840627,1.232637
49.845000,0.131022,1.309879,-0.116306
49.850000,-1.493396,-0.932943,1.136486
49.855000,0.623526,-1.349201,0.194930
49.860000,-0.054319,0.518460,-0.703872
49.865000,-1.380767,-0.497455,0.223217
49.870000,0.958410,0.952852,-2.641104
49.875000,-1.340709,-2.721788,-1.316196
49.880000,0.477396,-1.763141,1.272147
49.885000,1.021503,1.087642,0.326159
49.890000,1.443825,0.742735,0.568416
49.895000,-1.058231,-0.420225,-2.502115
49.900000,-0.369636,0.129468,1.575428
49.905000,-0.431833,0.010154,0.333110
49.910000,-0.073867,-0.322373,-0.768766
49.915000,-0.381916,1.414289,0.146701
49.920000,-1.384509,-0.626428,1.206663
49.925000,0.322773,0.244122,0.080264
49.930000,-0.599618,0.090286,-1.448684
49.935000,0.624259,0.341707,-2.048597
49.940000,-0.624641,0.538372,-0.717865
49.945000,0.217001,0.322172,1.864081
49.950000,0.956258,-0.191752,1.639671
49.955000,-1.393370,0.776469,-0.391728
49.960000,-0.061379,-0.412631,1.044853
49.965000,-0.263757,0.657791,0.712488
49.970000,0.224754,-0.302856,0.049707
49.975000,-0.401235,0.539749,-0.245214
49.980000,-1.034138,0.232000,-0.246000
49.985000,0.141929,-0.417740,1.427219
49.990000,-1.270770,0.211962,0.473126
49.995000,-0.814449,-1.590575,0.567122
50.000000,-1.024381,1.127588,0.927203
50.005000,-1.027326,1.839495,0.592558
50.010000,-0.802643,-0.248214,0.090125
50.015000,2.373432,0.174548,-1.262928
50.020000,0.097524,1.215567,-0.004073
50.025000,0.162967,0.257360,0.518123
50.030000,1.903426,-0.869589,-0.938353
50.035000,-0.144280,0.125556,1.421842
50.040000,-0.927343,-0.722169,0.259561
50.045000,0.928585,0.103936,0.080493
50.050000,-1.007887,-2.413199,-0.733880
50.055000,-0.217180,0.913331,1.468410
50.060000,0.380153,0.713643,-0.461045
50.065000,1.516129,2.203276,-0.033627
50.070000,-0.935630,-3.171969,-0.310779
50.075000,-1.806614,-1.132831,-0.958693
50.080000,-2.023780,-1.339693,-0.010882
50.085000,0.219347,1.510329,1.214109
50.090000,-0.061618,-0.144772,-0.824364
50.095000,-2.095464,-1.906573,0.429063
50.100000,-1.654489,1.466603,-2.102472
50.105000,1.455450,-0.126124,-0.638553
50.110000,-0.305657,-1.849230,-1.994910
50.115000,0.672982,-0.119181,0.139378
50.120000,-0.528845,-0.632012,0.334577
50.125000,-2.161537,2.263609,1.363979
50.130000,0.674887,0.961000,-0.919695
50.135000,-0.663489,-1.620655,-0.135738
50.140000,-0.708689,-1.716402,-0.282294
50.145000,0.681891,1.954370,-2.074540
50.150000,-0.880148,-0.029069,0.571568
50.155000,-0.068835,0.010414,0.672921
50.160000,0.393999,1.572953,-0.339119
50.165000,1.185955,1.411589,-0.317114
50.170000,0.882560,-0.532393,-0.680199
50.175000,1.087823,0.403758,-0.888117
50.180000,-0.265081,0.679701,0.391895
50.185000,0.317395,-0.339416,0.686396
50.190000,0.706767,-0.217023,-0.497450
50.195000,0.899848,-0.784498,-2.022222
50.200000,0.686079,-0.975160,0.932062
50.205000,1.124774,0.318841,-0.853074
50.210000,0.329100,-0.363717,-0.841455
50.215000,-0.378295,-0.252852,1.626210
50.220000,-1.577038,-0.885508,-1.435618
50.225000,1.485418,1.269945,-0.758401
50.230000,-1.597381,-0.425278,-0.605045
50.235000,-0.264497,-0.069755,-1.954431
50.240000,0.605694,-1.469865,-0.577645
50.245000,-0.658123,0.300127,0.945420
50.250000,2.115230,-1.866974,0.456012
50.255000,-0.881830,-0.962945,0.021179
50.260000,-0.342249,1.786450,2.238607
50.265000,-0.219918,-2.562334,0.438476
50.270000,1.314043,0.229583,0.074658
50.275000,0.554068,-0.500570,1.729554
50.280000,0.034228,-0.929549,0.060737
50.285000,-1.051821,0.195445,0.488734
50.290000,1.395085,-1.097759,-0.544611
50.295000,-1.560038,0.196854,0.017511
50.300000,-0.242091,1.168229,0.697953
50.305000,0.343798,-0.073767,0.592013
50.310000,0.479834,0.550780,0.004286
50.315000,1.383064,-0.896885,0.869148
50.320000,0.982838,-2.294802,0.726584
50.325000,1.572143,-0.888144,0.778009
50.330000,-0.647106,-0.173965,0.038038
50.335000,0.702760,0.285045,0.309696
50.340000,-1.037506,1.465022,-1.747755
50.345000,0.919310,0.846079,1.554140
50.350000,0.567655,0.639381,-0.581912
50.355000,-0.804639,1.516201,-0.945719
50.360000,1.577577,0.668173,-0.387196
50.365000,-0.081800,1.416870,0.827954
50.370000,1.156087,-0.905634,-2.461257
50.375000,-1.511770,-1.100003,-0.808737
50.380000,0.061704,-0.200483,1.857816
50.385000,-0.595412,-0.538198,0.200778
50.390000,0.552396,1.297579,0.493182
50.395000,-1.826677,-0.736878,-0.500413
50.400000,-1.090155,-0.105586,1.865938
50.405000,1.565179,0.501789,-0.961478
50.410000,1.935673,-0.694749,-0.015272
50.415000,-0.177264,-2.741115,-0.186454
50.420000,-1.138080,-0.368154,-0.164109
50.425000,-0.727660,-0.447875,0.838717
50.430000,0.224162,-1.143559,1.178557
50.435000,0.941009,-0.533993,0.279483
50.440000,0.736369,-2.273963,0.562614
50.445000,1.252795,0.984101,2.042802
50.450000,-1.529248,-2.865823,-0.543679
50.455000,0.494112,-1.116686,1.002486
50.460000,0.218544,1.550094,1.247721
50.465000,-1.094615,-0.319912,1.072021
50.470000,1.459141,0.306567,-0.276666
50.475000,-0.083163,-0.653408,2.251086
50.480000,-1.030590,1.979160,0.386446
50.485000,0.499162,-1.894227,1.550562
50.490000,-1.060840,0.344505,-1.098831
50.495000,-1.537065,-0.498418,-0.679495
50.500000,-1.927188,1.035830,-0.237098
50.505000,1.231318,0.266126,0.208963
50.510000,-0.126605,-0.441755,-2.941537
50.515000,0.672435,-0.579696,-0.353568
50.520000,-0.122080,0.882475,0.849965
50.525000,-0.800329,0.129829,1.438685
50.530000,1.346975,-2.118374,-0.550427
50.535000,-1.872026,-0.110418,0.254721
50.540000,-1.051456,0.851378,-0.025752
50.545000,1.416675,0.406548,0.082901
50.550000,1.533806,0.973213,-0.646799
50.555000,-0.277163,-1.027288,-0.681580
50.560000,1.217246,1.017167,-0.358756
50.565000,-0.060814,1.779872,-1.221980
50.570000,0.354548,1.304703,0.697584
50.575000,-0.020350,-0.514201,0.619430
50.580000,0.124544,-2.375503,-0.129262
50.585000,0.707582,1.695329,2.396894
50.590000,-0.388158,0.650349,-0.027768
50.595000,-0.275596,-0.181631,0.691377
50.600000,0.322468,-0.250422,0.817902
50.605000,0.746146,0.580654,1.166955
50.610000,0.463655,-0.174121,1.147406
50.615000,-1.603675,-0.373622,-3.562665
50.620000,-0.966882,0.338969,0.888559
50.625000,0.180009,0.391617,0.781107
50.630000,0.699640,1.776743,0.603903
50.635000,0.409498,-0.508474,-0.866697
50.640000,-1.882576,0.394675,0.435107
50.645000,0.734207,0.084561,0.624213
50.650000,0.837885,0.108237,-0.435269
50.655000,-0.150397,-0.485277,-0.683289
50.660000,0.232312,-0.637914,0.067578
50.665000,0.033929,-0.149555,-0.750007
50.670000,-0.350157,1.084439,-0.591145
50.675000,0.844864,-0.731604,1.484341
50.680000,0.797723,-1.834410,0.464451
50.685000,0.682240,0.578425,-0.748804
50.690000,-1.011864,-0.725484,0.117229
50.695000,1.105271,-0.299154,-1.167420
50.700000,-0.533640,0.195550,-0.806738
50.705000,-0.135202,0.254323,-1.240408
50.710000,2.175872,-0.375564,0.391390
50.715000,-0.214696,0.169877,-0.365680
50.720000,-0.973933,-1.299152,0.129751
50.725000,0.698912,1.019970,0.771750
50.730000,-0.325338,-0.851198,0.374918
50.735000,-1.241926,-0.553836,-1.247572
50.740000,-1.084870,0.807384,0.488291
50.745000,0.979672,1.916420,-1.385816
50.750000,1.092993,-0.138748,0.498659
50.755000,0.162360,1.775936,-2.493102
50.760000,-0.685968,-0.589821,1.038929
50.765000,-0.146813,0.416063,0.321932
50.770000,-0.983660,1.181478,-1.595582
50.775000,-1.064565,0.739045,-0.294228
50.780000,-1.038165,0.402143,0.316657
50.785000,-2.496807,1.912387,1.250480
50.790000,0.905211,1.440488,0.233934
50.795000,-0.636828,0.113639,-2.004115
50.800000,-0.617913,-1.136532,0.016434
50.805000,0.479760,-0.286705,1.008229
50.810000,-0.284189,1.355441,0.817052
50.815000,-1.198173,-0.166409,-0.523265
50.820000,-0.154938,0.559886,-0.429186
50.825000,-0.180057,2.341641,0.139521
50.830000,1.383679,1.201741,0.068091
50.835000,0.129826,-0.728152,1.073829
50.840000,-1.044366,1.339257,-0.996773
50.845000,-0.080660,0.702060,0.350490
50.850000,0.439557,1.533436,-0.606763
50.855000,0.048111,2.280343,1.068283
50.860000,-0.763677,2.038906,0.361309
50.865000,0.067499,0.002805,-0.497581
50.870000,0.180269,0.460596,0.292119
50.875000,-1.842816,-0.870052,-0.287069
50.880000,-1.338928,-0.478741,-0.043850
50.885000,-1.506269,-0.708773,0.953945
50.890000,2.370423,-0.483626,0.425027
50.895000,-0.318450,-0.394082,0.053867
50.900000,0.140444,-0.312177,-1.360909
50.905000,1.816779,1.204923,-1.110729
50.910000,-0.740539,0.344115,2.265465
50.915000,-1.023664,-1.924635,-1.791841
50.920000,-0.654688,1.048329,-1.873302
50.925000,-0.906339,0.317439,-0.260322
50.930000,-0.260942,-1.315363,-0.681016
50.935000,-1.574497,0.459087,-0.480592
50.940000,-0.545917,0.556865,-0.261086
50.945000,-0.080673,0.160024,1.692134
50.950000,-0.422064,-1.369250,-0.497885
50.955000,0.393774,0.763786,-0.803532
50.960000,-1.933058,-0.388742,0.216277
50.965000,0.585036,-0.012464,0.534271
50.970000,0.376015,1.292764,-0.366272
50.975000,-0.008267,-2.047406,0.800158
50.980000,-1.026589,0.995565,-1.796113
50.985000,1.459191,2.728047,-0.839670
50.990000,0.773183,0.874445,0.775575
50.995000,0.243753,-0.411871,-0.018195
51.000000,-0.528050,-0.522425,0.306799
51.005000,-0.924514,1.534037,-1.302191
51.010000,-0.727424,-0.341093,-0.094768
51.015000,-1.009733,-0.125554,-0.697716
51.020000,0.153714,0.150834,0.728751
51.025000,0.090642,-0.785444,1.598039
51.030000,0.556835,-1.747298,0.401080
51.035000,-0.284340,0.028542,-0.105951
51.040000,0.185565,-0.299624,-0.108265
51.045000,1.277393,0.388623,2.056096
51.050000,-2.689357,0.308943,-1.544078
51.055000,-0.455145,-0.378788,-1.626916
51.060000,-0.718627,-1.708399,-1.339344
51.065000,1.550519,-0.095605,1.710904
51.070000,0.648923,0.674004,0.325259
51.075000,-1.247597,0.285552,-0.340571
51.080000,0.735980,0.885968,0.409924
51.085000,0.329195,-1.343650,0.619181
51.090000,-0.143000,0.823001,2.021018
51.095000,-0.590184,-1.039393,-0.670528
51.100000,-0.448966,-0.721860,0.889534
51.105000,0.219440,0.457515,1.640337
51.110000,-0.123903,-0.814646,-0.475583
51.115000,-1.355335,-3.029956,-1.927884
51.120000,0.751800,-2.635928,-0.988007
51.125000,-0.087341,0.699717,0.926225
51.130000,-0.643009,-0.756811,-1.618378
51.135000,0.088163,-3.082116,-1.242884
51.140000,-2.001329,-0.412142,-0.584448
51.145000,0.876342,0.751532,1.339222
51.150000,-0.333262,-0.029051,-1.148351
51.155000,-0.613769,-0.068182,-1.112259
51.160000,0.907918,-1.124380,-0.896360
51.165000,-1.293827,0.557603,2.027375
51.170000,1.389380,-0.150523,0.621661
51.175000,0.143919,-0.083512,0.312954
51.180000,-0.844126,-1.431482,2.284537
51.185000,0.397314,-0.483334,0.342591
51.190000,1.512069,-0.301130,-1.641819
51.195000,-0.515803,0.120541,-0.453105
51.200000,0.147926,-2.239420,3.465423
51.205000,0.367439,0.587906,1.275865
51.210000,1.049537,1.118855,1.158190
51.215000,-2.242821,0.746134,-1.288752
51.220000,-0.119695,0.280978,-0.858831
51.225000,0.702932,-0.771356,1.425542
51.230000,0.253879,0.204450,-0.868055
51.235000,-1.477056,-0.364277,0.406701
51.240000,0.097113,0.987518,-0.469108
51.245000,0.833829,-0.289662,0.368863
51.250000,0.202608,1.508020,0.473814
51.255000,-0.919795,0.273724,-0.683390
51.260000,-2.355075,-0.023225,0.544812
51.265000,1.344093,0.553287,0.438811
51.270000,-0.534830,1.677350,-1.202062
51.275000,-0.330171,-0.567692,1.833797
51.280000,-0.399809,0.856637,2.954569
51.285000,0.546435,0.374130,1.465604
51.290000,0.583367,-1.443517,0.769795
51.295000,-0.133123,-1.466458,-1.040333
51.300000,-1.057001,0.929999,-0.720797
51.305000,0.391216,1.305055,0.409299
51.310000,-0.998514,-0.280793,-0.517287
51.315000,-0.996179,-2.307735,-1.183498
51.320000,0.213876,-0.042070,0.866952
51.325000,-0.580015,-0.458793,1.572013
51.330000,0.676479,0.217496,-0.362902
51.335000,1.002445,-0.170455,-0.973423
51.340000,-1.961089,1.447371,0.189435
51.345000,-1.752248,0.774455,-0.195565
51.350000,0.736135,-0.689976,-0.303750
51.355000,0.446775,-1.800253,-1.466146
51.360000,0.427865,-0.835494,-0.145245
51.365000,-1.028341,0.284680,-0.125336
51.370000,-2.036594,0.155608,-1.255077
51.375000,-0.162506,-1.736898,-0.273233
51.380000,0.548470,0.179078,-0.518317
51.385000,0.421392,0.532530,1.028231
51.390000,0.776587,-0.333389,1.155218
51.395000,0.907995,-0.220805,-2.160847
51.400000,-0.209799,0.240798,0.216992
51.405000,0.544829,1.304741,-0.392488
51.410000,0.397565,-2.460067,-0.656348
51.415000,-0.272176,-0.810557,1.803308
51.420000,0.710651,-0.180792,0.895456
51.425000,-1.467115,0.773648,-0.870970
51.430000,0.780189,0.540790,-0.792513
51.435000,1.546047,-1.810679,-1.025264
51.440000,-0.588481,-0.490658,0.623849
51.445000,0.633137,-0.312346,1.827539
51.450000,-1.106476,-0.434904,1.800443
51.455000,-1.049379,-1.481877,-0.208562
51.460000,-0.092259,-1.368350,1.718547
51.465000,2.251391,1.140316,1.514171
51.470000,-1.471760,-0.927356,1.794143
51.475000,-1.198283,2.142208,-1.747599
51.480000,2.305814,-0.661926,1.948091
51.485000,0.316587,0.739658,-0.662572
51.490000,0.979269,1.502486,-0.429013
51.495000,-1.430084,-1.736047,-1.122633
51.500000,0.391534,-1.073529,2.133885
51.505000,0.502878,-2.924767,0.757773
51.510000,-0.326831,-0.049070,-1.301689
51.515000,1.343934,-0.552785,1.849267
51.520000,-1.561019,-2.169155,-0.399468
51.525000,1.428750,0.834350,0.181934
51.530000,2.085445,0.908801,-1.625122
51.535000,-0.804279,0.788720,-2.614184
51.540000,-1.702769,-1.490184,-0.353308
51.545000,0.056240,2.745866,-0.723188
51.550000,0.323722,0.014255,-0.388139
51.555000,-0.918275,0.992386,0.724039
51.560000,-3.550285,0.522953,-0.530458
51.565000,0.777956,2.154700,0.314454
51.570000,-0.840633,-0.305003,0.778168
51.575000,-1.188728,0.302570,0.016134
51.580000,-1.235842,-0.454903,0.451956
51.585000,2.815187,0.889807,0.425905
51.590000,-1.046957,0.887518,1.652672
51.595000,-1.091985,-0.230701,-0.827354
51.600000,-0.374843,1.804021,1.638771
51.605000,0.451580,-0.532725,-1.308832
51.610000,-0.392308,-0.728376,0.417028
51.615000,-0.272574,-1.575552,-1.596747
51.620000,-0.706181,0.887922,1.894436
51.625000,1.943262,0.564809,-0.178477
51.630000,-0.178378,0.009462,-0.617052
51.635000,-0.872764,-0.651510,-0.048266
51.640000,0.464434,1.889853,0.991226
51.645000,0.174506,2.438172,1.401147
51.650000,-2.332578,0.709595,-0.141913
51.655000,0.095883,0.690111,0.242158
51.660000,0.111052,-0.780946,-0.495454
51.665000,1.278893,-0.136551,0.299333
51.670000,0.735351,-0.249111,0.143145
51.675000,-1.547134,-1.509956,0.572069
51.680000,0.831074,-1.102054,-0.916211
51.685000,-0.096770,0.968382,-0.234380
51.690000,1.004290,0.333358,-0.499710
51.695000,-0.683599,-0.419603,-1.266697
51.700000,0.339919,0.446494,-2.124744
51.705000,0.298284,0.831049,0.625430
51.710000,1.968402,-2.233747,-0.493138
51.715000,-0.217459,-1.135975,-0.460420
51.720000,-1.021461,1.160230,0.105493
51.725000,-0.060510,-0.703247,1.902020
51.730000,-0.618297,0.539173,1.109962
51.735000,0.904807,-2.713102,1.019215
51.740000,-0.949444,-0.195256,0.586434
51.745000,-0.303792,-0.843492,-2.070013
51.750000,-1.319104,0.609300,-1.372026
51.755000,0.340211,0.566480,0.481975
51.760000,1.624643,-2.005657,1.230732
51.765000,-0.657436,0.537346,0.770746
51.770000,0.468918,-0.800840,1.412244
51.775000,-1.445126,-1.543006,0.040457
51.780000,0.739354,2.108337,1.087040
51.785000,0.714101,2.271183,-0.031061
51.790000,-0.001075,-0.665300,0.241826
51.795000,-1.055862,-0.220783,-0.199447
51.800000,-0.508231,-0.841690,1.325350
51.805000,1.405658,1.220287,2.499943
51.810000,0.856519,-0.783176,-2.446386
51.815000,1.075145,0.028301,0.302880
51.820000,0.962128,1.313386,0.907708
51.825000,-0.295375,0.069355,0.488840
51.830000,2.411619,-1.556038,-1.167519
51.835000,-1.054223,-1.014800,0.857399
51.840000,-1.296400,0.982639,0.047367
51.845000,-0.186750,0.938774,1.950624
51.850000,-0.278602,-2.580500,-0.579923
51.855000,-0.001668,0.261167,0.435447
51.860000,-1.590773,0.835919,-0.081072
51.865000,3.305220,0.227173,0.290381
51.870000,0.890447,-0.052938,-1.694871
51.875000,1.644863,-1.418662,-0.333968
51.880000,-0.000707,-0.110434,-1.768382
51.885000,-0.944798,-0.614357,0.879177
51.890000,0.071017,1.851672,-0.281486
51.895000,-1.331163,-0.607583,0.874020
51.900000,-1.103088,0.730189,-1.379377
51.905000,0.634856,1.600557,0.236310
51.910000,-0.276260,-1.938253,0.728741
51.915000,-2.426225,-1.132022,-0.568165
51.920000,1.408111,0.990967,-1.180127
51.925000,-2.080031,-0.302156,0.461352
51.930000,-1.127427,-0.083158,-0.476942
51.935000,-0.974606,0.068423,0.621657
51.940000,-0.959575,1.167657,0.829248
51.945000,-2.079654,0.238308,-0.720658
51.950000,1.568136,-1.417699,-0.557587
51.955000,-0.516311,-0.575030,-1.618016
51.960000,-0.865401,1.463422,0.088349
51.965000,1.032141,0.385044,1.332518
51.970000,0.601149,0.147155,0.088617
51.975000,0.030455,0.258030,-0.752279
51.980000,0.066504,1.194328,-0.887575
51.985000,1.499039,-1.272100,-0.595338
51.990000,-0.541419,-1.259820,0.457225
51.995000,-0.573711,0.616321,-0.016345
52.000000,-0.571919,0.628604,0.380903
52.005000,0.108327,-1.445958,0.989498
52.010000,0.121087,0.064921,-1.117742
52.015000,-0.411593,0.546621,-1.178537
52.020000,0.321530,0.880368,-0.101150
52.025000,-0.003279,0.221950,0.913651
52.030000,-1.925526,-0.424438,0.181129
52.035000,-2.019000,-0.423007,-0.965351
52.040000,0.359798,-0.290668,-0.854891
52.045000,-1.128128,-0.526932,0.933339
52.050000,-0.429415,0.223112,0.604873
52.055000,1.295732,-0.167211,-0.073134
52.060000,-0.669580,1.455303,-0.268329
52.065000,-1.197220,1.021984,1.253199
52.070000,-0.068979,0.688103,0.047388
52.075000,0.318453,0.202624,0.278332
52.080000,0.916693,-1.324539,0.358211
52.085000,-1.395036,-0.332630,-0.963562
52.090000,-0.904982,0.667881,-2.199213
52.095000,0.535602,0.452357,-0.945143
52.100000,-1.167408,1.505389,1.120419
52.105000,1.474423,0.670826,1.879971
52.110000,0.603967,0.306969,-1.693578
52.115000,-0.338836,0.579095,-1.038384
52.120000,0.534302,-0.041668,0.620745
52.125000,-1.338292,0.987520,1.544311
52.130000,-1.348465,0.260607,-1.614714
52.135000,-0.822713,-2.361782,-0.172160
52.140000,-0.493663,-1.797180,0.448664
52.145000,1.907027,0.531386,-0.703958
52.150000,-0.002251,-1.060556,0.220667
52.155000,-0.470786,1.057626,-1.988153
52.160000,0.330321,-0.245809,1.670485
52.165000,0.070189,1.290331,-0.838514
52.170000,-0.125348,-0.290161,-0.293579
52.175000,2.621525,0.548949,-1.296197
52.180000,0.311052,-0.132685,-0.825602
52.185000,-0.421634,1.210165,0.246472
52.190000,-0.462895,-0.291765,0.402842
52.195000,-1.348327,-0.817204,-1.719746
52.200000,-1.006518,-0.587435,-1.935310
52.205000,0.756177,-0.124743,-0.744023
52.210000,-0.931249,0.134853,-0.739414
52.215000,-0.495183,-0.011843,-0.372884
52.220000,1.896332,1.134104,-0.577040
52.225000,0.084944,2.264726,0.979554
52.230000,0.141682,-0.889004,1.076433
52.235000,-0.776241,-0.708486,-0.155110
52.240000,1.286895,-0.629808,1.201226
52.245000,0.742749,1.461513,1.265860
52.250000,0.289503,-0.554019,-0.009664
52.255000,0.501279,-1.456026,-1.247555
52.260000,2.439716,3.027177,-0.025887
52.265000,-0.250016,0.981998,-0.138780
52.270000,1.377716,-0.284031,-0.538365
52.275000,-0.266148,-0.018462,0.810723
52.280000,1.683452,0.897981,-1.166876
52.285000,-1.438710,1.266866,-0.224668
52.290000,0.178347,-0.959152,-0.309768
52.295000,-1.651397,0.608850,-0.209559
52.300000,-0.797209,-0.511005,0.266762
52.305000,0.065927,0.888584,0.420072
52.310000,0.944997,-0.074454,-1.508232
52.315000,0.357040,-1.528656,0.462358
52.320000,-0.616025,0.859419,-0.979195
52.325000,-0.948142,0.798020,-0.437762
52.330000,-0.026975,0.008964,0.104120
52.335000,-1.120813,1.578537,0.712044
52.340000,0.343512,0.147438,0.401621
52.345000,1.509129,1.203067,0.962327
52.350000,0.280413,-0.144292,-0.035751
52.355000,-0.555773,-1.258325,-0.492737
52.360000,1.203847,1.448847,0.375646
52.365000,1.877706,-0.544213,0.350850
52.370000,-0.111487,-1.433613,-0.478970
52.375000,1.419348,-0.995809,1.340922
52.380000,0.028855,0.921158,1.066150
52.385000,1.982680,1.462734,-0.328137
52.390000,-0.731080,0.429292,-1.306742
52.395000,-2.280822,-1.059471,1.506028
52.400000,-0.131887,-0.588689,-0.111195
52.405000,-0.154905,1.092291,0.954540
52.410000,0.751613,0.121952,-0.269569
52.415000,-1.170078,1.038964,-0.806878
52.420000,0.960613,-0.046823,-0.866299
52.425000,-0.462867,1.786306,1.150502
52.430000,-1.557501,-1.849949,-2.409563
52.435000,-0.551358,0.022238,0.326658
52.440000,-0.281649,-0.127930,0.453765
52.445000,-1.363116,-0.360252,-0.922685
52.450000,0.179115,-1.689368,0.113996
52.455000,-0.884992,-1.688540,-0.281773
52.460000,1.241429,0.209857,-1.329589
52.465000,-0.783131,1.046402,0.860730
52.470000,-0.119072,-0.380955,1.028070
52.475000,-0.953674,2.213920,-0.380027
52.480000,-0.658321,2.271932,0.913615
52.485000,1.135359,-0.923732,2.391235
52.490000,-1.348230,-0.541276,1.068365
52.495000,0.305493,-1.819335,-1.336619
52.500000,0.649409,-0.794631,0.283407
52.505000,0.117782,-0.023256,0.999474
52.510000,0.377962,-1.714919,-1.707832
52.515000,-1.057850,0.837383,0.975629
52.520000,1.475550,1.063910,-1.381551
52.525000,1.239100,0.145330,1.205479
52.530000,-1.477223,0.279056,-1.455226
52.535000,-0.464986,-0.845465,-1.917136
52.540000,-0.872831,1.966827,0.365917
52.545000,1.532175,-1.472104,0.210584
52.550000,-0.629952,-0.664062,0.174432
52.555000,-0.259984,-0.117352,-0.219783
52.560000,0.748725,1.571949,-0.541326
52.565000,-0.234162,-0.013632,0.484763
52.570000,-1.672900,-1.653656,0.728563
52.575000,-1.775065,-0.455857,1.169648
52.580000,-1.344319,-0.019250,0.673439
52.585000,0.803243,0.727556,-0.198711
52.590000,0.960412,-0.828294,-0.340260
52.595000,1.896750,-2.370690,0.821056
52.600000,0.494193,-2.074936,1.901662
52.605000,0.949272,-0.212485,0.154140
52.610000,-0.539536,0.054053,-0.491969
52.615000,2.066925,-1.286445,-0.424647
52.620000,-0.511654,-0.722307,-1.225800
52.625000,-1.415975,-1.171996,0.519962
52.630000,0.399966,1.396066,-0.044328
52.635000,-1.983171,0.183082,-0.705693
52.640000,-0.121317,2.708303,1.121079
52.645000,0.486548,-0.126450,1.266325
52.650000,0.711579,-0.478676,0.654391
52.655000,-1.215601,-1.377904,-0.122776
52.660000,-1.460192,-0.025368,-0.234468
52.665000,2.489001,0.109520,0.058667
52.670000,-0.137140,-1.771603,-0.088723
52.675000,0.538287,0.184757,-0.357817
52.680000,0.565053,0.851394,-1.421694
52.685000,1.821083,1.305438,-0.794636
52.690000,0.468344,0.280715,0.529609
52.695000,-1.173182,-0.748795,0.052548
52.700000,-1.898794,-0.691387,-1.890910
52.705000,1.944915,0.783220,1.221337
52.710000,0.813429,1.313195,-0.271515
52.715000,0.700145,-0.062591,-0.041213
52.720000,0.676419,-0.529143,0.277608
52.725000,1.702783,-0.081859,0.208832
52.730000,-0.026899,-1.225592,-0.191164
52.735000,0.722953,-0.349575,0.665876
52.740000,-0.177643,1.206512,-0.229305
52.745000,1.571774,3.041206,-0.803777
52.750000,-1.252148,-0.409269,0.653600
52.755000,-2.466237,-0.965041,-2.781711
52.760000,0.322932,1.127163,1.983797
52.765000,1.496572,-1.386852,-1.934507
52.770000,-1.453926,0.403031,0.360102
52.775000,0.176016,-0.303382,-1.444713
52.780000,0.465376,0.329100,1.578838
52.785000,-0.470951,-0.351202,-0.686086
52.790000,0.485979,0.404237,-0.210948
52.795000,0.775752,1.106830,-0.643355
52.800000,0.171884,-0.135271,1.186364
52.805000,-0.185527,1.674656,0.196881
52.810000,-2.128614,-0.579857,-1.569086
52.815000,-0.273679,-0.554807,-0.170585
52.820000,-0.895541,-0.584247,0.908674
52.825000,-1.041663,-0.486057,-0.170087
52.830000,-0.336831,-0.323958,-0.286096
52.835000,1.470399,0.354558,1.012829
52.840000,1.187834,-0.414638,0.230711
52.845000,1.156567,1.159865,1.825133
52.850000,0.418928,-1.654059,-0.621142
52.855000,-0.050995,-0.096135,-1.418085
52.860000,0.320480,-0.238166,0.347849
52.865000,1.483041,-0.521910,0.860403
52.870000,0.407081,-1.295253,-0.654794
52.875000,0.957203,1.093665,0.677089
52.880000,0.398668,0.582641,0.793336
52.885000,-0.191560,0.288111,-0.066077
52.890000,1.465531,0.158644,0.332554
52.895000,0.890843,-1.024807,-0.527783
52.900000,0.562776,2.952276,-2.393160
52.905000,-0.213751,0.679201,0.071867
52.910000,-0.177446,-0.840804,1.495634
52.915000,1.138526,-1.493509,-0.512029
52.920000,0.119552,0.515556,-1.079967
52.925000,-0.448315,-0.014209,-0.239869
52.930000,-0.131133,0.933371,-0.580995
52.935000,-0.939621,-1.251738,-0.414110
52.940000,0.573946,0.255755,0.188206
52.945000,1.534050,0.105277,-0.789015
52.950000,-1.989201,-0.097878,-0.258964
52.955000,-0.011726,-1.134930,-0.208547
52.960000,-0.000834,1.245379,-2.377850
52.965000,1.549647,1.140124,0.245572
52.970000,0.651282,-2.191188,-0.595802
52.975000,0.947790,1.604895,0.183421
52.980000,0.473630,0.534647,-0.521018
52.985000,-0.360714,-0.735643,1.796945
52.990000,-0.885395,0.789310,1.354361
52.995000,-0.685739,-0.315034,0.214679
53.000000,0.120386,0.299979,1.458666
53.005000,-0.971418,0.598427,0.469659
53.010000,0.571436,0.671850,1.425773
53.015000,-0.963698,-1.446257,-1.369851
53.020000,-1.139227,0.797876,0.519149
53.025000,1.994894,0.670384,-0.361184
53.030000,-1.608502,-0.959350,-1.062693
53.035000,0.760939,1.429618,0.437412
53.040000,0.738638,-0.446272,-0.567371
53.045000,1.248504,-0.481581,1.013932
53.050000,-0.448348,0.123930,-2.506672
53.055000,-1.090840,0.370393,0.767372
53.060000,-0.372936,-0.339765,-1.428630
53.065000,-0.325641,-2.397080,0.209209
53.070000,1.573351,-0.841691,0.747708
53.075000,-1.123131,-0.642791,-1.204344
53.080000,1.200349,0.524552,-1.164269
53.085000,-0.600798,-0.320667,0.751135
53.090000,0.433386,-0.079202,-0.369745
53.095000,0.572206,0.901984,-0.848722
53.100000,-0.679430,1.946684,-0.226463
53.105000,0.233000,0.630196,0.288165
53.110000,-0.901463,0.943059,1.421170
53.115000,-0.135923,-1.625520,-0.004004
53.120000,0.498456,-1.692421,0.342644
53.125000,0.993781,-0.474702,0.127696
53.130000,1.408534,0.919219,-0.426710
53.135000,-0.480652,-0.099791,-1.316512
53.140000,-0.965778,-0.562672,0.587692
53.145000,-0.531808,-0.303593,-0.676583
53.150000,-0.506609,-0.282794,-0.325702
53.155000,-1.147323,0.177703,-0.037508
53.160000,0.184873,0.180058,0.079523
53.165000,-1.429609,-0.110188,0.478547
53.170000,-1.695057,-0.205634,0.046204
53.175000,-2.030743,-1.771494,0.291843
53.180000,0.676143,-0.368319,-0.553188
53.185000,-1.028132,1.430438,0.676078
53.190000,-0.584251,0.035416,0.732164
53.195000,-0.133005,1.882134,0.973309
53.200000,-0.280061,0.286267,1.436863
53.205000,1.021626,0.796836,-0.100895
53.210000,-2.082078,1.303944,-0.840665
53.215000,-1.598056,-0.284030,0.396025
53.220000,2.739151,0.489809,-0.077779
53.225000,1.495621,1.736289,0.500103
53.230000,0.027029,-0.848310,-0.512348
53.235000,0.964502,-0.647580,-1.522274
53.240000,0.479744,0.756699,-0.300224
53.245000,0.243711,0.552608,1.678525
53.250000,1.024599,-0.066531,-1.230716
53.255000,0.085876,-0.404456,-0.137195
53.260000,0.616376,0.637647,0.626192
53.265000,2.485818,-0.689832,0.936795
53.270000,-0.054002,0.585597,-2.642362
53.275000,-0.156570,-1.715595,1.260289
53.280000,-1.221709,1.316891,0.640350
53.285000,3.195878,-0.218852,0.196725
53.290000,-1.280797,-1.194697,0.003858
53.295000,-0.833665,-1.568223,1.867723
53.300000,-0.967917,-0.210038,0.360052
53.305000,0.837279,-0.186389,0.375040
53.310000,-1.272774,0.623866,-1.290957
53.315000,-0.207685,-0.133076,-1.828719
53.320000,-0.264640,-0.838292,2.334186
53.325000,-0.919442,-0.891437,0.873284
53.330000,0.629434,0.367596,1.373532
53.335000,0.246932,-0.444577,0.418055
53.340000,1.105276,-0.637706,-1.490584
53.345000,-0.920998,-0.396036,0.720199
53.350000,-0.056018,-0.131407,-0.621641
53.355000,-0.816367,-1.592122,-0.573972
53.360000,0.931102,-1.858976,-0.536018
53.365000,-0.326790,0.972199,0.889903
53.370000,-1.806183,-1.066531,0.105290
53.375000,-0.062977,-1.676450,-1.264372
53.380000,0.537369,-0.572216,-1.025189
53.385000,-0.189715,-0.462467,-1.181645
53.390000,0.787937,-0.804030,-1.528862
53.395000,-0.248456,0.378532,0.088765
53.400000,-1.065731,1.072688,-0.387185
53.405000,0.447217,1.737208,-0.162396
53.410000,1.201162,-0.335138,-1.816577
53.415000,-0.169626,-1.769062,1.468559
53.420000,-0.170469,-0.326149,-1.583543
53.425000,1.518884,1.242877,-0.815952
53.430000,-0.047046,0.115701,0.452030
53.435000,-1.033571,0.426279,1.104202
53.440000,-1.036296,-0.045355,-0.365095
53.445000,-0.275947,1.346113,0.437831
53.450000,-0.669493,-0.827988,0.393005
53.455000,-0.493919,-1.221510,0.312653
53.460000,-0.211214,-0.036122,-0.767843
53.465000,-0.416818,-0.771439,-0.540796
53.470000,-0.324317,-0.657795,1.666302
53.475000,0.674291,-1.243676,-0.110099
53.480000,1.578374,0.778452,-2.066972
53.485000,1.393999,0.435119,0.461368
53.490000,-0.405732,1.114515,-0.026319
53.495000,-0.924348,-1.471333,-0.535212
53.500000,-0.067638,1.474438,-0.212573
53.505000,1.090555,0.098785,-1.165626
53.510000,-0.632111,-0.042380,-1.654518
53.515000,-0.773250,-0.820506,-0.076869
53.520000,2.403428,-0.645701,0.978434
53.525000,0.231565,0.763831,-1.298214
53.530000,0.406039,-0.230505,-0.955143
53.535000,-1.289536,-0.272978,0.175111
53.540000,-0.823749,0.232115,-0.149510
53.545000,0.645481,0.720174,-0.481086
53.550000,-1.231720,3.194447,-1.371418
53.555000,0.165934,0.474743,-0.461592
53.560000,-1.247151,-0.547652,0.700386
53.565000,-0.854168,-0.551442,0.408922
53.570000,1.041080,-0.222786,0.462961
53.575000,-0.882379,-0.882135,0.016691
53.580000,-0.672111,-1.073353,0.413638
53.585000,1.251311,-0.189434,0.626547
53.590000,-0.541449,0.066842,-0.190316
53.595000,1.722511,-2.025628,0.645484
53.600000,0.451073,0.063127,0.067313
53.605000,0.139064,0.857757,0.510295
53.610000,0.203928,-0.210983,-0.618174
53.615000,0.045325,-0.433482,0.089523
53.620000,0.806958,-0.980542,0.286255
53.625000,0.971106,2.351351,1.248981
53.630000,-1.437983,-0.049302,-2.077378
53.635000,-0.236251,-0.543099,-0.469961
53.640000,0.212932,0.147431,-0.823288
53.645000,-0.538592,0.305376,0.963577
53.650000,0.955722,-0.127577,0.276641
53.655000,1.495700,-0.849064,0.079051
53.660000,0.853805,0.463605,-0.211592
53.665000,0.551217,-0.432767,-0.243006
53.670000,0.343799,0.344024,-2.470964
53.675000,0.361199,-0.286357,-0.323471
53.680000,1.507289,-0.575772,1.806706
53.685000,1.030311,0.782436,-0.875218
53.690000,0.321032,1.740636,-0.230636
53.695000,1.137496,-0.550350,1.137050
53.700000,-0.245513,-0.036338,-0.225167
53.705000,1.187634,2.057767,-0.033399
53.710000,-1.027211,-0.263151,0.283486
53.715000,-0.034239,-0.361004,-0.696597
53.720000,0.367028,-0.740986,0.189127
53.725000,-0.426082,-0.171415,0.711902
53.730000,-1.874553,-1.354094,1.612381
53.735000,-0.366054,-0.864982,-1.133396
53.740000,1.672471,-0.032542,-0.653526
53.745000,0.908992,-0.267548,0.110332
53.750000,0.470005,-0.703560,-0.844552
53.755000,0.525323,-0.835674,2.003062
53.760000,0.607015,0.526670,-1.367636
53.765000,-0.015042,-2.276264,2.437405
53.770000,-0.027929,0.511930,-0.885924
53.775000,1.349504,-0.355755,-0.775981
53.780000,-0.418112,-0.767295,0.432832
53.785000,-1.831933,-1.013789,1.504714
53.790000,-0.782815,-0.741312,-1.561738
53.795000,0.378887,-0.413583,-0.811576
53.800000,1.129722,1.214779,-0.434290
53.805000,-0.420661,-0.195653,-0.622124
53.810000,-0.733521,0.879717,-0.399769
53.815000,0.491747,-0.429237,0.324201
53.820000,0.046441,-0.772221,1.713440
53.825000,0.299760,-0.192916,0.554397
53.830000,0.657156,-0.691102,1.925163
53.835000,-1.040309,-1.115669,-2.295524
53.840000,-0.022852,0.956601,2.228836
53.845000,0.482697,0.241286,-0.099342
53.850000,-0.631524,-1.567121,0.371250
53.855000,-1.529466,-1.066638,0.536467
53.860000,-1.124283,-0.200070,-0.820866
53.865000,-0.944378,-1.125462,0.105790
53.870000,-0.182377,-0.889307,-0.554603
53.875000,-0.260912,-0.210549,0.252779
53.880000,0.384764,0.859967,-0.652589
53.885000,0.547274,-1.226944,0.902288
53.890000,0.607927,0.260969,0.170116
53.895000,1.485175,1.117588,-2.148717
53.900000,1.791771,0.746436,-0.778116
53.905000,0.092323,0.453770,1.113932
53.910000,-0.667291,-1.430046,-1.919484
53.915000,-0.469801,-1.466834,0.550268
53.920000,0.054975,0.774327,-0.648301
53.925000,1.311283,-1.139838,1.476072
53.930000,0.107064,-0.156584,-0.255519
53.935000,0.045214,-0.759807,-1.331135
53.940000,1.263093,0.527741,-0.205727
53.945000,-0.194542,-0.015630,0.478565
53.950000,-0.550516,1.975459,-0.367779
53.955000,0.403691,-0.420180,-0.414325
53.960000,1.635148,1.247409,0.693553
53.965000,0.428282,-0.433638,0.232256
53.970000,1.008888,-1.031590,-0.249541
53.975000,1.202647,0.266189,-0.310835
53.980000,-2.688958,-0.585668,0.138087
53.985000,2.344776,0.631981,-0.314958
53.990000,0.000925,0.231047,0.212532
53.995000,0.063758,-0.746652,0.081018
54.000000,-0.597013,0.682989,1.065475
54.005000,0.081344,-0.363806,1.715217
54.010000,-1.095012,-0.101488,-0.136502
54.015000,-0.595207,1.007687,-0.364862
54.020000,0.464602,-0.697084,0.982138
54.025000,0.569795,0.809143,-0.036193
54.030000,-1.584871,-0.212193,-0.753734
54.035000,-0.535472,-0.002312,0.060108
54.040000,-0.097945,1.239517,-0.796246
54.045000,-0.175763,-0.073873,0.423312
54.050000,0.675748,-1.702585,0.771635
54.055000,0.326753,-0.434739,0.006992
54.060000,0.411207,0.502271,1.854442
54.065000,-1.257220,1.112403,1.306718
54.070000,-1.888494,0.304213,-0.308279
54.075000,-0.150671,0.347665,0.118385
54.080000,1.295811,0.577451,0.575855
54.085000,0.686076,1.121117,0.474261
54.090000,0.662061,-0.477528,-1.966919
54.095000,-0.811904,-0.238296,-0.382763
54.100000,1.605066,0.146111,-1.019595
54.105000,1.540519,-2.104031,0.374360
54.110000,-0.355576,2.136372,-0.851454
54.115000,-0.160302,-1.660662,-1.135115
54.120000,-1.277604,0.420453,0.168750
54.125000,0.002823,0.567835,0.169228
54.130000,-0.001014,0.687272,-0.459420
54.135000,-0.853950,-1.175095,-0.409550
54.140000,-0.369494,0.175377,0.569937
54.145000,2.545720,1.247950,0.948416
54.150000,-0.054345,0.204679,1.061191
54.155000,-1.825374,0.167853,1.060006
54.160000,1.089489,-2.044892,0.023628
54.165000,0.756569,1.231256,1.560539
54.170000,-0.535190,-0.351027,0.995724
54.175000,-0.041156,-0.330916,1.709757
54.180000,1.886228,-1.098896,0.833067
54.185000,0.703499,-1.768216,-0.401144
54.190000,-0.116227,0.781802,-0.777470
54.195000,-0.768212,-0.675617,-2.383180
54.200000,1.322645,1.635823,-0.109943
54.205000,1.351948,0.953517,0.728091
54.210000,-0.563874,1.048562,0.323224
54.215000,1.021445,-0.065042,-1.018010
54.220000,-0.203957,1.089422,-0.104758
54.225000,-0.300811,0.837205,1.118875
54.230000,-0.250649,-0.794136,1.410763
54.235000,-1.807070,-0.995106,-0.498771
54.240000,-1.634728,0.824289,-1.678985
54.245000,0.701128,0.379445,-0.715831
54.250000,-1.299825,-0.159859,-1.058411
54.255000,-1.468366,0.327449,0.043147
54.260000,0.209727,0.877114,0.997903
54.265000,0.807183,0.886036,0.085149
54.270000,-0.042723,1.069331,1.667517
54.275000,-1.058155,1.555680,-0.671054
54.280000,0.089598,-0.634159,0.781335
54.285000,-0.160347,0.851726,-1.462413
54.290000,0.994356,0.297599,0.970766
54.295000,1.012971,-1.807917,-0.780363
54.300000,-0.233782,1.645223,-0.618400
54.305000,-0.735843,1.011942,1.007640
54.310000,-0.259404,-1.332294,0.378335
54.315000,-0.974318,0.208190,-0.622255
54.320000,1.077923,0.029761,-0.951045
54.325000,-0.166186,0.393424,-0.372975
54.330000,1.301916,-0.875091,-0.764533
54.335000,0.323184,0.906340,-1.016261
54.340000,-0.185965,0.644044,0.614845
54.345000,0.590169,2.364591,0.316544
54.350000,0.105998,-0.358144,-0.148844
54.355000,1.257840,-0.455172,-0.153058
54.360000,0.584860,-0.876976,-0.778309
54.365000,-0.244126,-0.138586,1.232238
54.370000,-1.320843,-1.253177,-0.596504
54.375000,-0.680334,-1.882389,-2.311865
54.380000,-1.097021,-0.090299,0.928990
54.385000,1.704581,-0.088844,-0.960161
54.390000,0.218494,-1.019559,-0.382172
54.395000,0.149500,-0.666720,-1.642135
54.400000,-0.857448,0.511465,2.232769
54.405000,1.421302,0.039519,0.899452
54.410000,-0.468568,-0.268604,0.405871
54.415000,-1.537814,-1.083432,-0.209267
54.420000,0.926610,-0.201615,1.549391
54.425000,0.544685,-0.611628,0.540620
54.430000,0.005764,-2.097435,-0.733022
54.435000,-0.495784,-0.793733,0.332919
54.440000,1.469017,-2.129791,-0.288765
54.445000,-0.146899,0.600398,0.072014
54.450000,-0.863862,-1.715673,0.015198
54.455000,-1.095524,-0.882162,-1.264383
54.460000,-1.489653,2.000664,0.049493
54.465000,1.157700,0.719930,2.474785
54.470000,-0.122748,-1.845972,-0.550531
54.475000,0.912457,0.858256,-1.107796
54.480000,0.025439,1.560632,-0.225256
54.485000,1.627029,1.854878,0.618587
54.490000,-0.193990,2.688908,-1.198607
54.495000,-1.744538,-0.975167,-0.613779
54.500000,0.038645,0.219871,0.976163
54.505000,-0.414084,-0.816345,1.136949
54.510000,1.065634,-0.852522,-0.391779
54.515000,-0.527357,0.340777,-0.690951
54.520000,1.167161,1.759837,0.215364
54.525000,0.266138,-0.095532,1.122714
54.530000,-1.098904,1.024928,-0.748236
54.535000,-0.038710,-2.475871,-0.206096
54.540000,1.704033,0.328859,0.628308
54.545000,-0.605359,-0.431548,2.127608
54.550000,0.715564,-1.963939,-0.649672
54.555000,-0.839785,-0.242996,0.523439
54.560000,0.633883,0.153544,0.576188
54.565000,-0.006211,0.300417,1.331204
54.570000,-0.307893,0.490490,-1.251636
54.575000,1.145992,-0.451979,1.799930
54.580000,0.484263,-0.668243,-0.116447
54.585000,0.241506,0.590547,0.882959
54.590000,-0.915389,-0.906776,1.013560
54.595000,0.464061,-1.483443,0.499947
54.600000,-0.337402,1.052920,2.130442
54.605000,1.374357,1.218983,1.625756
54.610000,1.388001,0.397427,0.255727
54.615000,-0.978072,-0.029576,-0.020245
54.620000,0.627628,2.377707,-0.535388
54.625000,0.740634,-0.225918,-0.233798
54.630000,-0.103830,0.025731,-0.637915
54.635000,0.652837,-0.090571,-0.910691
54.640000,-0.401681,0.238640,-0.198891
54.645000,-1.207770,0.194208,-1.200812
54.650000,-1.218011,-0.485004,0.731819
54.655000,0.939793,-0.021422,-0.997105
54.660000,-0.369029,-0.818807,-0.167052
54.665000,-0.129195,0.334247,0.974860
54.670000,0.566725,1.600584,-1.227778
54.675000,0.970568,1.221747,-1.749731
54.680000,-0.185428,1.924031,0.310886
54.685000,-0.064674,0.635135,0.307008
54.690000,1.046130,0.838887,-0.126570
54.695000,-0.584691,-2.054881,0.989514
54.700000,-0.767508,1.161153,2.184058
54.705000,-1.550242,-0.116521,0.061009
54.710000,1.556290,0.258150,-0.506934
54.715000,-0.760013,-0.809277,0.526155
54.720000,-0.195120,-0.400193,2.145285
54.725000,-1.570683,-0.920661,-0.168239
54.730000,0.946528,-0.543087,-0.809628
54.735000,3.121069,0.405435,-0.210887
54.740000,1.934084,1.025537,-2.512223
54.745000,1.352820,0.601814,1.013647
54.750000,1.418273,0.544688,-1.289001
54.755000,-0.889995,-0.635361,-0.723288
54.760000,-0.670414,-1.381337,0.015660
54.765000,3.339650,2.043578,-0.080748
54.770000,-0.922983,-0.680832,0.002367
54.775000,-1.413098,-0.523076,1.191387
54.780000,-0.136025,0.975260,-0.900710
54.785000,0.665468,0.103088,-0.348500
54.790000,0.035739,-1.489459,0.183466
54.795000,-1.003209,0.417382,-1.351582
54.800000,1.016142,0.999493,0.663671
54.805000,2.745411,0.856996,0.016821
54.810000,0.766232,0.112844,-0.031347
54.815000,2.280155,1.249722,-0.942763
54.820000,-1.302457,-0.664132,-0.432004
54.825000,0.236557,-0.458953,1.736612
54.830000,-0.505200,-0.333896,-0.718872
54.835000,-0.398344,0.076302,-1.636342
54.840000,0.695662,-0.819667,-1.735785
54.845000,-0.591449,-0.195017,-0.061716
54.850000,-0.590513,-3.152434,0.531355
54.855000,-1.511055,-2.039910,0.828199
54.860000,2.356016,-0.872217,1.086803
54.865000,-0.085943,-0.603279,1.705391
54.870000,0.445569,-0.381331,-0.416803
54.875000,0.427546,-1.471185,0.802067
54.880000,0.668907,-2.202452,0.390428
54.885000,0.222645,-0.826603,0.546238
54.890000,-0.198235,0.214303,-2.276323
54.895000,-0.783178,-0.138558,-1.002171
54.900000,-0.306996,-0.170804,-0.565480
54.905000,-0.119020,-0.788246,2.425124
54.910000,-0.567784,-1.464456,0.351441
54.915000,-1.336272,-1.323590,1.279191
54.920000,-0.747642,1.857069,0.654091
54.925000,0.120860,1.524978,-0.002255
54.930000,-0.497039,-0.165048,-0.641848
54.935000,-0.379989,-1.088773,1.344780
54.940000,0.477348,1.859770,-1.880807
54.945000,0.728242,0.455735,-1.276423
54.950000,-0.279661,-2.418524,0.001712
54.955000,0.545643,-1.775847,0.374279
54.960000,0.085433,2.412224,-2.090767
54.965000,2.505845,2.466370,-0.199080
54.970000,0.584099,0.399836,0.497254
54.975000,-1.141565,-0.465093,0.458464
54.980000,-0.118999,-0.894032,-0.262017
54.985000,0.711296,0.727003,1.162053
54.990000,0.482709,0.432531,-1.106940
54.995000,1.672649,1.427964,-1.422482
55.000000,1.117959,-0.922913,-0.302011
55.005000,0.350377,0.960352,1.200090
55.010000,2.059725,-0.396766,-0.273900
55.015000,0.050715,-2.716510,-1.169346
55.020000,0.173901,0.371101,-1.323875
55.025000,-1.870692,0.408057,-1.207490
55.030000,-1.642084,-0.219543,-0.164049
55.035000,-1.901678,-1.127512,1.992103
55.040000,0.260867,2.249837,-0.454087
55.045000,0.463774,0.628258,0.109482
55.050000,0.349398,-0.508682,2.620058
55.055000,-0.725252,-1.157270,1.115199
55.060000,0.864660,0.799630,-0.294147
55.065000,0.532157,-0.037203,0.915039
55.070000,-0.264843,0.348802,-0.095131
55.075000,-0.340704,-1.664543,-0.856241
55.080000,-1.343303,1.227194,-1.066995
55.085000,1.391115,0.749307,0.293910
55.090000,-0.817502,-0.682736,-0.125098
55.095000,0.220296,0.098083,-0.238468
55.100000,0.021600,1.676056,1.333153
55.105000,0.881901,1.487017,0.499640
55.110000,-1.818456,-0.706905,-0.574206
55.115000,1.207468,-0.660796,-0.935217
55.120000,1.295119,0.699088,0.316419
55.125000,-0.091519,0.327297,1.111509
55.130000,-1.458430,-1.066693,-0.279864
55.135000,-0.514943,-0.610099,-0.550247
55.140000,0.863051,-1.745927,-0.138527
55.145000,-1.415184,-0.393075,1.452979
55.150000,-1.674905,0.085337,0.240526
55.155000,-0.536096,0.824728,0.140995
55.160000,1.599822,-1.026535,0.566707
55.165000,0.956137,0.080558,1.845581
55.170000,0.017305,0.062978,1.413110
55.175000,-0.071422,0.827327,-1.427629
55.180000,0.539106,-0.866362,-0.262613
55.185000,0.429409,0.789967,0.194525
55.190000,-0.058174,0.663690,-0.463306
55.195000,-0.853378,-0.746636,-0.405539
55.200000,-0.855960,0.012812,1.606851
55.205000,1.491049,0.190838,2.138730
55.210000,0.351748,-0.311291,0.297813
55.215000,-1.161290,-1.259234,1.663573
55.220000,-2.064258,-0.725371,1.921708
55.225000,0.719180,-0.672765,0.728314
55.230000,1.196871,0.032451,-0.274995
55.235000,-0.935760,-1.038240,0.256969
55.240000,0.122352,0.757488,-0.404600
55.245000,1.878135,0.480138,0.438029
55.250000,0.595352,-0.021336,0.874385
55.255000,-1.346728,0.481569,0.249147
55.260000,0.158526,-1.116838,0.329596
55.265000,-0.280975,0.618005,1.517819
55.270000,1.069764,0.375062,-2.195638
55.275000,-0.210228,0.878192,-1.758480
55.280000,1.726111,0.947952,0.099005
55.285000,2.843800,0.859041,3.183694
55.290000,1.071474,-0.452257,1.835042
55.295000,0.820917,-1.445721,-0.090074
55.300000,-0.830576,-1.186501,0.237423
55.305000,-0.427595,2.156304,-0.433269
55.310000,-3.111483,-2.047038,0.271446
55.315000,0.473447,-0.603681,0.316340
55.320000,1.523540,-1.454013,0.605447
55.325000,0.523470,-0.005103,-1.394501
55.330000,-0.249144,-0.146854,0.101632
55.335000,-1.413504,-0.067680,1.217196
55.340000,-0.385145,1.868501,0.474820
55.345000,1.180901,1.433812,-0.531515
55.350000,-1.316539,-0.111132,0.688265
55.355000,-2.224300,2.122409,-0.420511
55.360000,-1.432336,-1.450177,-0.292232
55.365000,0.371670,0.958951,1.807765
55.370000,-2.621474,-0.493788,0.965561
55.375000,0.380981,2.115158,1.436822
55.380000,-1.720122,0.983552,-0.631013
55.385000,0.121661,-0.472735,1.743802
55.390000,1.355313,0.643230,1.087790
55.395000,-0.002816,-0.570368,-2.116727
55.400000,1.368132,-0.003399,-0.149439
55.405000,-1.275328,-0.002346,0.018764
55.410000,-0.131898,-0.417699,-0.044163
55.415000,0.420645,0.827872,-1.287859
55.420000,0.785685,0.046679,1.525018
55.425000,0.693381,0.850931,-1.128633
55.430000,-0.322965,-1.067472,1.204921
55.435000,0.120362,-0.738673,0.218103
55.440000,-0.908124,-0.261070,-0.216659
55.445000,2.770067,-0.918998,-0.033772
55.450000,0.094857,0.545756,0.343529
55.455000,-2.639208,-1.284233,-0.594653
55.460000,0.366354,-0.675576,-0.215755
55.465000,1.171019,1.052675,0.280006
55.470000,-1.539008,-1.981112,-0.046452
55.475000,0.134359,-0.531048,-0.504626
55.480000,-0.839141,0.031833,0.291882
55.485000,0.532286,0.569178,0.984625
55.490000,-1.052638,-0.016441,-1.669415
55.495000,-1.535440,-0.092252,0.161650
55.500000,-0.614017,2.213666,0.223925
55.505000,-0.148459,1.107098,0.451644
55.510000,0.610802,1.288441,-1.993280
55.515000,-1.637942,0.323611,-1.613459
55.520000,0.434320,-0.124695,0.510780
55.525000,2.126797,0.114133,0.279645
55.530000,-0.208892,-0.611846,-1.585272
55.535000,1.424097,-1.015201,-0.318579
55.540000,1.305054,0.408605,-1.336696
55.545000,1.438799,1.467100,0.393111
55.550000,0.232245,-0.283089,0.983756
55.555000,0.214006,0.263340,-1.832087
55.560000,-0.871205,1.811738,1.700831
55.565000,-0.503190,1.406126,0.817356
55.570000,-1.172349,-0.783607,0.250760
55.575000,-0.684218,0.121142,-0.300000
55.580000,0.475226,0.861319,1.514554
55.585000,0.657034,0.450348,-0.219580
55.590000,-0.810081,0.436774,0.445975
55.595000,-0.777462,0.872343,-0.338428
55.600000,-0.937555,-0.485554,1.386978
55.605000,0.590379,1.782301,-1.546677
55.610000,0.884047,-3.484018,-0.948034
55.615000,-1.062000,-0.213412,-0.088133
55.620000,0.744556,1.212377,-0.822776
55.625000,1.258372,0.871070,0.927126
55.630000,-0.047807,2.470346,1.039321
55.635000,0.004048,-1.216233,-1.769688
55.640000,-0.341058,2.750890,-1.117609
55.645000,-0.431605,-1.538170,-1.181191
55.650000,0.372397,0.733942,1.431572
55.655000,0.305152,1.144368,0.944119
55.660000,1.332340,0.055008,1.408008
55.665000,0.946773,-0.102905,1.515417
55.670000,-0.058160,-0.590945,-0.312412
55.675000,-0.041556,-1.802802,-0.813914
55.680000,0.326446,-1.491459,0.162009
55.685000,0.774581,-0.736479,1.462783
55.690000,0.973700,-1.588945,0.641142
55.695000,-0.526550,-0.876457,-0.985915
55.700000,-0.158473,0.857435,0.135057
55.705000,0.911120,1.766579,-0.400149
55.710000,-1.369720,0.170406,0.898242
55.715000,-1.404933,0.772545,-3.407498
55.720000,-0.483906,0.601367,0.632376
55.725000,0.551343,-0.049728,0.496331
55.730000,1.662335,0.191119,0.142680
55.735000,-0.675256,-0.125639,0.026279
55.740000,0.310551,1.087434,0.854759
55.745000,0.147268,1.131297,0.938930
55.750000,0.275161,-0.689015,0.415902
55.755000,-0.039523,0.316771,0.756005
55.760000,0.678003,-1.728197,0.689747
55.765000,1.355117,0.442818,0.339202
55.770000,-0.863073,-0.404967,0.614275
55.775000,-1.013983,0.095662,-0.893745
55.780000,-2.136557,-0.017127,0.092404
55.785000,0.874735,-0.819242,-0.001312
55.790000,0.365995,-0.385112,-0.112431
55.795000,0.410951,-0.116207,-0.840858
55.800000,-0.094228,2.718122,0.168946
55.805000,1.050195,0.827487,-0.708090
55.810000,-0.656499,1.514841,-0.490737
55.815000,0.585455,-1.464326,-1.376318
55.820000,0.710975,0.042943,1.364290
55.825000,-0.815332,0.841732,0.149406
55.830000,0.914286,-0.177329,0.665522
55.835000,-0.694972,-1.353615,-0.511999
55.840000,1.324623,0.573511,0.478293
55.845000,-0.311977,1.652248,-0.301316
55.850000,-0.175272,0.953294,0.712538
55.855000,-2.748211,0.567713,0.486801
55.860000,0.852699,0.516963,-0.191947
55.865000,-0.574301,0.118161,0.593744
55.870000,-1.676891,1.126561,0.240392
55.875000,-1.120917,-1.606701,0.362824
55.880000,-0.130368,0.963101,-2.070700
55.885000,0.101710,-0.178251,1.158608
55.890000,-0.345826,1.197511,0.358608
55.895000,-0.075505,-1.189459,-0.817465
55.900000,1.572456,0.315343,1.974466
55.905000,-0.415471,1.325581,2.390957
55.910000,0.789123,-0.161492,0.639243
55.915000,-1.769435,1.511772,-1.026838
55.920000,1.990973,0.660907,-1.029635
55.925000,0.274727,-1.375423,-0.331157
55.930000,1.525712,0.520347,2.332104
55.935000,-0.544654,-1.318924,-0.290384
55.940000,0.556404,-0.616684,0.231072
55.945000,1.860767,-0.459148,0.487640
55.950000,-0.328118,-0.042375,0.176699
55.955000,-1.856171,1.345848,1.337989
55.960000,0.858435,0.265597,0.084872
55.965000,-0.495252,-0.390448,-0.363977
55.970000,-0.207172,-0.709348,-1.364366
55.975000,0.306177,-1.514985,-0.732273
55.980000,1.055189,1.270529,0.265466
55.985000,1.089846,-0.537987,-1.471158
55.990000,0.790065,0.273011,-1.050755
55.995000,0.657924,-0.093190,-0.596862
56.000000,1.971207,-0.630000,-1.504933
56.005000,0.338856,2.051237,0.495396
56.010000,-2.446238,0.168894,-1.854758
56.015000,-2.683933,-0.347836,-1.827250
56.020000,-1.486627,0.910099,-0.223263
56.025000,0.624019,1.899744,-0.363258
56.030000,0.542321,-0.427942,-0.842149
56.035000,-0.209385,-1.636014,0.782040
56.040000,0.410174,-0.716374,-0.030054
56.045000,-0.076094,0.720949,1.012975
56.050000,-0.023026,-0.161213,-0.512788
56.055000,-0.689513,-0.754855,1.519081
56.060000,-0.255631,1.028774,0.342538
56.065000,-1.308217,0.572404,1.381603
56.070000,0.331521,-2.013875,-0.922221
56.075000,-3.337618,-2.438052,-0.643576
56.080000,-0.062557,0.481599,-0.209046
56.085000,0.960483,2.225473,-0.081547
56.090000,-1.234420,0.072955,1.036097
56.095000,-0.295436,-1.355922,0.280499
56.100000,0.561573,0.087326,0.114102
56.105000,-0.840400,0.675063,2.348169
56.110000,0.930703,0.810574,0.952169
56.115000,0.435242,-0.658702,0.278937
56.120000,1.829169,-1.283057,0.428430
56.125000,0.816577,2.012194,-0.835544
56.130000,-0.470778,0.631963,0.306398
56.135000,-2.681265,-0.539366,-0.028023
56.140000,-0.223176,-0.733396,1.222544
56.145000,0.333718,0.802563,0.538203
56.150000,-0.274612,-1.414307,-0.688693
56.155000,0.264504,0.112880,0.416216
56.160000,-0.774504,0.497699,-0.558938
56.165000,0.657054,-0.078547,0.829157
56.170000,-0.889861,0.178254,-0.073072
56.175000,0.787446,0.952189,0.672091
56.180000,0.777832,-2.206341,0.274216
56.185000,-0.009515,0.751412,-0.774156
56.190000,1.009055,0.645065,-1.491211
56.195000,-0.348024,-0.134175,-2.294532
56.200000,-1.881596,-0.069528,-0.001951
56.205000,-0.149000,-0.987336,3.551702
56.210000,-1.228559,1.720757,-1.036715
56.215000,-0.566207,0.978214,-0.900049
56.220000,2.166929,0.134575,0.266188
56.225000,-0.929238,0.397557,1.589467
56.230000,-0.068359,0.351324,0.191282
56.235000,-0.250521,-0.005876,0.177346
56.240000,-0.366976,0.525774,-0.670318
56.245000,0.265388,1.194802,-0.567825
56.250000,-0.364849,0.465529,2.273287
56.255000,-0.000304,-0.405658,-0.672972
56.260000,0.057994,0.126007,0.030909
56.265000,1.686779,0.142676,0.287811
56.270000,-1.762438,-0.542047,-0.936621
56.275000,-1.066189,-1.296029,-2.227294
56.280000,0.421204,0.345795,0.381410
56.285000,-0.279614,0.528732,0.124712
56.290000,1.663718,-1.576411,-0.118686
56.295000,0.197642,-2.298675,0.802337
56.300000,-1.644621,0.627038,-0.598019
56.305000,-0.020513,1.471563,-0.062960
56.310000,0.143172,-1.297285,-0.338463
56.315000,1.769797,-1.642432,-0.085464
56.320000,0.127215,-0.722639,-0.441089
56.325000,-0.570825,1.727806,1.273572
56.330000,-1.539736,-0.003967,0.919597
56.335000,-0.157363,-0.885164,-0.327002
56.340000,-1.283619,-0.461898,1.262809
56.345000,0.872606,1.960791,0.612514
56.350000,0.217401,0.242374,-0.746064
56.355000,-1.784793,-0.245579,-0.745528
56.360000,-0.706162,-1.075911,-0.107370
56.365000,0.135638,-1.212831,-0.631921
56.370000,0.348867,-0.396984,-0.154424
56.375000,-1.154750,0.628630,0.927781
56.380000,-0.160541,-0.376438,1.179555
56.385000,1.743256,1.650387,-0.761766
56.390000,-0.417485,-0.172579,-0.007694
56.395000,-1.859931,1.147996,-1.051141
56.400000,-2.210470,0.108996,2.436458
56.405000,2.806932,1.358171,-0.338147
56.410000,-1.990321,0.301939,0.604674
56.415000,-0.189031,0.826951,-0.499238
56.420000,0.259254,-1.345431,1.673710
56.425000,1.412309,-0.439109,0.079037
56.430000,-2.018028,-1.668632,0.489935
56.435000,-0.691938,-1.043168,-0.899449
56.440000,0.303775,-0.790175,-1.018920
56.445000,1.758759,-0.543166,0.617609
56.450000,0.208044,0.325600,-0.896517
56.455000,-0.405281,-0.976002,0.638959
56.460000,0.566632,0.045555,-0.007567
56.465000,0.947524,-0.154681,0.633818
56.470000,0.393810,-0.574978,-0.529657
56.475000,-0.197894,-0.147479,2.004711
56.480000,-1.186193,1.637453,-2.148711
56.485000,-0.350988,0.180369,-0.050562
56.490000,1.159100,0.495727,-1.543666
56.495000,-1.071116,0.681062,0.188381
56.500000,0.550201,0.767252,-0.431463
56.505000,-0.093640,-0.437633,-2.064133
56.510000,0.205007,-0.042141,-0.057776
56.515000,-0.464146,0.014584,0.277711
56.520000,-0.703069,0.596786,-1.362865
56.525000,1.090135,1.360042,-0.276396
56.530000,0.809894,0.434365,-0.449052
56.535000,-2.073241,-0.847782,-0.450636
56.540000,-0.198814,0.559169,-0.973774
56.545000,1.348775,0.543465,0.200683
56.550000,-0.755824,1.979017,-0.010304
56.555000,-0.022143,-2.025440,0.472678
56.560000,0.282437,1.410768,-0.351449
56.565000,0.125345,1.754787,-1.990599
56.570000,-0.158289,-0.042438,-2.361834
56.575000,-0.716783,0.022100,-0.046353
56.580000,2.306806,-0.485512,2.104480
56.585000,1.507659,-0.186135,1.320124
56.590000,0.515392,-1.388784,-0.126800
56.595000,1.056680,0.369847,1.066046
56.600000,0.404365,-1.222001,-0.444793
56.605000,-0.069504,0.437452,1.579589
56.610000,-1.679713,0.986318,-1.297929
56.615000,-0.746118,-0.516437,-0.090754
56.620000,0.104746,0.398910,0.003857
56.625000,1.053533,-0.061528,1.747229
56.630000,1.172465,0.206767,-0.464366
56.635000,-0.650638,-1.613658,-1.056582
56.640000,-1.201046,0.573471,0.504549
56.645000,0.314220,-0.540631,0.038962
56.650000,-0.145547,-0.831925,1.673641
56.655000,-1.350681,1.803527,0.757844
56.660000,0.865299,-0.123236,-1.406131
56.665000,0.278785,1.206230,-0.164511
56.670000,-0.550025,1.075771,0.065598
56.675000,-1.971870,-0.307955,-1.112315
56.680000,-1.178334,0.224797,1.760989
56.685000,-1.348192,0.265635,1.397805
56.690000,-1.543674,0.104373,-0.279949
56.695000,0.456493,0.228986,-2.865737
56.700000,-0.221998,-0.401695,-0.436783
56.705000,0.611726,0.236288,0.702565
56.710000,0.565274,0.237467,-0.343749
56.715000,1.701800,-0.413900,-2.728431
56.720000,-2.504165,-1.450838,0.432377
56.725000,0.576147,-0.085610,0.374741
56.730000,-1.317977,0.024893,-0.212582
56.735000,1.497928,2.500542,-0.737635
56.740000,0.431713,-0.522786,0.489712
56.745000,0.794994,-0.463962,-0.323274
56.750000,-2.406401,0.108616,-1.732546
56.755000,-1.338726,-1.040754,1.318513
56.760000,-1.244033,0.031794,-0.047025
56.765000,1.388405,-1.675996,-0.414656
56.770000,1.874977,-0.586876,1.845364
56.775000,0.127004,-0.038910,-1.151820
56.780000,0.501533,-0.223662,1.237014
56.785000,1.542368,-0.176021,0.988783
56.790000,-0.409851,-0.535667,-0.333960
56.795000,-1.936580,0.095269,0.337228
56.800000,0.813964,0.527268,0.539815
56.805000,-0.381632,1.171993,0.276269
56.810000,1.289838,-1.308371,-0.385148
56.815000,-0.841314,0.503903,-1.188245
56.820000,1.972594,1.261415,0.287937
56.825000,-0.222959,0.610157,-1.095363
56.830000,-0.183016,-0.892683,0.052246
56.835000,-0.763797,-0.805086,-0.648639
56.840000,1.104535,2.734090,-2.352162
56.845000,-0.908934,-0.654537,0.942838
56.850000,0.305631,1.033239,0.543718
56.855000,-1.132558,-0.685068,0.310779
56.860000,0.664571,-0.517364,-1.619701
56.865000,0.277247,-0.010582,0.336905
56.870000,-0.065952,-0.587364,1.503715
56.875000,-0.166875,-0.884663,-2.118557
56.880000,0.631224,0.433554,-0.077036
56.885000,1.218620,-0.025258,1.439843
56.890000,-0.924866,-0.386635,1.282054
56.895000,-0.884503,0.286317,-0.250673
56.900000,-0.420887,-0.217436,-0.796138
56.905000,-1.902802,-0.132168,-0.233022
56.910000,0.635107,-0.039968,-0.590142
56.915000,-0.804425,-0.814007,-1.473053
56.920000,0.579227,-0.539711,0.982047
56.925000,1.072731,1.551542,0.448269
56.930000,-0.411629,1.724166,-0.806725
56.935000,0.987112,-2.401970,-1.454637
56.940000,0.953762,0.122642,1.422911
56.945000,1.349190,0.610537,0.817444
56.950000,0.776968,0.011092,0.577058
56.955000,-0.314515,-1.085796,0.999323
56.960000,-0.161403,-1.074293,-0.172991
56.965000,-0.250837,-0.108662,0.208600
56.970000,2.186620,1.290608,-0.594873
56.975000,0.670480,0.140412,-0.123794
56.980000,0.157134,-0.918563,0.235708
56.985000,-0.387046,-0.694998,-0.490142
56.990000,-0.617777,-0.861549,2.367536
56.995000,-0.714162,-0.088227,1.078661
57.000000,-0.161173,2.004813,2.427818
57.005000,-0.238162,1.408154,-0.254955
57.010000,1.137472,0.475066,-0.649548
57.015000,0.365301,-1.157418,0.463366
57.020000,0.890607,-0.088565,2.221267
57.025000,0.488437,-1.194138,-1.151119
57.030000,0.408508,1.882446,0.991193
57.035000,-1.530310,0.082545,0.405035
57.040000,0.898491,-0.252978,0.191474
57.045000,-0.030781,-0.593048,0.284460
57.050000,1.086824,0.287559,1.952720
57.055000,-0.676742,-0.394713,-0.496388
57.060000,1.821423,-0.210402,-0.432244
57.065000,-0.109273,-0.482074,0.583989
57.070000,-1.636050,-0.116221,1.530167
57.075000,-1.267732,0.269940,-0.555560
57.080000,-1.051469,-0.403566,-0.201075
57.085000,1.086341,0.059735,-0.824841
57.090000,0.092143,0.165592,-1.154404
57.095000,-0.429698,0.175686,-0.797382
57.100000,-0.313068,1.640108,0.733294
57.105000,0.809193,0.686461,0.786282
57.110000,0.623090,0.390003,0.860889
57.115000,-0.779055,-1.667896,-0.008814
57.120000,-0.245532,-1.501538,0.605297
57.125000,2.553306,1.649235,-0.642548
57.130000,-0.452797,-0.402836,0.628425
57.135000,-0.605020,-0.112301,-0.606470
57.140000,0.618685,-0.769987,2.394437
57.145000,-2.219540,-0.610773,-0.778516
57.150000,1.578948,-0.452562,-0.310902
57.155000,-0.904401,-1.358884,0.552683
57.160000,1.106086,1.105936,0.531047
57.165000,0.159538,1.716100,0.133594
57.170000,0.480774,-0.026121,-1.776135
57.175000,-1.254211,-2.112574,1.615229
57.180000,0.958496,-0.212405,0.113910
57.185000,0.219958,1.194569,-0.731415
57.190000,-0.341171,-0.424951,-1.967805
57.195000,1.071489,1.005085,-1.856249
57.200000,-1.258841,-1.932953,0.347905
57.205000,0.105180,1.442775,0.722664
57.210000,0.866427,-0.011911,-0.285745
57.215000,-0.547017,0.544809,1.005573
57.220000,-0.327972,1.691767,0.232314
57.225000,0.571399,-2.067778,2.059308
57.230000,-0.385183,0.032615,-0.965151
57.235000,-1.823737,-0.126131,-1.243978
57.240000,-0.183071,0.632704,2.773797
57.245000,1.774539,1.713154,1.666051
57.250000,-0.604559,-0.121365,-0.366075
57.255000,-1.734578,0.013770,-0.371001
57.260000,1.318241,-0.835031,0.447738
57.265000,1.439817,-1.396465,1.129909
57.270000,-1.269763,-0.959946,-0.053816
57.275000,-0.752481,0.222914,0.456903
57.280000,0.992133,0.188902,0.720896
57.285000,-1.168104,0.461765,-1.717600
57.290000,1.051861,0.987978,-0.418179
57.295000,0.243556,0.744018,-0.851656
57.300000,0.128533,0.814022,0.087045
57.305000,1.907994,0.620758,-0.465605
57.310000,0.023339,-1.099460,-0.885414
57.315000,0.907090,-0.603897,-1.442015
57.320000,-0.714339,-0.015211,-0.933216
57.325000,0.105618,-0.645519,-0.292420
57.330000,0.783087,0.730271,1.290478
57.335000,-1.602699,-0.145233,0.477878
57.340000,2.488931,-0.079380,1.342159
57.345000,0.861724,1.287761,0.582673
57.350000,-1.417115,-1.751295,2.073986
57.355000,-1.354465,-0.845703,1.641506
57.360000,0.920603,-0.374978,0.823073
57.365000,-1.568802,0.153410,0.558718
57.370000,-0.081735,0.200119,-0.619652
57.375000,0.382879,1.411688,-1.423890
57.380000,-0.091253,0.277676,-0.225055
57.385000,-0.490235,1.919247,2.354936
57.390000,3.205909,0.271342,-1.049480
57.395000,-1.253588,-0.545116,-0.790775
57.400000,0.130494,0.987366,0.638226
57.405000,0.143285,-0.203893,0.880748
57.410000,-0.037725,-0.891864,0.201035
57.415000,-0.948494,-0.376617,1.163699
57.420000,-1.740042,-0.087968,-1.850056
57.425000,0.600762,-0.001197,0.789513
57.430000,-0.004836,2.222713,-0.131885
57.435000,-0.694662,0.854667,0.583282
57.440000,-0.913084,-0.116237,-1.003157
57.445000,1.704768,-0.429484,0.954241
57.450000,-0.487223,-0.370715,-1.248788
57.455000,1.569360,-0.135029,0.097678
57.460000,0.072422,-0.437753,-1.320474
57.465000,0.620134,1.030307,-0.503184
57.470000,-0.255122,0.734558,1.188368
57.475000,0.079872,-1.646315,-0.490059
57.480000,-0.385255,-1.115697,-0.520272
57.485000,-0.384833,0.759433,1.589093
57.490000,-0.622481,-0.458684,0.578846
57.495000,1.635923,0.460507,-0.759272
57.500000,0.148030,0.041983,-0.637137
57.505000,0.150367,2.599673,-0.892938
57.510000,-0.176127,-0.799128,-0.008497
57.515000,-0.910358,-1.620855,-0.329069
57.520000,-0.395483,-0.653527,-0.286200
57.525000,0.552427,2.064611,-1.068166
57.530000,1.096483,-1.542626,0.230808
57.535000,-0.358320,-0.097329,1.537320
57.540000,-0.034725,1.040328,1.168675
57.545000,2.222895,0.140273,-1.417655
57.550000,0.943596,1.193559,-0.170491
57.555000,-1.395619,-0.126948,-0.755833
57.560000,0.894704,1.251938,-0.147337
57.565000,1.120481,0.935813,1.355342
57.570000,0.170022,-0.462455,-1.037036
57.575000,0.702131,-1.206113,0.353848
57.580000,-2.003655,0.835503,0.371869
57.585000,0.545786,0.072962,-0.763239
57.590000,-1.202036,1.740361,-1.010676
57.595000,-1.993081,-0.080646,0.004830
57.600000,0.719451,0.493559,0.123112
57.605000,-1.465247,1.696431,0.078137
57.610000,0.295431,1.195991,1.470423
57.615000,-1.106191,0.822573,-0.674062
57.620000,-0.244076,1.174118,1.724242
57.625000,0.308928,-0.268544,-0.361463
57.630000,0.232880,-0.380580,-0.530918
57.635000,-1.218771,0.622041,0.231113
57.640000,-0.357273,-0.344969,2.758464
57.645000,1.900293,0.172182,-0.456964
57.650000,0.531613,-0.098925,1.203725
57.655000,0.778579,0.958588,-1.019740
57.660000,1.734285,-1.171940,-0.075387
57.665000,-0.957038,0.370371,1.290812
57.670000,-0.818849,-1.386568,-1.079317
57.675000,1.200224,0.665526,0.112937
57.680000,0.175039,2.617802,1.536111
57.685000,1.198678,0.632529,0.737592
57.690000,0.193689,-1.439082,-1.245267
57.695000,0.391667,-0.560804,1.224279
57.700000,-1.637724,2.636324,0.824276
57.705000,1.382397,1.164702,-0.052832
57.710000,-1.247893,0.150733,-0.787492
57.715000,-0.283264,-1.827741,-1.279613
57.720000,-0.065566,0.377720,1.008891
57.725000,-1.264968,-0.260500,2.172044
57.730000,1.528953,-0.636389,0.773850
57.735000,-3.673965,-0.590567,-1.150009
57.740000,-0.277161,1.033427,-0.942715
57.745000,0.786000,0.166471,-0.145877
57.750000,-1.219095,1.293592,0.392720
57.755000,-1.757497,-1.828343,-0.026176
57.760000,1.116198,0.355044,-0.918684
57.765000,0.386548,0.898730,-0.029029
57.770000,0.974641,-1.484492,-0.274443
57.775000,-1.901869,-0.366343,-0.446625
57.780000,-0.745902,-1.687614,-0.286468
57.785000,0.252760,-1.418511,-0.857484
57.790000,0.340153,1.187468,-1.205450
57.795000,-0.676864,-0.859588,-0.993931
57.800000,-0.487595,-0.555397,-0.583044
57.805000,0.277626,0.326867,-0.462209
57.810000,1.305822,-2.507789,0.283445
57.815000,0.941876,-1.943407,-0.600096
57.820000,-0.859174,1.008922,-1.636121
57.825000,-0.211990,0.711394,0.332206
57.830000,0.267525,0.241083,0.742949
57.835000,0.135514,-2.216776,-0.796584
57.840000,0.230779,1.011379,-1.294636
57.845000,-1.177443,-0.288820,-1.459463
57.850000,2.927053,-1.815708,1.187207
57.855000,0.517626,-0.623347,-0.004785
57.860000,-1.152506,0.437262,0.856354
57.865000,1.321360,1.611480,0.054785
57.870000,-0.005143,0.597225,-1.142729
57.875000,1.610601,0.777705,-0.062231
57.880000,0.538409,0.306672,0.027115
57.885000,1.413374,1.101807,0.678825
57.890000,0.985587,-0.848010,0.783481
57.895000,-1.312795,-0.656963,-0.574377
57.900000,1.295979,-0.260638,0.471054
57.905000,-1.676971,-1.096728,0.749624
57.910000,-0.009161,0.105319,-1.113206
57.915000,0.644115,0.762135,-0.753947
57.920000,0.000347,-0.579888,0.344906
57.925000,0.899567,-0.429580,-0.673280
57.930000,1.374370,0.121218,0.196568
57.935000,0.310627,-1.250696,0.337819
57.940000,0.532264,-0.855636,-0.265353
57.945000,1.119136,-0.299306,-0.001525
57.950000,0.143090,-0.362166,-1.501048
57.955000,0.657924,0.282365,-0.141155
57.960000,-0.917125,1.506921,0.913408
57.965000,0.251103,0.547341,0.242134
57.970000,1.156343,-0.111347,-0.574395
57.975000,-0.511559,0.134746,2.353267
57.980000,1.110523,-0.199069,0.690046
57.985000,-0.002847,-0.118177,0.761907
57.990000,0.144719,0.742816,-1.487448
57.995000,-1.282157,-0.512533,-0.061590
58.000000,-0.571258,2.121639,-0.731349
58.005000,-0.467397,1.610810,2.213425
58.010000,1.139465,-1.172353,-0.523256
58.015000,-1.079649,0.400719,0.001201
58.020000,-0.454836,-1.467070,-0.967975
58.025000,0.467175,0.619325,1.079398
58.030000,0.725802,-0.700577,-0.455670
58.035000,0.270600,0.799832,-0.022791
58.040000,1.847840,-0.206175,-0.314300
58.045000,0.628879,1.917457,1.266330
58.050000,-1.053407,-0.788821,-2.471723
58.055000,0.913940,-0.376700,0.988540
58.060000,1.073269,0.522724,0.589814
58.065000,-2.285486,-0.699127,0.377219
58.070000,-0.837924,0.317407,-0.130232
58.075000,-0.561948,-1.773035,0.022014
58.080000,1.072833,-0.289479,-1.754988
58.085000,-0.044829,1.124013,-0.585579
58.090000,0.348211,1.174429,-1.036148
58.095000,-0.072959,-0.327419,-0.790227
58.100000,0.817084,0.407283,-0.235213
58.105000,-1.191989,0.945169,-0.023113
58.110000,-0.827342,0.630376,-0.200536
58.115000,-2.415619,-0.024500,-0.193256
58.120000,0.430782,-0.309816,1.252199
58.125000,0.666909,2.173840,-0.608452
58.130000,-0.805789,0.105738,-1.951477
58.135000,-0.829172,-0.441595,-0.354253
58.140000,-2.237164,0.837315,0.519720
58.145000,-1.764719,-0.579572,0.868753
58.150000,0.883328,-0.871877,0.713520
58.155000,0.419909,-0.209770,-0.839405
58.160000,-0.011724,0.788186,0.163720
58.165000,-0.322943,0.358936,-0.768037
58.170000,0.539825,-0.841282,0.722128
58.175000,0.007588,-1.883820,-1.435373
58.180000,1.734897,1.001054,0.568847
58.185000,0.951751,0.506790,-2.117488
58.190000,1.654262,0.237452,0.961263
58.195000,0.503570,-1.165681,1.046120
58.200000,0.334220,0.388876,-2.002275
58.205000,0.526793,2.165404,0.911452
58.210000,0.059459,0.066464,-1.674982
58.215000,-2.420702,1.445874,-1.552297
58.220000,-0.626968,0.414516,-0.334426
58.225000,1.182754,0.634679,0.535479
58.230000,0.191254,1.723474,-0.170105
58.235000,-0.137012,-2.274447,1.318996
58.240000,0.866475,0.884851,2.056202
58.245000,0.883959,1.423995,0.381260
58.250000,0.374050,-1.095641,-0.054958
58.255000,0.144011,0.621063,0.130666
58.260000,-1.782848,0.905307,0.123788
58.265000,-0.706553,0.850221,0.619831
58.270000,1.045064,-0.186467,-1.504302
58.275000,-1.697566,0.007457,0.235859
58.280000,-0.241180,-0.741967,-0.467052
58.285000,1.336300,0.840412,1.386921
58.290000,1.194403,-0.422806,-0.042582
58.295000,-1.366018,0.254430,-0.026779
58.300000,-2.626370,0.321900,0.414851
58.305000,1.322837,2.129072,-0.110640
58.310000,1.424070,-0.357153,-0.825366
58.315000,-1.440533,0.199436,-0.542298
58.320000,0.739421,0.190230,0.485700
58.325000,0.803939,0.612974,0.360755
58.330000,-1.050871,0.049775,-1.106063
58.335000,-1.145727,0.132229,0.086889
58.340000,-0.274869,-1.702645,-0.694201
58.345000,-1.345452,0.758619,0.317077
58.350000,-0.681405,0.953655,-0.812416
58.355000,-0.063840,-1.219220,1.062368
58.360000,-0.776742,0.197689,0.119779
58.365000,0.392711,0.506829,1.353625
58.370000,-1.233925,-0.259069,2.069662
58.375000,-0.469498,-0.312908,0.174341
58.380000,1.180921,0.244617,0.648300
58.385000,-1.908732,0.551419,-0.417820
58.390000,-0.500831,-0.652873,0.153242
58.395000,0.188195,0.582035,-0.128953
58.400000,0.900784,0.338578,-0.842035
58.405000,0.912004,0.225168,-0.855013
58.410000,1.447925,0.813595,1.366596
58.415000,-0.838096,0.152820,-0.401473
58.420000,0.317826,-1.389384,1.284179
58.425000,0.792247,0.119966,0.301617
58.430000,-1.848914,0.272627,0.607086
58.435000,-0.973566,-0.710622,-0.179862
58.440000,-1.357494,0.331548,-0.454379
58.445000,1.225895,-0.505064,-0.584676
58.450000,0.980315,-0.373806,0.135636
58.455000,0.336845,-1.478977,-0.944375
58.460000,1.084483,-0.203582,-0.886825
58.465000,-0.540754,-0.774596,1.093905
58.470000,-0.074773,-1.255717,-0.038115
58.475000,-1.209234,-1.565415,-2.070187
58.480000,-0.306247,-0.283845,-0.752069
58.485000,-0.147274,0.156249,-0.111705
58.490000,0.471400,-0.773828,1.226707
58.495000,0.128022,-0.583159,1.820429
58.500000,1.105406,-1.202155,1.487226
58.505000,1.092723,0.816033,-0.268421
58.510000,-0.035018,-0.970627,0.335019
58.515000,-0.882508,-0.546274,-0.489340
58.520000,0.196035,0.305986,-1.202179
58.525000,0.586566,-1.141075,-0.638770
58.530000,0.179702,-0.216166,0.241821
58.535000,-0.742023,-1.051515,-0.369759
58.540000,0.961233,1.621430,0.258604
58.545000,0.606045,-0.416238,-0.315827
58.550000,0.402723,-0.817670,0.058945
58.555000,-0.673387,-0.298144,0.740928
58.560000,-0.123029,2.113065,0.815005
58.565000,0.353149,-0.825744,-0.369347
58.570000,0.991862,-0.564390,0.336848
58.575000,-0.347861,-0.582693,0.653860
58.580000,-0.790562,-0.454739,-0.542410
58.585000,-0.313002,0.505752,0.073475
58.590000,1.588420,-0.923420,-0.029353
58.595000,-0.458237,-0.248100,-0.245514
58.600000,0.324714,1.145172,1.032680
58.605000,0.623322,1.059679,-0.310100
58.610000,1.286846,1.151731,1.114290
58.615000,-1.870371,-2.220036,-0.158121
58.620000,-0.378607,0.572891,1.669681
58.625000,1.777695,-0.681594,-1.488831
58.630000,1.556586,0.152161,-1.682828
58.635000,-2.137325,-0.779451,-1.380099
58.640000,-0.909635,-1.414292,0.117893
58.645000,-1.173393,0.492124,0.258350
58.650000,0.457486,0.177575,-1.740635
58.655000,0.524742,-0.664978,-2.456775
58.660000,0.491772,1.872158,-0.559973
58.665000,2.443286,0.712747,1.419890
58.670000,0.336200,-0.146201,-1.052499
58.675000,-0.562704,-0.873271,-0.910118
58.680000,-0.191631,-1.245960,-0.177736
58.685000,-0.174385,0.763768,-0.202804
58.690000,0.757243,0.677029,-0.592243
58.695000,-0.822682,0.109956,-0.120441
58.700000,-0.092488,-0.884987,0.163512
58.705000,0.382990,1.030446,-0.103386
58.710000,-0.446010,-1.566595,0.221425
58.715000,0.098639,1.173134,-2.745277
58.720000,0.024090,1.266430,-0.289623
58.725000,-1.238560,0.673934,-0.078246
58.730000,-1.447652,-1.458955,1.175321
58.735000,0.061096,0.098484,-0.602952
58.740000,-1.883168,0.093589,2.196740
58.745000,-0.371067,0.304967,-0.158033
58.750000,-0.290192,-0.417362,-0.469843
58.755000,0.576651,-1.983170,0.591931
58.760000,0.299707,-0.002506,-0.808535
58.765000,0.202316,-0.262385,1.665260
58.770000,-0.795918,0.531849,-1.402668
58.775000,-0.150137,-0.088867,-1.340376
58.780000,0.452841,1.713701,0.963715
58.785000,-1.278479,1.231653,1.619413
58.790000,-0.436811,-0.064035,-0.368637
58.795000,-1.339559,-1.720613,0.329675
58.800000,0.188115,-1.167660,-0.724587
58.805000,-0.312150,0.882184,1.723675
58.810000,0.591333,-0.351938,-2.047909
58.815000,0.381440,-0.120959,-0.484686
58.820000,-0.823514,1.247189,-1.465003
58.825000,1.358244,-0.519504,-0.124763
58.830000,0.110272,0.419131,-0.192593
58.835000,-1.038638,0.276562,-0.432901
58.840000,0.565218,0.177158,-1.372438
58.845000,-0.100069,2.044452,-1.261749
58.850000,-0.281790,-2.776011,-1.713652
58.855000,-0.526591,-0.644857,-0.014860
58.860000,-0.462813,0.396283,-1.837353
58.865000,-0.828234,-0.781481,0.361102
58.870000,2.412183,1.361699,1.640492
58.875000,-0.184456,-1.453859,-0.055735
58.880000,-0.969581,0.257134,0.420064
58.885000,-0.276863,1.780480,1.050203
58.890000,0.037703,-1.230615,-0.540225
58.895000,-0.285067,-1.645719,1.275494
58.900000,0.553948,1.020337,-0.764916
58.905000,-0.310629,-1.818438,0.462261
58.910000,-0.125814,0.498283,-1.223248
58.915000,-0.997154,-0.604963,-0.113735
58.920000,-0.297871,-1.925703,0.228724
58.925000,-0.736435,1.272594,2.429434
58.930000,0.945120,-1.841264,-0.757661
58.935000,-0.236093,0.239804,-0.672487
58.940000,0.379681,-0.803003,1.133126
58.945000,0.394837,0.196015,0.837833
58.950000,-1.010998,-0.314172,1.198944
58.955000,-0.539524,1.753519,-1.275172
58.960000,-1.046523,1.650515,-0.514241
58.965000,-0.794455,1.959520,2.030851
58.970000,-0.679348,-1.001089,-0.017767
58.975000,0.480507,0.294452,0.237715
58.980000,-0.740132,-0.886444,-0.168567
58.985000,-0.242028,1.878922,1.174158
58.990000,0.672165,-0.417176,-0.655285
58.995000,-0.639770,-0.725812,-1.376571
59.000000,1.141894,0.186898,-0.652081
59.005000,0.306459,-0.438826,1.417566
59.010000,0.074163,0.668758,-0.031612
59.015000,-0.010856,0.284611,-0.199309
59.020000,-1.306376,-0.386944,-0.424717
59.025000,1.243518,-0.893124,0.263759
59.030000,0.233104,-0.219562,-1.363299
59.035000,-0.831257,-0.831876,-0.730154
59.040000,-1.545142,-0.097055,0.656471
59.045000,-2.309930,-0.489745,-0.339072
59.050000,1.993082,-1.199174,0.432558
59.055000,-0.736685,-0.666473,0.848697
59.060000,-0.654301,-0.237188,0.714066
59.065000,0.091832,-0.329999,1.229471
59.070000,1.543470,1.919571,-1.173174
59.075000,0.564153,0.258627,0.122951
59.080000,0.836163,1.131275,1.355744
59.085000,0.360825,0.964277,-0.853595
59.090000,1.997897,-0.584808,-1.179739
59.095000,-0.795812,-0.721244,-2.251721
59.100000,1.750262,0.809800,-0.436921
59.105000,0.245958,1.470127,0.403392
59.110000,-0.759081,-2.544832,-0.167151
59.115000,1.616971,0.568120,-2.498575
59.120000,0.360440,0.046173,-0.578465
59.125000,0.738595,1.618920,1.170989
59.130000,-1.174334,-0.125367,-0.784182
59.135000,-1.428032,0.654654,-1.602537
59.140000,1.238183,-0.067612,1.029193
59.145000,-0.758345,-0.187144,1.619889
59.150000,0.577997,0.325953,-0.457263
59.155000,-1.738480,-0.975035,-1.027894
59.160000,-1.393211,-0.450494,-0.521166
59.165000,1.791653,0.381617,-1.674300
59.170000,-0.536221,0.124572,-0.497024
59.175000,0.644360,1.118402,-0.512791
59.180000,-0.556867,0.931839,2.212716
59.185000,0.261151,0.026298,-0.496887
59.190000,0.932775,1.329730,-3.656935
59.195000,0.468867,-1.090765,0.631717
59.200000,0.606738,0.286236,-1.946747
59.205000,-0.589935,0.892238,0.310461
59.210000,-0.530723,1.458877,-0.647483
59.215000,-0.270805,0.135776,-2.228428
59.220000,-0.334231,-1.785267,1.816806
59.225000,-0.035236,0.327732,0.967152
59.230000,0.492889,1.470992,-0.566195
59.235000,1.009727,0.645473,-0.207773
59.240000,0.586993,-0.178795,0.847555
59.245000,-0.292707,-1.068680,-0.032951
59.250000,-0.593863,0.142183,0.315884
59.255000,-0.593819,-2.927013,-0.199152
59.260000,0.531668,-0.408031,0.902632
59.265000,1.209838,1.323596,0.384297
59.270000,1.037932,-0.374004,1.278663
59.275000,1.051157,-0.939931,1.324598
59.280000,-0.761728,0.316962,-0.529636
59.285000,1.549217,1.899489,1.034408
59.290000,0.340352,-0.341501,-0.911513
59.295000,0.061459,0.376717,1.182318
59.300000,-0.098156,0.510742,1.400683
59.305000,-1.468031,0.864954,0.497996
59.310000,0.257982,0.261091,-0.186301
59.315000,0.973433,-1.639594,-1.544315
59.320000,-0.333868,2.143549,-0.099771
59.325000,-0.630275,1.005613,0.256301
59.330000,0.952119,0.157600,0.298431
59.335000,-0.040965,-1.426636,-0.927295
59.340000,0.606240,0.695338,1.653269
59.345000,-0.174239,0.667367,0.001692
59.350000,0.058084,-0.067587,-0.562042
59.355000,-0.527774,-0.382843,-0.110730
59.360000,0.538835,-1.192940,1.484729
59.365000,-0.933520,1.517812,2.012732
59.370000,-0.125275,-0.370017,0.375115
59.375000,-0.301873,-0.582140,0.137436
59.380000,-0.282892,2.211901,0.604794
59.385000,0.315069,0.034101,1.877765
59.390000,2.169381,-0.205665,-0.605360
59.395000,0.384759,-1.286014,1.098900
59.400000,-1.593112,-0.497740,-1.072746
59.405000,0.180420,0.548540,-0.905988
59.410000,-1.616917,0.320548,0.402951
59.415000,0.632499,-0.905103,-0.303352
59.420000,-1.821174,0.866064,0.650543
59.425000,-0.857969,0.139906,-0.056486
59.430000,3.113450,0.173342,1.375634
59.435000,-0.499988,-0.477076,0.228018
59.440000,0.109892,-1.049905,0.020482
59.445000,-0.928162,0.350156,-0.386929
59.450000,-0.537903,0.731752,-0.978877
59.455000,-0.581302,0.403085,0.613483
59.460000,-0.391953,0.045821,0.617004
59.465000,-1.359994,-0.828562,-0.595667
59.470000,0.111835,-0.398651,-0.119171
59.475000,0.208216,0.503665,1.254220
59.480000,2.242126,0.222356,-0.391928
59.485000,1.422672,0.703169,-0.294802
59.490000,-0.082054,-0.827221,0.615469
59.495000,0.725824,-0.923859,0.206163
59.500000,-0.633617,0.654887,-0.537958
59.505000,0.148922,-1.311093,2.188719
59.510000,0.307002,-0.777794,1.390049
59.515000,-0.820369,-1.479136,1.538029
59.520000,-0.930644,1.065056,0.999355
59.525000,-0.723002,0.428586,-0.545367
59.530000,-1.551922,0.403138,0.684174
59.535000,-2.481874,-0.553672,0.360177
59.540000,-0.507935,0.944941,-0.594217
59.545000,0.624938,-0.036638,-0.249835
59.550000,-2.044587,-0.726478,0.277880
59.555000,0.162521,-0.004291,-1.162602
59.560000,-1.819948,0.100847,-0.669540
59.565000,0.457205,-1.189121,-0.926676
59.570000,-1.091104,1.859820,-0.633296
59.575000,0.784602,-1.132130,1.040132
59.580000,-1.186113,-1.978700,1.320133
59.585000,-0.813589,2.376407,2.332222
59.590000,1.304151,-0.424360,1.052981
59.595000,1.174300,0.183441,-0.202034
59.600000,0.797838,-1.309999,0.813835
59.605000,0.077580,1.399322,-0.062899
59.610000,0.995081,-0.498343,0.974322
59.615000,-0.662076,-1.492550,-1.781157
59.620000,1.301298,-0.902881,-0.287160
59.625000,-1.999755,1.394114,-0.705275
59.630000,1.785143,-0.291974,1.077194
59.635000,-0.053476,-1.207693,-0.862873
59.640000,0.315424,-0.398404,2.484275
59.645000,-0.381901,-0.095334,-2.020064
59.650000,0.642336,-0.082375,0.940951
59.655000,-0.862724,-2.601093,-1.720039
59.660000,-1.238751,0.259104,-2.278952
59.665000,-0.388797,3.478131,0.054288
59.670000,-0.310042,-1.523387,-0.344593
59.675000,-1.010189,-0.726740,-2.936178
59.680000,1.017046,-0.543411,0.779334
59.685000,-0.400396,-0.546124,-0.337842
59.690000,0.360657,1.588754,-0.587563
59.695000,0.374249,-1.786342,-0.626777
59.700000,-1.434799,0.434553,-0.162303
59.705000,0.849249,1.687732,0.106365
59.710000,1.810132,0.328708,1.192780
59.715000,1.496962,0.287885,0.120347
59.720000,-1.020801,1.235064,-0.042162
59.725000,-0.445466,-0.668369,1.892291
59.730000,-0.989372,-0.183631,0.839028
59.735000,-0.792501,0.585187,0.109309
59.740000,0.508926,0.254076,0.842744
59.745000,-0.287724,2.951766,-0.025152
59.750000,0.997636,-1.643524,-0.953599
59.755000,1.323311,-0.204546,-0.724477
59.760000,0.779411,-0.273571,-0.494580
59.765000,-1.012799,1.550793,1.358524
59.770000,0.097327,0.523805,-0.072348
59.775000,0.587970,0.600901,-0.362117
59.780000,0.485620,-0.011173,0.021846
59.785000,0.398895,-0.149868,-2.080834
59.790000,-0.025972,-0.058825,1.139143
59.795000,-2.030894,-0.207388,0.177567
59.800000,0.452429,-1.271184,-0.572711
59.805000,-0.615024,-0.369261,0.689637
59.810000,1.321105,2.141148,-0.141510
59.815000,0.966000,-1.856281,-0.659763
59.820000,-0.089867,-0.419223,-2.093596
59.825000,0.526582,-0.310236,-0.036928
59.830000,0.947676,1.265751,-0.739870
59.835000,0.403125,-0.889545,0.632965
59.840000,-0.331765,-1.388612,0.696865
59.845000,-0.567382,0.898013,1.933169
59.850000,0.051889,-0.877579,1.368326
59.855000,-1.146838,-0.007848,0.373622
59.860000,-1.220945,-0.526344,0.621668
59.865000,0.677214,2.133547,1.326854
59.870000,-0.495681,-0.277744,0.374332
59.875000,1.235083,0.041917,-0.222025
59.880000,0.393546,-0.821052,0.773863
59.885000,-0.397037,1.625569,3.125134
59.890000,0.231060,0.164643,1.985371
59.895000,1.045092,0.494718,-1.009016
59.900000,0.326155,-0.068449,-0.236000
59.905000,1.169224,0.474815,0.821383
59.910000,-0.578656,-1.467272,-0.609349
59.915000,-0.770230,0.028603,-0.186602
59.920000,0.293144,0.151041,-0.138625
59.925000,0.420751,0.506035,0.898397
59.930000,2.041958,0.601181,0.245820
59.935000,0.999129,-0.599653,-1.835024
59.940000,-0.941818,-0.950552,0.005382
59.945000,0.229145,-1.256242,-0.009871
59.950000,-0.011020,1.283521,0.368700
59.955000,-0.438839,2.402617,-1.574393
59.960000,-0.515599,-1.235445,1.187700
59.965000,1.610769,0.649338,-0.282507
59.970000,-0.119475,2.175328,0.403872
59.975000,-1.121516,-0.198120,0.890889
59.980000,0.269351,-0.238405,-1.468788
59.985000,0.008620,0.888242,0.550027
59.990000,1.027773,-1.027004,0.307765
59.995000,0.095666,-0.507844,0.782993
