timestamp,sensor_0,sensor_1,sensor_2
0.000000,0.126234,0.226082,0.054877
0.005000,0.307867,0.352809,0.348131
0.010000,-0.078792,-0.317854,-0.077885
0.015000,-0.468390,-0.497180,-0.579247
0.020000,0.215240,0.215435,0.243391
0.025000,0.484718,0.299060,0.448991
0.030000,-0.236578,-0.250086,-0.031463
0.035000,-0.369785,-0.326133,-0.374417
0.040000,0.210153,0.224653,0.198606
0.045000,0.457478,0.494086,0.399151
0.050000,-0.052247,-0.098241,-0.079024
0.055000,-0.364653,-0.389343,-0.383081
0.060000,0.206262,0.221919,0.046010
0.065000,0.475666,0.452237,0.392172
0.070000,-0.279710,-0.308041,-0.158304
0.075000,0.008889,-0.466768,-0.346285
0.080000,0.050021,0.420226,0.032917
0.085000,0.373796,0.326578,0.316674
0.090000,-0.140417,-0.252340,-0.227526
0.095000,-0.495456,-0.455538,-0.464817
0.100000,0.147756,0.113921,0.189160
0.105000,0.326572,0.135347,0.342487
0.110000,-0.103028,-0.226078,-0.120343
0.115000,-0.385873,-0.328601,-0.320987
0.120000,0.000239,0.336640,0.195694
0.125000,0.485632,0.287834,0.335923
0.130000,-0.285242,-0.090873,-0.151280
0.135000,-0.368698,-0.368189,-0.401391
0.140000,0.233545,0.099889,0.256322
0.145000,0.358889,0.393143,0.350334
0.150000,-0.248785,-0.163546,-0.014549
0.155000,-0.441430,-0.228556,-0.450078
0.160000,0.187050,0.050518,0.274975
0.165000,0.492519,0.427966,0.551584
0.170000,-0.128747,-0.222356,-0.144356
0.175000,-0.552283,-0.488769,-0.399556
0.180000,0.178159,0.231303,0.055563
0.185000,0.555815,0.522750,0.327409
0.190000,-0.103398,-0.332485,0.056901
0.195000,-0.339978,-0.341751,-0.596817
0.200000,0.003006,0.187325,-0.105409
0.205000,0.401174,0.470192,0.419613
0.210000,-0.295777,-0.218473,-0.138817
0.215000,-0.274608,-0.388653,-0.395635
0.220000,0.211973,0.276545,0.204399
0.225000,0.226298,0.257310,0.463992
0.230000,-0.028655,-0.257482,-0.173583
0.235000,-0.239665,-0.379308,-0.436644
0.240000,0.097698,0.320001,-0.038930
0.245000,0.423052,0.341327,0.443581
0.250000,0.035003,-0.413475,-0.158692
0.255000,-0.477808,-0.236051,-0.401054
0.260000,0.207112,0.132436,0.069144
0.265000,0.331002,0.356853,0.311258
0.270000,-0.278342,-0.135524,-0.249616
0.275000,-0.549280,-0.422894,-0.319897
0.280000,0.214046,0.009170,0.021162
0.285000,0.251380,0.544376,0.491392
0.290000,-0.169789,-0.052875,-0.172841
0.295000,-0.455305,-0.517027,-0.405416
0.300000,-0.023350,0.131060,0.149594
0.305000,0.338641,0.325077,0.156500
0.310000,-0.014886,-0.193346,-0.349092
0.315000,-0.306505,-0.116140,-0.420484
0.320000,0.114573,0.307558,0.111963
0.325000,0.475713,0.430004,0.635794
0.330000,-0.382898,-0.323806,-0.192591
0.335000,-0.357715,-0.293969,-0.430003
0.340000,0.184747,0.039730,0.006145
0.345000,0.260633,0.440510,0.556703
0.350000,-0.310911,-0.037711,-0.168940
0.355000,-0.459753,-0.530417,-0.383041
0.360000,0.417238,0.290075,0.007818
0.365000,0.346026,0.357506,0.338624
0.370000,-0.130400,-0.216266,-0.031998
0.375000,-0.387813,-0.301886,-0.413459
0.380000,0.157035,0.274878,0.076853
0.385000,0.409813,0.338762,0.544325
0.390000,-0.091198,-0.278938,-0.032381
0.395000,-0.349437,-0.409653,-0.501248
0.400000,0.129371,0.332825,0.049834
0.405000,0.302002,0.399343,0.387037
0.410000,0.007226,-0.271195,-0.142161
0.415000,-0.258503,-0.330466,-0.317591
0.420000,0.216378,0.355608,-0.095467
0.425000,0.237993,0.578213,0.373063
0.430000,-0.030572,-0.278810,0.073774
0.435000,-0.593106,-0.180649,-0.452909
0.440000,0.265614,0.189688,0.079565
0.445000,0.428651,0.371335,0.314790
0.450000,-0.082926,-0.205024,-0.266732
0.455000,-0.576654,-0.233396,-0.255590
0.460000,0.292345,0.149565,0.154983
0.465000,0.421346,0.462285,0.299507
0.470000,-0.345026,-0.059672,0.101587
0.475000,-0.293211,-0.498340,-0.367102
0.480000,0.131538,0.166937,0.119257
0.485000,0.439914,0.391669,0.454670
0.490000,-0.152257,-0.135234,0.100050
0.495000,-0.338019,-0.211885,-0.277304
0.500000,0.091540,0.360363,0.027658
0.505000,0.317852,0.533308,0.404833
0.510000,-0.001974,-0.004479,0.016202
0.515000,-0.246897,-0.566478,-0.437517
0.520000,0.201864,0.319084,0.152861
0.525000,0.356870,0.431403,0.413440
0.530000,-0.205650,-0.353101,-0.137779
0.535000,-0.322093,-0.143091,-0.400693
0.540000,0.312384,0.143292,-0.098289
0.545000,0.284656,0.230723,0.412513
0.550000,-0.410164,-0.153462,0.083960
0.555000,-0.317169,-0.383824,-0.283384
0.560000,0.195065,0.290965,0.094377
0.565000,0.338056,0.414656,0.428840
0.570000,-0.231151,-0.235695,-0.031428
0.575000,-0.307649,-0.304075,-0.356926
0.580000,0.227966,0.198642,-0.095955
0.585000,0.292249,0.305466,0.455841
0.590000,-0.189274,-0.059895,0.006432
0.595000,-0.521068,-0.329126,-0.352155
0.600000,0.187322,0.001396,-0.143984
0.605000,0.297804,0.398989,0.496403
0.610000,-0.126363,-0.213592,-0.238752
0.615000,-0.333243,-0.297139,-0.360065
0.620000,0.316238,0.194635,0.143490
0.625000,0.394119,0.447423,0.481078
0.630000,-0.278902,-0.186039,-0.067366
0.635000,-0.413366,-0.374839,-0.495981
0.640000,0.294275,0.102211,0.124832
0.645000,0.385711,0.334343,0.400310
0.650000,-0.182000,-0.174172,0.051238
0.655000,-0.389654,-0.196966,-0.490000
0.660000,0.340340,0.088770,0.028958
0.665000,0.390168,0.450816,0.341576
0.670000,-0.105231,-0.236233,-0.091192
0.675000,-0.169394,-0.309198,-0.375040
0.680000,0.188702,0.267870,0.204950
0.685000,0.620332,0.259667,0.648152
0.690000,-0.477747,-0.186401,0.086582
0.695000,-0.308382,-0.269394,-0.457319
0.700000,0.098410,0.076199,0.240616
0.705000,0.195092,0.297585,0.357612
0.710000,-0.115942,0.063513,0.075550
0.715000,-0.229221,-0.178124,-0.327831
0.720000,0.137384,0.199446,-0.138147
0.725000,0.360435,0.411762,0.328357
0.730000,-0.124532,-0.203249,0.005292
0.735000,-0.347961,-0.537725,-0.655065
0.740000,0.399046,0.096419,0.094674
0.745000,0.190464,0.346292,0.554244
0.750000,-0.081707,-0.068416,-0.085451
0.755000,-0.296870,-0.452542,-0.382547
0.760000,0.294711,0.027622,0.109743
0.765000,0.479320,0.378918,0.519731
0.770000,-0.211129,-0.336322,0.148102
0.775000,-0.257525,-0.273945,-0.416116
0.780000,0.162582,0.121397,-0.010428
0.785000,0.461540,0.219240,0.343613
0.790000,-0.152948,-0.309406,-0.113531
0.795000,-0.348248,-0.372350,-0.577516
0.800000,0.360284,-0.112463,-0.014149
0.805000,0.273254,0.235061,0.376956
0.810000,-0.058609,-0.117049,0.103442
0.815000,-0.492840,-0.380933,-0.544670
0.820000,0.255130,0.061734,-0.060559
0.825000,0.336289,0.323522,0.431058
0.830000,-0.195123,-0.359193,0.188810
0.835000,-0.465894,-0.458125,-0.428583
0.840000,0.093268,0.326588,0.066305
0.845000,0.485980,0.251838,0.371038
0.850000,-0.123308,-0.155479,0.049164
0.855000,-0.221425,-0.415350,-0.224485
0.860000,0.233753,0.356191,0.000706
0.865000,0.257956,0.413550,0.386285
0.870000,-0.334082,-0.120746,0.104752
0.875000,-0.399980,-0.344217,-0.439175
0.880000,0.257772,0.107472,0.020399
0.885000,0.287106,0.343641,0.240456
0.890000,-0.299142,-0.278828,0.058366
0.895000,-0.494939,-0.474789,-0.326301
0.900000,0.228317,0.282122,-0.020517
0.905000,0.380270,0.508438,0.438940
0.910000,-0.197818,-0.025892,0.012656
0.915000,-0.385879,-0.260407,-0.445027
0.920000,0.178650,0.235734,0.067222
0.925000,0.238775,0.316177,0.373783
0.930000,-0.147397,-0.267189,0.042767
0.935000,-0.343124,-0.415181,-0.395879
0.940000,0.245582,0.266084,-0.017671
0.945000,0.192180,0.454339,0.305048
0.950000,-0.023605,-0.114339,0.004365
0.955000,-0.543631,-0.492918,-0.301973
0.960000,0.281470,0.078719,0.008177
0.965000,0.344681,0.402393,0.252794
0.970000,0.038726,-0.217787,-0.037985
0.975000,-0.270032,-0.557637,-0.529266
0.980000,0.333084,0.073185,-0.031305
0.985000,0.566147,0.297392,0.410440
0.990000,-0.363144,-0.184188,0.070762
0.995000,-0.296043,-0.264037,-0.307225
1.000000,0.365535,0.151684,-0.006858
1.005000,0.259416,0.357869,0.372548
1.010000,-0.317153,-0.336867,0.252984
1.015000,-0.441844,-0.445048,-0.433729
1.020000,0.337867,0.101552,-0.087470
1.025000,0.258423,0.315777,0.350244
1.030000,-0.152371,-0.191510,0.136517
1.035000,-0.295446,-0.244970,-0.123599
1.040000,0.163496,0.183268,-0.070114
1.045000,0.471956,0.455548,0.304739
1.050000,-0.291270,-0.248005,0.095238
1.055000,-0.264399,-0.470959,-0.146873
1.060000,0.331609,0.111243,-0.101740
1.065000,0.396810,0.364209,0.558897
1.070000,-0.028954,-0.298860,0.170541
1.075000,-0.515436,-0.389653,-0.386757
1.080000,0.271570,0.136921,-0.205250
1.085000,0.337670,0.395812,0.456371
1.090000,-0.151905,0.040391,0.202233
1.095000,-0.275947,-0.364249,-0.279554
1.100000,0.264740,0.069328,-0.074656
1.105000,0.358819,0.636925,0.485131
1.110000,-0.202576,-0.314026,0.107416
1.115000,-0.371949,-0.553960,-0.481463
1.120000,0.232537,0.317749,-0.072071
1.125000,0.209538,0.445834,0.412719
1.130000,-0.271698,-0.173806,0.029502
1.135000,-0.405245,-0.350324,-0.470753
1.140000,0.182456,0.114097,-0.030404
1.145000,0.614437,0.389046,0.196859
1.150000,-0.082662,-0.184353,0.255822
1.155000,-0.396755,-0.345727,-0.474526
1.160000,0.128312,0.224040,-0.126394
1.165000,0.265759,0.350757,0.199297
1.170000,-0.148397,-0.213429,0.215716
1.175000,-0.433960,-0.173929,-0.379400
1.180000,0.239097,0.133811,-0.023304
1.185000,0.177783,0.423759,0.368045
1.190000,-0.068270,-0.196432,0.033593
1.195000,-0.231873,-0.691976,-0.375458
1.200000,0.190689,0.146682,-0.233560
1.205000,0.418376,0.483193,0.192466
1.210000,-0.295079,-0.085455,-0.033573
1.215000,-0.348898,-0.351383,-0.309973
1.220000,0.098373,0.129755,0.074129
1.225000,0.437898,0.308004,0.325129
1.230000,-0.299496,-0.027736,0.092167
1.235000,-0.306150,-0.140919,-0.376826
1.240000,0.198468,0.052780,-0.139009
1.245000,0.545225,0.294245,0.162676
1.250000,-0.033708,-0.178684,0.134483
1.255000,-0.279729,-0.449096,-0.273204
1.260000,0.149838,0.166490,-0.076817
1.265000,0.360139,0.368754,0.362425
1.270000,-0.161291,-0.189904,0.055300
1.275000,-0.552363,-0.493350,-0.411060
1.280000,0.323127,0.098834,-0.092400
1.285000,0.453745,0.375938,0.395403
1.290000,-0.150153,-0.126951,0.119645
1.295000,-0.433878,-0.262872,-0.284061
1.300000,0.433773,-0.049229,-0.175981
1.305000,0.468241,0.352833,0.367674
1.310000,-0.274774,-0.156164,0.137525
1.315000,-0.246037,-0.399230,-0.248203
1.320000,0.209506,0.166349,-0.154850
1.325000,0.523813,0.340535,0.334799
1.330000,-0.154822,-0.026118,0.274317
1.335000,-0.486230,-0.342296,-0.285514
1.340000,0.254931,0.260807,-0.017884
1.345000,0.465446,0.389084,0.403685
1.350000,-0.109569,-0.176307,0.002981
1.355000,-0.456202,-0.479168,-0.251417
1.360000,0.110926,0.162027,0.010732
1.365000,0.448292,0.467215,0.410370
1.370000,-0.341339,-0.058672,0.192816
1.375000,-0.366958,-0.380287,-0.386610
1.380000,0.435755,0.246093,-0.165160
1.385000,0.513545,0.253392,0.261637
1.390000,-0.223580,-0.075813,0.246835
1.395000,-0.374172,-0.495274,-0.251624
1.400000,0.198189,0.067533,-0.033015
1.405000,0.445085,0.297641,0.470738
1.410000,-0.041234,0.044984,-0.122326
1.415000,-0.636658,-0.328433,-0.313304
1.420000,0.209923,0.044491,-0.117199
1.425000,0.405454,0.167148,0.395945
1.430000,-0.096910,-0.149783,0.165245
1.435000,-0.495804,-0.288307,-0.322593
1.440000,0.284636,0.298395,-0.151706
1.445000,0.381693,0.460069,0.286564
1.450000,-0.117473,0.010676,0.018483
1.455000,-0.525163,-0.339615,-0.409171
1.460000,0.219359,0.177980,-0.227703
1.465000,0.263068,0.433136,0.223892
1.470000,-0.237588,-0.251424,0.157351
1.475000,-0.289531,-0.458498,-0.278970
1.480000,0.211153,0.204993,-0.094283
1.485000,0.550354,0.336187,0.317639
1.490000,-0.220276,-0.221965,0.164229
1.495000,-0.336693,-0.384586,-0.392047
1.500000,0.129896,0.332645,-0.218302
1.505000,0.326221,0.422282,0.355958
1.510000,-0.201313,-0.161029,0.300564
1.515000,-0.427566,-0.127319,-0.193232
1.520000,0.225009,0.152764,-0.302794
1.525000,0.399405,0.412493,0.177813
1.530000,-0.264886,-0.158711,0.185744
1.535000,-0.264693,-0.349970,-0.448650
1.540000,0.255974,0.133129,-0.188116
1.545000,0.142692,0.396501,0.288844
1.550000,-0.254427,-0.090106,0.146665
1.555000,-0.311529,-0.296037,-0.432605
1.560000,0.228040,0.218793,-0.193855
1.565000,0.398155,0.406169,0.365501
1.570000,-0.270240,0.075994,0.199252
1.575000,-0.232439,-0.479104,-0.255774
1.580000,0.211914,0.123008,-0.042489
1.585000,0.404714,0.412348,0.374013
1.590000,-0.298975,0.023397,0.308348
1.595000,-0.250953,-0.379603,-0.429276
1.600000,0.067701,0.143776,-0.185070
1.605000,0.083090,0.251950,0.293327
1.610000,-0.434748,-0.171877,-0.091101
1.615000,-0.227945,-0.369505,-0.379347
1.620000,0.390960,-0.167447,-0.192042
1.625000,0.359508,0.372505,0.423670
1.630000,-0.169418,0.017904,0.188760
1.635000,-0.330888,-0.417291,-0.319607
1.640000,0.105408,0.039796,-0.298768
1.645000,0.377918,0.345294,0.386543
1.650000,-0.289451,-0.066978,0.205221
1.655000,-0.259776,-0.363584,-0.442954
1.660000,0.135869,0.026765,-0.383569
1.665000,0.573806,0.288688,0.328888
1.670000,-0.157962,-0.193654,0.133320
1.675000,-0.455834,-0.311164,-0.236237
1.680000,0.237045,-0.014141,-0.229905
1.685000,0.449600,0.399889,0.279132
1.690000,-0.290657,-0.229388,0.170430
1.695000,-0.475073,-0.531388,-0.451603
1.700000,0.116391,0.164043,-0.274028
1.705000,0.477465,0.324036,0.613286
1.710000,-0.149917,-0.096020,0.103472
1.715000,-0.447976,-0.299869,-0.468722
1.720000,0.393197,0.140588,0.071426
1.725000,0.314180,0.306432,0.187664
1.730000,-0.146358,-0.094087,0.285799
1.735000,-0.301320,-0.401785,-0.250640
1.740000,0.209179,0.143626,-0.104087
1.745000,0.452070,0.323866,0.044339
1.750000,-0.205585,-0.062302,0.160694
1.755000,-0.469031,-0.312657,-0.400567
1.760000,0.281339,0.028970,-0.251815
1.765000,0.284061,0.297421,0.243420
1.770000,-0.125611,-0.185231,0.111720
1.775000,-0.335048,-0.375116,-0.075971
1.780000,0.047848,-0.032910,-0.156851
1.785000,0.553790,0.549130,0.318098
1.790000,-0.215746,-0.160312,0.174071
1.795000,-0.294123,-0.357959,-0.388726
1.800000,0.111146,0.202071,-0.067436
1.805000,0.455388,0.295449,0.272423
1.810000,-0.209259,-0.239766,0.202393
1.815000,-0.547212,-0.253354,-0.449914
1.820000,0.199101,0.158104,-0.358042
1.825000,0.477959,0.440613,0.409254
1.830000,-0.167002,-0.120950,0.000150
1.835000,-0.374632,-0.492036,-0.253646
1.840000,0.194557,0.039028,-0.098627
1.845000,0.377810,0.322118,0.377976
1.850000,-0.160244,0.045576,0.430107
1.855000,-0.459725,-0.390196,-0.344151
1.860000,0.215775,-0.027494,-0.208497
1.865000,0.388271,0.354171,0.444506
1.870000,-0.130987,-0.137941,0.239496
1.875000,-0.392817,-0.477176,-0.385375
1.880000,0.177875,0.044798,-0.025367
1.885000,0.415360,0.203121,0.317202
1.890000,-0.100971,-0.199227,0.265488
1.895000,-0.269054,-0.526539,-0.303783
1.900000,0.077460,0.019078,-0.332063
1.905000,0.455623,0.362040,0.304350
1.910000,-0.192163,-0.182698,0.282388
1.915000,-0.363826,-0.370493,-0.264075
1.920000,0.239520,-0.024284,-0.218535
1.925000,0.519130,0.442729,0.176575
1.930000,-0.207758,-0.099747,0.204933
1.935000,-0.331253,-0.626359,-0.316920
1.940000,0.169213,0.082747,-0.254065
1.945000,0.280583,0.369091,0.410749
1.950000,-0.095643,-0.182456,0.249480
1.955000,-0.290254,-0.440358,-0.176456
1.960000,0.210486,-0.030598,-0.147082
1.965000,0.260826,0.397838,0.341354
1.970000,-0.368104,0.018322,0.248739
1.975000,-0.391654,-0.464531,-0.279749
1.980000,0.147905,-0.029087,-0.082944
1.985000,0.409808,0.459096,0.212413
1.990000,-0.274574,-0.042319,0.121263
1.995000,-0.443013,-0.333689,-0.314142
2.000000,0.182031,0.080807,-0.107362
2.005000,0.153820,0.261616,0.334199
2.010000,-0.245137,-0.082261,0.162024
2.015000,-0.274661,-0.349862,-0.184636
2.020000,0.026507,0.086975,-0.202366
2.025000,0.287290,0.459207,0.359620
2.030000,-0.311157,-0.035619,0.046263
2.035000,-0.554344,-0.464191,-0.313781
2.040000,0.217720,0.148894,-0.310479
2.045000,0.414518,0.445714,0.371979
2.050000,-0.097788,0.159714,0.134129
2.055000,-0.281803,-0.274771,-0.452824
2.060000,0.189938,-0.005756,-0.120254
2.065000,0.526821,0.341214,0.352781
2.070000,-0.261556,-0.031655,0.155877
2.075000,-0.439971,-0.377041,-0.591139
2.080000,0.184572,0.094575,-0.100127
2.085000,0.372319,0.518756,0.415532
2.090000,-0.373123,-0.170562,0.123606
2.095000,-0.329599,-0.418348,-0.399206
2.100000,0.163793,-0.082518,-0.208659
2.105000,0.207628,0.446602,0.247165
2.110000,-0.179968,-0.045721,0.040603
2.115000,-0.403174,-0.448683,-0.262443
2.120000,0.279347,0.026373,-0.133739
2.125000,0.293891,0.434064,0.259935
2.130000,-0.222167,-0.091091,0.050742
2.135000,-0.284214,-0.545926,-0.364791
2.140000,0.282727,0.110877,-0.139414
2.145000,0.390913,0.609625,0.352977
2.150000,-0.143121,-0.039816,0.363798
2.155000,-0.402534,-0.317594,-0.253228
2.160000,0.253208,0.114728,-0.137015
2.165000,0.265384,0.381464,0.325373
2.170000,-0.225533,-0.013776,0.189992
2.175000,-0.264413,-0.320340,-0.269065
2.180000,0.395281,0.206829,-0.133105
2.185000,0.236435,0.422646,0.282023
2.190000,-0.328858,-0.111738,0.202091
2.195000,-0.477233,-0.386826,-0.273851
2.200000,0.196933,0.064253,-0.208180
2.205000,0.404793,0.471468,0.516227
2.210000,-0.346063,0.086086,0.284421
2.215000,-0.307899,-0.166463,-0.322791
2.220000,0.192899,0.125132,-0.265907
2.225000,0.289241,0.429002,0.251174
2.230000,-0.180677,-0.088326,0.056009
2.235000,-0.421134,-0.286510,-0.312772
2.240000,0.177053,0.049049,-0.088184
2.245000,0.385256,0.346199,0.384787
2.250000,-0.213854,0.016520,0.074786
2.255000,-0.323878,-0.331799,-0.309076
2.260000,0.171692,-0.165601,-0.184005
2.265000,0.345461,0.455738,0.382452
2.270000,-0.139000,-0.008140,0.324762
2.275000,-0.329365,-0.430110,-0.318166
2.280000,0.253200,0.185676,-0.090119
2.285000,0.319842,0.334609,0.137331
2.290000,-0.136285,0.062706,0.208014
2.295000,-0.379017,-0.388684,-0.240082
2.300000,0.018846,0.245150,-0.155830
2.305000,0.433445,0.421449,0.231100
2.310000,-0.318948,-0.065654,0.368307
2.315000,-0.349284,-0.309005,-0.312850
2.320000,0.150772,0.124308,-0.185279
2.325000,0.415551,0.487934,0.133546
2.330000,-0.076422,-0.131589,0.194434
2.335000,-0.592294,-0.423270,-0.291497
2.340000,0.328346,-0.015734,-0.030606
2.345000,0.193187,0.533180,0.448521
2.350000,-0.058103,-0.194500,0.385755
2.355000,-0.282889,-0.357980,-0.462787
2.360000,0.061925,0.032679,-0.143467
2.365000,0.211558,0.455705,0.144490
2.370000,-0.215103,-0.144470,0.145105
2.375000,-0.497895,-0.190307,-0.345363
2.380000,0.142291,0.258760,-0.291177
2.385000,0.415698,0.315230,0.134293
2.390000,-0.404795,0.010544,0.135924
2.395000,-0.366568,-0.319274,-0.357916
2.400000,0.249708,0.092148,-0.081204
2.405000,0.328862,0.388612,0.129252
2.410000,-0.086456,-0.118981,-0.008347
2.415000,-0.333213,-0.233731,-0.254013
2.420000,0.253694,-0.035072,-0.150881
2.425000,0.311313,0.394579,0.432410
2.430000,-0.183971,-0.269125,0.206014
2.435000,-0.429588,-0.321735,-0.362783
2.440000,0.417562,0.200264,-0.139250
2.445000,0.148450,0.433096,0.264483
2.450000,-0.225704,-0.059570,0.152874
2.455000,-0.076044,-0.508744,-0.339208
2.460000,0.348582,0.098441,-0.225489
2.465000,0.412377,0.593830,0.289817
2.470000,-0.241697,-0.103808,-0.027063
2.475000,-0.228760,-0.460645,-0.445746
2.480000,0.176868,0.094107,0.101547
2.485000,0.406777,0.600203,0.294570
2.490000,-0.269248,-0.198188,0.078341
2.495000,-0.164839,-0.350940,-0.268639
2.500000,0.240264,0.137441,-0.023394
2.505000,0.372855,0.459169,0.368004
2.510000,-0.267658,-0.283196,0.043895
2.515000,-0.501496,-0.383849,0.009831
2.520000,0.073964,0.027050,-0.312260
2.525000,0.407157,0.334068,0.473638
2.530000,-0.207284,-0.028527,0.075780
2.535000,-0.582238,-0.458881,-0.200343
2.540000,0.272251,0.040721,-0.246544
2.545000,0.160641,0.317391,0.191122
2.550000,-0.205834,-0.118106,0.258519
2.555000,-0.492949,-0.386264,-0.369817
2.560000,0.161608,0.166479,-0.354834
2.565000,0.419770,0.420703,0.394969
2.570000,-0.038591,-0.057615,0.151083
2.575000,-0.448194,-0.343056,-0.507540
2.580000,0.421790,0.188848,-0.200399
2.585000,0.308698,0.212360,0.248554
2.590000,-0.195495,-0.172862,0.222908
2.595000,-0.356397,-0.364626,-0.288801
2.600000,0.161270,0.106134,-0.364408
2.605000,0.305564,0.476354,0.268687
2.610000,-0.149805,0.108750,0.148326
2.615000,-0.312313,-0.243717,-0.359064
2.620000,0.163791,0.065341,-0.146845
2.625000,0.332523,0.391007,0.305575
2.630000,-0.202710,0.114268,0.071917
2.635000,-0.594402,-0.244622,-0.304882
2.640000,0.247102,0.117218,-0.155500
2.645000,0.526876,0.580848,0.347849
2.650000,-0.066867,-0.040100,-0.025864
2.655000,-0.202686,-0.383160,-0.233539
2.660000,0.217938,0.007573,-0.033916
2.665000,0.232171,0.482151,0.369258
2.670000,-0.188685,-0.121092,0.014379
2.675000,-0.295756,-0.554847,-0.418992
2.680000,0.233879,0.049600,-0.092582
2.685000,0.315311,0.509235,0.486017
2.690000,-0.066702,-0.002870,0.373571
2.695000,-0.421368,-0.506575,-0.279071
2.700000,0.272372,0.255420,-0.313430
2.705000,0.300921,0.343832,0.247062
2.710000,-0.333122,0.044852,0.405498
2.715000,-0.352080,-0.418276,-0.217761
2.720000,0.164190,0.070051,-0.079089
2.725000,0.411517,0.352778,0.281963
2.730000,-0.220782,-0.065621,0.204690
2.735000,-0.357514,-0.498697,-0.372373
2.740000,0.193599,-0.077781,-0.155483
2.745000,0.443042,0.341894,0.272592
2.750000,-0.209011,0.035524,0.177460
2.755000,-0.285916,-0.322630,-0.135671
2.760000,0.228098,0.092180,-0.181292
2.765000,0.370263,0.281713,0.054644
2.770000,-0.386617,-0.041629,0.194192
2.775000,-0.474846,-0.421487,-0.428945
2.780000,0.356315,0.174403,-0.254078
2.785000,0.286037,0.440122,0.437717
2.790000,-0.300434,-0.222485,0.240118
2.795000,-0.308954,-0.319783,-0.292086
2.800000,0.197557,0.005674,-0.204046
2.805000,0.402149,0.348716,0.309269
2.810000,-0.082859,0.025483,0.245026
2.815000,-0.394130,-0.303492,-0.315917
2.820000,0.174704,-0.013887,-0.164549
2.825000,0.358048,0.306575,0.393864
2.830000,-0.007174,-0.147167,0.219340
2.835000,-0.472306,-0.283867,-0.171379
2.840000,0.324468,-0.028406,-0.267597
2.845000,0.478178,0.165691,0.340293
2.850000,-0.152675,-0.139881,0.273531
2.855000,-0.519062,-0.322405,-0.473160
2.860000,0.228929,-0.020061,-0.096444
2.865000,0.421851,0.287337,0.352611
2.870000,-0.183251,-0.081705,0.088823
2.875000,-0.487421,-0.416168,-0.344328
2.880000,0.294215,0.193460,-0.123054
2.885000,0.390956,0.413521,0.294559
2.890000,-0.311398,-0.063466,0.101958
2.895000,-0.269386,-0.476595,-0.221204
2.900000,0.325528,0.180927,-0.129150
2.905000,0.185680,0.461439,0.221900
2.910000,-0.193119,0.040834,0.169259
2.915000,-0.277180,-0.483903,-0.272925
2.920000,0.194807,-0.001489,-0.128872
2.925000,0.398736,0.483597,0.549016
2.930000,-0.142968,0.072889,0.216053
2.935000,-0.405973,-0.519614,-0.349018
2.940000,0.287283,-0.151614,-0.359433
2.945000,0.341543,0.393435,0.388495
2.950000,-0.296587,-0.091837,0.152758
2.955000,-0.279783,-0.281330,-0.253903
2.960000,0.339067,0.127895,-0.214210
2.965000,0.144579,0.504230,0.360567
2.970000,-0.303134,-0.060771,0.172498
2.975000,-0.143876,-0.277474,-0.399907
2.980000,0.031904,0.046194,-0.020213
2.985000,0.332685,0.333110,0.217545
2.990000,-0.317395,0.142709,0.250201
2.995000,-0.199374,-0.309957,-0.277938
3.000000,0.269524,0.331211,-0.091584
3.005000,0.589975,0.487076,0.285052
3.010000,-0.259024,-0.023117,0.190943
3.015000,-0.265415,-0.307840,-0.361516
3.020000,0.172253,0.027549,-0.193573
3.025000,0.347252,0.524138,0.246420
3.030000,-0.079880,-0.100854,0.210271
3.035000,-0.253229,-0.401063,-0.434003
3.040000,0.272202,0.125172,-0.198586
3.045000,0.633728,0.405209,0.434696
3.050000,-0.287645,-0.060948,0.163116
3.055000,-0.397279,-0.413055,-0.339315
3.060000,0.200184,0.161619,-0.044311
3.065000,0.287992,0.264472,0.425913
3.070000,-0.227891,0.060474,0.337404
3.075000,-0.340872,-0.318962,-0.405321
3.080000,0.184624,0.157753,-0.227850
3.085000,0.504557,0.214717,0.334780
3.090000,-0.184839,0.021214,0.259842
3.095000,-0.429240,-0.435355,-0.232599
3.100000,0.273791,0.202777,-0.126407
3.105000,0.198636,0.371236,0.342731
3.110000,-0.269841,-0.374116,-0.024749
3.115000,-0.445006,-0.402942,-0.222682
3.120000,0.193195,0.085863,-0.181303
3.125000,0.178142,0.392897,0.481699
3.130000,-0.172858,-0.222958,0.299938
3.135000,-0.485423,-0.408919,-0.158448
3.140000,0.259452,0.261017,-0.124331
3.145000,0.372300,0.360679,0.387438
3.150000,-0.219186,-0.093533,0.275244
3.155000,-0.536364,-0.392922,-0.385394
3.160000,0.123764,0.176333,-0.096572
3.165000,0.311088,0.580914,0.400722
3.170000,-0.261265,-0.097070,0.031404
3.175000,-0.272958,-0.432525,-0.222062
3.180000,0.222244,0.171190,-0.213119
3.185000,0.421126,0.291168,0.300244
3.190000,-0.371311,-0.032052,0.222075
3.195000,-0.533815,-0.493646,-0.382750
3.200000,0.214945,-0.015837,-0.320155
3.205000,0.290063,0.440213,0.302588
3.210000,-0.136388,-0.013906,0.070917
3.215000,-0.433892,-0.377659,-0.286902
3.220000,0.149653,0.163208,-0.080409
3.225000,0.350106,0.319348,0.289806
3.230000,-0.117054,0.063383,0.017143
3.235000,-0.306187,-0.299555,-0.111892
3.240000,0.115534,0.189290,-0.126467
3.245000,0.426855,0.306550,0.150604
3.250000,-0.018620,-0.036654,0.084989
3.255000,-0.546508,-0.278503,-0.428713
3.260000,0.035023,0.194547,-0.083688
3.265000,0.470483,0.401974,0.322130
3.270000,-0.075765,-0.047185,0.189150
3.275000,-0.402913,-0.376928,-0.538296
3.280000,0.084955,0.046273,-0.221589
3.285000,0.188975,0.453845,0.150959
3.290000,0.100104,0.090050,-0.033507
3.295000,-0.439649,-0.426155,-0.176033
3.300000,0.165602,-0.007078,0.003274
3.305000,0.299596,0.587619,0.252875
3.310000,-0.097032,-0.162650,0.121180
3.315000,-0.293213,-0.296262,-0.368672
3.320000,0.257517,0.099833,-0.099733
3.325000,0.472574,0.338552,0.433394
3.330000,0.044817,-0.065504,0.219715
3.335000,-0.449273,-0.518641,-0.289549
3.340000,0.315818,0.070662,-0.288468
3.345000,0.552316,0.419890,0.476807
3.350000,-0.213779,-0.182884,0.288436
3.355000,-0.440198,-0.571965,-0.371076
3.360000,0.231784,0.033292,-0.176009
3.365000,0.278808,0.399790,0.454500
3.370000,-0.103237,-0.138081,0.161259
3.375000,-0.428994,-0.290381,-0.349782
3.380000,0.191797,-0.047322,-0.131813
3.385000,0.469773,0.051602,0.301401
3.390000,-0.122950,-0.004251,0.024748
3.395000,-0.442184,-0.289004,-0.255690
3.400000,0.148688,0.206785,-0.240897
3.405000,0.456017,0.408734,0.352115
3.410000,-0.194036,-0.107719,0.289394
3.415000,-0.364567,-0.414792,-0.275661
3.420000,0.271333,-0.033175,-0.209299
3.425000,0.400102,0.379403,0.276184
3.430000,-0.351218,-0.043918,0.295883
3.435000,-0.492839,-0.396051,-0.428912
3.440000,0.369033,0.182744,-0.325528
3.445000,0.434538,0.444173,0.533763
3.450000,0.029616,0.119520,0.197039
3.455000,-0.230367,-0.406022,-0.272758
3.460000,0.263302,0.272773,-0.285414
3.465000,0.359613,0.217954,0.401798
3.470000,-0.173499,0.060062,0.062819
3.475000,-0.418912,-0.362816,-0.370675
3.480000,0.184331,0.141394,-0.168165
3.485000,0.498983,0.391221,0.284063
3.490000,-0.347144,-0.075501,0.244148
3.495000,-0.318890,-0.369505,-0.301628
3.500000,0.103555,0.124359,-0.165944
3.505000,0.437316,0.296023,0.222623
3.510000,-0.244453,-0.137802,0.033376
3.515000,-0.452392,-0.202809,-0.379823
3.520000,0.244835,-0.000613,0.038142
3.525000,0.302465,0.359487,0.313360
3.530000,-0.341091,-0.010855,0.058867
3.535000,-0.404970,-0.334761,-0.278004
3.540000,0.180848,0.037992,-0.440157
3.545000,0.572363,0.277444,0.317979
3.550000,-0.091180,0.136622,-0.037981
3.555000,-0.401163,-0.346079,-0.347270
3.560000,0.241866,0.077265,-0.218193
3.565000,0.375368,0.503305,0.297754
3.570000,-0.100117,-0.234652,0.262818
3.575000,-0.286464,-0.144406,-0.372749
3.580000,0.227172,0.064093,-0.080151
3.585000,0.427000,0.366083,0.295787
3.590000,-0.076609,-0.181353,0.425237
3.595000,-0.528572,-0.459866,-0.254633
3.600000,0.201914,0.140917,-0.145820
3.605000,0.351239,0.414803,0.380125
3.610000,-0.280402,0.005191,0.015656
3.615000,-0.434329,-0.366214,-0.215960
3.620000,0.235410,0.105100,0.011496
3.625000,0.330623,0.418846,0.477499
3.630000,-0.448342,-0.211192,0.096240
3.635000,-0.151811,-0.448026,-0.367498
3.640000,0.062016,0.197447,-0.166741
3.645000,0.305059,0.381854,0.278754
3.650000,-0.061513,-0.057920,-0.055797
3.655000,-0.265969,-0.346160,-0.281254
3.660000,0.081520,-0.000439,-0.176640
3.665000,0.397673,0.465328,0.157774
3.670000,-0.102464,-0.012237,0.200724
3.675000,-0.334730,-0.500293,-0.262986
3.680000,0.040796,0.072262,-0.031060
3.685000,0.447785,0.447809,0.316715
3.690000,-0.349058,-0.047249,0.102135
3.695000,-0.363258,-0.388801,-0.446803
3.700000,0.205093,0.156234,-0.313487
3.705000,0.519101,0.498132,0.523816
3.710000,-0.302401,-0.067482,0.166809
3.715000,-0.397031,-0.434702,-0.346218
3.720000,0.027320,0.092441,-0.002977
3.725000,0.310459,0.311399,0.284827
3.730000,-0.252803,-0.114786,0.117862
3.735000,-0.423252,-0.228923,-0.363775
3.740000,0.089846,0.048832,-0.102640
3.745000,0.271258,0.288271,0.310737
3.750000,-0.211842,-0.086938,0.288593
3.755000,-0.389516,-0.499595,-0.454744
3.760000,0.161713,-0.047961,0.010856
3.765000,0.317313,0.342388,0.437271
3.770000,-0.372734,-0.125841,0.203495
3.775000,-0.285618,-0.633041,-0.478157
3.780000,0.186170,0.081281,-0.054766
3.785000,0.488503,0.403681,0.294587
3.790000,-0.162671,-0.141552,0.422032
3.795000,-0.519713,-0.495567,-0.233994
3.800000,0.228797,0.229459,-0.274293
3.805000,0.411383,0.562172,0.435408
3.810000,-0.205791,0.053201,0.247640
3.815000,-0.325708,-0.379929,-0.412998
3.820000,0.283794,0.109370,-0.072849
3.825000,0.471927,0.348462,0.284461
3.830000,-0.129748,-0.182052,0.129751
3.835000,-0.365062,-0.402596,-0.346786
3.840000,0.194237,0.194893,-0.183558
3.845000,0.377433,0.465351,0.391065
3.850000,-0.150218,-0.088957,0.213781
3.855000,-0.142620,-0.419339,-0.236168
3.860000,0.285952,-0.049723,-0.119465
3.865000,0.303989,0.292144,0.376773
3.870000,-0.318396,0.068182,0.092805
3.875000,-0.333245,-0.387245,-0.347323
3.880000,0.208465,0.087994,-0.387983
3.885000,0.331436,0.292184,0.404962
3.890000,-0.267961,-0.201815,0.258093
3.895000,-0.357950,-0.528549,-0.327603
3.900000,0.197127,-0.138793,-0.107976
3.905000,0.420203,0.471708,0.236198
3.910000,-0.271671,-0.120737,0.367364
3.915000,-0.388743,-0.499523,-0.212553
3.920000,0.168834,-0.067862,-0.154149
3.925000,0.154086,0.298186,0.246145
3.930000,-0.374268,-0.029855,0.199660
3.935000,-0.351970,-0.319033,-0.276665
3.940000,0.216930,0.030278,-0.308794
3.945000,0.354903,0.446900,0.378579
3.950000,-0.187594,-0.228297,0.118239
3.955000,-0.170807,-0.329791,-0.297259
3.960000,0.014910,0.125249,-0.025633
3.965000,0.182875,0.450546,0.245490
3.970000,-0.230977,-0.025513,0.033181
3.975000,-0.487769,-0.331424,-0.237212
3.980000,0.274502,-0.009691,-0.252190
3.985000,0.301386,0.401005,0.517331
3.990000,-0.158785,-0.148759,0.158362
3.995000,-0.444707,-0.368440,-0.235165
4.000000,0.100858,0.084734,-0.301763
4.005000,0.191199,0.379705,0.232173
4.010000,-0.159189,-0.181153,0.197987
4.015000,-0.298282,-0.510752,-0.320984
4.020000,0.170631,0.104424,-0.217777
4.025000,0.381608,0.389753,0.263976
4.030000,-0.287551,0.023095,0.275775
4.035000,-0.483138,-0.453925,-0.290495
4.040000,0.185036,0.102580,-0.220094
4.045000,0.174308,0.342870,0.279507
4.050000,-0.139015,-0.028369,0.051848
4.055000,-0.360462,-0.409152,-0.324704
4.060000,0.211536,0.114375,-0.113201
4.065000,0.269594,0.546190,0.307086
4.070000,-0.192436,-0.191727,0.112471
4.075000,-0.474600,-0.474452,-0.388110
4.080000,0.111358,0.150431,-0.015319
4.085000,0.220679,0.382462,0.311686
4.090000,-0.296636,-0.165833,0.182004
4.095000,-0.391021,-0.262396,-0.301525
4.100000,0.359998,0.232460,-0.034921
4.105000,0.458586,0.466542,0.445927
4.110000,-0.119161,-0.331507,0.046581
4.115000,-0.277594,-0.648312,-0.398798
4.120000,0.071528,-0.055494,-0.146225
4.125000,0.603485,0.419359,0.375915
4.130000,-0.373307,-0.164788,0.428708
4.135000,-0.594038,-0.303281,-0.309068
4.140000,0.154098,0.246346,-0.127712
4.145000,0.443643,0.285193,0.357927
4.150000,-0.182459,-0.038018,0.065098
4.155000,-0.377148,-0.457706,-0.141853
4.160000,0.189476,0.265387,-0.201033
4.165000,0.338451,0.300101,0.264194
4.170000,-0.229265,-0.064799,0.150095
4.175000,-0.477942,-0.392442,-0.413823
4.180000,0.193845,0.180718,0.013942
4.185000,0.445193,0.559395,0.472450
4.190000,-0.172480,-0.081180,0.191855
4.195000,-0.426582,-0.398192,-0.147931
4.200000,0.376186,-0.065271,0.013085
4.205000,0.336395,0.563856,0.378149
4.210000,-0.089508,-0.239576,0.347042
4.215000,-0.602251,-0.554047,-0.477603
4.220000,0.030444,0.050048,-0.312235
4.225000,0.374552,0.452199,0.243866
4.230000,-0.207922,-0.194740,0.143605
4.235000,-0.485447,-0.189602,-0.239441
4.240000,0.190118,0.095009,-0.039878
4.245000,0.427526,0.531586,0.332553
4.250000,-0.206215,0.055906,0.237831
4.255000,-0.341492,-0.316986,-0.305884
4.260000,0.364184,0.061909,-0.184334
4.265000,0.448799,0.264324,0.326431
4.270000,-0.209762,-0.347297,0.103248
4.275000,-0.390911,-0.375466,-0.123451
4.280000,0.322122,0.047943,-0.188996
4.285000,0.324386,0.428085,0.362753
4.290000,-0.299674,-0.087054,0.256131
4.295000,-0.353702,-0.565428,-0.269110
4.300000,0.418912,0.012879,-0.171361
4.305000,0.432035,0.445676,0.315721
4.310000,-0.046026,-0.154220,0.060184
4.315000,-0.275986,-0.308490,-0.451722
4.320000,0.235236,0.228926,-0.250882
4.325000,0.459456,0.260894,0.358925
4.330000,-0.152015,-0.037022,0.240567
4.335000,-0.204045,-0.172617,-0.461765
4.340000,0.181447,0.171453,0.105789
4.345000,0.355657,0.402350,0.206857
4.350000,-0.084164,-0.162714,0.087643
4.355000,-0.320741,-0.407723,-0.386314
4.360000,0.110459,0.237951,-0.112527
4.365000,0.289786,0.351509,0.294591
4.370000,-0.387182,-0.257735,0.214655
4.375000,-0.168093,-0.461321,-0.182613
4.380000,0.250662,0.139725,-0.168671
4.385000,0.437672,0.526767,0.388511
4.390000,-0.110097,-0.036819,0.365210
4.395000,-0.358943,-0.415781,-0.372861
4.400000,0.223429,0.027780,-0.351090
4.405000,0.393449,0.597254,0.293859
4.410000,-0.231124,-0.109867,0.196622
4.415000,-0.254736,-0.464616,-0.380495
4.420000,0.309865,0.087593,-0.031591
4.425000,0.322533,0.202026,0.343624
4.430000,-0.057507,-0.106319,0.263204
4.435000,-0.185156,-0.592559,-0.496605
4.440000,0.060601,0.082345,-0.187463
4.445000,0.374366,0.186684,0.422580
4.450000,-0.308616,-0.013825,0.052676
4.455000,-0.267873,-0.529755,-0.296497
4.460000,0.051713,0.232375,0.049088
4.465000,0.284449,0.474298,0.330966
4.470000,-0.257991,0.023038,0.147177
4.475000,-0.324603,-0.492332,-0.276438
4.480000,0.141860,0.130084,-0.210405
4.485000,0.306592,0.368068,0.278331
4.490000,-0.163174,0.056544,0.306235
4.495000,-0.275763,-0.251469,-0.348560
4.500000,0.322658,0.073434,-0.225548
4.505000,0.443752,0.278618,0.221252
4.510000,-0.267731,-0.324507,0.145407
4.515000,-0.376628,-0.331012,-0.379261
4.520000,0.148081,0.167872,-0.044408
4.525000,0.322202,0.324977,0.385159
4.530000,-0.211927,-0.148863,0.258289
4.535000,-0.463585,-0.288178,-0.342438
4.540000,0.171846,-0.004809,-0.079463
4.545000,0.495815,0.381660,0.099034
4.550000,-0.217131,-0.015539,0.261097
4.555000,-0.324438,-0.452336,-0.435155
4.560000,0.075600,-0.044820,-0.352544
4.565000,0.194715,0.298306,0.241104
4.570000,-0.051476,-0.184794,0.113724
4.575000,-0.384835,-0.157098,-0.191752
4.580000,0.082469,0.212076,-0.237866
4.585000,0.282043,0.314970,0.275707
4.590000,-0.231674,-0.217614,0.215350
4.595000,-0.311452,-0.475074,-0.402286
4.600000,0.168257,0.255146,-0.152857
4.605000,0.434097,0.235106,0.461847
4.610000,-0.068268,-0.080379,0.160833
4.615000,-0.478994,-0.302374,-0.330259
4.620000,0.254188,0.142831,-0.013621
4.625000,0.436654,0.681908,0.295212
4.630000,-0.348719,-0.069061,0.081982
4.635000,-0.426544,-0.515421,-0.322357
4.640000,0.238934,0.111527,-0.103643
4.645000,0.377658,0.462783,0.475735
4.650000,-0.282200,-0.224955,0.096971
4.655000,-0.284218,-0.465317,-0.299730
4.660000,0.205480,0.217574,-0.244580
4.665000,0.155394,0.362297,0.309163
4.670000,-0.240502,-0.176351,0.081597
4.675000,-0.339134,-0.341095,-0.301262
4.680000,0.264518,0.226577,-0.156142
4.685000,0.294186,0.431716,0.364300
4.690000,-0.147932,-0.246042,0.065572
4.695000,-0.506995,-0.426981,-0.376434
4.700000,0.292565,0.145335,-0.148412
4.705000,0.611290,0.156029,0.278220
4.710000,-0.398378,0.019190,0.034915
4.715000,-0.398799,-0.426612,-0.282612
4.720000,0.219012,0.048230,-0.117861
4.725000,0.415783,0.551438,0.490938
4.730000,-0.240092,-0.120055,-0.057922
4.735000,-0.380019,-0.419691,-0.373718
4.740000,0.143121,0.234178,0.095715
4.745000,0.454361,0.372034,0.350038
4.750000,-0.217710,-0.162035,0.101458
4.755000,-0.388754,-0.439340,-0.197414
4.760000,0.254314,0.256332,0.025805
4.765000,0.401269,0.309468,0.458406
4.770000,-0.337437,-0.198423,0.124872
4.775000,-0.256115,-0.416752,-0.310915
4.780000,0.529271,0.187159,-0.209461
4.785000,0.325376,0.480848,0.333969
4.790000,-0.204877,-0.147141,0.147501
4.795000,-0.420613,-0.377925,-0.604087
4.800000,0.129319,-0.023704,-0.081261
4.805000,0.344379,0.456994,0.410528
4.810000,-0.310044,-0.154892,0.131252
4.815000,-0.360310,-0.285834,-0.486283
4.820000,0.311287,0.154942,0.030520
4.825000,0.385850,0.322383,0.483738
4.830000,-0.273959,-0.179467,0.296244
4.835000,-0.315160,-0.290900,-0.469189
4.840000,0.264648,0.119484,-0.190923
4.845000,0.563481,0.609666,0.274415
4.850000,-0.028444,0.015313,0.099554
4.855000,-0.400296,-0.262793,-0.215703
4.860000,0.211922,0.250357,-0.154405
4.865000,0.366650,0.278548,0.332688
4.870000,-0.194791,-0.158308,0.052412
4.875000,-0.413146,-0.531615,-0.286139
4.880000,0.145336,0.075810,0.088065
4.885000,0.371148,0.197732,0.374324
4.890000,-0.169702,-0.250271,0.172040
4.895000,-0.345838,-0.335458,-0.434379
4.900000,0.196834,0.182466,-0.165556
4.905000,0.320598,0.342072,0.433818
4.910000,-0.203434,-0.231509,0.093625
4.915000,-0.315857,-0.340059,-0.458216
4.920000,0.178160,0.205586,-0.134767
4.925000,0.407484,0.338738,0.365993
4.930000,-0.238933,-0.159341,0.224011
4.935000,-0.347623,-0.380178,-0.454184
4.940000,0.189871,0.122545,-0.057149
4.945000,0.509597,0.372373,0.278338
4.950000,-0.277887,-0.227153,0.234142
4.955000,-0.411790,-0.426428,-0.355508
4.960000,0.160266,0.068539,-0.250593
4.965000,0.123729,0.353237,0.404647
4.970000,-0.236912,-0.133021,-0.129206
4.975000,-0.355916,-0.448618,-0.337657
4.980000,0.323307,0.210322,-0.117202
4.985000,0.421021,0.474824,0.428350
4.990000,-0.265793,-0.161999,0.212021
4.995000,-0.460005,-0.378431,-0.422728
5.000000,0.212165,0.014268,-0.037065
5.005000,0.400130,0.398222,0.550944
5.010000,-0.309854,-0.149396,0.083293
5.015000,-0.486774,-0.327947,-0.167522
5.020000,0.060340,0.150750,0.004670
5.025000,0.417337,0.409986,0.399732
5.030000,-0.342284,-0.267933,0.042329
5.035000,-0.203425,-0.245590,-0.524945
5.040000,0.091960,0.059834,0.097844
5.045000,0.404429,0.361738,0.283189
5.050000,-0.082480,-0.245336,0.153473
5.055000,-0.383280,-0.337348,-0.451879
5.060000,0.264168,0.092049,-0.134402
5.065000,0.413752,0.339055,0.369415
5.070000,-0.147837,-0.089193,0.074895
5.075000,-0.478175,-0.312037,-0.169289
5.080000,0.377436,0.079743,0.082623
5.085000,0.295111,0.200006,0.455047
5.090000,-0.190509,-0.208134,-0.131527
5.095000,-0.291979,-0.458429,-0.306857
5.100000,0.175270,0.068103,-0.350394
5.105000,0.534056,0.337721,0.464434
5.110000,-0.274371,-0.053435,0.057847
5.115000,-0.360506,-0.366732,-0.341715
5.120000,0.279540,0.115026,-0.019145
5.125000,0.408290,0.236885,0.564057
5.130000,0.012945,-0.162201,0.098460
5.135000,-0.397387,-0.357905,-0.435775
5.140000,0.395958,0.241448,-0.134792
5.145000,0.400573,0.408854,0.360984
5.150000,-0.093523,-0.058412,0.174089
5.155000,-0.576476,-0.312036,-0.373890
5.160000,0.229360,0.322129,-0.025112
5.165000,0.343095,0.327665,0.175923
5.170000,-0.256517,-0.037653,-0.144064
5.175000,-0.505237,-0.298821,-0.287876
5.180000,0.099765,0.170608,0.168157
5.185000,0.525351,0.432282,0.445965
5.190000,-0.177201,-0.216281,-0.108289
5.195000,-0.390362,-0.435131,-0.313349
5.200000,0.115758,0.274311,0.135897
5.205000,0.277623,0.607297,0.289541
5.210000,-0.172304,-0.242472,-0.080825
5.215000,-0.291311,-0.386249,-0.368191
5.220000,0.002419,0.298323,-0.001295
5.225000,0.484517,0.240465,0.163910
5.230000,-0.183740,-0.337396,-0.018102
5.235000,-0.191963,-0.412902,-0.624596
5.240000,0.167463,0.168290,0.029446
5.245000,0.389705,0.165281,0.537998
5.250000,-0.173337,-0.282061,0.129065
5.255000,-0.426343,-0.474650,-0.178860
5.260000,0.204878,0.332113,-0.019684
5.265000,0.078116,0.359544,0.459523
5.270000,-0.223628,-0.305736,0.057900
5.275000,-0.365794,-0.525958,-0.265102
5.280000,0.162446,0.131970,0.040020
5.285000,0.485402,0.314659,0.484919
5.290000,-0.155292,-0.144705,0.146284
5.295000,-0.273770,-0.320646,-0.368604
5.300000,0.172466,0.292043,0.044971
5.305000,0.436292,0.382472,0.419411
5.310000,-0.315102,-0.167572,-0.166951
5.315000,-0.501257,-0.345415,-0.414435
5.320000,0.166422,0.112770,-0.191901
5.325000,0.399350,0.182500,0.597881
5.330000,-0.236761,-0.232087,-0.023155
5.335000,-0.192203,-0.378965,-0.522978
5.340000,0.020544,0.219906,0.140408
5.345000,0.300349,0.426360,0.448785
5.350000,-0.265289,-0.286034,0.015204
5.355000,-0.309977,-0.259347,-0.370852
5.360000,0.067292,0.163657,-0.004149
5.365000,0.349239,0.502305,0.556275
5.370000,-0.166636,-0.296552,0.044537
5.375000,-0.583114,-0.318376,-0.281868
5.380000,0.198276,0.259625,-0.150689
5.385000,0.266567,0.317951,0.458851
5.390000,-0.277347,-0.320432,0.003492
5.395000,-0.459307,-0.195843,-0.486307
5.400000,0.132011,0.320224,-0.054183
5.405000,0.388708,0.481524,0.311592
5.410000,-0.121092,-0.312612,-0.160346
5.415000,-0.472847,-0.423154,-0.387740
5.420000,0.239592,0.211321,0.101242
5.425000,0.286787,0.371662,0.468418
5.430000,-0.079979,-0.275838,0.087835
5.435000,-0.295337,-0.329471,-0.379011
5.440000,0.388925,0.352975,0.170288
5.445000,0.372031,0.413761,0.376555
5.450000,-0.286662,-0.263413,-0.071847
5.455000,-0.324543,-0.471137,-0.253292
5.460000,0.044150,0.209301,-0.059045
5.465000,0.592735,0.336964,0.542048
5.470000,-0.084911,-0.183416,0.049576
5.475000,-0.485127,-0.508867,-0.149984
5.480000,-0.003319,0.210887,0.005521
5.485000,0.361959,0.396058,0.377212
5.490000,-0.177843,-0.254051,-0.053708
5.495000,-0.427020,-0.493078,-0.320376
5.500000,-0.024311,0.003515,0.107003
5.505000,0.329565,0.477264,0.422564
5.510000,-0.305355,-0.213255,-0.060830
5.515000,-0.432349,-0.302650,-0.358131
5.520000,0.177283,0.168949,-0.054506
5.525000,0.335777,0.395310,0.351864
5.530000,-0.085503,-0.039537,-0.074950
5.535000,-0.341418,-0.369422,-0.271824
5.540000,0.119482,0.316152,0.185717
5.545000,0.284815,0.444511,0.090328
5.550000,-0.253623,-0.230264,0.080095
5.555000,-0.492796,-0.360070,-0.441067
5.560000,0.389404,0.056679,-0.211206
5.565000,0.546144,0.373521,0.339389
5.570000,-0.211274,-0.359293,-0.035980
5.575000,-0.311859,-0.405331,-0.357263
5.580000,0.174234,0.100840,-0.085612
5.585000,0.464937,0.266116,0.110309
5.590000,-0.242706,-0.073284,-0.052057
5.595000,-0.206945,-0.330938,-0.582643
5.600000,0.328061,0.154952,0.166219
5.605000,0.453409,0.293780,0.330949
5.610000,-0.152432,-0.142774,-0.012103
5.615000,-0.340651,-0.332851,-0.371648
5.620000,0.103350,0.205515,0.256554
5.625000,0.416620,0.471763,0.483457
5.630000,-0.241957,-0.173287,-0.125676
5.635000,-0.218479,-0.348142,-0.499086
5.640000,0.327135,0.187013,0.249579
5.645000,0.417024,0.360951,0.353527
5.650000,-0.126314,-0.321794,0.134159
5.655000,-0.316238,-0.299640,-0.362853
5.660000,0.070253,0.065469,0.130592
5.665000,0.532848,0.377505,0.255062
5.670000,-0.192821,-0.178868,-0.065278
5.675000,-0.463127,-0.517088,-0.321371
5.680000,0.047300,0.199295,0.221008
5.685000,0.450010,0.323839,0.491677
5.690000,0.070317,-0.212639,-0.160765
5.695000,-0.294557,-0.438127,-0.436425
5.700000,0.142636,0.186647,0.143800
5.705000,0.332956,0.227133,0.456921
5.710000,-0.075047,-0.151030,-0.193596
5.715000,-0.478362,-0.273584,-0.497259
5.720000,0.258084,0.226727,0.187333
5.725000,0.399196,0.405664,0.425561
5.730000,-0.112028,-0.183813,0.002799
5.735000,-0.304227,-0.428782,-0.378593
5.740000,0.015329,0.320361,-0.132354
5.745000,0.456868,0.305997,0.240347
5.750000,0.019500,-0.183689,-0.276154
5.755000,-0.412981,-0.310773,-0.421858
5.760000,0.216233,0.197389,0.127391
5.765000,0.408114,0.303578,0.452411
5.770000,-0.225945,-0.204070,-0.083927
5.775000,-0.332606,-0.302079,-0.410558
5.780000,0.055238,0.225693,-0.148862
5.785000,0.302207,0.191377,0.343125
5.790000,-0.111383,-0.234624,-0.037555
5.795000,-0.260191,-0.271138,-0.414703
5.800000,0.077119,0.172278,0.092270
5.805000,0.297826,0.414202,0.497419
5.810000,-0.037969,-0.121432,-0.050743
5.815000,-0.369663,-0.239611,-0.354700
5.820000,0.350496,0.198042,0.033985
5.825000,0.487323,0.374143,0.325489
5.830000,-0.167050,-0.088381,-0.242582
5.835000,-0.468041,-0.394753,-0.290896
5.840000,0.023670,0.139763,0.153438
5.845000,0.571344,0.281088,0.167112
5.850000,-0.218950,-0.238408,-0.138066
5.855000,-0.453107,-0.382176,-0.445154
5.860000,0.026603,0.127274,0.150844
5.865000,0.312599,0.298715,0.327425
5.870000,-0.006830,-0.263735,0.040566
5.875000,-0.330034,-0.289060,-0.370602
5.880000,0.246679,0.296266,0.148429
5.885000,0.390491,0.339076,0.340968
5.890000,-0.126454,-0.281263,-0.137285
5.895000,-0.353069,-0.518013,-0.305025
5.900000,0.255039,0.226179,0.137598
5.905000,0.317700,0.329608,0.386201
5.910000,0.113721,-0.208665,-0.015545
5.915000,-0.404602,-0.446896,-0.517277
5.920000,0.332455,0.200492,0.109831
5.925000,0.359704,0.348713,0.301618
5.930000,-0.214455,-0.180010,-0.149856
5.935000,-0.381042,-0.404498,-0.392627
5.940000,0.283473,0.063957,0.072888
5.945000,0.366284,0.418162,0.487642
5.950000,-0.106843,-0.193376,-0.035789
5.955000,-0.102878,-0.434800,-0.367720
5.960000,0.223040,0.382661,0.078292
5.965000,0.432903,0.369290,0.326257
5.970000,-0.170689,-0.334541,0.012728
5.975000,-0.345313,-0.549285,-0.379308
5.980000,0.145649,0.338739,0.151724
5.985000,0.396204,0.421656,0.354817
5.990000,0.060757,-0.452464,-0.047492
5.995000,-0.450927,-0.455149,-0.436417
6.000000,0.033987,0.224815,0.178757
6.005000,0.525449,0.401800,0.216014
6.010000,-0.063764,-0.140334,-0.058164
6.015000,-0.385499,-0.330825,-0.299904
6.020000,0.338158,0.312244,0.188518
6.025000,0.309679,0.423714,0.417715
6.030000,-0.144820,0.077141,-0.056204
6.035000,-0.522308,-0.261828,-0.511526
6.040000,0.034982,0.244293,0.163193
6.045000,0.343591,0.397901,0.290998
6.050000,-0.218263,-0.180476,0.012900
6.055000,-0.447156,-0.367740,-0.283449
6.060000,0.113041,0.198638,0.091635
6.065000,0.369420,0.399485,0.490465
6.070000,-0.111116,-0.185008,-0.172232
6.075000,-0.325793,-0.455721,-0.507175
6.080000,0.146344,0.262316,0.024881
6.085000,0.371204,0.408818,0.221434
6.090000,-0.220275,-0.204705,-0.149836
6.095000,-0.410054,-0.279458,-0.355445
6.100000,0.033097,0.148077,0.294964
6.105000,0.392997,0.236774,0.348866
6.110000,-0.179999,-0.067584,-0.259368
6.115000,-0.402678,-0.171420,-0.478498
6.120000,0.041018,-0.046596,0.119207
6.125000,0.379309,0.324113,0.250437
6.130000,-0.054962,-0.174770,0.015067
6.135000,-0.430473,-0.488888,-0.545940
6.140000,0.097946,0.329584,0.069698
6.145000,0.365103,0.361334,0.465467
6.150000,-0.349379,-0.219606,-0.195132
6.155000,-0.418774,-0.262702,-0.380810
6.160000,0.107269,0.293748,0.058854
6.165000,0.271898,0.265696,0.320280
6.170000,0.068860,-0.014871,-0.254858
6.175000,-0.383000,-0.515081,-0.220650
6.180000,0.252502,0.367924,0.221937
6.185000,0.339377,0.290224,0.126734
6.190000,-0.016103,-0.214426,-0.129391
6.195000,-0.368542,-0.364985,-0.369525
6.200000,0.124002,0.271714,0.114626
6.205000,0.602228,0.381610,0.395827
6.210000,0.000970,-0.215186,-0.125753
6.215000,-0.412608,-0.364723,-0.420292
6.220000,0.084397,0.207184,0.468626
6.225000,0.454155,0.327991,0.236009
6.230000,-0.169473,-0.110568,-0.189687
6.235000,-0.323970,-0.432267,-0.443464
6.240000,0.251954,0.378481,0.232966
6.245000,0.438420,0.452566,0.418301
6.250000,-0.140706,-0.120970,-0.051111
6.255000,-0.399455,-0.271422,-0.437336
6.260000,-0.043319,0.316411,0.090689
6.265000,0.414118,0.225875,0.395452
6.270000,-0.181053,-0.262044,-0.084322
6.275000,-0.384019,-0.273595,-0.361027
6.280000,-0.084613,0.140438,0.222213
6.285000,0.468759,0.436329,0.232324
6.290000,-0.090321,-0.264826,-0.032249
6.295000,-0.347564,-0.301842,-0.399541
6.300000,0.308707,0.340147,0.193701
6.305000,0.328139,0.265413,0.476361
6.310000,-0.046369,-0.193772,-0.196578
6.315000,-0.455564,-0.307903,-0.311059
6.320000,0.057881,0.315607,0.183827
6.325000,0.286505,0.394919,0.506379
6.330000,-0.018540,-0.342437,-0.265049
6.335000,-0.456744,-0.370897,-0.448437
6.340000,0.087443,0.170257,0.255053
6.345000,0.427350,0.319124,0.299017
6.350000,-0.112010,-0.081559,-0.124464
6.355000,-0.450672,-0.276107,-0.310271
6.360000,0.060809,-0.109491,0.158831
6.365000,0.360451,0.288172,0.419569
6.370000,-0.125563,-0.139649,-0.198142
6.375000,-0.463889,-0.250571,-0.372015
6.380000,0.166507,0.187143,0.027447
6.385000,0.359546,0.165208,0.347998
6.390000,-0.138620,-0.313539,-0.120195
6.395000,-0.209159,-0.416730,-0.226572
6.400000,0.004917,0.092504,0.140682
6.405000,0.485297,0.425429,0.426256
6.410000,-0.137116,-0.052688,-0.088577
6.415000,-0.541741,-0.405903,-0.410148
6.420000,0.309535,0.363774,0.138972
6.425000,0.405418,0.322656,0.162348
6.430000,-0.165894,-0.197540,-0.161529
6.435000,-0.154096,-0.468834,-0.452825
6.440000,0.082909,0.243383,0.157345
6.445000,0.344188,0.288555,0.431986
6.450000,-0.170084,-0.189627,-0.234819
6.455000,-0.345852,-0.439924,-0.463802
6.460000,0.095525,0.083484,0.212613
6.465000,0.523269,0.489417,0.304741
6.470000,0.106686,-0.158380,-0.076089
6.475000,-0.446293,-0.267184,-0.466852
6.480000,0.101400,0.293077,0.225202
6.485000,0.361241,0.465335,0.417338
6.490000,-0.235287,-0.296137,-0.296224
6.495000,-0.417205,-0.398821,-0.394357
6.500000,-0.042760,0.312544,0.193498
6.505000,0.426571,0.442484,0.286696
6.510000,-0.015511,-0.201020,-0.188976
6.515000,-0.267628,-0.385516,-0.388333
6.520000,0.070928,0.159787,0.150224
6.525000,0.459243,0.370139,0.356796
6.530000,-0.262226,-0.327895,-0.236706
6.535000,-0.364064,-0.398256,-0.448574
6.540000,0.079402,0.186499,0.195210
6.545000,0.290818,0.220121,0.394142
6.550000,-0.089414,-0.055102,-0.066192
6.555000,-0.413714,-0.443749,-0.430412
6.560000,0.308038,-0.036735,0.242030
6.565000,0.427553,0.425920,0.358218
6.570000,-0.026707,-0.155691,-0.076528
6.575000,-0.298180,-0.248540,-0.440105
6.580000,-0.060349,0.226300,0.157266
6.585000,0.331412,0.355213,0.367588
6.590000,-0.102096,-0.378751,-0.181576
6.595000,-0.310648,-0.499169,-0.460633
6.600000,0.166843,0.121053,0.078385
6.605000,0.392473,0.429928,0.514510
6.610000,-0.056226,-0.063711,-0.125402
6.615000,-0.379583,-0.393471,-0.275155
6.620000,0.106872,-0.015686,-0.013836
6.625000,0.459353,0.257728,0.244676
6.630000,0.006153,-0.082093,-0.189311
6.635000,-0.421319,-0.425412,-0.340292
6.640000,0.048573,0.202956,0.288366
6.645000,0.362933,0.217869,0.187103
6.650000,-0.101096,-0.142264,-0.262498
6.655000,-0.446065,-0.307902,-0.221395
6.660000,0.050109,0.263291,0.102064
6.665000,0.301779,0.416654,0.299587
6.670000,-0.069582,-0.281469,-0.134798
6.675000,-0.491495,-0.431727,-0.290733
6.680000,-0.031547,0.208453,0.178954
6.685000,0.248713,0.483921,0.292359
6.690000,-0.022065,-0.271183,-0.258747
6.695000,-0.498654,-0.167345,-0.404002
6.700000,0.004006,0.121048,-0.104761
6.705000,0.287762,0.375181,0.385982
6.710000,-0.066400,-0.030747,-0.201767
6.715000,-0.349316,-0.295100,-0.390807
6.720000,-0.049311,0.287504,0.096894
6.725000,0.270577,0.278331,0.357362
6.730000,0.048134,-0.196283,-0.218722
6.735000,-0.311868,-0.497031,-0.215959
6.740000,0.195558,0.205488,0.266713
6.745000,0.333010,0.243146,0.352170
6.750000,-0.073214,-0.110660,-0.308767
6.755000,-0.308170,-0.582457,-0.398817
6.760000,0.064290,0.343484,0.167499
6.765000,0.425126,0.284156,0.404524
6.770000,0.133510,-0.201916,-0.224551
6.775000,-0.348955,-0.476154,-0.146727
6.780000,0.019368,0.243569,0.164783
6.785000,0.284972,0.283813,0.330289
6.790000,0.183552,-0.123387,-0.051669
6.795000,-0.488456,-0.592038,-0.341532
6.800000,-0.047814,0.301031,0.059666
6.805000,0.402752,0.369526,0.386386
6.810000,0.040047,-0.099052,-0.244320
6.815000,-0.352328,-0.296382,-0.319588
6.820000,0.045296,0.145714,0.088254
6.825000,0.672752,0.218669,0.345471
6.830000,0.079799,-0.027950,-0.270201
6.835000,-0.404222,-0.394189,-0.208798
6.840000,0.029878,0.002445,0.251083
6.845000,0.617522,0.242909,0.393143
6.850000,-0.099965,-0.316982,-0.102559
6.855000,-0.247607,-0.356774,-0.405535
6.860000,0.075062,0.215232,0.372102
6.865000,0.286911,0.403591,0.253972
6.870000,0.051039,-0.249931,-0.143116
6.875000,-0.407935,-0.480586,-0.277308
6.880000,-0.052402,0.198085,0.280673
6.885000,0.377574,0.229292,0.451115
6.890000,-0.034766,-0.225139,-0.210178
6.895000,-0.281509,-0.323038,-0.467647
6.900000,0.054251,0.179242,0.009106
6.905000,0.372472,0.276873,0.550488
6.910000,-0.084495,-0.049469,-0.121109
6.915000,-0.118184,-0.414852,-0.447448
6.920000,-0.157668,0.042310,0.288695
6.925000,0.469129,0.476918,0.228072
6.930000,-0.018466,-0.192181,0.059489
6.935000,-0.525770,-0.427889,-0.210179
6.940000,-0.212520,0.245851,0.194943
6.945000,0.406020,0.294957,0.381965
6.950000,-0.077963,-0.184755,-0.216867
6.955000,-0.374614,-0.259456,-0.318954
6.960000,0.155341,0.170653,0.329517
6.965000,0.260581,0.418038,0.436917
6.970000,-0.031679,-0.167128,-0.244922
6.975000,-0.414023,-0.319520,-0.293149
6.980000,-0.041823,0.150434,0.217849
6.985000,0.141987,0.443395,0.334832
6.990000,-0.004012,-0.002090,-0.243718
6.995000,-0.334389,-0.352631,-0.315846
7.000000,0.022933,0.261869,0.073712
7.005000,0.233062,0.566531,0.349788
7.010000,0.057775,0.002926,-0.054238
7.015000,-0.433985,-0.374037,-0.486232
7.020000,-0.073343,0.183921,0.192551
7.025000,0.434786,0.423264,0.223102
7.030000,-0.051244,-0.317930,-0.197418
7.035000,-0.356064,-0.357829,-0.314938
7.040000,0.055597,0.162976,0.332467
7.045000,0.351977,0.381151,0.265229
7.050000,0.240583,-0.198705,-0.246271
7.055000,-0.730437,-0.389802,-0.366221
7.060000,-0.097002,0.248423,0.178699
7.065000,0.385946,0.371193,0.293397
7.070000,-0.025885,-0.209298,-0.148155
7.075000,-0.438381,-0.547052,-0.256709
7.080000,-0.120472,0.185665,0.290103
7.085000,0.286305,0.438112,0.345048
7.090000,-0.025043,-0.180841,-0.190956
7.095000,-0.525100,-0.479092,-0.560033
7.100000,0.005368,0.134882,0.030712
7.105000,0.301715,0.381507,0.302582
7.110000,0.027427,-0.200884,-0.248790
7.115000,-0.378402,-0.313555,-0.376028
7.120000,-0.134514,0.182483,0.193954
7.125000,0.259171,0.436763,0.389992
7.130000,-0.014364,-0.212808,-0.208665
7.135000,-0.244125,-0.361937,-0.414990
7.140000,-0.005340,0.247143,0.251644
7.145000,0.394864,0.422897,0.503032
7.150000,0.185735,-0.213132,-0.334231
7.155000,-0.348705,-0.406407,-0.392416
7.160000,0.095726,0.136390,0.227967
7.165000,0.509486,0.278889,0.268408
7.170000,0.159775,-0.102488,-0.185720
7.175000,-0.326433,-0.131968,-0.308307
7.180000,-0.115412,0.278203,0.343896
7.185000,0.460812,0.320387,0.430801
7.190000,0.078202,-0.067943,-0.241068
7.195000,-0.374862,-0.490277,-0.232558
7.200000,0.119298,0.116494,0.404560
7.205000,0.362206,0.450023,0.323826
7.210000,-0.168109,-0.161116,-0.378629
7.215000,-0.578365,-0.329459,-0.297985
7.220000,-0.120632,0.129291,0.169819
7.225000,0.378291,0.477057,0.398822
7.230000,-0.162770,-0.072763,-0.355336
7.235000,-0.570595,-0.663624,-0.212890
7.240000,-0.159686,0.269047,0.296302
7.245000,0.480825,0.418591,0.388761
7.250000,0.191058,-0.101083,-0.245838
7.255000,-0.326542,-0.374544,-0.298533
7.260000,-0.109702,0.240313,0.134949
7.265000,0.417568,0.471543,0.295405
7.270000,-0.067847,-0.023710,-0.249708
7.275000,-0.397336,-0.531601,-0.253885
7.280000,0.051270,0.144815,0.095421
7.285000,0.375669,0.363289,0.452376
7.290000,0.204284,-0.237722,-0.048438
7.295000,-0.402159,-0.525964,-0.453246
7.300000,-0.141870,0.111776,-0.016218
7.305000,0.332277,0.566656,0.292920
7.310000,-0.088876,-0.080701,-0.115379
7.315000,-0.277171,-0.528301,-0.390480
7.320000,-0.094230,0.071612,0.263321
7.325000,0.272767,0.547197,0.363004
7.330000,0.116891,-0.221655,-0.085138
7.335000,-0.308392,-0.390335,-0.301777
7.340000,-0.011721,0.023230,0.163603
7.345000,0.410403,0.464654,0.328537
7.350000,0.147943,-0.078955,-0.263860
7.355000,-0.363445,-0.331221,-0.350603
7.360000,-0.196674,0.003493,0.325058
7.365000,0.255725,0.226121,0.341013
7.370000,0.053339,-0.129953,-0.199802
7.375000,-0.615041,-0.323898,-0.259839
7.380000,-0.009762,-0.167376,0.164122
7.385000,0.195441,0.446138,0.412712
7.390000,0.094094,-0.174795,-0.366333
7.395000,-0.293241,-0.281542,-0.415856
7.400000,0.036538,0.368411,0.187535
7.405000,0.255923,0.321398,0.251249
7.410000,0.316928,-0.044020,-0.309972
7.415000,-0.369035,-0.397600,-0.273309
7.420000,-0.112421,-0.060264,0.217067
7.425000,0.414572,0.412861,0.321045
7.430000,0.211929,-0.335281,-0.241220
7.435000,-0.278466,-0.378782,-0.405333
7.440000,-0.067070,0.126538,0.222908
7.445000,0.375189,0.278630,0.209814
7.450000,0.169830,-0.193493,-0.113505
7.455000,-0.427268,-0.208348,-0.281330
7.460000,0.091826,0.189396,0.331010
7.465000,0.202023,0.319781,0.203480
7.470000,0.042390,-0.243635,-0.320081
7.475000,-0.361526,-0.306265,-0.468988
7.480000,-0.190332,0.115582,0.203153
7.485000,0.388230,0.246726,0.235970
7.490000,0.077996,-0.149887,-0.303268
7.495000,-0.277241,-0.492345,-0.631907
7.500000,-0.312358,-0.013728,0.124853
7.505000,0.380240,0.526914,0.452479
7.510000,-0.019074,-0.314896,-0.154954
7.515000,-0.409786,-0.456222,-0.393415
7.520000,-0.301274,0.144731,0.215085
7.525000,0.238442,0.552349,0.241554
7.530000,0.212609,-0.146691,-0.237238
7.535000,-0.371530,-0.401036,-0.398236
7.540000,-0.123277,0.299031,0.122170
7.545000,0.460901,0.392788,0.237491
7.550000,0.099206,-0.089479,-0.065122
7.555000,-0.504598,-0.552084,-0.365499
7.560000,0.077738,0.143546,0.306569
7.565000,0.292081,0.314788,0.224346
7.570000,0.182522,-0.322990,-0.183152
7.575000,-0.303955,-0.428379,-0.483055
7.580000,-0.076618,0.219934,0.140962
7.585000,0.497898,0.212187,0.425709
7.590000,0.145939,-0.234329,-0.341780
7.595000,-0.239984,-0.567215,-0.261343
7.600000,-0.025746,-0.013982,0.326036
7.605000,0.323848,0.532528,0.538707
7.610000,0.148523,0.022700,-0.222326
7.615000,-0.185380,-0.227690,-0.487864
7.620000,-0.079998,0.089025,0.163776
7.625000,0.257037,0.525285,0.400802
7.630000,0.223116,0.091472,-0.286066
7.635000,-0.426190,-0.269447,-0.337627
7.640000,-0.326753,0.093421,0.097397
7.645000,0.281652,0.510615,0.400828
7.650000,0.085679,-0.125146,-0.225209
7.655000,-0.410326,-0.347174,-0.277642
7.660000,-0.102590,0.133298,0.076474
7.665000,0.516632,0.365002,0.337965
7.670000,0.142100,-0.229595,-0.217767
7.675000,-0.271020,-0.434777,-0.392898
7.680000,-0.369452,0.227422,0.180548
7.685000,0.279203,0.447797,0.339701
7.690000,0.003581,-0.169293,-0.359677
7.695000,-0.316852,-0.206318,-0.482799
7.700000,-0.416351,0.122577,0.245487
7.705000,0.445306,0.626096,0.308309
7.710000,0.092550,-0.328577,0.099014
7.715000,-0.122744,-0.421831,-0.396935
7.720000,-0.094022,0.026373,0.295495
7.725000,0.364000,0.407780,0.370850
7.730000,0.053795,-0.075694,-0.232046
7.735000,-0.222721,-0.400626,-0.218464
7.740000,-0.178516,0.242104,0.274079
7.745000,0.330773,0.311159,0.303135
7.750000,0.090650,-0.176797,-0.160079
7.755000,-0.383975,-0.366303,-0.295619
7.760000,-0.135177,0.118987,0.216390
7.765000,0.272064,0.193501,0.280964
7.770000,0.212879,-0.150436,-0.166896
7.775000,-0.373805,-0.385529,-0.336617
7.780000,-0.003106,0.142940,0.444411
7.785000,0.321565,0.399930,0.292240
7.790000,0.115800,-0.112199,-0.143946
7.795000,-0.258935,-0.397373,-0.479674
7.800000,-0.020932,-0.100088,0.275568
7.805000,0.451442,0.377661,0.390394
7.810000,0.167221,-0.231757,-0.355651
7.815000,-0.359340,-0.441253,-0.269375
7.820000,-0.138006,0.194238,0.341493
7.825000,0.478547,0.438388,0.447733
7.830000,0.200212,-0.205565,-0.140873
7.835000,-0.568044,-0.422448,-0.366464
7.840000,-0.162371,0.160599,0.065645
7.845000,0.339283,0.412527,0.324534
7.850000,0.219678,-0.078508,-0.076205
7.855000,-0.355301,-0.381051,-0.261225
7.860000,-0.132068,0.199694,0.001686
7.865000,0.521387,0.227042,0.426610
7.870000,0.338913,0.005227,-0.139924
7.875000,-0.426066,-0.322381,-0.228223
7.880000,-0.139280,-0.037151,0.311514
7.885000,0.310076,0.538780,0.298510
7.890000,0.151302,-0.118224,-0.103190
7.895000,-0.408737,-0.446981,-0.615227
7.900000,-0.061236,0.162048,0.296668
7.905000,0.332384,0.237406,0.536957
7.910000,0.174384,-0.164528,0.080658
7.915000,-0.456400,-0.295588,-0.477202
7.920000,-0.017748,0.141467,0.150664
7.925000,0.304880,0.271853,0.581883
7.930000,0.070454,-0.027317,-0.152421
7.935000,-0.265242,-0.511393,-0.314049
7.940000,-0.251002,0.075647,0.161891
7.945000,0.465841,0.408227,0.387360
7.950000,0.351632,-0.014073,-0.369164
7.955000,-0.314040,-0.468050,-0.382935
7.960000,-0.231789,0.130979,0.149198
7.965000,0.310279,0.365177,0.551524
7.970000,0.045884,-0.116305,-0.265036
7.975000,-0.373533,-0.452442,-0.415809
7.980000,-0.177872,-0.066455,0.276730
7.985000,0.439102,0.429973,0.447983
7.990000,0.016462,-0.250595,-0.284435
7.995000,-0.318006,-0.266769,-0.265877
8.000000,-0.100806,0.171789,0.140427
8.005000,0.384752,0.336142,0.504733
8.010000,0.103195,-0.071655,-0.340148
8.015000,-0.458149,-0.303445,-0.417345
8.020000,-0.201792,0.016369,0.286017
8.025000,0.458455,0.432327,0.447965
8.030000,0.137140,-0.240227,-0.329349
8.035000,-0.379823,-0.360088,-0.420867
8.040000,-0.250910,0.229301,0.118843
8.045000,0.158286,0.456458,0.390114
8.050000,0.234634,-0.191150,-0.166278
8.055000,-0.191834,-0.497813,-0.342689
8.060000,-0.075642,0.142072,0.137170
8.065000,0.356718,0.235066,0.386541
8.070000,0.179203,-0.118038,-0.070527
8.075000,-0.183068,-0.365434,-0.534980
8.080000,-0.217052,0.068663,0.236837
8.085000,0.377005,0.404784,0.406264
8.090000,0.131598,-0.025430,-0.119964
8.095000,-0.276672,-0.401638,-0.261173
8.100000,0.003528,0.155341,0.243453
8.105000,0.492791,0.178513,0.458268
8.110000,0.165452,-0.098279,-0.156793
8.115000,-0.167606,-0.455487,-0.247803
8.120000,-0.203418,0.072664,0.228341
8.125000,0.481806,0.216623,0.374210
8.130000,0.169337,-0.115371,-0.166841
8.135000,-0.310197,-0.389635,-0.308645
8.140000,-0.165895,0.160028,0.022264
8.145000,0.399254,0.310541,0.515736
8.150000,0.160484,-0.219602,-0.182140
8.155000,-0.379617,-0.254105,-0.355109
8.160000,-0.105766,0.077300,0.116168
8.165000,0.339803,0.502860,0.219742
8.170000,0.274001,-0.184047,-0.176256
8.175000,-0.411340,-0.476495,-0.479464
8.180000,0.069284,0.090432,0.072903
8.185000,0.323811,0.355320,0.417067
8.190000,0.211346,-0.136000,-0.238457
8.195000,-0.257364,-0.502406,-0.308947
8.200000,0.020565,0.276578,0.045230
8.205000,0.233493,0.474912,0.255842
8.210000,0.309705,0.031092,-0.215269
8.215000,-0.310100,-0.519386,-0.229219
8.220000,-0.156516,0.012872,0.229531
8.225000,0.266726,0.461750,0.331283
8.230000,0.023806,-0.196063,-0.283563
8.235000,-0.350885,-0.380146,-0.388193
8.240000,-0.115169,0.140651,0.153810
8.245000,0.435514,0.357978,0.272399
8.250000,0.142064,-0.215262,0.152496
8.255000,-0.403827,-0.384334,-0.409367
8.260000,-0.093911,0.180091,0.145516
8.265000,0.240450,0.408065,0.341564
8.270000,-0.065550,-0.303378,-0.295143
8.275000,-0.390363,-0.418286,-0.489061
8.280000,-0.076994,0.035320,0.260052
8.285000,0.550548,0.423669,0.314220
8.290000,0.057204,-0.012206,-0.429657
8.295000,-0.167758,-0.306587,-0.287278
8.300000,0.089120,0.137371,0.105498
8.305000,0.525575,0.390536,0.347613
8.310000,0.177266,-0.199634,-0.272833
8.315000,-0.147403,-0.518992,-0.399632
8.320000,-0.271887,0.255891,0.238956
8.325000,0.447163,0.309098,0.390804
8.330000,0.093204,-0.093378,-0.040507
8.335000,-0.183672,-0.398305,-0.414672
8.340000,-0.105642,0.046773,0.188361
8.345000,0.384223,0.365601,0.387606
8.350000,0.019821,-0.011837,-0.323194
8.355000,-0.264362,-0.432827,-0.483235
8.360000,-0.284003,0.046233,0.061572
8.365000,0.430590,0.370347,0.459000
8.370000,0.018685,-0.153878,-0.215961
8.375000,-0.398177,-0.362901,-0.450535
8.380000,-0.183640,-0.033780,0.216156
8.385000,0.290188,0.365975,0.480155
8.390000,0.298003,-0.019906,-0.144877
8.395000,-0.378487,-0.527084,-0.347597
8.400000,-0.077903,0.240199,0.298153
8.405000,0.245700,0.395716,0.245902
8.410000,0.091401,-0.137714,-0.049806
8.415000,-0.300400,-0.414564,-0.265510
8.420000,-0.074780,0.149131,0.252161
8.425000,0.533331,0.445077,0.348706
8.430000,0.052421,-0.028695,-0.177367
8.435000,-0.295123,-0.292950,-0.538588
8.440000,-0.133999,0.214419,-0.006392
8.445000,0.335283,0.507625,0.266898
8.450000,0.238570,0.110013,-0.343489
8.455000,-0.294394,-0.336241,-0.455588
8.460000,-0.275002,0.171234,0.277987
8.465000,0.240365,0.306208,0.215709
8.470000,0.124697,-0.074253,-0.341452
8.475000,-0.311718,-0.280933,-0.437554
8.480000,-0.352130,0.059297,0.069821
8.485000,0.221562,0.322021,0.286329
8.490000,0.048305,-0.202949,-0.340175
8.495000,-0.354216,-0.068836,-0.378002
8.500000,-0.088747,-0.055649,0.147145
8.505000,0.367626,0.374595,0.310880
8.510000,0.252271,-0.134731,-0.277196
8.515000,-0.252681,-0.589616,-0.345174
8.520000,-0.099558,0.238797,0.095911
8.525000,0.422711,0.525767,0.307001
8.530000,0.219840,-0.142773,-0.099561
8.535000,-0.246846,-0.557362,-0.490740
8.540000,-0.041173,0.148809,0.125919
8.545000,0.344386,0.475679,0.383070
8.550000,0.117734,-0.130805,-0.213608
8.555000,-0.406371,-0.487296,-0.417474
8.560000,-0.235766,0.146638,0.160724
8.565000,0.524429,0.373312,0.343666
8.570000,0.268303,-0.129644,-0.203730
8.575000,-0.292881,-0.584866,-0.497306
8.580000,-0.153301,0.186385,0.060829
8.585000,0.312756,0.345908,0.297651
8.590000,0.105123,-0.222305,-0.147041
8.595000,-0.380452,-0.433216,-0.447539
8.600000,-0.055162,0.104813,0.354823
8.605000,0.418579,0.407729,0.140299
8.610000,0.200594,-0.097968,-0.212671
8.615000,-0.457806,-0.286404,-0.352710
8.620000,-0.163070,0.115475,0.191567
8.625000,0.431449,0.436736,0.316402
8.630000,0.055616,-0.035604,-0.213920
8.635000,-0.321862,-0.431345,-0.490011
8.640000,-0.035800,0.272378,0.391251
8.645000,0.348967,0.278750,0.356398
8.650000,0.132551,-0.022706,-0.353251
8.655000,-0.197135,-0.318363,-0.331355
8.660000,-0.039462,0.149854,0.224992
8.665000,0.285051,0.354401,0.350573
8.670000,-0.015657,-0.076299,0.031261
8.675000,-0.339902,-0.611686,-0.361850
8.680000,-0.068931,0.068836,0.425301
8.685000,0.298579,0.457949,0.159803
8.690000,-0.061113,-0.280000,-0.128976
8.695000,-0.353427,-0.237966,-0.403713
8.700000,-0.234663,0.182264,0.113422
8.705000,0.208865,0.514169,0.296952
8.710000,0.062168,-0.199921,-0.060099
8.715000,-0.210490,-0.535625,-0.406800
8.720000,-0.234775,0.074350,0.282906
8.725000,0.356877,0.493823,0.451984
8.730000,0.056801,-0.028262,-0.337800
8.735000,-0.304348,-0.479069,-0.277084
8.740000,0.025999,0.220784,0.174697
8.745000,0.370904,0.478249,0.509407
8.750000,0.229087,-0.018944,-0.266080
8.755000,-0.309159,-0.419955,-0.361927
8.760000,-0.035252,0.022733,0.239801
8.765000,0.371013,0.466375,0.434287
8.770000,0.140535,-0.038801,-0.420940
8.775000,-0.188673,-0.443049,-0.300259
8.780000,-0.014661,0.037946,0.072870
8.785000,0.297893,0.345310,0.416496
8.790000,0.182239,-0.063938,-0.514883
8.795000,-0.399131,-0.363047,-0.522397
8.800000,-0.148216,0.160272,0.304547
8.805000,0.323389,0.268028,0.368336
8.810000,-0.041661,-0.057667,-0.199709
8.815000,-0.356447,-0.223274,-0.387923
8.820000,-0.039022,0.139159,0.242294
8.825000,0.450883,0.386483,0.314860
8.830000,0.233821,0.097886,-0.316953
8.835000,-0.395525,-0.493419,-0.250856
8.840000,-0.087723,-0.061155,0.214240
8.845000,0.324214,0.323473,0.388713
8.850000,0.275898,-0.113875,-0.170023
8.855000,-0.355861,-0.389479,-0.269093
8.860000,-0.091206,0.107699,0.309328
8.865000,0.256906,0.320207,0.407226
8.870000,0.154596,-0.116701,-0.122932
8.875000,-0.105449,-0.484765,-0.340912
8.880000,-0.273878,0.118332,0.089390
8.885000,0.302978,0.423916,0.312588
8.890000,0.191661,-0.342875,-0.245795
8.895000,-0.261591,-0.252067,-0.422002
8.900000,-0.154991,0.223886,0.241251
8.905000,0.395682,0.217187,0.454551
8.910000,0.175882,-0.059373,-0.185534
8.915000,-0.301271,-0.277434,-0.479364
8.920000,-0.170630,0.028994,0.283750
8.925000,0.387690,0.452510,0.441556
8.930000,0.029296,-0.198733,-0.395077
8.935000,-0.318192,-0.323088,-0.343723
8.940000,-0.127128,0.129640,0.023760
8.945000,0.309194,0.326244,0.347388
8.950000,0.270023,-0.097967,-0.211480
8.955000,-0.374776,-0.382114,-0.540891
8.960000,-0.212096,-0.071446,0.189447
8.965000,0.512435,0.374432,0.601533
8.970000,0.203054,-0.183595,-0.151056
8.975000,-0.291362,-0.499762,-0.334169
8.980000,-0.116343,0.140444,0.085898
8.985000,0.282486,0.450343,0.329704
8.990000,0.256071,-0.032117,-0.113821
8.995000,-0.398384,-0.300524,-0.364621
9.000000,-0.216310,0.120035,0.164636
9.005000,0.426680,0.387503,0.391987
9.010000,0.289746,-0.005572,-0.206090
9.015000,-0.114396,-0.494292,-0.347094
9.020000,0.030261,0.112911,0.391974
9.025000,0.281665,0.547005,0.293881
9.030000,0.208029,-0.208988,-0.090388
9.035000,-0.325667,-0.343766,-0.321514
9.040000,-0.226730,0.153264,0.209603
9.045000,0.368766,0.411160,0.592499
9.050000,-0.029141,-0.137775,-0.081357
9.055000,-0.295389,-0.362848,-0.297236
9.060000,-0.211767,-0.013262,0.101882
9.065000,0.438922,0.318286,0.331311
9.070000,0.035953,-0.224351,-0.222601
9.075000,-0.189282,-0.338067,-0.245184
9.080000,0.006134,0.019241,0.319377
9.085000,0.319832,0.141956,0.224334
9.090000,0.109575,-0.294774,-0.152934
9.095000,-0.313864,-0.513856,-0.363946
9.100000,-0.170100,0.019234,0.164459
9.105000,0.333312,0.468859,0.466001
9.110000,-0.162891,-0.047703,-0.408976
9.115000,-0.463151,-0.329047,-0.460170
9.120000,-0.219383,0.150282,0.405854
9.125000,0.468573,0.275740,0.432087
9.130000,0.108917,-0.204298,-0.188125
9.135000,-0.405037,-0.341306,-0.380561
9.140000,-0.170297,0.221599,0.177869
9.145000,0.488384,0.456251,0.460192
9.150000,0.075796,-0.074381,-0.300013
9.155000,-0.239130,-0.350074,-0.355824
9.160000,-0.231338,0.067971,0.251784
9.165000,0.461224,0.466906,0.357127
9.170000,0.245046,-0.141544,-0.160737
9.175000,-0.357326,-0.291527,-0.360428
9.180000,-0.217696,0.054594,0.259256
9.185000,0.348152,0.420132,0.321657
9.190000,-0.018495,-0.082382,-0.216510
9.195000,-0.339358,-0.463937,-0.245926
9.200000,-0.117005,0.053913,0.179556
9.205000,0.409234,0.250119,0.300292
9.210000,0.267044,-0.183826,-0.193693
9.215000,-0.384855,-0.467734,-0.255203
9.220000,-0.243262,0.146164,0.354407
9.225000,0.430236,0.302835,0.350666
9.230000,0.249107,-0.271683,-0.318054
9.235000,-0.358924,-0.308958,-0.410031
9.240000,-0.231892,0.139893,0.267721
9.245000,0.577901,0.500919,0.312679
9.250000,0.067860,-0.231053,-0.337369
9.255000,-0.396005,-0.426863,-0.325585
9.260000,0.003844,0.296090,0.204311
9.265000,0.346815,0.274574,0.438939
9.270000,0.118578,-0.103210,-0.232057
9.275000,-0.434541,-0.359913,-0.370610
9.280000,-0.166534,0.154236,0.209676
9.285000,0.229723,0.553998,0.396364
9.290000,0.013523,-0.165199,-0.087867
9.295000,-0.285852,-0.385109,-0.394343
9.300000,-0.085302,0.198175,0.173471
9.305000,0.351543,0.377211,0.442666
9.310000,0.231078,-0.067003,-0.327128
9.315000,-0.138991,-0.272119,-0.317385
9.320000,-0.017126,0.110692,0.243741
9.325000,0.438972,0.373279,0.150403
9.330000,0.154218,-0.051740,-0.194158
9.335000,-0.253260,-0.308384,-0.246642
9.340000,-0.018568,0.167509,0.418048
9.345000,0.287483,0.522516,0.392050
9.350000,0.130035,-0.309366,-0.238803
9.355000,-0.194913,-0.364924,-0.293587
9.360000,-0.277843,0.138827,0.233327
9.365000,0.177954,0.377565,0.414856
9.370000,0.364861,-0.035949,-0.447010
9.375000,-0.292434,-0.355247,-0.435480
9.380000,0.011849,0.056351,0.183564
9.385000,0.439626,0.463783,0.123388
9.390000,0.262217,-0.093303,-0.189248
9.395000,-0.226337,-0.438726,-0.440989
9.400000,-0.278546,-0.050724,0.142405
9.405000,0.393722,0.466960,0.399501
9.410000,0.082267,0.069691,-0.172284
9.415000,-0.454690,-0.519579,-0.324807
9.420000,-0.134721,0.192802,0.260990
9.425000,0.148087,0.298317,0.261494
9.430000,0.130372,-0.243508,-0.071166
9.435000,-0.555440,-0.580000,-0.339748
9.440000,-0.063064,-0.027910,0.116347
9.445000,0.256972,0.481190,0.130298
9.450000,0.117511,0.039611,-0.272504
9.455000,-0.254634,-0.288498,-0.428548
9.460000,-0.096054,0.103405,0.130577
9.465000,0.387141,0.211643,0.334645
9.470000,0.226476,-0.132039,-0.096814
9.475000,-0.242843,-0.501497,-0.567660
9.480000,-0.169868,0.145626,0.290362
9.485000,0.401889,0.385814,0.402179
9.490000,0.327364,-0.198134,-0.073112
9.495000,-0.313056,-0.504552,-0.547443
9.500000,-0.137286,0.091454,0.103890
9.505000,0.429635,0.362573,0.265001
9.510000,0.169240,-0.240959,-0.097200
9.515000,-0.381392,-0.466518,-0.430369
9.520000,-0.141652,0.366191,0.154337
9.525000,0.071109,0.106721,0.367159
9.530000,0.078174,-0.141505,-0.431839
9.535000,-0.399294,-0.436039,-0.231298
9.540000,-0.104713,0.125673,0.207937
9.545000,0.476288,0.494833,0.388400
9.550000,0.140989,-0.187534,-0.138339
9.555000,-0.359868,-0.566918,-0.242678
9.560000,-0.083642,0.012036,0.198086
9.565000,0.376192,0.338706,0.549869
9.570000,0.312080,-0.042477,-0.216523
9.575000,-0.371855,-0.340409,-0.404736
9.580000,-0.017427,0.008820,-0.002021
9.585000,0.330027,0.437963,0.503213
9.590000,0.340377,-0.213682,-0.234520
9.595000,-0.303158,-0.392770,-0.389075
9.600000,-0.077970,0.253430,0.284438
9.605000,0.293014,0.409634,0.295217
9.610000,-0.053427,-0.215137,-0.107568
9.615000,-0.398289,-0.500004,-0.446735
9.620000,-0.240608,0.269917,0.103464
9.625000,0.318504,0.534149,0.377772
9.630000,0.171990,-0.029495,-0.188264
9.635000,-0.188212,-0.423563,-0.325303
9.640000,-0.018182,0.079375,0.324428
9.645000,0.112957,0.456452,0.354550
9.650000,-0.007213,-0.002367,-0.226093
9.655000,-0.251705,-0.346876,-0.375116
9.660000,-0.038360,0.063640,0.142675
9.665000,0.361400,0.459829,0.340245
9.670000,0.043604,-0.129562,-0.163867
9.675000,-0.202447,-0.431650,-0.477312
9.680000,-0.301415,0.061340,0.290649
9.685000,0.322593,0.397563,0.459286
9.690000,0.343804,-0.147376,-0.069719
9.695000,-0.336805,-0.516715,-0.380310
9.700000,-0.164643,0.060879,0.188944
9.705000,0.275284,0.359377,0.474916
9.710000,0.185834,-0.108731,-0.324635
9.715000,-0.213412,-0.270923,-0.335397
9.720000,-0.201220,0.047539,0.205211
9.725000,0.281155,0.373195,0.422800
9.730000,0.185634,-0.061304,-0.096333
9.735000,-0.272510,-0.156140,-0.567728
9.740000,-0.173614,-0.032812,0.209258
9.745000,0.265142,0.383695,0.342895
9.750000,0.132517,0.098563,-0.159087
9.755000,-0.278713,-0.505891,-0.411739
9.760000,-0.265523,0.034393,0.344182
9.765000,0.389331,0.349527,0.327231
9.770000,0.295892,-0.111212,-0.050795
9.775000,-0.219974,-0.283767,-0.410802
9.780000,-0.150437,0.169529,0.055723
9.785000,0.525056,0.370455,0.410534
9.790000,0.006375,0.145600,-0.153178
9.795000,-0.106591,-0.217077,-0.420140
9.800000,-0.068961,0.243221,0.241087
9.805000,0.300016,0.202161,0.266346
9.810000,0.158665,-0.158296,-0.136110
9.815000,-0.475266,-0.499469,-0.353228
9.820000,-0.057070,0.043154,0.412885
9.825000,0.193344,0.335848,0.259021
9.830000,0.194015,-0.133127,-0.261434
9.835000,-0.481819,-0.331269,-0.450442
9.840000,-0.151516,-0.100426,0.045601
9.845000,0.310681,0.276327,0.335531
9.850000,0.197268,-0.199069,-0.028979
9.855000,-0.314382,-0.401951,-0.401825
9.860000,-0.282179,0.237677,0.227585
9.865000,0.377449,0.452317,0.403222
9.870000,0.090666,-0.171356,-0.187804
9.875000,-0.317941,-0.393870,-0.230650
9.880000,-0.034768,-0.020719,0.077483
9.885000,0.448672,0.508001,0.288848
9.890000,0.254369,-0.080220,-0.151116
9.895000,-0.421940,-0.551936,-0.412592
9.900000,-0.282575,0.191953,0.198381
9.905000,0.318454,0.339230,0.443412
9.910000,0.232579,-0.087039,-0.085611
9.915000,-0.409353,-0.473739,-0.345473
9.920000,-0.176338,0.096896,0.293174
9.925000,0.424018,0.296612,0.332187
9.930000,0.187844,0.199939,-0.224961
9.935000,-0.400837,-0.455654,-0.382456
9.940000,-0.091039,0.145243,0.219518
9.945000,0.361961,0.291076,0.335285
9.950000,0.070872,-0.049488,-0.228050
9.955000,-0.357445,-0.341740,-0.692391
9.960000,-0.191404,0.132331,0.062757
9.965000,0.256294,0.404848,0.583662
9.970000,0.294406,0.114381,-0.191545
9.975000,-0.287229,-0.283431,-0.378451
9.980000,-0.052079,0.155747,0.420121
9.985000,0.234557,0.511072,0.438504
9.990000,0.209797,0.113415,-0.063538
9.995000,-0.275038,-0.334579,-0.361777
10.000000,-0.282888,0.008451,0.032021
10.005000,0.457189,0.451079,0.310129
10.010000,0.249333,-0.049356,-0.119623
10.015000,-0.536075,-0.451033,-0.224918
10.020000,-0.306011,0.168267,0.267733
10.025000,0.221917,0.458101,0.430158
10.030000,0.236841,-0.047782,-0.193357
10.035000,-0.366111,-0.367988,-0.183597
10.040000,-0.301967,0.242608,0.357970
10.045000,0.292228,0.396615,0.452462
10.050000,0.266799,-0.223403,-0.170974
10.055000,-0.335336,-0.393103,-0.260963
10.060000,-0.097847,0.065632,0.214218
10.065000,0.392317,0.157615,0.212298
10.070000,0.021912,0.013911,-0.140645
10.075000,-0.258135,-0.466156,-0.466903
10.080000,-0.263131,0.226868,0.239880
10.085000,0.331367,0.554693,0.429859
10.090000,0.055700,-0.007016,-0.115831
10.095000,-0.276456,-0.428537,-0.129943
10.100000,-0.145187,-0.061705,0.435236
10.105000,0.250681,0.452980,0.233977
10.110000,0.406377,-0.013834,-0.125352
10.115000,-0.201612,-0.346081,-0.445537
10.120000,-0.226693,0.050689,0.332187
10.125000,0.473684,0.352808,0.434784
10.130000,0.294632,-0.281114,-0.309717
10.135000,-0.276925,-0.379140,-0.490672
10.140000,-0.223595,0.005879,0.449845
10.145000,0.383434,0.527866,0.343680
10.150000,0.105443,-0.065721,-0.042620
10.155000,-0.134387,-0.350864,-0.261068
10.160000,-0.132864,0.063012,0.258759
10.165000,0.326623,0.279612,0.272321
10.170000,0.336320,0.010991,-0.066843
10.175000,-0.182706,-0.540326,-0.531115
10.180000,-0.326167,-0.001000,0.196597
10.185000,0.305291,0.472383,0.459185
10.190000,0.302429,-0.085439,-0.175939
10.195000,-0.230920,-0.346984,-0.302428
10.200000,-0.219477,0.000334,0.352753
10.205000,0.147348,0.400990,0.308617
10.210000,0.126591,0.059285,-0.048381
10.215000,-0.503316,-0.465601,-0.289598
10.220000,-0.232508,0.122617,0.187425
10.225000,0.102198,0.313022,0.386588
10.230000,0.400207,0.044835,-0.266485
10.235000,-0.356957,-0.565530,-0.409644
10.240000,-0.245769,0.040226,0.238413
10.245000,0.056846,0.354338,0.130768
10.250000,0.202821,0.055321,-0.093306
10.255000,-0.403739,-0.316424,-0.393411
10.260000,-0.138585,-0.047528,0.298735
10.265000,0.151816,0.452375,0.285409
10.270000,0.232902,-0.374188,-0.072373
10.275000,-0.037156,-0.342114,-0.425104
10.280000,-0.190850,-0.060223,0.368673
10.285000,0.311208,0.399297,0.481976
10.290000,0.281547,0.083416,-0.208420
10.295000,-0.312846,-0.480664,-0.438022
10.300000,-0.363377,0.090976,0.264084
10.305000,0.351552,0.421408,0.389652
10.310000,0.110792,0.014707,-0.129795
10.315000,-0.204314,-0.602872,-0.403008
10.320000,-0.172089,0.058666,0.326973
10.325000,0.184318,0.349214,0.370098
10.330000,0.168585,-0.002750,-0.114513
10.335000,-0.294823,-0.513958,-0.406389
10.340000,-0.220729,-0.048871,0.183665
10.345000,0.307147,0.447711,0.387361
10.350000,0.281903,0.138242,-0.081987
10.355000,-0.273540,-0.406939,-0.497075
10.360000,-0.200739,0.060337,0.339600
10.365000,0.416699,0.380472,0.389804
10.370000,0.366186,-0.112695,-0.217241
10.375000,-0.189380,-0.343966,-0.430338
10.380000,-0.334422,0.137120,0.138994
10.385000,0.174602,0.302226,0.369052
10.390000,0.132917,-0.105771,-0.153573
10.395000,-0.299527,-0.419589,-0.203499
10.400000,-0.417473,0.049784,-0.053138
10.405000,0.225766,0.375806,0.352123
10.410000,0.457573,-0.042979,-0.194445
10.415000,-0.162164,-0.297886,-0.501111
10.420000,-0.297189,-0.004055,0.073992
10.425000,0.474797,0.392677,0.570477
10.430000,0.383230,-0.021577,-0.200049
10.435000,-0.265238,-0.256439,-0.137871
10.440000,-0.166120,-0.103620,0.261603
10.445000,0.149622,0.289278,0.285455
10.450000,0.174361,0.072666,-0.186818
10.455000,-0.276477,-0.450644,-0.443006
10.460000,-0.185318,0.025798,0.067781
10.465000,0.223360,0.425646,0.392408
10.470000,0.275410,0.100833,-0.045657
10.475000,-0.256109,-0.515479,-0.315179
10.480000,-0.251899,0.089881,0.121779
10.485000,0.261391,0.345056,0.276002
10.490000,0.127537,0.036280,-0.047890
10.495000,-0.218583,-0.434684,-0.448483
10.500000,-0.342867,0.147123,0.175320
10.505000,0.199208,0.301839,0.233248
10.510000,0.443619,0.027341,-0.162402
10.515000,-0.333005,-0.282656,-0.396043
10.520000,-0.214799,0.226650,0.386322
10.525000,0.362158,0.233283,0.322985
10.530000,0.145254,0.039420,-0.186204
10.535000,-0.176917,-0.316872,-0.274908
10.540000,-0.276773,0.040335,0.193729
10.545000,0.177719,0.412511,0.512347
10.550000,0.278576,-0.048339,-0.108906
10.555000,-0.147122,-0.333869,-0.250580
10.560000,-0.342502,-0.109592,0.181360
10.565000,0.298083,0.515927,0.400422
10.570000,0.294632,0.015687,-0.109125
10.575000,-0.280046,-0.480053,-0.474534
10.580000,-0.141238,-0.109375,0.202536
10.585000,0.153364,0.477502,0.442919
10.590000,0.433765,0.179793,-0.260241
10.595000,-0.076231,-0.205135,-0.427950
10.600000,-0.283798,0.029203,0.088789
10.605000,0.019440,0.475195,0.458684
10.610000,0.220979,0.161061,-0.240114
10.615000,-0.202294,-0.278865,-0.478590
10.620000,-0.135329,-0.043289,0.138377
10.625000,0.423850,0.473645,0.313245
10.630000,0.081337,0.066443,-0.122599
10.635000,-0.121017,-0.365981,-0.361347
10.640000,-0.311236,0.013987,0.220113
10.645000,0.202047,0.360584,0.361180
10.650000,0.475730,0.169172,-0.089189
10.655000,-0.247080,-0.246055,-0.423260
10.660000,-0.228108,-0.088384,0.180944
10.665000,0.363669,0.306221,0.457236
10.670000,0.237360,-0.062597,-0.237968
10.675000,-0.124492,-0.506818,-0.344845
10.680000,-0.356192,-0.036143,0.431216
10.685000,0.269868,0.140774,0.275140
10.690000,0.324009,0.049012,-0.039170
10.695000,-0.124315,-0.595852,-0.276882
10.700000,-0.382257,-0.022991,0.076238
10.705000,0.331719,0.441447,0.121923
10.710000,0.454021,0.066953,-0.375245
10.715000,-0.064009,-0.273332,-0.380512
10.720000,-0.321311,-0.210745,0.158181
10.725000,0.157784,0.162866,0.475931
10.730000,0.160538,-0.112048,0.086591
10.735000,-0.157572,-0.327546,-0.207517
10.740000,-0.349750,0.141034,0.111627
10.745000,0.391539,0.267620,0.450010
10.750000,0.423698,-0.115241,-0.228829
10.755000,-0.183999,-0.323529,-0.435903
10.760000,-0.225611,0.086116,0.201673
10.765000,0.204582,0.319345,0.331032
10.770000,0.234517,-0.050529,-0.127346
10.775000,-0.149656,-0.537025,-0.299208
10.780000,-0.321034,-0.058101,0.155936
10.785000,0.159092,0.417042,0.352495
10.790000,0.338579,-0.032124,-0.163442
10.795000,-0.205204,-0.384820,-0.278609
10.800000,-0.223517,0.034974,0.174228
10.805000,0.159541,0.281029,0.476641
10.810000,0.224610,0.070384,-0.024837
10.815000,-0.075374,-0.378539,-0.348428
10.820000,-0.291178,-0.234060,0.197578
10.825000,0.026335,0.432020,0.503700
10.830000,0.229448,0.089464,-0.255063
10.835000,-0.083252,-0.643695,-0.421324
10.840000,-0.283226,-0.130426,0.170043
10.845000,0.299495,0.507865,0.407715
10.850000,0.240448,0.201144,-0.131910
10.855000,-0.097376,-0.228379,-0.344099
10.860000,-0.156424,-0.061193,0.135363
10.865000,0.175340,0.495757,0.445111
10.870000,0.415387,0.114570,-0.222976
10.875000,-0.222088,-0.399519,-0.337762
10.880000,-0.170011,-0.140455,0.218306
10.885000,0.243742,0.402856,0.449834
10.890000,0.249240,0.101542,-0.154950
10.895000,-0.174681,-0.345790,-0.317554
10.900000,-0.334181,-0.028679,0.224421
10.905000,0.042841,0.505536,0.292101
10.910000,0.449390,0.051364,-0.228429
10.915000,-0.149474,-0.447854,-0.468903
10.920000,-0.264812,-0.160082,0.240689
10.925000,0.145057,0.461757,0.388446
10.930000,0.347106,0.138572,-0.189573
10.935000,-0.285356,-0.293830,-0.398090
10.940000,-0.502320,-0.020950,0.140388
10.945000,0.256508,0.200309,0.385467
10.950000,0.377966,-0.115228,-0.185570
10.955000,-0.225402,-0.386381,-0.327965
10.960000,-0.305077,-0.085898,0.259856
10.965000,0.051465,0.291709,0.541609
10.970000,0.337511,0.171392,-0.229176
10.975000,-0.094016,-0.448443,-0.261772
10.980000,-0.377366,0.031451,0.305717
10.985000,0.148241,0.345899,0.347297
10.990000,0.189872,0.099941,-0.055580
10.995000,-0.122200,-0.365666,-0.386191
11.000000,-0.270304,0.199538,0.181875
11.005000,0.149043,0.296668,0.403982
11.010000,0.346129,0.086075,-0.329500
11.015000,-0.006416,-0.312385,-0.213065
11.020000,-0.480809,0.017699,0.168559
11.025000,0.106129,0.319969,0.379280
11.030000,0.296182,0.172495,-0.074029
11.035000,-0.051822,-0.316662,-0.319516
11.040000,-0.340643,0.030945,0.007565
11.045000,0.269568,0.397526,0.616397
11.050000,0.482137,0.125497,-0.158890
11.055000,-0.177505,-0.617104,-0.367911
11.060000,-0.542907,0.046234,0.201809
11.065000,0.076644,0.404231,0.591369
11.070000,0.259948,0.089174,-0.273930
11.075000,-0.279627,-0.370866,-0.244629
11.080000,-0.365744,-0.069428,0.134134
11.085000,0.102664,0.397574,0.348897
11.090000,0.271830,0.011060,-0.139208
11.095000,-0.004700,-0.432462,-0.282065
11.100000,-0.345898,-0.110254,-0.035868
11.105000,0.312328,0.313428,0.434137
11.110000,0.358553,0.131824,-0.105267
11.115000,-0.131827,-0.384869,-0.420974
11.120000,-0.299958,-0.247855,0.073319
11.125000,0.021604,0.456828,0.387217
11.130000,0.220136,-0.029661,-0.337991
11.135000,-0.039213,-0.455938,-0.425984
11.140000,-0.236160,-0.242603,0.220167
11.145000,0.161310,0.642080,0.276947
11.150000,0.194052,-0.005751,-0.270873
11.155000,-0.143091,-0.451616,-0.468858
11.160000,-0.254563,-0.143527,0.108445
11.165000,-0.096082,0.434670,0.447912
11.170000,0.316578,0.185730,0.026006
11.175000,-0.258553,-0.387678,-0.373945
11.180000,-0.397956,-0.049120,0.133277
11.185000,0.005522,0.272807,0.405678
11.190000,0.327817,0.178407,-0.249732
11.195000,-0.119151,-0.463576,-0.292065
11.200000,-0.381240,-0.198445,0.191532
11.205000,0.101565,0.355291,0.273125
11.210000,0.251290,0.034013,-0.252706
11.215000,-0.283845,-0.435083,-0.547776
11.220000,-0.268470,-0.180323,0.254437
11.225000,0.279010,0.203332,0.342378
11.230000,0.292166,0.175319,-0.252833
11.235000,-0.161738,-0.337261,-0.446259
11.240000,-0.124399,-0.137711,0.097711
11.245000,-0.008989,0.293562,0.381910
11.250000,0.323845,0.094517,-0.176846
11.255000,-0.145218,-0.384269,-0.426998
11.260000,-0.167696,-0.202866,0.209892
11.265000,0.044751,0.421844,0.309105
11.270000,0.468355,0.159747,-0.206001
11.275000,-0.063470,-0.446761,-0.251204
11.280000,-0.184302,0.034060,0.033594
11.285000,0.338620,0.304809,0.632394
11.290000,0.265286,0.089878,-0.253689
11.295000,-0.314013,-0.257949,-0.529873
11.300000,-0.389083,-0.024353,0.150976
11.305000,0.106333,0.486140,0.438723
11.310000,0.336027,0.109147,-0.132464
11.315000,-0.059257,-0.455902,-0.416878
11.320000,-0.484370,0.051343,0.094334
11.325000,0.017123,0.344285,0.557219
11.330000,0.273405,-0.063793,-0.123872
11.335000,-0.083821,-0.388108,-0.537314
11.340000,-0.181136,-0.083215,0.131934
11.345000,0.113137,0.294082,0.218770
11.350000,0.265047,0.139157,-0.276850
11.355000,-0.078352,-0.298082,-0.504098
11.360000,-0.258343,-0.087910,-0.108195
11.365000,0.157813,0.501968,0.493667
11.370000,0.423346,0.039601,-0.045682
11.375000,-0.045236,-0.553330,-0.428834
11.380000,-0.171719,-0.037839,0.061710
11.385000,0.063255,0.293298,0.204718
11.390000,0.269619,0.158749,-0.143012
11.395000,-0.197991,-0.235764,-0.420923
11.400000,-0.353643,-0.147077,0.050420
11.405000,0.110324,0.403425,0.382615
11.410000,0.080939,0.071859,-0.161785
11.415000,-0.324544,-0.477286,-0.424016
11.420000,-0.440279,-0.250278,0.139652
11.425000,0.094607,0.346963,0.318308
11.430000,0.262226,0.142782,-0.106961
11.435000,0.021045,-0.439264,-0.282411
11.440000,-0.093724,-0.116251,0.115397
11.445000,0.208811,0.333906,0.386916
11.450000,0.367912,0.194743,-0.013115
11.455000,-0.162934,-0.326481,-0.365786
11.460000,-0.307728,-0.160843,0.129635
11.465000,0.114616,0.300920,0.424103
11.470000,0.154221,0.183736,-0.228165
11.475000,-0.074181,-0.257882,-0.437256
11.480000,-0.346787,-0.194589,0.294826
11.485000,0.228179,0.313299,0.394503
11.490000,0.290889,0.166283,-0.268010
11.495000,-0.097064,-0.424353,-0.363232
11.500000,-0.497054,-0.115764,-0.018220
11.505000,0.206626,0.313009,0.473980
11.510000,0.186481,0.038477,-0.241593
11.515000,-0.166871,-0.408524,-0.356277
11.520000,-0.273033,-0.179850,0.079569
11.525000,0.118434,0.171549,0.195897
11.530000,0.273811,0.028325,-0.246724
11.535000,-0.085541,-0.242826,-0.264537
11.540000,-0.288480,-0.020379,0.021227
11.545000,0.086258,0.251132,0.270794
11.550000,0.349865,0.067520,-0.127751
11.555000,-0.223333,-0.240230,-0.324215
11.560000,-0.504710,-0.217308,0.230968
11.565000,0.102310,0.259422,0.291229
11.570000,0.401598,0.071741,0.000333
11.575000,-0.080370,-0.419228,-0.350871
11.580000,-0.301471,0.053061,0.188228
11.585000,-0.005339,0.412666,0.283273
11.590000,0.335320,0.130239,-0.278560
11.595000,-0.186726,-0.375090,-0.271599
11.600000,-0.228535,0.126322,0.126026
11.605000,0.234828,0.303816,0.378360
11.610000,0.202454,0.178941,-0.208932
11.615000,-0.041106,-0.367865,-0.402128
11.620000,-0.171899,0.078003,0.232145
11.625000,0.081004,0.270125,0.181366
11.630000,0.442644,-0.032354,-0.060159
11.635000,-0.152819,-0.387819,-0.419031
11.640000,-0.298211,-0.053591,0.255385
11.645000,0.282932,0.153070,0.468138
11.650000,0.235464,0.154248,-0.130027
11.655000,-0.163163,-0.326111,-0.173985
11.660000,-0.478228,-0.178231,0.011918
11.665000,0.129014,0.337965,0.246520
11.670000,0.373873,0.140710,-0.206936
11.675000,-0.231118,-0.290241,-0.352574
11.680000,-0.468533,-0.068320,0.378317
11.685000,0.108228,0.431027,0.373660
11.690000,0.066355,-0.001360,-0.125416
11.695000,-0.036808,-0.155928,-0.417675
11.700000,-0.519326,-0.152410,0.075485
11.705000,-0.038949,0.388087,0.410159
11.710000,0.397253,0.030868,-0.097245
11.715000,-0.247917,-0.310087,-0.403760
11.720000,-0.217188,-0.331728,0.115123
11.725000,0.271947,0.331381,0.464717
11.730000,0.265349,0.026394,-0.104895
11.735000,-0.084532,-0.319285,-0.222010
11.740000,-0.230877,-0.007655,0.075876
11.745000,0.158382,0.423824,0.562590
11.750000,0.416831,0.278885,-0.064746
11.755000,-0.370646,-0.425531,-0.460255
11.760000,-0.399183,-0.162155,0.112027
11.765000,0.288968,0.355992,0.520669
11.770000,0.201543,0.007672,-0.151667
11.775000,-0.078464,-0.355128,-0.391263
11.780000,-0.326516,-0.075516,0.070315
11.785000,0.127439,0.438073,0.411333
11.790000,0.308234,0.262931,-0.231782
11.795000,-0.151283,-0.292239,-0.422484
11.800000,-0.427784,-0.027332,0.173903
11.805000,0.234651,0.438718,0.390423
11.810000,0.313898,0.120028,-0.180128
11.815000,-0.028073,-0.408791,-0.286482
11.820000,-0.468383,-0.037021,-0.001291
11.825000,0.185495,0.485134,0.374000
11.830000,0.120573,0.209915,-0.200123
11.835000,-0.047079,-0.413689,-0.309909
11.840000,-0.506979,-0.028896,0.136150
11.845000,0.068287,0.470730,0.302065
11.850000,0.293855,-0.043808,-0.191372
11.855000,-0.096050,-0.167879,-0.458126
11.860000,-0.305299,-0.190656,0.069671
11.865000,-0.062467,0.561538,0.508698
11.870000,0.189209,0.171556,-0.136501
11.875000,-0.002743,-0.355195,-0.244600
11.880000,-0.344569,-0.089325,0.102639
11.885000,0.108089,0.411548,0.216054
11.890000,0.424911,0.167842,-0.163794
11.895000,-0.156727,-0.420939,-0.613069
11.900000,-0.303005,-0.295713,0.341077
11.905000,0.113350,0.393209,0.413264
11.910000,0.319363,0.136472,-0.081971
11.915000,-0.112307,-0.453393,-0.424099
11.920000,-0.182326,-0.263719,0.143812
11.925000,0.242701,0.339535,0.157831
11.930000,0.262273,0.040275,-0.335115
11.935000,-0.073197,-0.231386,-0.566406
11.940000,-0.300592,-0.041471,0.130344
11.945000,0.058156,0.311635,0.275677
11.950000,0.344182,0.061981,-0.205726
11.955000,-0.101307,-0.446319,-0.246426
11.960000,-0.264169,0.083488,0.047982
11.965000,0.056035,0.316019,0.330207
11.970000,0.299395,0.138357,-0.067110
11.975000,-0.187535,-0.511039,-0.448722
11.980000,-0.374325,-0.113000,0.208121
11.985000,0.032343,0.452896,0.175689
11.990000,0.267896,0.074503,-0.116836
11.995000,-0.113502,-0.400730,-0.357902
12.000000,-0.382800,-0.172823,0.096917
12.005000,-0.056308,0.423289,0.478005
12.010000,0.258252,0.121443,-0.121887
12.015000,-0.138930,-0.465670,-0.474565
12.020000,-0.404963,-0.059031,0.030887
12.025000,0.221964,0.442280,0.437367
12.030000,0.134716,0.173083,-0.179510
12.035000,-0.055953,-0.484040,-0.298392
12.040000,-0.134524,0.025735,0.211632
12.045000,0.109861,0.313525,0.430375
12.050000,0.449260,0.084771,-0.125686
12.055000,-0.250477,-0.375824,-0.435046
12.060000,-0.317945,-0.130540,0.085038
12.065000,0.032014,0.419329,0.353445
12.070000,0.330299,0.162956,-0.000259
12.075000,-0.181678,-0.499476,-0.312927
12.080000,-0.403364,-0.065962,0.205952
12.085000,0.284300,0.320327,0.149599
12.090000,0.467220,0.067931,-0.014053
12.095000,-0.153206,-0.305845,-0.311639
12.100000,-0.281568,-0.132508,0.076265
12.105000,0.239372,0.288431,0.452133
12.110000,0.408826,0.040249,-0.023388
12.115000,-0.112833,-0.230141,-0.369865
12.120000,-0.357876,0.030031,0.160686
12.125000,0.182885,0.385285,0.396124
12.130000,0.377099,0.105871,-0.221423
12.135000,0.008481,-0.360367,-0.440990
12.140000,-0.383728,-0.176785,0.116991
12.145000,0.238515,0.150420,0.226446
12.150000,0.327157,0.272923,-0.091339
12.155000,-0.130743,-0.405450,-0.401687
12.160000,-0.288686,-0.113882,0.277162
12.165000,0.255724,0.397339,0.284566
12.170000,0.412746,0.048628,-0.178815
12.175000,-0.183564,-0.417466,-0.374092
12.180000,-0.410941,-0.119993,0.175348
12.185000,0.271165,0.310501,0.381383
12.190000,0.269022,-0.082040,0.025590
12.195000,0.156747,-0.079295,-0.185917
12.200000,-0.282825,-0.098717,-0.031444
12.205000,0.224323,0.332547,0.420591
12.210000,0.388395,-0.120572,0.001706
12.215000,-0.161753,-0.366813,-0.315218
12.220000,-0.240947,-0.118282,0.277219
12.225000,0.266820,0.199073,0.357129
12.230000,0.350416,0.111206,-0.217051
12.235000,0.004087,-0.272791,-0.191686
12.240000,-0.215099,-0.141651,0.119998
12.245000,0.057530,0.248867,0.399106
12.250000,0.367055,0.080230,-0.023454
12.255000,-0.249707,-0.392331,-0.403200
12.260000,-0.384729,-0.044095,0.109212
12.265000,0.042503,0.233061,0.422839
12.270000,0.235211,-0.026911,-0.039707
12.275000,-0.194851,-0.582911,-0.447460
12.280000,-0.121320,-0.310917,0.077920
12.285000,0.126681,0.319236,0.400799
12.290000,0.320173,0.044494,-0.053060
12.295000,-0.229273,-0.324360,-0.437972
12.300000,-0.363839,-0.018257,0.249978
12.305000,0.155463,0.412624,0.371885
12.310000,0.322165,0.264405,0.085816
12.315000,-0.063227,-0.474928,-0.436817
12.320000,-0.533342,-0.214923,0.158887
12.325000,0.196984,0.417176,0.406179
12.330000,0.350171,0.195219,-0.043614
12.335000,-0.161231,-0.297815,-0.471684
12.340000,-0.396486,-0.188005,0.181295
12.345000,-0.038597,0.269945,0.327673
12.350000,0.148097,0.187648,-0.022872
12.355000,-0.038638,-0.222988,-0.405847
12.360000,-0.365565,-0.076674,0.228572
12.365000,0.047927,0.512096,0.302161
12.370000,0.267910,0.160837,-0.074904
12.375000,-0.051894,-0.338463,-0.223358
12.380000,-0.446582,-0.093527,0.196706
12.385000,0.146541,0.332125,0.237153
12.390000,0.186419,-0.028762,-0.094823
12.395000,-0.129419,-0.332730,-0.384304
12.400000,-0.447432,-0.111612,0.075702
12.405000,-0.015227,0.390082,0.488718
12.410000,0.167532,0.016020,-0.222839
12.415000,0.007510,-0.502647,-0.342688
12.420000,-0.430278,-0.120570,0.135002
12.425000,0.033055,0.303054,0.443698
12.430000,0.332966,0.147029,-0.118963
12.435000,-0.069224,-0.338996,-0.410568
12.440000,-0.229151,-0.103218,-0.031019
12.445000,0.154929,0.613070,0.544832
12.450000,0.163424,0.218575,0.104758
12.455000,-0.167628,-0.368716,-0.461547
12.460000,-0.425053,-0.219262,0.163136
12.465000,0.105213,0.451058,0.387661
12.470000,0.255371,0.094467,0.055113
12.475000,-0.031465,-0.435724,-0.469880
12.480000,-0.319492,-0.126491,0.455409
12.485000,0.058974,0.468676,0.490265
12.490000,0.161578,0.088535,-0.080920
12.495000,-0.085208,-0.243258,-0.450629
12.500000,-0.420423,-0.287185,0.112923
12.505000,0.236952,0.360318,0.366566
12.510000,0.333897,0.162112,-0.143845
12.515000,-0.184378,-0.404177,-0.312418
12.520000,-0.129533,-0.265411,-0.074053
12.525000,0.044236,0.395638,0.514017
12.530000,0.478080,0.317148,-0.110171
12.535000,-0.116773,-0.506987,-0.397402
12.540000,-0.293201,-0.175047,0.233322
12.545000,-0.012964,0.255153,0.609799
12.550000,0.289941,-0.007086,-0.092298
12.555000,-0.068193,-0.472517,-0.331613
12.560000,-0.229753,-0.003241,0.126253
12.565000,0.286473,0.323701,0.187822
12.570000,0.162916,0.244523,-0.169150
12.575000,-0.306120,-0.373685,-0.551661
12.580000,-0.310258,-0.024112,0.140738
12.585000,0.007324,0.363902,0.593533
12.590000,0.347410,0.289165,-0.200413
12.595000,-0.310239,-0.140592,-0.282249
12.600000,-0.190644,-0.155988,-0.044948
12.605000,0.100197,0.477786,0.312361
12.610000,0.061362,0.141599,-0.318593
12.615000,-0.049034,-0.284009,-0.459112
12.620000,-0.288558,-0.153171,0.099982
12.625000,0.162247,0.458562,0.342620
12.630000,0.125619,0.144323,-0.032765
12.635000,-0.095168,-0.354154,-0.450023
12.640000,-0.310836,-0.137825,0.041623
12.645000,-0.004522,0.520464,0.427396
12.650000,0.307249,-0.128654,-0.073883
12.655000,-0.010004,-0.396453,-0.346956
12.660000,-0.275470,-0.109745,0.074254
12.665000,-0.042437,0.197607,0.402303
12.670000,0.295921,0.248090,-0.353335
12.675000,-0.084625,-0.224631,-0.311098
12.680000,-0.095944,-0.182253,0.219187
12.685000,0.031772,0.381672,0.336449
12.690000,0.191070,0.130065,-0.117163
12.695000,-0.125847,-0.354842,-0.426545
12.700000,-0.259023,0.050071,0.082172
12.705000,0.104973,0.574497,0.385022
12.710000,0.447096,0.177110,-0.129036
12.715000,-0.059666,-0.278980,-0.304839
12.720000,-0.406472,-0.181234,-0.001656
12.725000,0.125947,0.482154,0.378412
12.730000,0.328605,0.063522,-0.215345
12.735000,-0.130323,-0.266014,-0.389446
12.740000,-0.301138,-0.179903,0.177154
12.745000,0.043586,0.486255,0.328695
12.750000,0.323952,0.146428,-0.115264
12.755000,-0.230633,-0.253542,-0.212535
12.760000,-0.335082,0.071087,0.267776
12.765000,-0.127783,0.424505,0.460293
12.770000,0.400639,0.124640,-0.214643
12.775000,-0.210488,-0.219684,-0.261683
12.780000,-0.245767,-0.086921,0.099838
12.785000,0.248798,0.443144,0.479419
12.790000,0.321064,-0.010891,0.065399
12.795000,-0.215995,-0.274473,-0.453150
12.800000,-0.411775,-0.097490,0.145798
12.805000,0.086282,0.348244,0.247343
12.810000,0.219326,0.160513,0.060377
12.815000,-0.158642,-0.290696,-0.301309
12.820000,-0.326319,-0.205115,0.180277
12.825000,-0.010375,0.383149,0.314682
12.830000,0.283717,0.014063,-0.103377
12.835000,-0.049185,-0.379494,-0.514168
12.840000,-0.297726,0.056041,0.127388
12.845000,0.074217,0.157985,0.456212
12.850000,0.312481,-0.072348,-0.233534
12.855000,-0.231162,-0.558141,-0.255027
12.860000,-0.188570,0.056819,0.257954
12.865000,0.099801,0.368792,0.437800
12.870000,0.278551,0.123606,-0.247305
12.875000,-0.176912,-0.420239,-0.443995
12.880000,-0.289194,-0.061567,0.260749
12.885000,0.097820,0.360741,0.396190
12.890000,0.175783,0.043299,-0.194418
12.895000,-0.132191,-0.442942,-0.280842
12.900000,-0.446707,-0.244257,0.283303
12.905000,0.096568,0.376257,0.322864
12.910000,0.229775,0.102771,-0.281544
12.915000,-0.332474,-0.397321,-0.529145
12.920000,-0.341133,-0.177866,0.009955
12.925000,0.133808,0.379178,0.394424
12.930000,0.419700,0.008360,-0.101343
12.935000,-0.121414,-0.284119,-0.115017
12.940000,-0.282005,-0.090769,0.198299
12.945000,0.042047,0.405536,0.432565
12.950000,0.184185,0.135140,-0.100173
12.955000,-0.138578,-0.570567,-0.257034
12.960000,-0.320479,-0.063576,0.170622
12.965000,0.304779,0.248213,0.400364
12.970000,0.373554,0.175658,-0.223754
12.975000,-0.189235,-0.362958,-0.265036
12.980000,-0.261197,-0.187340,0.140289
12.985000,-0.060015,0.211859,0.478938
12.990000,0.180337,0.091830,-0.250426
12.995000,-0.176307,-0.323102,-0.398953
13.000000,-0.124087,0.097399,0.141972
13.005000,0.114451,0.335130,0.380990
13.010000,0.364645,0.168343,0.016627
13.015000,-0.138825,-0.277909,-0.441591
13.020000,-0.348613,0.001209,0.103644
13.025000,0.213089,0.348853,0.236875
13.030000,0.341247,0.037907,-0.157284
13.035000,-0.010873,-0.546079,-0.416932
13.040000,-0.178017,-0.086800,0.222461
13.045000,0.138842,0.186062,0.627135
13.050000,0.264106,-0.032653,0.001183
13.055000,-0.115339,-0.302182,-0.243076
13.060000,-0.226001,0.145666,0.098202
13.065000,0.236052,0.271142,0.368984
13.070000,0.227524,0.091187,-0.093871
13.075000,0.012028,-0.365977,-0.324893
13.080000,-0.390308,-0.127021,0.079196
13.085000,0.056485,0.481117,0.222417
13.090000,0.182414,0.182940,-0.257301
13.095000,0.055549,-0.316982,-0.586910
13.100000,-0.362231,0.131219,0.055339
13.105000,0.131038,0.321614,0.433467
13.110000,0.216301,0.168917,-0.133118
13.115000,-0.205980,-0.414343,-0.501876
13.120000,-0.419041,-0.001894,0.255214
13.125000,0.245201,0.203124,0.295620
13.130000,0.355015,-0.046133,-0.168557
13.135000,0.096497,-0.279441,-0.283354
13.140000,-0.293953,-0.249188,0.069950
13.145000,0.339179,0.393723,0.307975
13.150000,0.156754,-0.043225,-0.076847
13.155000,-0.199205,-0.253817,-0.439690
13.160000,-0.416860,-0.219592,0.078938
13.165000,-0.075071,0.194118,0.504503
13.170000,0.175560,0.036042,-0.238454
13.175000,-0.096348,-0.491172,-0.412988
13.180000,-0.348368,0.017721,-0.010458
13.185000,0.142494,0.227150,0.434206
13.190000,0.219823,0.052108,-0.314684
13.195000,-0.306896,-0.293822,-0.289686
13.200000,-0.438853,-0.156808,0.078301
13.205000,0.027600,0.382603,0.377219
13.210000,0.264804,0.041554,-0.320898
13.215000,-0.328003,-0.330709,-0.336877
13.220000,-0.283519,-0.084256,0.096300
13.225000,-0.042585,0.484418,0.351651
13.230000,0.477353,0.049857,-0.050031
13.235000,-0.227199,-0.306589,-0.364406
13.240000,-0.476823,-0.077094,0.343505
13.245000,0.060285,0.260661,0.562006
13.250000,0.269779,0.110253,-0.117022
13.255000,-0.059264,-0.377955,-0.287188
13.260000,-0.221965,-0.184240,0.136051
13.265000,0.126872,0.200237,0.169719
13.270000,0.365647,0.031706,0.021375
13.275000,-0.169192,-0.389543,-0.412798
13.280000,-0.335435,-0.058270,-0.029828
13.285000,0.139568,0.250229,0.374352
13.290000,0.392562,-0.011397,-0.292079
13.295000,-0.128257,-0.361558,-0.362022
13.300000,-0.237702,0.045725,0.086006
13.305000,0.151417,0.332979,0.319747
13.310000,0.270204,-0.025777,-0.264259
13.315000,-0.077786,-0.419788,-0.087755
13.320000,-0.236819,-0.050944,0.009369
13.325000,0.289111,0.308864,0.330214
13.330000,0.046048,0.151456,-0.025621
13.335000,-0.015325,-0.404643,-0.287795
13.340000,-0.314394,-0.085387,0.193106
13.345000,0.116846,0.408305,0.358390
13.350000,0.164378,0.030429,-0.136175
13.355000,0.107621,-0.407295,-0.245072
13.360000,-0.330619,-0.121905,0.280616
13.365000,0.038944,0.431773,0.369612
13.370000,0.417955,0.023963,-0.309485
13.375000,-0.098453,-0.389803,-0.183716
13.380000,-0.338882,-0.019258,0.279327
13.385000,0.133817,0.403067,0.394514
13.390000,0.186909,-0.000410,-0.223486
13.395000,-0.122718,-0.279346,-0.474789
13.400000,-0.383929,-0.192420,0.204275
13.405000,-0.038118,0.260608,0.325957
13.410000,0.298084,0.042777,-0.152956
13.415000,-0.169386,-0.450987,-0.307166
13.420000,-0.328253,-0.049692,0.014449
13.425000,0.072623,0.220437,0.441563
13.430000,0.331570,-0.040700,-0.299658
13.435000,-0.227631,-0.311241,-0.186002
13.440000,-0.198834,-0.123426,0.174791
13.445000,0.147458,0.434713,0.269666
13.450000,0.474060,0.220678,-0.051030
13.455000,-0.100053,-0.327411,-0.237308
13.460000,-0.299087,-0.128147,0.126766
13.465000,-0.005563,0.103206,0.610304
13.470000,0.367894,0.190364,-0.020113
13.475000,-0.082091,-0.476641,-0.546607
13.480000,-0.261779,-0.009614,0.187423
13.485000,0.082660,0.303776,0.505627
13.490000,0.371001,0.050669,-0.273212
13.495000,-0.250021,-0.359008,-0.342689
13.500000,-0.396277,0.005913,0.067120
13.505000,0.140092,0.336340,0.458006
13.510000,0.212252,0.097708,-0.127959
13.515000,-0.042186,-0.310498,-0.440080
13.520000,-0.397560,-0.083892,-0.068288
13.525000,0.227005,0.452199,0.393829
13.530000,0.364932,0.296753,-0.172462
13.535000,-0.114350,-0.441192,-0.391354
13.540000,-0.427002,-0.077443,0.048490
13.545000,0.006110,0.508141,0.480989
13.550000,0.365172,0.033596,-0.277942
13.555000,-0.178287,-0.280299,-0.468788
13.560000,-0.411476,-0.119326,0.090601
13.565000,-0.065653,0.356519,0.503758
13.570000,0.313675,-0.001586,-0.111521
13.575000,-0.176785,-0.324425,-0.415061
13.580000,-0.327196,-0.176415,0.103836
13.585000,0.249302,0.459315,0.471182
13.590000,0.306784,-0.020450,-0.197840
13.595000,0.006578,-0.296636,-0.504289
13.600000,-0.335170,-0.036629,0.220012
13.605000,0.115060,0.462686,0.314946
13.610000,0.216933,-0.017214,-0.131801
13.615000,0.014424,-0.318327,-0.262397
13.620000,-0.317253,0.079757,0.157760
13.625000,0.161747,0.335745,0.321044
13.630000,0.353432,0.138741,0.035089
13.635000,-0.121280,-0.464410,-0.347223
13.640000,-0.191387,-0.105918,0.323957
13.645000,0.061608,0.239473,0.390315
13.650000,0.400852,-0.040225,-0.124896
13.655000,-0.187547,-0.417366,-0.419024
13.660000,-0.325702,-0.186098,0.188429
13.665000,0.188920,0.313220,0.251919
13.670000,0.357974,0.030302,-0.246019
13.675000,-0.112818,-0.297550,-0.362038
13.680000,-0.280129,-0.153451,0.140067
13.685000,0.063779,0.479009,0.349774
13.690000,0.315939,0.152709,-0.110957
13.695000,-0.044472,-0.393011,-0.365418
13.700000,-0.218364,0.113610,0.152143
13.705000,0.050945,0.417134,0.420217
13.710000,0.350901,0.184522,-0.122450
13.715000,-0.065817,-0.436207,-0.460962
13.720000,-0.192671,0.005493,0.124549
13.725000,0.087571,0.482476,0.418505
13.730000,0.329283,0.320493,-0.075927
13.735000,-0.305394,-0.251531,-0.489793
13.740000,-0.313199,-0.095604,0.169810
13.745000,0.108441,0.364680,0.499591
13.750000,0.334020,0.040441,-0.220350
13.755000,-0.211624,-0.335252,-0.431946
13.760000,-0.143996,-0.062193,-0.019756
13.765000,0.241572,0.474153,0.380599
13.770000,0.115816,0.164237,-0.307795
13.775000,-0.122597,-0.317553,-0.473149
13.780000,-0.226709,0.032474,0.079625
13.785000,0.039046,0.356232,0.417838
13.790000,0.346535,0.025512,-0.233301
13.795000,-0.085982,-0.472550,-0.472039
13.800000,-0.427906,-0.119843,-0.034754
13.805000,0.367635,0.275480,0.274444
13.810000,0.280415,0.165551,0.021113
13.815000,-0.089168,-0.375460,-0.360388
13.820000,-0.347912,-0.030509,0.199359
13.825000,0.030964,0.458373,0.634004
13.830000,0.162710,0.062936,-0.111182
13.835000,-0.087266,-0.481544,-0.268571
13.840000,-0.343263,0.015998,0.149384
13.845000,0.016722,0.497310,0.425175
13.850000,0.375403,-0.172642,-0.079559
13.855000,-0.080116,-0.427362,-0.497391
13.860000,-0.402914,-0.079010,0.255565
13.865000,0.212550,0.447161,0.337717
13.870000,0.312186,-0.080179,-0.175918
13.875000,-0.162463,-0.349639,-0.338155
13.880000,-0.354959,-0.248646,0.122024
13.885000,0.007922,0.403450,0.211137
13.890000,0.378909,0.069574,-0.198380
13.895000,0.021019,-0.396868,-0.374512
13.900000,-0.260750,0.178414,0.195662
13.905000,0.145905,0.362324,0.288666
13.910000,0.247830,0.022912,-0.050941
13.915000,-0.139587,-0.513577,-0.434895
13.920000,-0.257711,-0.171973,0.264896
13.925000,0.196175,0.463291,0.332384
13.930000,0.253537,0.046262,-0.031649
13.935000,-0.073266,-0.324577,-0.279256
13.940000,-0.307097,-0.439536,0.076059
13.945000,0.242817,0.162791,0.377153
13.950000,0.299377,0.030959,-0.092600
13.955000,-0.090687,-0.206186,-0.386270
13.960000,-0.184701,-0.206942,0.204696
13.965000,0.116811,0.268308,0.448572
13.970000,0.389858,0.062420,-0.234980
13.975000,-0.023158,-0.444052,-0.291823
13.980000,-0.475436,-0.088597,0.166340
13.985000,-0.099604,0.418810,0.473233
13.990000,0.422740,0.153965,-0.213543
13.995000,-0.246313,-0.448085,-0.245238
14.000000,-0.372753,-0.172558,0.184924
14.005000,0.196978,0.438821,0.529066
14.010000,0.347265,0.062485,-0.025561
14.015000,-0.121868,-0.472814,-0.405438
14.020000,-0.473499,-0.080943,0.086024
14.025000,0.182438,0.329644,0.482869
14.030000,0.367446,-0.008611,-0.199430
14.035000,-0.106173,-0.411903,-0.514097
14.040000,-0.353270,-0.155926,0.057855
14.045000,0.214669,0.371006,0.398268
14.050000,0.275659,0.051531,-0.093000
14.055000,-0.318672,-0.462025,-0.291113
14.060000,-0.280010,-0.168408,0.015555
14.065000,0.055251,0.301260,0.498946
14.070000,0.342269,0.048574,-0.056733
14.075000,-0.309966,-0.250586,-0.320637
14.080000,-0.400035,-0.069610,0.082351
14.085000,0.261817,0.273089,0.477169
14.090000,0.360102,-0.031127,-0.230752
14.095000,-0.263553,-0.432567,-0.462041
14.100000,-0.223835,-0.033055,0.164469
14.105000,0.178154,0.581114,0.581921
14.110000,0.241948,0.039402,-0.232798
14.115000,-0.056893,-0.458523,-0.358358
14.120000,-0.165691,0.017722,0.050955
14.125000,0.221585,0.549898,0.353700
14.130000,0.395618,-0.097449,-0.123226
14.135000,-0.268285,-0.476787,-0.359033
14.140000,-0.306888,-0.110199,0.234456
14.145000,0.030585,0.501308,0.411185
14.150000,0.335839,0.099259,-0.024618
14.155000,-0.180799,-0.292946,-0.333108
14.160000,-0.431842,-0.009799,0.289383
14.165000,0.115184,0.329002,0.087434
14.170000,0.277391,0.066633,-0.204307
14.175000,-0.239505,-0.458023,-0.400662
14.180000,-0.273513,-0.125700,0.133574
14.185000,0.043149,0.273543,0.477432
14.190000,0.283445,0.009491,-0.192320
14.195000,-0.280544,-0.320823,-0.408733
14.200000,-0.275321,-0.067446,0.047409
14.205000,0.044123,0.407713,0.357217
14.210000,0.497296,0.119372,-0.169062
14.215000,-0.269780,-0.330102,-0.371426
14.220000,-0.286286,-0.102700,0.155974
14.225000,0.181232,0.356816,0.451315
14.230000,0.230521,0.027069,-0.262732
14.235000,-0.048255,-0.433961,-0.425973
14.240000,-0.212057,-0.042596,0.191438
14.245000,0.248501,0.464118,0.312623
14.250000,0.004740,0.106477,0.013376
14.255000,-0.015717,-0.451115,-0.375147
14.260000,-0.210218,-0.092147,0.238273
14.265000,0.353403,0.454197,0.240962
14.270000,0.109278,0.009346,-0.231717
14.275000,-0.102292,-0.494086,-0.402816
14.280000,-0.507574,-0.136196,0.177104
14.285000,0.342715,0.345185,0.309991
14.290000,0.268534,0.108322,-0.219262
14.295000,0.035544,-0.490211,-0.373775
14.300000,-0.326171,0.078823,-0.064734
14.305000,0.258325,0.361934,0.312714
14.310000,0.285908,0.077511,-0.244147
14.315000,-0.173270,-0.330161,-0.528652
14.320000,-0.209785,-0.105467,0.124210
14.325000,0.225039,0.451506,0.454300
14.330000,0.198064,0.008526,-0.152948
14.335000,-0.353636,-0.245050,-0.414310
14.340000,-0.053396,-0.164890,0.007047
14.345000,0.309714,0.368482,0.436171
14.350000,0.306378,0.141971,-0.208116
14.355000,-0.253793,-0.233369,-0.405756
14.360000,-0.428368,-0.017684,0.253124
14.365000,0.060893,0.532787,0.249061
14.370000,0.169218,-0.097826,-0.062723
14.375000,-0.284083,-0.244057,-0.352805
14.380000,-0.146175,-0.021038,0.179562
14.385000,0.178986,0.435651,0.421180
14.390000,0.246787,0.256543,-0.172145
14.395000,-0.163441,-0.428708,-0.376825
14.400000,-0.229902,-0.032300,0.121991
14.405000,0.247044,0.409719,0.450674
14.410000,0.250234,0.213258,-0.039997
14.415000,-0.265723,-0.409193,-0.302469
14.420000,-0.312931,0.029547,0.136265
14.425000,0.309323,0.389503,0.336838
14.430000,0.377587,0.123389,-0.144656
14.435000,-0.241033,-0.390288,-0.469222
14.440000,-0.256985,0.236862,0.241643
14.445000,0.294971,0.538685,0.539339
14.450000,0.253607,-0.005610,-0.098350
14.455000,-0.407805,-0.505822,-0.278943
14.460000,-0.382853,-0.125858,0.135357
14.465000,0.340015,0.385622,0.492619
14.470000,0.213751,-0.089143,-0.219187
14.475000,-0.195497,-0.373601,-0.538629
14.480000,-0.200440,0.045641,0.158125
14.485000,0.223599,0.445987,0.676705
14.490000,0.259794,-0.097698,-0.363468
14.495000,-0.229780,-0.515642,-0.285460
14.500000,-0.275852,-0.024433,0.210992
14.505000,0.166906,0.334722,0.434605
14.510000,0.233033,-0.076846,-0.158092
14.515000,-0.055643,-0.444182,-0.230418
14.520000,-0.257181,-0.025861,0.298188
14.525000,0.222000,0.410026,0.247420
14.530000,0.286300,-0.033784,-0.128697
14.535000,-0.190606,-0.421508,-0.570805
14.540000,-0.206359,-0.171017,0.396105
14.545000,0.286271,0.504901,0.247016
14.550000,0.146098,-0.050956,-0.220912
14.555000,-0.174394,-0.449110,-0.524126
14.560000,-0.204728,0.136267,0.167229
14.565000,0.520756,0.388900,0.270877
14.570000,0.210112,0.065550,-0.023783
14.575000,-0.350052,-0.275438,-0.397752
14.580000,-0.252733,0.184912,0.109339
14.585000,0.123706,0.344070,0.552929
14.590000,0.472521,0.056691,-0.311745
14.595000,-0.238488,-0.345621,-0.498588
14.600000,-0.396852,0.010782,-0.008186
14.605000,0.161801,0.546199,0.277275
14.610000,0.328209,-0.059265,-0.367289
14.615000,-0.275106,-0.479685,-0.444324
14.620000,-0.267587,-0.034989,0.324617
14.625000,0.200348,0.260169,0.344728
14.630000,0.338860,0.018235,-0.370620
14.635000,-0.280099,-0.263209,-0.385018
14.640000,-0.275528,-0.229944,0.236522
14.645000,0.216770,0.405961,0.318873
14.650000,0.251816,-0.169351,-0.297117
14.655000,-0.386345,-0.351078,-0.220811
14.660000,-0.150072,0.038529,0.129771
14.665000,0.392549,0.331467,0.379669
14.670000,0.333888,0.029887,-0.166688
14.675000,-0.180996,-0.287244,-0.277681
14.680000,-0.326637,0.188328,0.258579
14.685000,0.152551,0.380332,0.493744
14.690000,0.370189,0.147464,-0.239883
14.695000,-0.179316,-0.381630,-0.398800
14.700000,-0.219312,0.039063,0.085756
14.705000,0.042082,0.265490,0.520475
14.710000,0.213379,0.167986,-0.218418
14.715000,-0.176622,-0.642888,-0.357096
14.720000,-0.209953,0.004195,-0.005123
14.725000,0.157877,0.430406,0.412425
14.730000,0.459379,0.226366,-0.233981
14.735000,-0.124940,-0.486872,-0.488797
14.740000,-0.392614,-0.179157,0.321324
14.745000,0.156012,0.328417,0.422212
14.750000,0.215908,0.035730,-0.104282
14.755000,-0.216559,-0.366903,-0.429475
14.760000,0.002906,-0.093307,0.161782
14.765000,0.170389,0.434855,0.459376
14.770000,0.379551,-0.068661,-0.022660
14.775000,-0.202807,-0.238315,-0.176461
14.780000,-0.289008,0.009282,0.057302
14.785000,0.129926,0.478583,0.459483
14.790000,0.103648,0.219144,-0.133752
14.795000,-0.344255,-0.284451,-0.546859
14.800000,-0.195103,-0.024307,0.233810
14.805000,0.095353,0.422888,0.242668
14.810000,0.277383,0.022689,-0.081231
14.815000,-0.216304,-0.348296,-0.214916
14.820000,-0.257755,0.076957,0.418694
14.825000,0.197728,0.426408,0.417051
14.830000,0.286166,0.052464,-0.276534
14.835000,-0.200259,-0.566889,-0.491302
14.840000,-0.206262,0.145458,0.204628
14.845000,0.296243,0.512018,0.380920
14.850000,0.323016,0.104112,-0.308991
14.855000,-0.247604,-0.360952,-0.265610
14.860000,-0.210766,0.121241,0.194847
14.865000,0.172551,0.566835,0.487461
14.870000,0.316077,0.037673,-0.294292
14.875000,-0.313982,-0.441001,-0.463262
14.880000,-0.232907,0.058515,-0.001011
14.885000,0.354867,0.308233,0.285388
14.890000,0.330040,0.046370,-0.316565
14.895000,-0.254951,-0.493624,-0.246659
14.900000,-0.197904,0.059047,0.355606
14.905000,0.354972,0.255539,0.224690
14.910000,0.171221,0.052516,-0.312020
14.915000,-0.219361,-0.439621,-0.415008
14.920000,-0.354092,-0.083694,0.291754
14.925000,0.374304,0.259114,0.275079
14.930000,0.323709,-0.107725,-0.246880
14.935000,-0.125347,-0.560948,-0.318857
14.940000,-0.506022,-0.157202,0.209554
14.945000,0.123508,0.463876,0.415531
14.950000,0.187096,0.088843,-0.286609
14.955000,-0.255364,-0.533001,-0.524147
14.960000,-0.135878,-0.061907,0.112633
14.965000,0.269724,0.281992,0.299697
14.970000,0.039022,-0.103872,-0.111283
14.975000,-0.093484,-0.267967,-0.326419
14.980000,-0.357793,0.178628,0.204293
14.985000,0.240844,0.454411,0.325681
14.990000,0.191671,0.020363,-0.155933
14.995000,-0.219576,-0.223617,-0.487157
15.000000,-0.186323,0.199005,0.407838
15.005000,0.170135,0.166267,0.283735
15.010000,0.215365,-0.089833,-0.265392
15.015000,-0.246253,-0.351365,-0.278297
15.020000,-0.307697,-0.110064,0.212649
15.025000,0.432278,0.500317,0.088748
15.030000,0.187927,-0.080714,-0.099276
15.035000,-0.236595,-0.382104,-0.513424
15.040000,-0.127083,0.092968,0.139095
15.045000,0.297556,0.428585,0.374753
15.050000,0.247836,0.001927,-0.270007
15.055000,-0.381596,-0.328241,-0.339104
15.060000,-0.174430,-0.055326,0.100918
15.065000,0.248742,0.521092,0.395922
15.070000,0.165880,0.081576,-0.102207
15.075000,-0.240875,-0.337823,-0.469986
15.080000,-0.183017,0.099384,0.164918
15.085000,0.257812,0.220551,0.410887
15.090000,0.271500,0.006096,-0.223573
15.095000,-0.258720,-0.393589,-0.540870
15.100000,-0.179446,0.235617,0.316753
15.105000,0.375787,0.420101,0.377692
15.110000,0.157247,-0.015060,-0.369554
15.115000,-0.416161,-0.346685,-0.493544
15.120000,-0.253805,0.077841,0.412828
15.125000,0.267139,0.332222,0.308584
15.130000,0.281168,-0.076034,-0.146959
15.135000,-0.290790,-0.297001,-0.425345
15.140000,-0.276937,0.036703,0.157415
15.145000,0.360314,0.258252,0.357735
15.150000,0.396352,-0.042985,-0.301050
15.155000,-0.189898,-0.461434,-0.493654
15.160000,-0.279783,0.061098,0.312960
15.165000,0.404884,0.346038,0.215116
15.170000,0.094068,-0.014689,-0.238764
15.175000,-0.519222,-0.502503,-0.252701
15.180000,-0.256710,0.056539,0.167125
15.185000,0.226737,0.596268,0.296037
15.190000,0.192532,0.096332,-0.265500
15.195000,-0.325800,-0.577409,-0.451422
15.200000,-0.203755,-0.023883,0.279116
15.205000,0.213968,0.532550,0.394705
15.210000,0.112971,-0.131222,-0.226630
15.215000,-0.298241,-0.379092,-0.325666
15.220000,-0.253591,0.040102,0.509369
15.225000,0.502718,0.193036,0.321082
15.230000,0.228779,-0.157141,-0.211873
15.235000,-0.262553,-0.230729,-0.373940
15.240000,-0.425300,0.038603,0.089120
15.245000,0.426900,0.477043,0.346875
15.250000,0.241509,-0.220531,-0.104338
15.255000,-0.253920,-0.505460,-0.216571
15.260000,-0.195237,0.146421,0.245411
15.265000,0.414638,0.341062,0.593840
15.270000,0.231273,-0.066214,-0.290893
15.275000,-0.422063,-0.306586,-0.298508
15.280000,-0.140395,0.114305,0.425364
15.285000,0.213753,0.414852,0.376306
15.290000,0.218837,-0.029508,-0.096659
15.295000,-0.200440,-0.352975,-0.260044
15.300000,-0.204087,0.041904,0.368833
15.305000,0.269791,0.236836,0.264750
15.310000,0.095414,0.003941,-0.145925
15.315000,-0.277728,-0.256355,-0.445943
15.320000,-0.216514,0.044879,0.353040
15.325000,0.221143,0.349958,0.292080
15.330000,0.229007,0.055629,-0.247395
15.335000,-0.325003,-0.215729,-0.437572
15.340000,-0.283831,0.168683,0.052812
15.345000,0.426757,0.360486,0.233069
15.350000,0.227669,-0.157225,-0.085710
15.355000,-0.173565,-0.484373,-0.220402
15.360000,-0.094847,0.106789,0.301416
15.365000,0.468563,0.212094,0.430847
15.370000,0.180331,-0.104610,-0.218297
15.375000,-0.162661,-0.308437,-0.426395
15.380000,-0.046516,-0.009152,0.088114
15.385000,0.467865,0.353929,0.355080
15.390000,0.312393,-0.006688,-0.072354
15.395000,-0.257579,-0.348018,-0.279046
15.400000,-0.102978,0.032316,0.170721
15.405000,0.601543,0.760465,0.375371
15.410000,0.202766,-0.043423,-0.424149
15.415000,-0.239025,-0.289223,-0.299246
15.420000,-0.193993,0.138666,0.280930
15.425000,0.148107,0.328679,0.471076
15.430000,0.328867,-0.140545,-0.289038
15.435000,-0.299861,-0.368833,-0.348025
15.440000,-0.148533,0.150101,0.186292
15.445000,0.345491,0.402285,0.253261
15.450000,-0.017285,-0.058483,-0.225078
15.455000,-0.161998,-0.490577,-0.267863
15.460000,-0.076301,0.230717,0.266550
15.465000,0.239370,0.290003,0.336611
15.470000,0.317698,-0.115496,-0.379897
15.475000,-0.304818,-0.380032,-0.391150
15.480000,-0.321560,-0.038515,0.333280
15.485000,0.333573,0.226953,0.407385
15.490000,-0.016070,-0.100509,-0.221739
15.495000,-0.470504,-0.304793,-0.370490
15.500000,-0.189339,0.119430,0.293221
15.505000,0.397637,0.184241,0.314169
15.510000,0.187981,-0.061620,-0.159255
15.515000,-0.229369,-0.419004,-0.301043
15.520000,-0.260726,0.064407,0.042181
15.525000,0.250691,0.399357,0.450256
15.530000,0.311181,-0.070809,-0.258971
15.535000,-0.351004,-0.359645,-0.506648
15.540000,-0.346258,0.232123,0.172756
15.545000,0.450736,0.355050,0.496870
15.550000,0.218600,-0.147123,-0.274218
15.555000,-0.464760,-0.430623,-0.276140
15.560000,0.101684,0.085504,0.271585
15.565000,0.235795,0.343248,0.470110
15.570000,0.231458,-0.027352,-0.301679
15.575000,-0.301809,-0.506400,-0.288050
15.580000,-0.197110,0.176579,0.154475
15.585000,0.248426,0.391593,0.260800
15.590000,0.097943,-0.158075,-0.191045
15.595000,-0.269199,-0.313973,-0.305878
15.600000,-0.262764,0.096455,0.219881
15.605000,0.284304,0.419067,0.385022
15.610000,0.229774,-0.037160,-0.177275
15.615000,-0.392703,-0.275319,-0.177510
15.620000,-0.172096,0.223637,0.120868
15.625000,0.236717,0.247736,0.460654
15.630000,-0.011119,-0.136663,-0.321236
15.635000,-0.438076,-0.518171,-0.172029
15.640000,-0.055919,0.045171,0.325350
15.645000,0.403849,0.562410,0.379996
15.650000,0.107433,-0.214186,0.011025
15.655000,-0.343944,-0.394667,-0.440125
15.660000,-0.214724,0.118427,0.220600
15.665000,0.141830,0.340735,0.363645
15.670000,0.072803,-0.179339,-0.309760
15.675000,-0.248960,-0.345115,-0.575352
15.680000,-0.155074,0.033900,0.258246
15.685000,0.142711,0.453258,0.356842
15.690000,-0.021453,-0.170586,-0.061591
15.695000,-0.377564,-0.372202,-0.324429
15.700000,-0.076204,0.016954,0.201961
15.705000,0.317348,0.425797,0.245668
15.710000,0.227874,-0.087325,-0.317000
15.715000,-0.322280,-0.405246,-0.099454
15.720000,-0.028473,0.112790,0.279207
15.725000,0.347288,0.193003,0.282091
15.730000,0.165978,-0.041676,-0.213487
15.735000,-0.324985,-0.408109,-0.444883
15.740000,-0.103636,0.256192,0.114216
15.745000,0.253230,0.268090,0.386537
15.750000,0.033912,0.089221,-0.197038
15.755000,-0.323106,-0.445625,-0.366952
15.760000,-0.056255,-0.089321,0.110793
15.765000,0.469920,0.389375,0.408667
15.770000,0.076023,-0.200049,-0.272055
15.775000,-0.432194,-0.241286,-0.298236
15.780000,-0.088507,-0.056935,0.084901
15.785000,0.282066,0.273834,0.252461
15.790000,0.053115,0.071348,-0.094709
15.795000,-0.349178,-0.411278,-0.403410
15.800000,0.071173,-0.025706,0.217945
15.805000,0.430637,0.384920,0.380645
15.810000,0.232947,0.044692,-0.219360
15.815000,-0.265608,-0.541989,-0.468996
15.820000,0.083619,0.241797,0.198624
15.825000,0.451569,0.491623,0.417331
15.830000,0.070238,0.058719,-0.213823
15.835000,-0.385651,-0.447010,-0.364049
15.840000,0.115970,0.185695,0.096192
15.845000,0.244642,0.371857,0.422485
15.850000,0.097675,-0.255660,-0.200285
15.855000,-0.284810,-0.358728,-0.379900
15.860000,-0.090869,0.229363,0.261912
15.865000,0.381897,0.369065,0.225636
15.870000,0.084646,-0.257897,-0.059024
15.875000,-0.363089,-0.473246,-0.414821
15.880000,-0.154360,0.288591,0.388755
15.885000,0.152370,0.251306,0.430402
15.890000,0.218189,-0.010803,0.049664
15.895000,-0.499335,-0.434281,-0.301137
15.900000,0.079261,0.112991,0.237875
15.905000,0.426428,0.499283,0.429963
15.910000,0.101823,-0.130753,-0.233511
15.915000,-0.172371,-0.132996,-0.379568
15.920000,-0.106953,0.197763,0.255343
15.925000,0.370770,0.301911,0.394990
15.930000,-0.131341,-0.239732,-0.267132
15.935000,-0.499410,-0.264366,-0.320185
15.940000,-0.031623,0.067324,0.123952
15.945000,0.465320,0.476990,0.567702
15.950000,0.158224,-0.242483,-0.241475
15.955000,-0.303728,-0.308660,-0.277171
15.960000,-0.042546,0.249896,0.021271
15.965000,0.372511,0.339084,0.303929
15.970000,0.060872,-0.200458,-0.307056
15.975000,-0.275551,-0.570544,-0.511118
15.980000,0.021104,0.103978,0.210492
15.985000,0.474471,0.530417,0.163620
15.990000,0.066609,-0.140744,-0.184731
15.995000,-0.427439,-0.550979,-0.361870
16.000000,-0.117112,0.120801,0.414897
16.005000,0.302927,0.454481,0.516219
16.010000,0.002528,-0.161976,-0.218605
16.015000,-0.414924,-0.365179,-0.175739
16.020000,-0.035110,0.103779,0.304396
16.025000,0.314541,0.274384,0.214373
16.030000,-0.027673,-0.031788,-0.236413
16.035000,-0.321318,-0.602849,-0.302437
16.040000,0.003194,0.351782,0.358022
16.045000,0.496263,0.595789,0.224725
16.050000,0.212172,-0.257010,-0.347446
16.055000,-0.236234,-0.593195,-0.396946
16.060000,-0.168456,0.190864,0.251356
16.065000,0.291485,0.198119,0.204229
16.070000,0.086058,-0.186973,-0.238516
16.075000,-0.264483,-0.398389,-0.314918
16.080000,-0.180688,0.155821,0.124373
16.085000,0.482860,0.485307,0.422892
16.090000,0.253893,-0.274941,-0.319239
16.095000,-0.412398,-0.368907,-0.334317
16.100000,-0.109573,0.184072,0.130302
16.105000,0.508848,0.333896,0.453289
16.110000,0.057339,-0.111249,-0.183702
16.115000,-0.335913,-0.442955,-0.431597
16.120000,-0.027437,0.452878,0.313085
16.125000,0.295141,0.188227,0.346799
16.130000,0.054723,0.039754,-0.238559
16.135000,-0.324251,-0.447363,-0.574444
16.140000,-0.044753,0.090313,0.231644
16.145000,0.422701,0.304024,0.397575
16.150000,-0.043807,-0.131268,-0.055163
16.155000,-0.316915,-0.181920,-0.446907
16.160000,-0.188766,0.074832,0.146743
16.165000,0.233141,0.463980,0.392899
16.170000,-0.102344,-0.038837,-0.114585
16.175000,-0.532155,-0.332042,-0.277593
16.180000,-0.081086,0.113527,0.021951
16.185000,0.384533,0.485801,0.170969
16.190000,0.085922,-0.208972,-0.198920
16.195000,-0.397967,-0.243880,-0.319886
16.200000,0.006732,0.137054,0.102620
16.205000,0.401371,0.213648,0.527479
16.210000,0.088338,-0.329393,-0.262791
16.215000,-0.373306,-0.254741,-0.458608
16.220000,0.031701,0.332482,0.083621
16.225000,0.376544,0.264590,0.445190
16.230000,-0.068321,-0.101975,-0.201701
16.235000,-0.564863,-0.422626,-0.289432
16.240000,-0.017284,0.228676,0.167478
16.245000,0.479316,0.518843,0.348765
16.250000,-0.030212,-0.277685,-0.194924
16.255000,-0.289416,-0.391325,-0.204609
16.260000,0.047509,0.067441,0.332195
16.265000,0.462310,0.322252,0.372060
16.270000,-0.049110,-0.129687,-0.103741
16.275000,-0.339120,-0.192951,-0.180678
16.280000,-0.017236,0.284142,0.300952
16.285000,0.374489,0.280122,0.322333
16.290000,0.064741,-0.002667,-0.279030
16.295000,-0.351343,-0.593586,-0.371073
16.300000,-0.022975,0.152968,0.138122
16.305000,0.440885,0.344701,0.382737
16.310000,0.177103,-0.034670,-0.227107
16.315000,-0.388796,-0.416986,-0.447983
16.320000,0.025916,0.222758,0.161741
16.325000,0.392348,0.556282,0.161043
16.330000,0.074208,-0.092803,-0.280069
16.335000,-0.399793,-0.294376,-0.166626
16.340000,-0.065162,0.186409,0.269144
16.345000,0.216052,0.206059,0.290882
16.350000,0.113527,-0.263883,-0.051476
16.355000,-0.467221,-0.330057,-0.341552
16.360000,0.073955,0.071559,0.175961
16.365000,0.362678,0.463155,0.243320
16.370000,0.202710,-0.157316,-0.212943
16.375000,-0.495865,-0.423257,-0.523574
16.380000,-0.061812,0.189637,0.138755
16.385000,0.427038,0.484059,0.373584
16.390000,-0.019381,-0.175409,-0.333398
16.395000,-0.382601,-0.475558,-0.540545
16.400000,-0.041993,0.219687,0.206799
16.405000,0.221957,0.329531,0.444459
16.410000,-0.051165,-0.166957,-0.414202
16.415000,-0.352872,-0.306946,-0.276940
16.420000,-0.120406,0.265273,0.215240
16.425000,0.234241,0.366994,0.223423
16.430000,0.033388,-0.074492,-0.129380
16.435000,-0.343062,-0.534666,-0.407814
16.440000,0.031107,0.155572,0.254139
16.445000,0.391645,0.520458,0.425675
16.450000,0.265604,-0.011321,-0.252206
16.455000,-0.420948,-0.328770,-0.297051
16.460000,-0.082977,0.134870,0.141004
16.465000,0.501690,0.227827,0.340109
16.470000,0.213375,-0.358325,-0.266556
16.475000,-0.422776,-0.414946,-0.339127
16.480000,-0.013154,-0.086496,0.336569
16.485000,0.297312,0.621347,0.231517
16.490000,0.181352,-0.173489,-0.139181
16.495000,-0.188917,-0.488271,-0.338960
16.500000,0.135201,0.376180,0.136395
16.505000,0.254684,0.425389,0.352333
16.510000,-0.050023,-0.214453,-0.319232
16.515000,-0.374113,-0.375331,-0.172323
16.520000,-0.118231,0.111859,0.242344
16.525000,0.442377,0.470492,0.214323
16.530000,0.031617,-0.082214,-0.312958
16.535000,-0.391992,-0.222690,-0.367754
16.540000,-0.138138,0.076961,0.112419
16.545000,0.411886,0.307871,0.305492
16.550000,0.037806,-0.318598,-0.136691
16.555000,-0.476813,-0.548612,-0.495273
16.560000,-0.163076,0.245001,0.099810
16.565000,0.476498,0.266602,0.335267
16.570000,0.037482,-0.091957,-0.006392
16.575000,-0.303773,-0.452389,-0.404528
16.580000,-0.036870,0.238628,0.200553
16.585000,0.264972,0.405782,0.365747
16.590000,0.098209,-0.148191,-0.378823
16.595000,-0.372438,-0.287106,-0.276535
16.600000,0.069269,0.163232,0.126243
16.605000,0.324541,0.392139,0.382710
16.610000,-0.065918,-0.129003,-0.225036
16.615000,-0.325176,-0.455469,-0.421736
16.620000,-0.097394,0.209541,-0.069487
16.625000,0.360166,0.456038,0.251426
16.630000,0.088017,-0.186817,-0.180446
16.635000,-0.392724,-0.347312,-0.393462
16.640000,-0.158820,0.205286,0.094565
16.645000,0.408914,0.463349,0.185259
16.650000,-0.035424,-0.301452,-0.322096
16.655000,-0.438544,-0.507890,-0.266660
16.660000,-0.090126,0.220401,0.208409
16.665000,0.464180,0.355933,0.434925
16.670000,-0.058827,0.033984,-0.126572
16.675000,-0.402349,-0.410521,-0.358074
16.680000,0.025720,0.215507,0.351240
16.685000,0.502700,0.352821,0.385538
16.690000,0.107772,-0.099442,-0.191506
16.695000,-0.233632,-0.400093,-0.281373
16.700000,-0.039727,0.241436,0.164894
16.705000,0.176997,0.449683,0.400153
16.710000,0.085793,-0.239617,0.028715
16.715000,-0.448829,-0.379215,-0.306225
16.720000,-0.061681,0.275213,0.209818
16.725000,0.324712,0.442737,0.464100
16.730000,0.068096,-0.182177,-0.319119
16.735000,-0.420238,-0.290136,-0.527764
16.740000,0.141527,0.142422,0.122896
16.745000,0.360732,0.281395,0.432637
16.750000,-0.158615,-0.228090,-0.365935
16.755000,-0.465295,-0.433599,-0.425331
16.760000,0.168003,0.158357,0.258248
16.765000,0.475057,0.360822,0.331292
16.770000,-0.007363,0.002512,-0.106000
16.775000,-0.229208,-0.302781,-0.335481
16.780000,-0.045422,0.146536,0.246505
16.785000,0.458832,0.281678,0.525262
16.790000,0.081255,-0.162322,-0.291790
16.795000,-0.371231,-0.399491,-0.529967
16.800000,-0.061989,-0.032800,0.129827
16.805000,0.372146,0.471545,0.259148
16.810000,-0.130402,-0.111082,-0.210100
16.815000,-0.467867,-0.465050,-0.370660
16.820000,-0.009838,0.093400,0.260793
16.825000,0.310002,0.558946,0.361991
16.830000,0.072417,-0.240156,-0.235907
16.835000,-0.386047,-0.237816,-0.500730
16.840000,0.081206,0.229019,0.155368
16.845000,0.542058,0.263160,0.128496
16.850000,-0.025452,-0.278250,-0.230719
16.855000,-0.516041,-0.505719,-0.412075
16.860000,-0.209084,0.239208,0.105528
16.865000,0.542398,0.261596,0.310277
16.870000,0.100087,-0.274531,-0.346638
16.875000,-0.302536,-0.388678,-0.221464
16.880000,-0.126422,0.398164,0.208926
16.885000,0.427040,0.337898,0.336839
16.890000,0.059028,-0.127964,-0.233146
16.895000,-0.330364,-0.353242,-0.247962
16.900000,-0.254496,-0.003653,0.234425
16.905000,0.615807,0.180691,0.422340
16.910000,-0.051025,-0.207406,-0.137191
16.915000,-0.489354,-0.504137,-0.466121
16.920000,-0.076377,0.039712,0.202315
16.925000,0.335972,0.457228,0.238290
16.930000,0.083264,-0.135732,-0.168694
16.935000,-0.416189,-0.210717,-0.277200
16.940000,-0.114016,0.131701,0.081306
16.945000,0.349951,0.434878,0.313419
16.950000,-0.003228,-0.257610,0.000987
16.955000,-0.448662,-0.457152,-0.490104
16.960000,0.081424,0.134756,0.331128
16.965000,0.415263,0.368692,0.439860
16.970000,0.002565,-0.152951,-0.344413
16.975000,-0.229318,-0.389891,-0.413801
16.980000,-0.116882,-0.058487,0.061575
16.985000,0.308609,0.467631,0.473327
16.990000,0.001553,-0.220273,-0.310035
16.995000,-0.219673,-0.213797,-0.441208
17.000000,0.112146,0.128905,0.297385
17.005000,0.387904,0.451200,0.408245
17.010000,0.009466,-0.147983,-0.184072
17.015000,-0.286156,-0.600829,-0.380243
17.020000,-0.183280,0.158770,0.144433
17.025000,0.325532,0.205303,0.366939
17.030000,-0.218211,-0.160331,-0.121472
17.035000,-0.411873,-0.244559,-0.421049
17.040000,0.226989,0.261180,0.086380
17.045000,0.330595,0.364993,0.256434
17.050000,-0.150830,-0.000472,-0.187465
17.055000,-0.405513,-0.448576,-0.368470
17.060000,-0.062225,0.235891,0.109893
17.065000,0.313937,0.453878,0.269753
17.070000,-0.115165,-0.296442,-0.129339
17.075000,-0.447959,-0.568289,-0.276533
17.080000,0.011489,0.289263,0.155437
17.085000,0.333503,0.397632,0.323833
17.090000,0.146135,-0.215111,-0.070980
17.095000,-0.421064,-0.233474,-0.123895
17.100000,0.202908,-0.042713,0.134906
17.105000,0.271686,0.308371,0.383096
17.110000,0.096535,-0.443510,-0.286143
17.115000,-0.554389,-0.352268,-0.507436
17.120000,-0.114550,0.167079,0.314491
17.125000,0.532344,0.362132,0.124444
17.130000,0.113712,-0.296988,-0.174816
17.135000,-0.114455,-0.255019,-0.392278
17.140000,-0.001632,0.131930,0.066891
17.145000,0.462622,0.366510,0.496183
17.150000,0.012229,-0.276479,-0.275658
17.155000,-0.398682,-0.550751,-0.335637
17.160000,0.097724,0.045565,0.297544
17.165000,0.476889,0.317963,0.284150
17.170000,0.065418,-0.230105,-0.349590
17.175000,-0.308592,-0.228313,-0.416369
17.180000,-0.117156,0.195580,0.065296
17.185000,0.178315,0.564227,0.088210
17.190000,0.128227,-0.160290,-0.075314
17.195000,-0.413134,-0.283176,-0.328356
17.200000,-0.053570,-0.027691,0.045029
17.205000,0.380439,0.283085,0.579574
17.210000,0.046812,-0.041190,-0.262407
17.215000,-0.444210,-0.293996,-0.276762
17.220000,0.116281,0.202509,0.310034
17.225000,0.413032,0.616579,0.506305
17.230000,0.029149,-0.080226,-0.179590
17.235000,-0.575296,-0.279798,-0.447508
17.240000,-0.180202,0.149268,0.072365
17.245000,0.331443,0.269940,0.355227
17.250000,-0.027230,0.024580,-0.206499
17.255000,-0.256104,-0.499376,-0.364375
17.260000,-0.093756,0.295324,0.195044
17.265000,0.380621,0.346905,0.377013
17.270000,0.255500,-0.179163,-0.215654
17.275000,-0.430969,-0.416272,-0.358690
17.280000,0.037494,0.369640,0.210664
17.285000,0.229509,0.371952,0.292012
17.290000,0.047271,-0.104920,-0.151688
17.295000,-0.278724,-0.504240,-0.271157
17.300000,-0.146347,0.254610,0.155797
17.305000,0.253680,0.271071,0.308820
17.310000,-0.128440,-0.191550,-0.226528
17.315000,-0.555238,-0.566164,-0.409174
17.320000,-0.123134,0.201690,0.333015
17.325000,0.461415,0.524851,0.421833
17.330000,0.104425,-0.191674,-0.097299
17.335000,-0.612630,-0.564559,-0.544848
17.340000,-0.177005,0.184089,0.082675
17.345000,0.239824,0.339378,0.365796
17.350000,0.172999,-0.094422,-0.073111
17.355000,-0.283380,-0.465526,-0.556327
17.360000,0.105691,0.042700,0.034226
17.365000,0.362268,0.330828,0.383857
17.370000,0.214717,0.096634,-0.167240
17.375000,-0.204178,-0.477039,-0.387516
17.380000,-0.075205,0.155517,0.348903
17.385000,0.498545,0.380189,0.265959
17.390000,0.106158,-0.152398,-0.280670
17.395000,-0.307426,-0.443173,-0.418651
17.400000,-0.005495,0.199545,0.396254
17.405000,0.435803,0.468503,0.244131
17.410000,-0.057316,-0.181315,-0.218788
17.415000,-0.407553,-0.214952,-0.279868
17.420000,-0.097784,0.338107,0.275437
17.425000,0.435024,0.218380,0.392413
17.430000,0.113577,-0.192008,-0.163263
17.435000,-0.550160,-0.217804,-0.257207
17.440000,-0.002267,0.190259,0.264192
17.445000,0.338832,0.518571,0.505107
17.450000,0.089351,-0.209944,-0.223628
17.455000,-0.356081,-0.484260,-0.486518
17.460000,-0.109671,0.191030,0.373046
17.465000,0.446608,0.402025,0.403799
17.470000,0.041372,-0.201405,-0.202021
17.475000,-0.388100,-0.439473,-0.219878
17.480000,0.027221,0.410498,0.278154
17.485000,0.294278,0.426492,0.406069
17.490000,-0.036130,-0.100833,-0.192427
17.495000,-0.438320,-0.366122,-0.394240
17.500000,-0.202272,0.305443,-0.015729
17.505000,0.411947,0.279315,0.404500
17.510000,-0.109109,-0.136108,-0.098175
17.515000,-0.182739,-0.321741,-0.402098
17.520000,0.084401,0.429770,0.055781
17.525000,0.305952,0.481539,0.457850
17.530000,0.033435,-0.029859,-0.062381
17.535000,-0.579203,-0.323409,-0.314845
17.540000,-0.129222,0.021543,0.214761
17.545000,0.497017,0.329961,0.360823
17.550000,-0.035153,-0.066541,-0.215629
17.555000,-0.168058,-0.363844,-0.326409
17.560000,0.247067,0.134322,0.219961
17.565000,0.213013,0.278506,0.505385
17.570000,-0.164274,-0.446013,-0.227967
17.575000,-0.440906,-0.457927,-0.113341
17.580000,0.050990,0.278989,0.284066
17.585000,0.398013,0.456370,0.392587
17.590000,0.041020,-0.076799,-0.270998
17.595000,-0.244438,-0.375737,-0.241188
17.600000,-0.025116,0.147939,0.154817
17.605000,0.473217,0.380978,0.380401
17.610000,0.111082,-0.239078,-0.197002
17.615000,-0.380450,-0.396254,-0.541224
17.620000,0.063683,0.004486,0.309607
17.625000,0.514010,0.351916,0.269446
17.630000,-0.019212,-0.078771,-0.115533
17.635000,-0.353967,-0.320270,-0.268978
17.640000,-0.055557,0.233373,0.113241
17.645000,0.581829,0.245843,0.536977
17.650000,0.000823,-0.144313,-0.161687
17.655000,-0.199710,-0.356579,-0.505162
17.660000,0.066884,0.213526,0.164199
17.665000,0.381959,0.264728,0.324855
17.670000,0.106042,-0.084818,-0.044904
17.675000,-0.333937,-0.312146,-0.450607
17.680000,0.090063,0.113518,0.270569
17.685000,0.197521,0.443209,0.485146
17.690000,-0.051643,-0.152674,-0.277133
17.695000,-0.513567,-0.459757,-0.572696
17.700000,0.121019,0.277252,0.332431
17.705000,0.513969,0.371072,0.417571
17.710000,0.138961,-0.385916,-0.386739
17.715000,-0.311744,-0.550551,-0.301520
17.720000,0.191184,0.141246,0.175599
17.725000,0.530675,0.374799,0.520385
17.730000,-0.001922,-0.155901,-0.013623
17.735000,-0.507215,-0.368605,-0.318194
17.740000,0.261026,0.270647,0.361701
17.745000,0.518894,0.469893,0.388663
17.750000,0.064826,-0.182764,-0.255649
17.755000,-0.220562,-0.284450,-0.304649
17.760000,-0.020091,0.175910,0.218897
17.765000,0.385779,0.367479,0.442657
17.770000,0.033051,-0.292817,-0.222857
17.775000,-0.290609,-0.277748,-0.133704
17.780000,0.087116,0.204394,0.349100
17.785000,0.493796,0.369480,0.227520
17.790000,0.109452,-0.313961,-0.215476
17.795000,-0.429655,-0.359875,-0.455475
17.800000,-0.054458,0.129902,0.138302
17.805000,0.376881,0.285688,0.469654
17.810000,-0.173131,-0.107540,-0.198448
17.815000,-0.434106,-0.205492,-0.322291
17.820000,0.121804,0.301037,0.111101
17.825000,0.448234,0.260513,0.395324
17.830000,-0.119159,-0.236118,-0.289502
17.835000,-0.616612,-0.254893,-0.583826
17.840000,0.022823,0.248327,0.206986
17.845000,0.520885,0.228456,0.368844
17.850000,0.047491,-0.462189,-0.231208
17.855000,-0.482383,-0.345520,-0.336563
17.860000,0.114171,0.229254,0.240159
17.865000,0.236119,0.204429,0.249022
17.870000,-0.007292,-0.232301,0.023131
17.875000,-0.446202,-0.274409,-0.351361
17.880000,-0.098782,0.240328,0.109217
17.885000,0.530945,0.253533,0.249081
17.890000,-0.029078,-0.096856,-0.283772
17.895000,-0.339224,-0.380647,-0.324533
17.900000,-0.046728,0.204569,0.141516
17.905000,0.380480,0.398002,0.503718
17.910000,-0.119238,-0.329982,-0.109521
17.915000,-0.214827,-0.206732,-0.377979
17.920000,0.043719,0.147931,-0.056716
17.925000,0.447356,0.354610,0.531933
17.930000,-0.130824,-0.070196,-0.095575
17.935000,-0.530024,-0.494348,-0.293441
17.940000,-0.048679,0.411527,0.273786
17.945000,0.333976,0.489376,0.374967
17.950000,-0.124067,-0.245564,-0.105887
17.955000,-0.203825,-0.293769,-0.285757
17.960000,0.114265,0.167939,0.049330
17.965000,0.407507,0.299240,0.320888
17.970000,-0.127939,0.051123,-0.111561
17.975000,-0.471241,-0.427611,-0.294494
17.980000,0.062025,0.194693,0.246923
17.985000,0.259046,0.402727,0.259065
17.990000,-0.082208,-0.247927,-0.104783
17.995000,-0.419678,-0.439043,-0.522593
18.000000,0.162295,0.088675,0.071653
18.005000,0.204930,0.350405,0.436491
18.010000,-0.012084,-0.268658,-0.225975
18.015000,-0.364689,-0.378801,-0.587991
18.020000,0.189288,0.387373,0.248507
18.025000,0.377357,0.333448,0.214741
18.030000,-0.162780,-0.263953,-0.129422
18.035000,-0.480821,-0.274381,-0.517875
18.040000,0.133291,0.059319,0.406315
18.045000,0.382677,0.437925,0.436137
18.050000,-0.150704,-0.008003,-0.125663
18.055000,-0.501203,-0.539303,-0.646147
18.060000,0.321253,0.195620,0.217732
18.065000,0.382815,0.579413,0.238954
18.070000,0.019798,-0.321001,-0.060684
18.075000,-0.382079,-0.329667,-0.397170
18.080000,0.048077,0.212681,0.142690
18.085000,0.353178,0.364966,0.410131
18.090000,-0.230634,-0.101815,-0.057348
18.095000,-0.381688,-0.266588,-0.610354
18.100000,0.125366,0.381741,-0.013900
18.105000,0.421356,0.651604,0.146762
18.110000,-0.083055,-0.231196,-0.292695
18.115000,-0.319756,-0.346087,-0.295420
18.120000,0.155534,0.291490,0.250621
18.125000,0.453133,0.473214,0.480866
18.130000,-0.126936,-0.151005,-0.108485
18.135000,-0.585474,-0.530987,-0.437122
18.140000,0.202064,0.313886,0.053168
18.145000,0.389720,0.292472,0.421552
18.150000,0.240230,-0.185421,-0.158466
18.155000,-0.506343,-0.257960,-0.396190
18.160000,-0.048610,0.195194,0.065143
18.165000,0.423298,0.373352,0.331276
18.170000,-0.125497,-0.405215,-0.157668
18.175000,-0.345496,-0.450233,-0.299202
18.180000,0.043538,0.127757,0.146885
18.185000,0.480959,0.420301,0.400101
18.190000,-0.108379,-0.140298,-0.023970
18.195000,-0.436838,-0.265944,-0.502266
18.200000,0.036251,-0.142332,0.039475
18.205000,0.350541,0.214352,0.424342
18.210000,-0.110018,-0.099299,-0.036935
18.215000,-0.508828,-0.304224,-0.338848
18.220000,0.349852,0.409887,0.134803
18.225000,0.550669,0.207338,0.275209
18.230000,-0.164726,-0.328452,-0.093427
18.235000,-0.506344,-0.517944,-0.436455
18.240000,0.105346,0.164525,-0.046992
18.245000,0.315194,0.413219,0.175213
18.250000,-0.133664,0.030823,-0.075290
18.255000,-0.337356,-0.328690,-0.310718
18.260000,0.190866,0.233930,-0.017351
18.265000,0.417991,0.544469,0.463923
18.270000,-0.065771,-0.278872,-0.227667
18.275000,-0.244950,-0.395644,-0.325161
18.280000,0.031230,0.330792,0.125984
18.285000,0.431566,0.387403,0.535057
18.290000,-0.268233,-0.208578,-0.098621
18.295000,-0.548412,-0.256416,-0.444965
18.300000,0.118913,0.298118,0.386300
18.305000,0.441814,0.311418,0.443527
18.310000,-0.138235,-0.125311,-0.247650
18.315000,-0.299633,-0.215162,-0.330462
18.320000,0.095069,0.205247,0.129532
18.325000,0.396832,0.364918,0.448787
18.330000,-0.193576,-0.404763,-0.060583
18.335000,-0.412722,-0.422600,-0.442651
18.340000,0.130219,0.115507,0.205873
18.345000,0.369374,0.258101,0.263027
18.350000,-0.213094,-0.201805,-0.108621
18.355000,-0.371591,-0.417301,-0.471444
18.360000,0.111332,0.084295,0.123944
18.365000,0.527829,0.459527,0.162865
18.370000,-0.353551,-0.145228,-0.159217
18.375000,-0.471049,-0.343033,-0.381688
18.380000,-0.046493,0.247493,0.056749
18.385000,0.376609,0.342087,0.410820
18.390000,-0.104411,-0.268567,-0.116935
18.395000,-0.195715,-0.337473,-0.361298
18.400000,0.243334,0.133789,0.273140
18.405000,0.318155,0.356538,0.326190
18.410000,-0.437494,-0.183258,-0.126042
18.415000,-0.378203,-0.426104,-0.277062
18.420000,0.089227,0.272854,0.138249
18.425000,0.529339,0.375006,0.420743
18.430000,-0.199589,-0.201559,-0.058013
18.435000,-0.156424,-0.258622,-0.472389
18.440000,0.300952,0.253456,0.114069
18.445000,0.379120,0.363705,0.133474
18.450000,-0.070025,-0.198867,0.058388
18.455000,-0.328716,-0.255819,-0.236382
18.460000,-0.045365,0.197342,0.213558
18.465000,0.164404,0.190245,0.352963
18.470000,-0.046272,-0.159577,-0.131789
18.475000,-0.480525,-0.389701,-0.473519
18.480000,0.175989,0.043107,0.137101
18.485000,0.215229,0.112704,0.245408
18.490000,-0.006416,-0.077062,-0.234013
18.495000,-0.347958,-0.469194,-0.323683
18.500000,0.282663,0.118041,0.096600
18.505000,0.472657,0.548907,0.363304
18.510000,-0.179823,-0.299940,-0.037387
18.515000,-0.366817,-0.545130,-0.421602
18.520000,-0.066010,0.266343,0.076418
18.525000,0.508270,0.281162,0.482299
18.530000,-0.225489,-0.111197,-0.264397
18.535000,-0.395345,-0.234750,-0.359726
18.540000,0.126022,0.217564,-0.000431
18.545000,0.339002,0.330118,0.438074
18.550000,-0.324625,-0.152844,-0.147167
18.555000,-0.454869,-0.400245,-0.458668
18.560000,0.080081,0.447161,0.011401
18.565000,0.467612,0.309261,0.606060
18.570000,-0.384624,-0.241777,-0.196901
18.575000,-0.314880,-0.454649,-0.215932
18.580000,0.089061,0.105408,-0.039622
18.585000,0.422998,0.553691,0.287599
18.590000,-0.185241,-0.243500,-0.058608
18.595000,-0.544255,-0.408860,-0.276387
18.600000,0.027910,0.262580,0.161875
18.605000,0.426142,0.560303,0.264900
18.610000,-0.090901,-0.327721,-0.068793
18.615000,-0.426934,-0.262432,-0.488954
18.620000,0.367106,0.180962,-0.007733
18.625000,0.295848,0.386550,0.474436
18.630000,-0.099458,-0.444264,-0.125441
18.635000,-0.473216,-0.306132,-0.512769
18.640000,0.003578,0.267881,-0.004980
18.645000,0.541986,0.386628,0.413680
18.650000,-0.181234,-0.141712,-0.153696
18.655000,-0.361617,-0.477849,-0.292325
18.660000,0.248745,0.107772,0.082275
18.665000,0.345305,0.389318,0.463610
18.670000,-0.272584,-0.101469,0.007872
18.675000,-0.396014,-0.392006,-0.387415
18.680000,0.182966,0.287663,0.142830
18.685000,0.396117,0.155557,0.402097
18.690000,-0.366384,-0.168007,-0.080090
18.695000,-0.232090,-0.269779,-0.372716
18.700000,0.108570,0.209941,0.037550
18.705000,0.442834,0.412811,0.356796
18.710000,-0.223700,-0.246909,-0.100271
18.715000,-0.436903,-0.568641,-0.384973
18.720000,0.134932,0.312453,-0.254939
18.725000,0.388689,0.220597,0.362163
18.730000,-0.070091,-0.078102,-0.073456
18.735000,-0.339935,-0.398587,-0.340806
18.740000,0.011858,0.371083,0.158409
18.745000,0.395268,0.362119,0.393104
18.750000,-0.111054,-0.108108,-0.120094
18.755000,-0.348464,-0.295549,-0.503411
18.760000,0.009638,0.013944,-0.020906
18.765000,0.471353,0.379599,0.299763
18.770000,-0.174089,-0.236386,-0.078355
18.775000,-0.264683,-0.365264,-0.337536
18.780000,0.108940,0.257429,0.033772
18.785000,0.293154,0.319255,0.314746
18.790000,-0.138452,-0.218284,0.030862
18.795000,-0.415402,-0.479101,-0.337132
18.800000,0.087804,0.062796,0.028317
18.805000,0.370958,0.295933,0.408302
18.810000,-0.212321,-0.317509,0.043930
18.815000,-0.221702,-0.488431,-0.481242
18.820000,0.195241,0.236998,0.017924
18.825000,0.490448,0.270999,0.466513
18.830000,-0.151893,-0.018658,0.013094
18.835000,-0.310048,-0.179903,-0.601373
18.840000,0.198930,0.214308,0.063211
18.845000,0.481585,0.322893,0.348092
18.850000,-0.137420,-0.170349,0.009614
18.855000,-0.328001,-0.269097,-0.338928
18.860000,0.263446,0.268433,-0.027264
18.865000,0.418105,0.551257,0.357484
18.870000,-0.349086,-0.294649,-0.092662
18.875000,-0.405526,-0.331199,-0.365865
18.880000,0.226200,0.135592,0.110183
18.885000,0.380689,0.284139,0.539223
18.890000,-0.314136,-0.339966,-0.104551
18.895000,-0.432214,-0.328411,-0.354042
18.900000,0.171869,0.087406,0.108920
18.905000,0.405685,0.487868,0.420587
18.910000,-0.169399,-0.204140,0.002199
18.915000,-0.321123,-0.403417,-0.368527
18.920000,0.271722,0.282762,-0.100522
18.925000,0.333526,0.403929,0.448749
18.930000,-0.029205,-0.225444,0.081844
18.935000,-0.478594,-0.295382,-0.277697
18.940000,0.272224,0.105000,-0.038456
18.945000,0.442548,0.438369,0.299514
18.950000,-0.163726,-0.248579,-0.027126
18.955000,-0.642968,-0.404626,-0.478396
18.960000,0.275557,0.281001,0.227839
18.965000,0.412211,0.174443,0.543658
18.970000,-0.102422,-0.156067,0.115887
18.975000,-0.437614,-0.318802,-0.423395
18.980000,0.279225,-0.006921,-0.069348
18.985000,0.285857,0.458135,0.385299
18.990000,-0.238522,-0.145560,-0.200342
18.995000,-0.539708,-0.433540,-0.307882
19.000000,0.169036,0.233701,0.016141
19.005000,0.315968,0.338099,0.249111
19.010000,-0.285667,-0.174440,0.025660
19.015000,-0.408773,-0.454320,-0.417784
19.020000,0.355154,0.210320,-0.238680
19.025000,0.272316,0.497467,0.490122
19.030000,-0.227570,-0.101304,0.061200
19.035000,-0.245449,-0.488130,-0.436826
19.040000,0.260737,0.223150,-0.018412
19.045000,0.243908,0.424703,0.449063
19.050000,-0.207447,-0.121139,-0.049542
19.055000,-0.248902,-0.345600,-0.373323
19.060000,0.273326,0.292295,-0.097525
19.065000,0.482656,0.499017,0.418041
19.070000,-0.201261,-0.311104,-0.069275
19.075000,-0.305918,-0.473855,-0.477620
19.080000,0.101713,0.196494,-0.165551
19.085000,0.307317,0.446776,0.359158
19.090000,-0.245835,-0.318001,-0.056125
19.095000,-0.607994,-0.406420,-0.546273
19.100000,0.269531,0.072453,-0.037382
19.105000,0.346509,0.355804,0.540641
19.110000,-0.135624,-0.141418,0.012388
19.115000,-0.297847,-0.497115,-0.370079
19.120000,0.335610,0.011741,-0.159626
19.125000,0.359909,0.554279,0.449855
19.130000,-0.261833,-0.336926,0.160453
19.135000,-0.335118,-0.475948,-0.474679
19.140000,0.105266,0.177797,-0.230615
19.145000,0.369360,0.376568,0.518392
19.150000,-0.236428,-0.129447,-0.142308
19.155000,-0.553282,-0.267607,-0.383229
19.160000,0.183888,0.325116,-0.090102
19.165000,0.236933,0.382421,0.320601
19.170000,-0.401217,-0.307633,-0.242755
19.175000,-0.377789,-0.490638,-0.418072
19.180000,0.242954,0.179054,-0.095759
19.185000,0.396563,0.391065,0.479910
19.190000,-0.182867,-0.183529,0.076434
19.195000,-0.318148,-0.399943,-0.307385
19.200000,0.215564,0.102026,-0.187689
19.205000,0.218476,0.382543,0.437373
19.210000,-0.246578,0.034265,0.232275
19.215000,-0.420440,-0.365943,-0.148049
19.220000,0.332713,-0.093925,-0.150712
19.225000,0.292818,0.210152,0.454813
19.230000,-0.344332,-0.209838,0.237334
19.235000,-0.314848,-0.346174,-0.444518
19.240000,0.155781,0.095146,-0.053667
19.245000,0.224040,0.467027,0.408334
19.250000,-0.117932,-0.225768,-0.003375
19.255000,-0.407642,-0.344652,-0.400114
19.260000,0.090483,0.183396,-0.037080
19.265000,0.384594,0.421228,0.294083
19.270000,-0.144042,-0.199804,0.175190
19.275000,-0.198106,-0.132247,-0.406291
19.280000,0.361156,0.244898,-0.051812
19.285000,0.391231,0.335387,0.419245
19.290000,-0.175970,-0.196323,0.035913
19.295000,-0.432485,-0.420606,-0.369498
19.300000,0.365498,0.086657,-0.167253
19.305000,0.509297,0.337867,0.474454
19.310000,-0.249408,-0.112175,0.152268
19.315000,-0.252840,-0.197514,-0.404010
19.320000,0.134535,0.220749,-0.024250
19.325000,0.372679,0.362392,0.255832
19.330000,-0.123075,-0.244482,0.074891
19.335000,-0.404481,-0.393322,-0.320879
19.340000,0.321197,0.042615,0.137323
19.345000,0.433513,0.465381,0.452797
19.350000,-0.138254,0.038601,0.068273
19.355000,-0.305744,-0.374559,-0.495247
19.360000,0.337416,0.008857,0.035187
19.365000,0.356292,0.442624,0.497967
19.370000,-0.058633,-0.182473,0.066767
19.375000,-0.292968,-0.411121,-0.454884
19.380000,0.203600,0.112788,-0.145572
19.385000,0.272807,0.405776,0.290031
19.390000,-0.187065,-0.131417,0.016019
19.395000,-0.440706,-0.413110,-0.256460
19.400000,0.270000,0.137612,-0.022706
19.405000,0.618739,0.512269,0.535033
19.410000,-0.242400,-0.035696,0.168087
19.415000,-0.296940,-0.315566,-0.326698
19.420000,0.267447,0.082616,-0.266943
19.425000,0.372108,0.361107,0.497818
19.430000,-0.270025,-0.131644,-0.121200
19.435000,-0.423883,-0.470580,-0.193133
19.440000,0.217872,0.070338,-0.193220
19.445000,0.250193,0.533605,0.443289
19.450000,-0.168195,-0.019135,0.139438
19.455000,-0.440214,-0.297542,-0.374549
19.460000,0.210080,0.128632,0.151806
19.465000,0.263192,0.261750,0.237695
19.470000,-0.274343,-0.122581,0.012869
19.475000,-0.326555,-0.425878,-0.355026
19.480000,0.273211,0.128992,-0.243080
19.485000,0.409455,0.305901,0.398146
19.490000,-0.298401,-0.278366,-0.027499
19.495000,-0.373302,-0.459969,-0.575737
19.500000,0.267738,0.035023,-0.164179
19.505000,0.284580,0.416187,0.407878
19.510000,0.017428,-0.063887,0.236914
19.515000,-0.296967,-0.304892,-0.334713
19.520000,0.337250,0.308639,-0.155458
19.525000,0.365793,0.528634,0.506341
19.530000,-0.159715,-0.381969,0.191186
19.535000,-0.371151,-0.435399,-0.160266
19.540000,0.229141,0.070830,-0.233867
19.545000,0.274451,0.397277,0.252454
19.550000,-0.348430,-0.174150,0.109415
19.555000,-0.408659,-0.267850,-0.423679
19.560000,0.182457,0.134247,-0.149050
19.565000,0.299194,0.346314,0.359134
19.570000,-0.195761,-0.208903,0.033358
19.575000,-0.310881,-0.409205,-0.353792
19.580000,0.207692,0.088459,-0.173265
19.585000,0.306791,0.485922,0.342814
19.590000,-0.251036,-0.244666,0.202140
19.595000,-0.446057,-0.525974,-0.272792
19.600000,0.113415,0.062735,-0.086977
19.605000,0.410032,0.233226,0.340945
19.610000,-0.062250,-0.215168,0.095132
19.615000,-0.531002,-0.661968,-0.364454
19.620000,0.259376,0.039854,-0.079413
19.625000,0.393814,0.270258,0.323392
19.630000,-0.102549,-0.193247,0.008698
19.635000,-0.323858,-0.432202,-0.437542
19.640000,-0.166332,-0.064295,-0.025303
19.645000,0.448862,0.632562,0.337639
19.650000,-0.099750,-0.057414,0.171963
19.655000,-0.461546,-0.305042,-0.444491
19.660000,0.139512,0.354167,-0.276339
19.665000,0.303492,0.379819,0.175114
19.670000,-0.270545,-0.189601,-0.032534
19.675000,-0.402548,-0.532801,-0.333138
19.680000,0.203190,-0.011327,-0.110327
19.685000,0.371950,0.346513,0.357981
19.690000,-0.203010,-0.176928,0.254811
19.695000,-0.287897,-0.474026,-0.347128
19.700000,0.198604,0.032236,-0.330070
19.705000,0.402956,0.468979,0.324603
19.710000,-0.246301,0.097873,0.261093
19.715000,-0.423456,-0.479301,-0.405728
19.720000,0.110372,0.058450,-0.164562
19.725000,0.487395,0.549097,0.387038
19.730000,-0.324470,-0.170892,0.347016
19.735000,-0.254161,-0.198407,-0.287531
19.740000,0.254472,0.069688,-0.183372
19.745000,0.493611,0.408651,0.379139
19.750000,-0.272232,-0.167261,0.068378
19.755000,-0.378348,-0.382889,-0.090129
19.760000,0.254586,0.099657,-0.214454
19.765000,0.270532,0.353794,0.289812
19.770000,-0.280778,-0.036040,0.120628
19.775000,-0.071382,-0.456344,-0.420056
19.780000,0.157137,0.267609,-0.120071
19.785000,0.338323,0.341327,0.374903
19.790000,-0.370215,-0.071257,0.224278
19.795000,-0.300351,-0.484875,-0.360437
19.800000,0.264532,0.051682,-0.352911
19.805000,0.292498,0.516921,0.356818
19.810000,-0.183840,-0.007472,0.256167
19.815000,-0.455647,-0.454967,-0.345626
19.820000,0.246552,0.088371,-0.148937
19.825000,0.335289,0.274640,0.297835
19.830000,-0.171910,-0.016069,0.117583
19.835000,-0.320599,-0.222462,-0.108748
19.840000,0.223912,0.043435,-0.155880
19.845000,0.293075,0.355663,0.288634
19.850000,-0.284603,0.033285,0.195008
19.855000,-0.469634,-0.400502,-0.430379
19.860000,0.155747,0.134957,-0.083800
19.865000,0.512971,0.572507,0.184556
19.870000,-0.105895,-0.133609,0.354218
19.875000,-0.503278,-0.322608,-0.240543
19.880000,0.322787,-0.001444,-0.080219
19.885000,0.186964,0.372215,0.187445
19.890000,-0.326493,-0.112956,0.222632
19.895000,-0.411726,-0.204919,-0.177861
19.900000,0.141825,0.137039,-0.205840
19.905000,0.137030,0.387878,0.497332
19.910000,-0.257151,-0.099259,0.343671
19.915000,-0.261005,-0.477129,-0.408836
19.920000,0.357965,-0.049999,-0.304059
19.925000,0.395167,0.390987,0.003215
19.930000,-0.269088,-0.150843,0.197739
19.935000,-0.355899,-0.249879,-0.265680
19.940000,0.189811,0.058475,-0.190856
19.945000,0.235727,0.359443,0.368986
19.950000,-0.272400,0.054984,0.236757
19.955000,-0.336833,-0.375527,-0.390826
19.960000,0.020016,-0.092275,-0.164380
19.965000,0.277880,0.455439,0.426065
19.970000,-0.257520,0.034153,0.213787
19.975000,-0.390614,-0.443746,-0.386697
19.980000,0.253905,0.190085,-0.259096
19.985000,0.301599,0.273918,0.332338
19.990000,-0.204065,-0.204154,0.256150
19.995000,-0.320135,-0.498935,-0.143735
20.000000,0.144224,0.252909,-0.277783
20.005000,0.277805,0.439682,0.250108
20.010000,-0.381690,-0.119901,0.017646
20.015000,-0.259949,-0.419488,-0.203133
20.020000,0.224242,-0.017297,-0.102680
20.025000,0.381990,0.280441,0.336155
20.030000,-0.085479,0.012346,0.245033
20.035000,-0.380987,-0.534262,-0.438863
20.040000,0.219099,0.232617,-0.066922
20.045000,0.202182,0.361271,0.199782
20.050000,-0.296500,-0.159323,0.114525
20.055000,-0.424570,-0.304630,-0.214230
20.060000,0.294884,-0.012161,-0.174965
20.065000,0.330282,0.323551,0.371547
20.070000,-0.270015,-0.016020,0.293712
20.075000,-0.362550,-0.442874,-0.337655
20.080000,0.234976,0.080166,-0.222153
20.085000,0.351250,0.616398,0.157714
20.090000,-0.307775,-0.090983,0.162489
20.095000,-0.339597,-0.320980,-0.231484
20.100000,0.329352,-0.023747,-0.079377
20.105000,0.429413,0.335126,0.291671
20.110000,-0.238577,0.047352,0.099826
20.115000,-0.394843,-0.334616,-0.333579
20.120000,0.108289,0.106113,-0.135218
20.125000,0.421902,0.235076,0.090397
20.130000,-0.217769,-0.047899,0.277787
20.135000,-0.296266,-0.363307,-0.083094
20.140000,0.034297,0.088595,-0.073092
20.145000,0.413725,0.402095,0.303862
20.150000,-0.249022,0.027339,0.290323
20.155000,-0.360224,-0.352858,-0.316626
20.160000,0.175997,0.134188,-0.180189
20.165000,0.194484,0.456932,0.298996
20.170000,-0.182967,-0.113124,0.186491
20.175000,-0.281010,-0.443850,-0.376365
20.180000,0.323990,-0.008027,-0.078988
20.185000,0.609542,0.320039,0.253797
20.190000,-0.260938,-0.058538,0.087132
20.195000,-0.528145,-0.465664,-0.346927
20.200000,0.368473,0.024470,-0.110063
20.205000,0.404616,0.516841,0.196006
20.210000,-0.200218,-0.090457,0.324506
20.215000,-0.363934,-0.524153,-0.205311
20.220000,0.190841,0.039520,-0.184829
20.225000,0.549347,0.284321,0.301144
20.230000,-0.296581,-0.131756,0.303354
20.235000,-0.276243,-0.341991,-0.314441
20.240000,0.250830,0.065280,-0.077174
20.245000,0.526128,0.243043,0.345190
20.250000,-0.224627,-0.011652,0.300295
20.255000,-0.343103,-0.231776,-0.372326
20.260000,0.102221,0.111920,-0.240954
20.265000,0.286062,0.380806,0.281465
20.270000,-0.214794,-0.118863,0.176976
20.275000,-0.256468,-0.208421,-0.302916
20.280000,0.253829,0.063851,-0.379152
20.285000,0.405009,0.489552,0.255384
20.290000,-0.278025,-0.020739,0.197748
20.295000,-0.475460,-0.520218,-0.283592
20.300000,0.354070,-0.029420,-0.264714
20.305000,0.298399,0.402405,0.511096
20.310000,-0.153173,0.042015,0.255487
20.315000,-0.493934,-0.382367,-0.423730
20.320000,0.252114,0.075870,-0.140279
20.325000,0.509348,0.389294,0.271007
20.330000,-0.322707,-0.066978,0.175902
20.335000,-0.265439,-0.372513,-0.173588
20.340000,0.229045,0.024992,-0.174007
20.345000,0.202644,0.447900,0.253240
20.350000,-0.315633,-0.035453,0.144106
20.355000,-0.132642,-0.309000,-0.270703
20.360000,0.052543,0.123581,-0.147298
20.365000,0.553527,0.402347,0.416357
20.370000,-0.225436,-0.092708,0.199599
20.375000,-0.458019,-0.440387,-0.197060
20.380000,0.140117,0.044947,-0.345492
20.385000,0.328997,0.367702,0.134611
20.390000,-0.152474,-0.252441,0.241181
20.395000,-0.382544,-0.346266,-0.361256
20.400000,0.202138,0.024682,-0.149779
20.405000,0.457725,0.533276,0.277609
20.410000,-0.187309,-0.095454,0.280343
20.415000,-0.335769,-0.431963,-0.104314
20.420000,0.201411,-0.012428,-0.202060
20.425000,0.305088,0.631526,0.317133
20.430000,-0.029264,-0.034160,0.115593
20.435000,-0.417715,-0.310701,-0.408745
20.440000,0.611806,-0.092727,-0.225782
20.445000,0.348447,0.484904,0.206982
20.450000,-0.179130,0.030440,0.202285
20.455000,-0.418767,-0.508486,-0.268351
20.460000,0.277149,0.153168,-0.076385
20.465000,0.483864,0.393509,0.340638
20.470000,-0.115193,0.031114,0.313344
20.475000,-0.329364,-0.449034,-0.217213
20.480000,0.056478,0.088781,-0.074345
20.485000,0.345397,0.303140,0.314086
20.490000,-0.212312,0.055131,-0.018277
20.495000,-0.388125,-0.345321,-0.229856
20.500000,0.079770,-0.025739,-0.070706
20.505000,0.440582,0.665476,0.118218
20.510000,-0.359337,-0.143846,0.205187
20.515000,-0.211384,-0.208623,-0.256536
20.520000,0.304008,0.134190,-0.135369
20.525000,0.396623,0.530784,0.362482
20.530000,-0.360002,0.101890,0.207898
20.535000,-0.326687,-0.344443,-0.188652
20.540000,0.106520,0.098749,-0.127110
20.545000,0.273850,0.521265,0.177634
20.550000,-0.117266,-0.054547,0.097388
20.555000,-0.298742,-0.506957,-0.312055
20.560000,0.291383,-0.008000,-0.187405
20.565000,0.425924,0.382559,0.404487
20.570000,-0.301845,0.006412,0.064626
20.575000,-0.372223,-0.475270,-0.240876
20.580000,0.359352,0.214584,-0.114820
20.585000,0.368978,0.341205,0.266084
20.590000,-0.179041,0.057655,0.175075
20.595000,-0.295295,-0.456298,-0.462749
20.600000,0.064943,-0.082516,-0.149503
20.605000,0.226710,0.320372,0.268917
20.610000,-0.307169,-0.189642,0.296893
20.615000,-0.205920,-0.285687,-0.257692
20.620000,0.329420,-0.014487,-0.257456
20.625000,0.310704,0.212252,0.226061
20.630000,-0.158113,0.050192,0.224351
20.635000,-0.422493,-0.530075,-0.323482
20.640000,0.276301,0.247592,-0.257674
20.645000,0.492527,0.421953,0.070472
20.650000,-0.215572,-0.075919,0.019664
20.655000,-0.283070,-0.369551,-0.179573
20.660000,0.042904,0.079211,-0.215419
20.665000,0.324456,0.375101,0.450548
20.670000,-0.049357,-0.142919,0.248302
20.675000,-0.415288,-0.498520,-0.261681
20.680000,0.170305,0.128322,-0.198034
20.685000,0.411460,0.349687,0.385278
20.690000,-0.335698,0.047348,0.307573
20.695000,-0.417783,-0.501334,-0.334743
20.700000,0.563727,-0.024931,-0.231160
20.705000,0.160933,0.486102,0.183428
20.710000,-0.142662,0.004013,0.079315
20.715000,-0.422691,-0.369123,-0.312701
20.720000,0.166008,0.093063,-0.340704
20.725000,0.425270,0.510766,0.368633
20.730000,-0.199611,0.052153,0.336766
20.735000,-0.384827,-0.382293,-0.393296
20.740000,0.351801,0.007247,-0.213048
20.745000,0.214260,0.404219,0.413229
20.750000,-0.023220,-0.015098,0.258795
20.755000,-0.316683,-0.402330,-0.272087
20.760000,0.116382,-0.019222,-0.176377
20.765000,0.445719,0.330486,0.159990
20.770000,-0.365899,-0.076019,0.066203
20.775000,-0.251084,-0.267150,-0.174530
20.780000,0.264851,0.011676,-0.295115
20.785000,0.577999,0.394703,0.257163
20.790000,-0.036694,-0.097586,0.268695
20.795000,-0.372111,-0.377759,-0.296207
20.800000,0.109963,-0.122398,-0.197722
20.805000,0.360297,0.331999,0.302636
20.810000,-0.005818,-0.088178,0.132356
20.815000,-0.392273,-0.253281,-0.145558
20.820000,0.232864,0.145977,-0.186083
20.825000,0.309537,0.358879,0.469805
20.830000,-0.219273,-0.085542,0.298422
20.835000,-0.459380,-0.391440,-0.318711
20.840000,0.330975,-0.316120,-0.124784
20.845000,0.303257,0.360859,0.160964
20.850000,-0.266518,-0.119770,0.321681
20.855000,-0.336773,-0.167878,-0.356319
20.860000,0.263695,-0.096453,-0.137739
20.865000,0.364794,0.237055,0.401227
20.870000,-0.156621,0.080928,0.306448
20.875000,-0.188540,-0.303926,-0.215596
20.880000,0.355404,0.059588,-0.135692
20.885000,0.319433,0.384519,0.175747
20.890000,-0.142564,-0.249173,0.116305
20.895000,-0.330101,-0.274519,-0.397582
20.900000,0.270511,0.245410,-0.243024
20.905000,0.422574,0.465022,0.292215
20.910000,-0.217079,-0.094520,0.188116
20.915000,-0.150027,-0.308556,-0.355280
20.920000,0.176798,-0.013575,-0.201927
20.925000,0.449825,0.360531,0.325016
20.930000,-0.117410,-0.235499,0.172501
20.935000,-0.363629,-0.346660,-0.327486
20.940000,0.177458,0.117747,-0.337265
20.945000,0.192274,0.478715,0.332473
20.950000,-0.220740,0.011682,0.162264
20.955000,-0.538832,-0.385434,-0.464101
20.960000,0.389940,0.291228,-0.260301
20.965000,0.189035,0.630294,0.375796
20.970000,-0.099557,-0.160775,0.134577
20.975000,-0.309154,-0.543669,-0.322432
20.980000,0.173799,-0.115352,-0.294761
20.985000,0.353912,0.346432,0.379053
20.990000,-0.200893,-0.073727,-0.039079
20.995000,-0.396206,-0.460443,-0.347968
21.000000,0.272909,0.018864,-0.233545
21.005000,0.509799,0.562612,0.358987
21.010000,-0.265731,-0.073411,0.165205
21.015000,-0.249518,-0.302620,-0.118637
21.020000,0.159055,0.290451,-0.295591
21.025000,0.399394,0.360864,0.319017
21.030000,-0.205088,0.052307,0.433369
21.035000,-0.114569,-0.210325,-0.349423
21.040000,0.369398,0.223764,-0.296632
21.045000,0.542897,0.422289,0.369482
21.050000,-0.250547,0.021641,0.227229
21.055000,-0.123393,-0.607887,-0.261074
21.060000,0.327612,0.089512,-0.304633
21.065000,0.330518,0.481069,0.329110
21.070000,-0.222706,-0.298544,0.348394
21.075000,-0.453367,-0.261327,-0.242873
21.080000,0.089767,0.025324,-0.288461
21.085000,0.255345,0.370005,0.512503
21.090000,-0.356331,0.030896,0.233370
21.095000,-0.453440,-0.430144,-0.306376
21.100000,0.295272,0.162366,-0.231977
21.105000,0.421348,0.380837,0.259914
21.110000,-0.074184,-0.100586,0.002096
21.115000,-0.333398,-0.260236,-0.484115
21.120000,0.189697,0.004262,-0.307004
21.125000,0.375936,0.511149,0.269138
21.130000,-0.272439,-0.044056,0.101297
21.135000,-0.334389,-0.434046,-0.191997
21.140000,0.332479,0.044802,-0.175247
21.145000,0.452092,0.507090,0.225955
21.150000,-0.230243,-0.102174,0.032611
21.155000,-0.268808,-0.535540,-0.238424
21.160000,0.196728,0.161658,-0.235849
21.165000,0.306785,0.486367,0.205472
21.170000,-0.243699,0.075258,0.147834
21.175000,-0.365888,-0.488800,-0.338853
21.180000,0.198827,0.001571,0.025529
21.185000,0.365597,0.296203,0.357737
21.190000,-0.407386,0.004766,0.247302
21.195000,-0.265044,-0.367837,-0.332905
21.200000,0.022075,0.089857,0.028354
21.205000,0.386817,0.209443,0.211786
21.210000,-0.154708,-0.089297,0.237443
21.215000,-0.292022,-0.317137,-0.344737
21.220000,0.173111,0.086024,-0.234281
21.225000,0.340174,0.364451,0.370318
21.230000,-0.017249,-0.103287,0.298273
21.235000,-0.258392,-0.375945,-0.138959
21.240000,0.078381,0.165178,-0.228627
21.245000,0.313597,0.451417,0.373582
21.250000,-0.262529,-0.222115,0.347951
21.255000,-0.437222,-0.186130,-0.315644
21.260000,0.201995,-0.164485,-0.362417
21.265000,0.464891,0.227136,0.252566
21.270000,-0.229233,-0.015835,-0.005187
21.275000,-0.279116,-0.649504,-0.385656
21.280000,0.393130,-0.043028,-0.051772
21.285000,0.189117,0.309794,0.209121
21.290000,-0.126745,-0.221437,0.208562
21.295000,-0.350003,-0.155783,-0.161578
21.300000,0.292491,0.346328,-0.171991
21.305000,0.475503,0.389557,0.278538
21.310000,-0.130635,-0.025646,0.132021
21.315000,-0.508918,-0.326658,-0.162150
21.320000,0.171184,0.096831,-0.245622
21.325000,0.294619,0.499545,0.334863
21.330000,-0.307125,0.084807,0.220177
21.335000,-0.247986,-0.492017,-0.355599
21.340000,0.108754,0.068234,-0.240124
21.345000,0.603292,0.481127,0.390561
21.350000,-0.138123,-0.095398,0.154610
21.355000,-0.301472,-0.495967,-0.319101
21.360000,0.077735,0.241737,-0.206667
21.365000,0.326241,0.427604,0.369510
21.370000,-0.405017,-0.033579,0.316028
21.375000,-0.252249,-0.571052,-0.167966
21.380000,0.267930,0.123031,-0.273982
21.385000,0.286139,0.330800,0.311263
21.390000,-0.283913,-0.336054,0.023167
21.395000,-0.371201,-0.291234,-0.522640
21.400000,0.361562,0.225259,-0.212903
21.405000,0.391601,0.402817,0.187588
21.410000,-0.178639,0.194906,-0.013197
21.415000,-0.289019,-0.439684,-0.307730
21.420000,0.198174,-0.040496,-0.035344
21.425000,0.445138,0.524073,0.388493
21.430000,-0.192228,0.106421,0.108331
21.435000,-0.165080,-0.575634,-0.146257
21.440000,0.198450,0.170620,-0.195013
21.445000,0.274722,0.495811,0.119567
21.450000,-0.206021,-0.163706,0.000839
21.455000,-0.486169,-0.369820,-0.258626
21.460000,0.158690,0.103025,-0.151818
21.465000,0.478929,0.421846,0.387129
21.470000,-0.254470,-0.116651,0.246663
21.475000,-0.407897,-0.209349,-0.325870
21.480000,0.388989,0.038510,-0.295178
21.485000,0.436965,0.335919,0.134965
21.490000,-0.220189,0.074464,0.325196
21.495000,-0.243831,-0.650430,-0.180121
21.500000,0.350145,0.121439,-0.276776
21.505000,0.315748,0.390443,0.402368
21.510000,-0.323115,-0.073973,0.340272
21.515000,-0.395140,-0.254513,-0.122429
21.520000,0.108320,0.252987,-0.152276
21.525000,0.458765,0.290785,0.224738
21.530000,-0.260116,-0.190577,0.135677
21.535000,-0.274561,-0.317327,-0.036219
21.540000,0.180945,0.064268,-0.142988
21.545000,0.505936,0.248134,0.255237
21.550000,-0.258001,-0.086250,0.055388
21.555000,-0.341534,-0.594989,-0.273936
21.560000,0.128884,-0.006811,-0.340089
21.565000,0.299775,0.374404,0.207092
21.570000,-0.275012,-0.039972,0.223669
21.575000,-0.327619,-0.441347,-0.325807
21.580000,0.345762,0.040205,-0.352541
21.585000,0.411390,0.380414,0.390735
21.590000,-0.053022,0.003216,0.342454
21.595000,-0.691859,-0.303210,-0.194060
21.600000,0.340001,0.107153,-0.147215
21.605000,0.427104,0.341057,0.230557
21.610000,-0.258389,-0.040615,0.131787
21.615000,-0.442815,-0.377876,-0.366661
21.620000,0.314848,0.047353,-0.113491
21.625000,0.476853,0.479492,0.314483
21.630000,-0.110554,-0.126570,0.318734
21.635000,-0.490661,-0.419496,-0.223432
21.640000,0.237632,-0.104482,-0.307540
21.645000,0.315583,0.414704,0.331302
21.650000,-0.120020,-0.087414,0.111455
21.655000,-0.419162,-0.221301,-0.166944
21.660000,0.293800,0.132333,-0.158409
21.665000,0.313673,0.330802,0.262622
21.670000,-0.310186,-0.050211,0.234384
21.675000,-0.455039,-0.353812,-0.442752
21.680000,0.115285,0.107234,-0.089176
21.685000,0.217778,0.171371,0.360237
21.690000,-0.168839,-0.159271,0.166382
21.695000,-0.380752,-0.428373,-0.474929
21.700000,0.149301,0.009308,-0.119774
21.705000,0.369834,0.504360,0.093191
21.710000,-0.329400,-0.045444,0.192961
21.715000,-0.303366,-0.430707,-0.380272
21.720000,0.079862,0.075212,-0.267484
21.725000,0.284151,0.373480,0.391465
21.730000,-0.203608,0.151203,0.117595
21.735000,-0.441030,-0.411524,-0.517119
21.740000,0.203787,0.054998,-0.066097
21.745000,0.369156,0.440683,0.486624
21.750000,-0.205000,-0.017117,0.251771
21.755000,-0.275896,-0.606104,-0.333447
21.760000,0.328955,-0.119900,-0.236903
21.765000,0.430771,0.308478,0.345700
21.770000,-0.081209,0.079767,0.102752
21.775000,-0.405261,-0.302101,-0.209851
21.780000,0.212216,-0.153497,-0.079036
21.785000,0.267530,0.483016,0.352154
21.790000,-0.244343,-0.125630,0.136627
21.795000,-0.198699,-0.396517,-0.376889
21.800000,0.237043,-0.072049,-0.207876
21.805000,0.463377,0.370765,0.308954
21.810000,-0.329366,-0.106253,0.215511
21.815000,-0.466763,-0.485201,-0.295551
21.820000,0.239984,-0.007154,-0.175760
21.825000,0.457878,0.445927,0.207989
21.830000,-0.028498,-0.020111,0.120014
21.835000,-0.517823,-0.294006,-0.253005
21.840000,0.277322,0.148231,0.045687
21.845000,0.306358,0.184263,0.450058
21.850000,-0.018950,-0.065971,0.003545
21.855000,-0.192616,-0.173028,-0.268707
21.860000,0.237731,0.220269,-0.070583
21.865000,0.326132,0.581208,0.275914
21.870000,-0.133871,-0.126888,0.323451
21.875000,-0.245003,-0.360385,-0.336440
21.880000,0.319330,0.136600,-0.259517
21.885000,0.182495,0.255291,0.115513
21.890000,-0.283738,-0.216322,0.399965
21.895000,-0.534124,-0.370300,-0.324364
21.900000,0.174204,0.069436,-0.117782
21.905000,0.267572,0.248599,0.357604
21.910000,-0.281767,0.089982,0.131296
21.915000,-0.362063,-0.337468,-0.243755
21.920000,0.315750,0.062877,-0.179275
21.925000,0.352212,0.504125,0.243023
21.930000,-0.075924,0.001900,0.342528
21.935000,-0.478170,-0.377910,-0.180788
21.940000,0.230942,0.246246,-0.139063
21.945000,0.376633,0.176290,0.174596
21.950000,-0.056670,-0.140513,0.205040
21.955000,-0.413374,-0.518508,-0.278067
21.960000,0.145132,0.085886,-0.110379
21.965000,0.305563,0.570744,0.548406
21.970000,-0.175665,-0.078245,0.191954
21.975000,-0.386064,-0.499143,-0.318560
21.980000,-0.056134,0.047596,-0.272196
21.985000,0.344099,0.221158,0.444774
21.990000,-0.155715,0.034509,0.301785
21.995000,-0.496134,-0.317767,-0.260712
22.000000,0.217483,0.251170,0.112101
22.005000,0.401639,0.436656,0.343708
22.010000,-0.292399,-0.111716,0.125952
22.015000,-0.348786,-0.347892,-0.140040
22.020000,0.153004,0.171536,-0.133147
22.025000,0.269751,0.418719,0.309866
22.030000,-0.137929,-0.096891,0.252095
22.035000,-0.509365,-0.644750,-0.307296
22.040000,0.193429,0.148796,-0.438180
22.045000,0.464228,0.274424,0.202156
22.050000,-0.202008,-0.245140,0.432628
22.055000,-0.274646,-0.463918,-0.159881
22.060000,0.094476,0.063973,-0.162842
22.065000,0.510638,0.397578,0.427261
22.070000,-0.229634,0.093018,0.260224
22.075000,-0.485065,-0.377905,-0.584527
22.080000,0.217037,0.255754,-0.135708
22.085000,0.237593,0.286546,0.373385
22.090000,-0.126616,-0.194074,0.046192
22.095000,-0.339249,-0.434467,-0.344909
22.100000,0.303304,0.237738,-0.172939
22.105000,0.475420,0.177829,0.423767
22.110000,-0.084285,-0.200654,0.016747
22.115000,-0.475853,-0.437481,-0.188128
22.120000,0.207291,0.144357,-0.016903
22.125000,0.325610,0.384427,0.564265
22.130000,-0.251775,-0.111384,0.282395
22.135000,-0.289060,-0.472529,-0.173135
22.140000,0.027187,0.061000,-0.151076
22.145000,0.377386,0.493072,0.482604
22.150000,-0.349741,0.035325,0.171409
22.155000,-0.173294,-0.259637,-0.339810
22.160000,0.008013,0.040242,0.095100
22.165000,0.356952,0.454623,0.344075
22.170000,-0.440818,-0.258257,0.141937
22.175000,-0.464951,-0.393138,-0.391787
22.180000,0.211716,0.050727,0.007592
22.185000,0.338099,0.442689,0.232788
22.190000,-0.353264,-0.071803,0.101077
22.195000,-0.433440,-0.278292,-0.338023
22.200000,0.441829,0.107950,-0.241758
22.205000,0.350996,0.421552,0.546246
22.210000,-0.218322,0.017575,0.159951
22.215000,-0.299274,-0.402992,-0.523107
22.220000,0.379235,0.115908,-0.353352
22.225000,0.173703,0.446852,0.323162
22.230000,-0.283575,-0.011380,0.023520
22.235000,-0.364291,-0.462915,-0.207606
22.240000,0.282576,0.108814,-0.085003
22.245000,0.322883,0.432396,0.385860
22.250000,-0.154710,-0.066919,0.111013
22.255000,-0.405215,-0.470962,-0.398169
22.260000,0.281724,0.255060,-0.136477
22.265000,0.231600,0.492530,0.336639
22.270000,-0.167224,-0.079545,0.093355
22.275000,-0.318611,-0.474474,-0.560420
22.280000,0.264522,-0.008168,-0.046986
22.285000,0.521208,0.578497,0.441525
22.290000,-0.085661,-0.231211,0.093206
22.295000,-0.388389,-0.241417,-0.477793
22.300000,0.337456,0.121041,-0.040625
22.305000,0.434565,0.409299,0.317164
22.310000,-0.115225,-0.140764,-0.047458
22.315000,-0.271060,-0.444540,-0.231645
22.320000,0.323436,0.153910,-0.155797
22.325000,0.317354,0.223262,0.300624
22.330000,-0.285858,-0.307504,0.108749
22.335000,-0.515612,-0.534885,-0.361054
22.340000,0.275229,0.144146,-0.153170
22.345000,0.435649,0.443026,0.354389
22.350000,-0.229253,-0.164249,0.063586
22.355000,-0.281888,-0.365251,-0.266028
22.360000,0.117747,0.246114,-0.290849
22.365000,0.211261,0.356089,0.435286
22.370000,-0.295090,-0.209160,0.166259
22.375000,-0.342597,-0.530132,-0.446466
22.380000,0.226330,0.030853,0.100617
22.385000,0.306309,0.389177,0.205682
22.390000,-0.271473,-0.200726,0.266669
22.395000,-0.367871,-0.388654,-0.414907
22.400000,0.238961,-0.046511,-0.079356
22.405000,0.367795,0.602595,0.408041
22.410000,-0.179508,-0.330831,0.040004
22.415000,-0.321828,-0.552654,-0.390184
22.420000,0.156737,0.257764,-0.121892
22.425000,0.413974,0.546624,0.475077
22.430000,-0.088146,-0.126089,-0.066506
22.435000,-0.413626,-0.381450,-0.454101
22.440000,0.184722,0.213039,-0.069716
22.445000,0.211260,0.203437,0.392958
22.450000,-0.175858,-0.243593,0.125954
22.455000,-0.300865,-0.304470,-0.141329
22.460000,0.012604,0.168343,-0.005275
22.465000,0.411046,0.486471,0.257670
22.470000,-0.084133,-0.092082,0.159612
22.475000,-0.381368,-0.297950,-0.372167
22.480000,0.276284,0.222485,-0.156878
22.485000,0.413112,0.359292,0.274568
22.490000,0.013106,-0.038201,0.216098
22.495000,-0.451804,-0.336148,-0.046986
22.500000,0.189333,0.136031,0.074437
22.505000,0.409786,0.466642,0.364355
22.510000,-0.152711,-0.000036,0.213282
22.515000,-0.340926,-0.386899,-0.481835
22.520000,0.379829,0.073547,-0.133785
22.525000,0.362290,0.384008,0.576440
22.530000,-0.202133,-0.350677,-0.134325
22.535000,-0.376846,-0.365025,-0.422572
22.540000,0.152329,0.138351,-0.155116
22.545000,0.357569,0.469834,0.264337
22.550000,0.112496,0.036842,0.120956
22.555000,-0.416078,-0.393283,-0.376375
22.560000,0.281083,0.132190,-0.116070
22.565000,0.360639,0.295689,0.386396
22.570000,-0.229019,-0.120913,-0.038315
22.575000,-0.375696,-0.399328,-0.529452
22.580000,0.195834,0.113353,-0.006961
22.585000,0.312859,0.432156,0.544583
22.590000,-0.310338,-0.250008,-0.008753
22.595000,-0.140378,-0.373845,-0.626017
22.600000,0.212112,0.091973,-0.136997
22.605000,0.211347,0.316033,0.361583
22.610000,-0.199483,-0.168768,0.019601
22.615000,-0.399291,-0.203458,-0.277813
22.620000,0.196774,0.193512,-0.026007
22.625000,0.300234,0.420965,0.403750
22.630000,-0.269729,-0.085251,-0.128230
22.635000,-0.166023,-0.375008,-0.448351
22.640000,-0.178005,0.058854,-0.021272
22.645000,0.326712,0.272768,0.306811
22.650000,-0.093847,-0.067314,-0.062704
22.655000,-0.220243,-0.471095,-0.221765
22.660000,0.112503,0.249547,-0.106256
22.665000,0.308350,0.363208,0.307923
22.670000,-0.137301,-0.186410,0.117865
22.675000,-0.275465,-0.309582,-0.340463
22.680000,0.302819,0.190313,0.061473
22.685000,0.474762,0.406109,0.155988
22.690000,-0.381160,-0.119452,0.027701
22.695000,-0.315367,-0.688580,-0.272723
22.700000,0.404569,-0.002277,-0.049175
22.705000,0.293889,0.293353,0.447603
22.710000,-0.025100,-0.145287,-0.052336
22.715000,-0.420089,-0.457581,-0.389263
22.720000,0.162779,0.051119,-0.120632
22.725000,0.222531,0.264800,0.457800
22.730000,-0.168379,-0.402997,-0.149939
22.735000,-0.221237,-0.287501,-0.319395
22.740000,0.213956,0.097583,0.243829
22.745000,0.331728,0.330519,0.390650
22.750000,-0.472053,0.027003,0.004315
22.755000,-0.354484,-0.459558,-0.552484
22.760000,0.211953,0.240220,-0.029771
22.765000,0.464013,0.417227,0.574595
22.770000,-0.096322,-0.388549,-0.070631
22.775000,-0.348679,-0.344209,-0.232130
22.780000,0.358075,0.137525,-0.049731
22.785000,0.525047,0.330160,0.387999
22.790000,-0.216246,-0.319755,0.009385
22.795000,-0.360054,-0.416967,-0.484198
22.800000,0.136990,0.264015,-0.073356
22.805000,0.445122,0.117006,0.255578
22.810000,-0.120901,-0.197869,0.010059
22.815000,-0.516706,-0.358741,-0.212381
22.820000,0.269609,0.103830,0.006956
22.825000,0.548314,0.434868,0.439772
22.830000,-0.245176,-0.172717,0.076378
22.835000,-0.309989,-0.296036,-0.497054
22.840000,0.319305,0.074859,-0.065631
22.845000,0.414223,0.438334,0.417228
22.850000,-0.184031,-0.266055,-0.153440
22.855000,-0.302365,-0.201204,-0.299485
22.860000,0.363745,0.289384,0.020730
22.865000,0.248303,0.373712,0.290646
22.870000,-0.153747,-0.165822,-0.073056
22.875000,-0.393383,-0.128448,-0.255769
22.880000,0.397314,0.034536,-0.128286
22.885000,0.353111,0.494071,0.518065
22.890000,-0.186888,-0.157554,0.141861
22.895000,-0.516795,-0.393092,-0.318567
22.900000,0.102015,0.199193,0.064269
22.905000,0.325384,0.355621,0.364716
22.910000,-0.272222,-0.169808,-0.082075
22.915000,-0.450534,-0.125967,-0.549475
22.920000,0.031830,0.233633,0.017272
22.925000,0.229690,0.453574,0.577462
22.930000,-0.134264,-0.273484,-0.004787
22.935000,-0.471393,-0.373045,-0.403535
22.940000,-0.007027,0.477531,0.008541
22.945000,0.309920,0.307926,0.430264
22.950000,-0.221973,-0.222287,-0.029082
22.955000,-0.354303,-0.246588,-0.394411
22.960000,-0.000671,0.319368,-0.071025
22.965000,0.393352,0.471887,0.333332
22.970000,0.052202,-0.280541,-0.091173
22.975000,-0.339969,-0.282883,-0.313065
22.980000,0.250072,0.031400,0.173804
22.985000,0.357642,0.309553,0.451587
22.990000,-0.068343,-0.387230,-0.048206
22.995000,-0.216180,-0.363045,-0.340242
23.000000,0.189775,0.027755,-0.101574
23.005000,0.313075,0.310518,0.361894
23.010000,-0.212573,-0.048063,-0.272458
23.015000,-0.369543,-0.463737,-0.355195
23.020000,0.152505,0.092979,-0.029894
23.025000,0.551511,0.357202,0.386475
23.030000,-0.104802,-0.061840,0.208257
23.035000,-0.427418,-0.657567,-0.300312
23.040000,0.166572,0.304105,0.031757
23.045000,0.254035,0.663256,0.452783
23.050000,-0.322475,-0.239670,0.045916
23.055000,-0.437046,-0.437239,-0.342734
23.060000,0.405933,0.311936,0.184327
23.065000,0.482009,0.198370,0.416479
23.070000,-0.081392,-0.098662,-0.204696
23.075000,-0.453655,-0.500620,-0.315886
23.080000,0.295670,0.196704,0.033426
23.085000,0.355001,0.433953,0.271695
23.090000,-0.044239,-0.216377,-0.045599
23.095000,-0.326518,-0.419881,-0.485760
23.100000,0.115947,0.304195,-0.105826
23.105000,0.409408,0.503698,0.458020
23.110000,-0.203414,-0.083313,-0.063890
23.115000,-0.243814,-0.316906,-0.160999
23.120000,0.254117,0.040322,0.192497
23.125000,0.570827,0.290863,0.452789
23.130000,-0.000220,-0.292062,-0.110529
23.135000,-0.406449,-0.259071,-0.308878
23.140000,0.118280,0.067783,0.083821
23.145000,0.326421,0.356148,0.490585
23.150000,-0.216037,-0.158203,-0.126236
23.155000,-0.260326,-0.573341,-0.263754
23.160000,0.177290,0.210043,0.074318
23.165000,0.463267,0.251342,0.424736
23.170000,-0.321502,-0.092530,-0.215180
23.175000,-0.569320,-0.419506,-0.359857
23.180000,0.193866,0.048534,0.035928
23.185000,0.425464,0.441201,0.409020
23.190000,-0.332082,-0.171470,-0.122267
23.195000,-0.598440,-0.477816,-0.469250
23.200000,0.070464,0.173437,0.202423
23.205000,0.255956,0.149416,0.116034
23.210000,-0.277917,-0.384798,-0.090621
23.215000,-0.278055,-0.357665,-0.347335
23.220000,-0.018581,0.325706,0.011597
23.225000,0.255392,0.344296,0.544771
23.230000,0.004830,-0.199457,-0.162757
23.235000,-0.452320,-0.275478,-0.326410
23.240000,0.023044,0.332463,0.140394
23.245000,0.269632,0.409746,0.438095
23.250000,-0.152974,-0.108370,0.009728
23.255000,-0.367498,-0.457389,-0.372518
23.260000,0.175425,0.185337,0.130662
23.265000,0.319921,0.466588,0.484985
23.270000,-0.260421,0.005121,-0.071422
23.275000,-0.526619,-0.353746,-0.418339
23.280000,0.134071,0.126407,0.091574
23.285000,0.171576,0.383619,0.446664
23.290000,-0.066464,-0.145066,-0.055367
23.295000,-0.528436,-0.341863,-0.465484
23.300000,0.049667,0.298071,0.077246
23.305000,0.356011,0.472625,0.589177
23.310000,-0.156805,-0.156960,-0.092263
23.315000,-0.489611,-0.358025,-0.440180
23.320000,-0.001373,0.106695,0.088537
23.325000,0.432023,0.369319,0.373735
23.330000,-0.389441,-0.178075,-0.055552
23.335000,-0.393344,-0.445926,-0.210618
23.340000,0.192573,0.183226,0.125022
23.345000,0.429863,0.239364,0.383131
23.350000,-0.095796,-0.201315,-0.121039
23.355000,-0.339017,-0.336935,-0.402165
23.360000,-0.001946,0.353649,-0.241599
23.365000,0.303361,0.496612,0.432159
23.370000,-0.257020,-0.135734,-0.077526
23.375000,-0.389218,-0.192040,-0.468560
23.380000,0.059566,0.275361,0.236532
23.385000,0.398050,0.378680,0.408167
23.390000,-0.197049,-0.247214,0.008219
23.395000,-0.343083,-0.420321,-0.300315
23.400000,0.231712,0.328581,0.130254
23.405000,0.556219,0.532098,0.290587
23.410000,-0.393225,-0.058416,-0.162113
23.415000,-0.599643,-0.243719,-0.277866
23.420000,0.247667,0.377509,-0.097463
23.425000,0.481894,0.229453,0.411205
23.430000,-0.184526,-0.277935,-0.037162
23.435000,-0.237457,-0.376178,-0.355931
23.440000,0.155841,0.282774,0.106691
23.445000,0.394664,0.438483,0.361716
23.450000,-0.158332,-0.114769,-0.180890
23.455000,-0.588988,-0.438427,-0.262291
23.460000,0.200312,0.311671,0.226493
23.465000,0.297164,0.501298,0.567863
23.470000,-0.319206,-0.291069,-0.093439
23.475000,-0.327588,-0.259153,-0.371586
23.480000,0.378429,0.116330,0.101239
23.485000,0.404530,0.469303,0.428585
23.490000,-0.257232,-0.158205,-0.232410
23.495000,-0.183861,-0.492704,-0.463546
23.500000,0.166818,0.302192,-0.151014
23.505000,0.383149,0.321068,0.271264
23.510000,-0.202552,-0.175628,-0.146724
23.515000,-0.407516,-0.183751,-0.376428
23.520000,0.297766,0.125285,-0.059231
23.525000,0.366545,0.472212,0.273992
23.530000,-0.105297,-0.145260,-0.049727
23.535000,-0.461519,-0.344783,-0.223577
23.540000,0.066712,0.182197,0.131906
23.545000,0.405963,0.375915,0.467690
23.550000,-0.007342,-0.099633,-0.094406
23.555000,-0.175754,-0.406770,-0.388904
23.560000,0.201590,0.357175,0.106955
23.565000,0.182718,0.447089,0.494807
23.570000,-0.169668,-0.256459,0.064601
23.575000,-0.331358,-0.272194,-0.326139
23.580000,0.229587,0.192825,0.247798
23.585000,0.391763,0.366332,0.256038
23.590000,-0.106742,-0.218384,-0.013005
23.595000,-0.460418,-0.318385,-0.238010
23.600000,0.067584,0.326978,0.084005
23.605000,0.531422,0.246516,0.266084
23.610000,-0.039919,-0.354231,-0.129491
23.615000,-0.275547,-0.402557,-0.289054
23.620000,0.102437,0.037317,0.162664
23.625000,0.369488,0.363617,0.274974
23.630000,-0.099043,-0.308121,0.014955
23.635000,-0.402617,-0.307371,-0.328304
23.640000,0.011061,0.140635,0.132636
23.645000,0.205068,0.370260,0.323532
23.650000,0.099966,-0.170837,-0.159869
23.655000,-0.417086,-0.477643,-0.532459
23.660000,0.089579,0.158449,0.048831
23.665000,0.566752,0.327293,0.431414
23.670000,-0.098474,-0.177996,-0.246398
23.675000,-0.251046,-0.304321,-0.270626
23.680000,0.228037,0.122923,-0.028796
23.685000,0.398282,0.404216,0.543695
23.690000,-0.052990,-0.151859,-0.062099
23.695000,-0.383653,-0.396296,-0.525180
23.700000,-0.043811,0.163774,0.173275
23.705000,0.445341,0.373417,0.444910
23.710000,-0.219966,-0.377254,-0.182233
23.715000,-0.339386,-0.294305,-0.243366
23.720000,0.129053,0.297281,0.284417
23.725000,0.514739,0.381575,0.459038
23.730000,0.004804,-0.131651,-0.031841
23.735000,-0.288388,-0.387006,-0.493152
23.740000,0.107257,0.179492,-0.005352
23.745000,0.281299,0.474509,0.268278
23.750000,-0.309846,-0.250867,-0.142941
23.755000,-0.547864,-0.312643,-0.213912
23.760000,0.245616,0.197503,-0.074161
23.765000,0.296807,0.424913,0.304657
23.770000,-0.169393,-0.142729,-0.137242
23.775000,-0.283990,-0.227871,-0.538001
23.780000,0.109584,0.322334,0.066197
23.785000,0.293482,0.353321,0.472283
23.790000,-0.125433,-0.141506,-0.187119
23.795000,-0.364861,-0.311003,-0.376541
23.800000,-0.074649,0.289065,0.234797
23.805000,0.346617,0.596875,0.528833
23.810000,-0.175029,-0.429520,-0.110206
23.815000,-0.185573,-0.301554,-0.284250
23.820000,0.058991,0.222938,0.129491
23.825000,0.390266,0.493335,0.305870
23.830000,0.063611,-0.349151,-0.084610
23.835000,-0.349360,-0.301763,-0.388780
23.840000,0.157104,0.082132,0.195838
23.845000,0.291410,0.361697,0.307057
23.850000,0.031518,-0.040146,-0.160516
23.855000,-0.478935,-0.288358,-0.484839
23.860000,-0.062135,0.330765,0.080397
23.865000,0.444086,0.418333,0.454367
23.870000,-0.175849,-0.309029,-0.063066
23.875000,-0.381605,-0.497621,-0.345507
23.880000,-0.024873,0.239108,0.086293
23.885000,0.352547,0.353909,0.385259
23.890000,-0.054957,-0.294933,-0.144993
23.895000,-0.511198,-0.610138,-0.396340
23.900000,-0.028679,0.091012,0.079127
23.905000,0.255636,0.320770,0.481826
23.910000,-0.073043,-0.317181,0.016501
23.915000,-0.464549,-0.484814,-0.373795
23.920000,0.010104,0.204379,0.136769
23.925000,0.354601,0.547073,0.428714
23.930000,-0.030457,-0.186916,-0.062865
23.935000,-0.348952,-0.303045,-0.427781
23.940000,0.127617,0.241759,0.217816
23.945000,0.405364,0.429895,0.368465
23.950000,-0.062321,-0.057365,-0.092185
23.955000,-0.349612,-0.624692,-0.353328
23.960000,0.069239,-0.020237,0.165787
23.965000,0.386659,0.225786,0.418788
23.970000,-0.169734,-0.134102,-0.177768
23.975000,-0.372057,-0.268768,-0.283104
23.980000,0.295751,0.153275,0.017268
23.985000,0.396904,0.158913,0.394532
23.990000,-0.260795,-0.208089,-0.350415
23.995000,-0.400182,-0.490566,-0.290900
24.000000,0.021842,0.282498,0.298229
24.005000,0.301625,0.233598,0.449214
24.010000,-0.058182,-0.030212,-0.009352
24.015000,-0.261057,-0.137480,-0.543421
24.020000,0.100937,0.176030,0.252341
24.025000,0.343904,0.401921,0.376667
24.030000,-0.180164,-0.038910,-0.063534
24.035000,-0.360082,-0.212480,-0.205914
24.040000,0.234527,0.106044,0.113793
24.045000,0.416516,0.452600,0.330723
24.050000,-0.185523,-0.094547,0.057892
24.055000,-0.395062,-0.384807,-0.321896
24.060000,0.161843,0.157572,0.229829
24.065000,0.513891,0.374121,0.428981
24.070000,-0.044231,-0.288790,-0.094262
24.075000,-0.469247,-0.442253,-0.416821
24.080000,0.197505,0.225883,0.045409
24.085000,0.592086,0.492655,0.467580
24.090000,-0.097145,-0.166876,-0.106687
24.095000,-0.194512,-0.145657,-0.340780
24.100000,0.164660,0.190393,0.205750
24.105000,0.223528,0.478667,0.330364
24.110000,0.023899,-0.238769,-0.083752
24.115000,-0.304708,-0.352922,-0.488069
24.120000,0.142513,0.154446,0.097513
24.125000,0.299203,0.344455,0.375654
24.130000,-0.216872,-0.243555,-0.104187
24.135000,-0.462772,-0.299596,-0.400919
24.140000,-0.088170,0.183303,0.080202
24.145000,0.364224,0.337339,0.290876
24.150000,0.000334,-0.247740,-0.224034
24.155000,-0.306837,-0.121594,-0.339689
24.160000,-0.060981,0.117136,0.202487
24.165000,0.311538,0.453249,0.427336
24.170000,-0.079408,-0.214495,-0.169730
24.175000,-0.325034,-0.357281,-0.296530
24.180000,0.204003,0.304418,0.045252
24.185000,0.444409,0.311317,0.263829
24.190000,-0.162282,-0.205204,-0.103372
24.195000,-0.339085,-0.234341,-0.357382
24.200000,0.338618,0.102480,0.272998
24.205000,0.484077,0.276417,0.320966
24.210000,-0.111149,-0.076675,-0.104689
24.215000,-0.268559,-0.374352,-0.390439
24.220000,0.091293,0.051766,0.031425
24.225000,0.510757,0.347462,0.389859
24.230000,-0.227696,-0.123364,-0.117847
24.235000,-0.477092,-0.491877,-0.405415
24.240000,0.023328,0.265377,0.054324
24.245000,0.452280,0.418191,0.352555
24.250000,-0.148755,-0.160523,-0.185420
24.255000,-0.434164,-0.372757,-0.459079
24.260000,0.072277,0.117819,-0.008376
24.265000,0.371790,0.355765,0.326414
24.270000,-0.133780,-0.375338,-0.042070
24.275000,-0.344837,-0.226207,-0.199073
24.280000,0.002986,0.255887,-0.015071
24.285000,0.267505,0.375273,0.478691
24.290000,-0.178255,-0.376126,-0.177670
24.295000,-0.525826,-0.268161,-0.400824
24.300000,0.152981,0.261330,0.206149
24.305000,0.455696,0.405723,0.456535
24.310000,-0.137412,-0.297534,-0.023308
24.315000,-0.354205,-0.317902,-0.255942
24.320000,0.171115,0.205715,-0.115675
24.325000,0.400336,0.276269,0.525795
24.330000,-0.110634,-0.347089,-0.150561
24.335000,-0.256335,-0.423834,-0.281174
24.340000,0.075547,0.288657,0.292650
24.345000,0.325091,0.362748,0.395359
24.350000,-0.020254,-0.019083,-0.018777
24.355000,-0.370538,-0.317619,-0.340379
24.360000,0.212004,0.316245,0.077151
24.365000,0.606537,0.516726,0.416180
24.370000,0.086884,-0.316933,-0.258905
24.375000,-0.295879,-0.254072,-0.497201
24.380000,0.089934,0.289705,0.017730
24.385000,0.469722,0.174393,0.285242
24.390000,-0.196148,-0.286153,-0.089527
24.395000,-0.445314,-0.394260,-0.467067
24.400000,-0.091266,0.099579,0.106279
24.405000,0.429421,0.348280,0.469569
24.410000,0.004780,-0.251911,-0.147922
24.415000,-0.447100,-0.241792,-0.479412
24.420000,0.095925,0.153084,0.130542
24.425000,0.224509,0.367592,0.321050
24.430000,-0.226629,-0.240470,-0.150733
24.435000,-0.326954,-0.221645,-0.341829
24.440000,0.117591,0.305030,0.031908
24.445000,0.335888,0.158664,0.186289
24.450000,-0.002614,-0.319450,-0.123631
24.455000,-0.472561,-0.228809,-0.426212
24.460000,0.013637,0.232103,-0.000377
24.465000,0.338582,0.456026,0.153960
24.470000,-0.103509,-0.169672,-0.301514
24.475000,-0.433747,-0.313534,-0.400913
24.480000,0.242064,0.171277,-0.023237
24.485000,0.354156,0.232675,0.433596
24.490000,-0.040002,-0.115421,-0.254262
24.495000,-0.180470,-0.289052,-0.526061
24.500000,0.128970,0.200588,0.248685
24.505000,0.475798,0.376402,0.239015
24.510000,-0.242744,-0.094642,0.021395
24.515000,-0.371994,-0.505992,-0.377568
24.520000,0.226792,-0.001486,0.065048
24.525000,0.379151,0.680343,0.265816
24.530000,-0.091547,-0.443749,0.010407
24.535000,-0.192412,-0.385775,-0.535458
24.540000,0.085873,0.238707,0.254607
24.545000,0.460074,0.276369,0.213008
24.550000,-0.208141,-0.250556,-0.331886
24.555000,-0.470251,-0.356111,-0.381358
24.560000,0.218294,0.180490,0.110480
24.565000,0.332808,0.296597,0.391842
24.570000,-0.167793,-0.260658,-0.124103
24.575000,-0.328106,-0.352266,-0.465843
24.580000,0.024936,0.360273,0.084840
24.585000,0.398970,0.358728,0.344866
24.590000,-0.083523,-0.280441,-0.170965
24.595000,-0.216863,-0.324944,-0.383530
24.600000,0.101452,0.259016,0.116792
24.605000,0.433545,0.350239,0.229871
24.610000,-0.090593,-0.090189,0.026767
24.615000,-0.532543,-0.403220,-0.519777
24.620000,0.038476,0.147437,0.092088
24.625000,0.381146,0.337239,0.421157
24.630000,-0.162421,-0.238573,-0.101372
24.635000,-0.342119,-0.377944,-0.250332
24.640000,0.103102,0.200694,0.305020
24.645000,0.417447,0.227203,0.493604
24.650000,-0.016551,-0.240751,-0.131998
24.655000,-0.389836,-0.332115,-0.309140
24.660000,-0.163517,0.282107,0.071413
24.665000,0.342873,0.478684,0.335854
24.670000,0.096777,-0.271307,-0.246912
24.675000,-0.313795,-0.316686,-0.386298
24.680000,0.127500,0.153139,0.045174
24.685000,0.541372,0.216775,0.385870
24.690000,-0.082350,-0.163100,-0.134141
24.695000,-0.402319,-0.482930,-0.559969
24.700000,-0.064593,0.251698,0.315162
24.705000,0.403382,0.412605,0.472379
24.710000,-0.176578,-0.081608,-0.027346
24.715000,-0.507207,-0.243151,-0.386646
24.720000,-0.085050,0.271592,0.132943
24.725000,0.156447,0.220800,0.271973
24.730000,-0.241879,-0.181670,-0.073281
24.735000,-0.414925,-0.516735,-0.280334
24.740000,0.111308,0.365639,0.096137
24.745000,0.378787,0.592327,0.313372
24.750000,-0.242326,-0.229540,-0.222811
24.755000,-0.334442,-0.351789,-0.334546
24.760000,0.125658,0.235933,0.206073
24.765000,0.430002,0.402374,0.283091
24.770000,-0.022904,-0.063894,-0.201478
24.775000,-0.401341,-0.417100,-0.176212
24.780000,0.099198,0.151754,0.182244
24.785000,0.284926,0.405449,0.342695
24.790000,-0.101662,-0.285709,-0.279589
24.795000,-0.475444,-0.436989,-0.253866
24.800000,-0.021567,0.167781,0.068313
24.805000,0.338008,0.527424,0.426252
24.810000,-0.076616,-0.328130,-0.218501
24.815000,-0.214534,-0.474780,-0.303259
24.820000,0.107681,0.147864,0.038664
24.825000,0.440988,0.502427,0.560928
24.830000,0.070043,-0.085613,-0.048094
24.835000,-0.582902,-0.400141,-0.370526
24.840000,0.065025,0.223839,0.333480
24.845000,0.331533,0.324347,0.263462
24.850000,-0.028750,-0.035712,-0.147182
24.855000,-0.451792,-0.388179,-0.454047
24.860000,0.135836,0.121503,0.256530
24.865000,0.185934,0.184474,0.268890
24.870000,-0.000383,-0.131924,-0.304072
24.875000,-0.383396,-0.389241,-0.255202
24.880000,0.216964,0.281503,0.239774
24.885000,0.380299,0.592066,0.332705
24.890000,-0.110560,-0.120211,-0.177591
24.895000,-0.481276,-0.354186,-0.315950
24.900000,0.104985,0.207103,0.097078
24.905000,0.454014,0.533506,0.353238
24.910000,0.074296,-0.145675,-0.202297
24.915000,-0.388629,-0.449238,-0.338915
24.920000,0.089496,0.222596,0.155541
24.925000,0.447884,0.435215,0.337631
24.930000,-0.063858,-0.298935,-0.120385
24.935000,-0.449376,-0.309078,-0.150632
24.940000,0.019055,0.122112,0.344535
24.945000,0.357558,0.440457,0.258043
24.950000,-0.032190,-0.039276,-0.114688
24.955000,-0.351883,-0.315799,-0.261046
24.960000,0.021343,0.322042,0.038721
24.965000,0.291967,0.420797,0.299975
24.970000,0.092515,-0.049055,-0.141615
24.975000,-0.362605,-0.497807,-0.361811
24.980000,0.133702,0.440421,0.134595
24.985000,0.220463,0.495864,0.454238
24.990000,-0.087665,-0.301079,-0.202284
24.995000,-0.310079,-0.379933,-0.217813
25.000000,-0.004678,0.107798,-0.067055
25.005000,0.532524,0.385636,0.333755
25.010000,-0.159469,-0.274529,-0.209229
25.015000,-0.275119,-0.375449,-0.504540
25.020000,0.114345,0.168165,0.182891
25.025000,0.401552,0.412563,0.175406
25.030000,-0.040605,-0.138237,-0.279249
25.035000,-0.264210,-0.194119,-0.383373
25.040000,0.205348,0.204008,0.309645
25.045000,0.386454,0.203141,0.360729
25.050000,0.120715,-0.219524,-0.112242
25.055000,-0.474905,-0.286259,-0.613789
25.060000,0.012632,0.227547,0.093347
25.065000,0.435860,0.264012,0.306982
25.070000,-0.044102,-0.173887,-0.322593
25.075000,-0.351744,-0.463749,-0.361437
25.080000,-0.013981,0.230055,-0.038794
25.085000,0.453191,0.423488,0.363442
25.090000,0.028417,-0.295997,-0.201742
25.095000,-0.379193,-0.315075,-0.264323
25.100000,-0.000924,0.040299,0.022597
25.105000,0.369572,0.430423,0.509289
25.110000,-0.019567,-0.276289,-0.113839
25.115000,-0.251024,-0.378005,-0.375746
25.120000,0.001145,0.181534,0.040729
25.125000,0.272854,0.539238,0.326739
25.130000,-0.163917,-0.187204,-0.040715
25.135000,-0.378063,-0.392074,-0.136755
25.140000,0.162583,0.159685,0.238026
25.145000,0.348951,0.458495,0.481038
25.150000,0.172202,-0.271704,-0.207498
25.155000,-0.661159,-0.366893,-0.448383
25.160000,0.086645,0.233598,0.215990
25.165000,0.225954,0.337730,0.490839
25.170000,0.051353,-0.226241,-0.023103
25.175000,-0.514800,-0.351981,-0.245189
25.180000,-0.237996,0.328047,0.138667
25.185000,0.331714,0.293363,0.351551
25.190000,-0.097995,-0.078958,-0.176796
25.195000,-0.471547,-0.490428,-0.266775
25.200000,0.099783,0.161971,0.129303
25.205000,0.418943,0.557207,0.378956
25.210000,0.072487,-0.286963,-0.082576
25.215000,-0.450064,-0.222887,-0.315879
25.220000,-0.092895,0.270901,0.109094
25.225000,0.379042,0.316302,0.638491
25.230000,-0.132933,-0.261205,-0.166145
25.235000,-0.463297,-0.376283,-0.332323
25.240000,-0.065006,0.235359,0.203403
25.245000,0.336174,0.386603,0.333494
25.250000,-0.082688,-0.261621,-0.066909
25.255000,-0.299150,-0.379738,-0.294349
25.260000,0.009969,0.136183,0.364006
25.265000,0.403425,0.282521,0.602001
25.270000,-0.184990,-0.169986,-0.245563
25.275000,-0.459974,-0.465859,-0.333464
25.280000,0.028360,0.303006,0.269632
25.285000,0.532461,0.421546,0.374974
25.290000,-0.047381,-0.293566,-0.205431
25.295000,-0.346945,-0.201199,-0.400926
25.300000,-0.117764,0.408946,0.062270
25.305000,0.301059,0.302620,0.461066
25.310000,-0.105105,-0.014198,-0.165764
25.315000,-0.567272,-0.345314,-0.497835
25.320000,-0.074779,0.215971,0.146019
25.325000,0.297967,0.493329,0.481275
25.330000,0.166240,-0.148952,-0.200819
25.335000,-0.306035,-0.373164,-0.283397
25.340000,0.120066,0.128624,0.133286
25.345000,0.356978,0.202238,0.354378
25.350000,-0.073064,-0.162891,-0.149406
25.355000,-0.492011,-0.429994,-0.329981
25.360000,0.060706,0.088399,0.185473
25.365000,0.347519,0.431227,0.277514
25.370000,-0.036333,-0.118280,-0.118106
25.375000,-0.148996,-0.346205,-0.414544
25.380000,-0.147323,0.257984,0.193774
25.385000,0.368209,0.303488,0.261577
25.390000,0.084782,-0.309169,-0.214004
25.395000,-0.570286,-0.221087,-0.318147
25.400000,-0.039796,0.288826,0.086531
25.405000,0.565393,0.447692,0.428970
25.410000,-0.032453,-0.293902,-0.231304
25.415000,-0.372492,-0.216618,-0.346559
25.420000,-0.109426,0.285372,0.186601
25.425000,0.267741,0.430149,0.491005
25.430000,-0.027730,-0.158813,-0.182282
25.435000,-0.304970,-0.251211,-0.300793
25.440000,-0.114515,0.074175,0.181806
25.445000,0.646679,0.268989,0.310742
25.450000,-0.073018,-0.131883,-0.279803
25.455000,-0.261273,-0.563127,-0.187167
25.460000,0.009982,0.208832,0.103197
25.465000,0.269642,0.364537,0.452764
25.470000,-0.138197,-0.226947,-0.137507
25.475000,-0.363071,-0.550066,-0.347080
25.480000,0.042348,0.481360,0.244059
25.485000,0.450812,0.384773,0.367148
25.490000,-0.075119,-0.355913,0.019108
25.495000,-0.324580,-0.374629,-0.440472
25.500000,0.053124,0.214794,-0.006733
25.505000,0.441930,0.586813,0.383012
25.510000,0.101522,-0.257528,-0.243090
25.515000,-0.330676,-0.451302,-0.288553
25.520000,0.045771,0.199079,-0.031362
25.525000,0.454236,0.379580,0.439799
25.530000,0.010871,-0.236794,-0.125915
25.535000,-0.311712,-0.385208,-0.278288
25.540000,0.037916,0.159994,-0.071162
25.545000,0.462985,0.414631,0.448359
25.550000,0.050897,-0.302384,-0.325880
25.555000,-0.456003,-0.407187,-0.253951
25.560000,-0.052278,0.034408,0.063167
25.565000,0.299099,0.242271,0.274084
25.570000,0.007032,-0.077840,-0.204235
25.575000,-0.357696,-0.289786,-0.141603
25.580000,-0.109937,0.128023,0.295274
25.585000,0.490699,0.329208,0.564072
25.590000,-0.068748,-0.288828,-0.074287
25.595000,-0.561818,-0.424956,-0.259139
25.600000,0.012350,0.155406,0.053146
25.605000,0.552416,0.432821,0.372847
25.610000,0.001663,-0.249511,-0.245801
25.615000,-0.379760,-0.252699,-0.408460
25.620000,-0.020153,0.209806,0.236461
25.625000,0.491651,0.470472,0.506604
25.630000,0.141972,-0.239925,-0.453895
25.635000,-0.449150,-0.468803,-0.382046
25.640000,0.065410,0.173200,0.000339
25.645000,0.452677,0.246781,0.274564
25.650000,0.025039,-0.045238,-0.086015
25.655000,-0.387866,-0.418148,-0.395045
25.660000,0.062885,0.113374,0.147958
25.665000,0.482773,0.305946,0.362840
25.670000,0.120062,-0.241078,-0.233055
25.675000,-0.246388,-0.411832,-0.528667
25.680000,0.059003,0.077008,0.169213
25.685000,0.263072,0.209332,0.264691
25.690000,-0.055789,-0.195922,-0.087390
25.695000,-0.443290,-0.410695,-0.492729
25.700000,-0.047595,0.190506,0.165372
25.705000,0.264981,0.392743,0.424034
25.710000,-0.117386,-0.211323,-0.216019
25.715000,-0.416194,-0.292179,-0.403709
25.720000,0.000566,0.313126,0.250645
25.725000,0.247411,0.371146,0.480974
25.730000,-0.075037,-0.087839,-0.397963
25.735000,-0.337876,-0.480318,-0.316526
25.740000,-0.050488,-0.002485,0.124817
25.745000,0.399894,0.490140,0.522054
25.750000,0.122875,-0.288445,-0.151598
25.755000,-0.408234,-0.341028,-0.336887
25.760000,0.073269,0.044989,0.207462
25.765000,0.364840,0.391768,0.297183
25.770000,0.041087,-0.250317,-0.194833
25.775000,-0.377972,-0.231530,-0.422574
25.780000,0.099530,0.240170,0.101563
25.785000,0.428121,0.289080,0.389185
25.790000,0.049929,-0.162933,-0.038918
25.795000,-0.521870,-0.291562,-0.355694
25.800000,0.035903,0.223447,0.325012
25.805000,0.272624,0.307772,0.226220
25.810000,-0.107290,0.005041,-0.169517
25.815000,-0.519869,-0.291650,-0.397793
25.820000,0.075555,0.235430,0.135345
25.825000,0.250118,0.457546,0.361876
25.830000,-0.029545,-0.320779,-0.273475
25.835000,-0.403736,-0.583575,-0.437661
25.840000,0.002043,0.243224,0.135067
25.845000,0.440315,0.378935,0.564156
25.850000,0.028403,0.089400,-0.317851
25.855000,-0.475468,-0.243180,-0.239465
25.860000,0.001018,0.289870,0.327482
25.865000,0.482339,0.472687,0.325732
25.870000,0.017678,-0.050415,-0.202589
25.875000,-0.420342,-0.347290,-0.288987
25.880000,-0.155549,0.111768,0.318212
25.885000,0.386787,0.326272,0.344480
25.890000,0.174024,-0.100026,0.014708
25.895000,-0.453581,-0.292400,-0.197582
25.900000,0.093281,0.056275,0.134419
25.905000,0.297032,0.426547,0.451901
25.910000,0.017017,-0.283337,-0.099204
25.915000,-0.451666,-0.254034,-0.310776
25.920000,-0.071379,0.133008,0.463564
25.925000,0.219541,0.381287,0.439369
25.930000,0.152147,-0.101903,-0.075890
25.935000,-0.370507,-0.248527,-0.587110
25.940000,-0.043408,0.066555,0.240818
25.945000,0.383167,0.221594,0.414562
25.950000,0.077465,-0.055578,-0.184825
25.955000,-0.239475,-0.504439,-0.524697
25.960000,-0.188350,0.057835,0.528901
25.965000,0.325806,0.420869,0.391193
25.970000,0.159636,-0.198040,-0.160751
25.975000,-0.481541,-0.455193,-0.411019
25.980000,0.059487,0.119482,0.213867
25.985000,0.358409,0.258255,0.498587
25.990000,0.078367,-0.147428,-0.187307
25.995000,-0.462514,-0.439428,-0.317051
26.000000,0.020143,-0.041580,0.452897
26.005000,0.436215,0.263386,0.291564
26.010000,0.043212,-0.052549,-0.183026
26.015000,-0.323055,-0.576061,-0.510829
26.020000,-0.011753,0.201471,0.212888
26.025000,0.391532,0.243616,0.321424
26.030000,0.101660,-0.207597,-0.200595
26.035000,-0.362519,-0.502026,-0.424167
26.040000,0.050156,0.129488,0.189602
26.045000,0.464143,0.140251,0.316197
26.050000,0.071018,-0.255530,-0.296167
26.055000,-0.392954,-0.304345,-0.482030
26.060000,-0.202934,0.122893,0.270134
26.065000,0.460871,0.425918,0.453631
26.070000,0.155533,-0.074443,-0.119495
26.075000,-0.260396,-0.363192,-0.465681
26.080000,0.093368,0.130494,0.151680
26.085000,0.574618,0.339231,0.466779
26.090000,0.063043,-0.105120,-0.237439
26.095000,-0.238862,-0.362635,-0.405252
26.100000,-0.068153,0.307672,0.054961
26.105000,0.409632,0.257079,0.315506
26.110000,0.102574,-0.244325,-0.073164
26.115000,-0.412205,-0.557915,-0.356679
26.120000,-0.111294,0.119900,0.243965
26.125000,0.414838,0.521346,0.299648
26.130000,-0.020645,-0.058443,-0.263268
26.135000,-0.388381,-0.496260,-0.364464
26.140000,-0.072761,0.156079,0.193716
26.145000,0.298147,0.310763,0.306820
26.150000,0.081102,-0.092226,-0.299938
26.155000,-0.365321,-0.369971,-0.347675
26.160000,-0.046367,0.114763,0.109732
26.165000,0.534788,0.581563,0.374195
26.170000,0.125767,-0.033939,-0.329224
26.175000,-0.269336,-0.301774,-0.297438
26.180000,-0.209289,0.094007,0.292449
26.185000,0.499048,0.319154,0.410798
26.190000,-0.251852,-0.134247,-0.333780
26.195000,-0.193533,-0.404730,-0.325112
26.200000,-0.348618,0.097396,0.088212
26.205000,0.228781,0.352887,0.272469
26.210000,0.197275,-0.179684,-0.353139
26.215000,-0.303633,-0.394368,-0.326641
26.220000,-0.081024,0.028078,0.355306
26.225000,0.376095,0.235374,0.271440
26.230000,0.085876,-0.216393,-0.370613
26.235000,-0.239569,-0.370020,-0.311417
26.240000,0.045514,0.188711,0.231674
26.245000,0.279284,0.568380,0.341738
26.250000,-0.085350,-0.178963,-0.170339
26.255000,-0.321313,-0.327765,-0.218690
26.260000,0.139000,0.077413,0.156230
26.265000,0.318418,0.298950,0.331266
26.270000,0.127875,-0.282925,-0.252098
26.275000,-0.325775,-0.492578,-0.433752
26.280000,0.005081,-0.018285,0.213221
26.285000,0.303566,0.555216,0.326411
26.290000,0.080060,0.007140,-0.290941
26.295000,-0.496312,-0.274808,-0.393105
26.300000,-0.081956,-0.009102,0.255217
26.305000,0.368960,0.557092,0.289998
26.310000,-0.049892,-0.007577,-0.251674
26.315000,-0.337417,-0.235191,-0.405859
26.320000,-0.149214,0.269484,0.201666
26.325000,0.373210,0.344500,0.472599
26.330000,-0.166962,-0.196097,-0.258957
26.335000,-0.481796,-0.333611,-0.445881
26.340000,0.118347,0.237725,0.257589
26.345000,0.391212,0.420946,0.413242
26.350000,0.083262,-0.034699,-0.283648
26.355000,-0.342441,-0.320926,-0.338256
26.360000,-0.195141,0.121633,0.136375
26.365000,0.268552,0.446320,0.363687
26.370000,0.008912,-0.122287,-0.124235
26.375000,-0.134457,-0.344651,-0.401704
26.380000,0.131269,0.164923,0.348336
26.385000,0.368314,0.435845,0.369439
26.390000,-0.031250,-0.274851,-0.152333
26.395000,-0.466819,-0.443020,-0.389997
26.400000,-0.077663,0.085188,0.077734
26.405000,0.304141,0.372362,0.465643
26.410000,0.251520,-0.088535,-0.093954
26.415000,-0.346928,-0.298868,-0.352299
26.420000,0.064118,0.150922,0.139574
26.425000,0.402023,0.430055,0.290668
26.430000,-0.045932,-0.074720,-0.185702
26.435000,-0.042866,-0.294437,-0.385711
26.440000,-0.224956,0.037034,0.254450
26.445000,0.480209,0.448530,0.378362
26.450000,0.062437,-0.462261,-0.140724
26.455000,-0.362509,-0.447750,-0.391995
26.460000,0.067458,0.277349,0.274298
26.465000,0.285649,0.339227,0.370438
26.470000,0.139180,-0.217049,-0.323930
26.475000,-0.486556,-0.485724,-0.217210
26.480000,-0.021482,0.048377,0.142810
26.485000,0.345137,0.242359,0.583241
26.490000,-0.008831,-0.281876,-0.384177
26.495000,-0.313362,-0.321002,-0.276986
26.500000,-0.073090,0.285729,0.285934
26.505000,0.452161,0.455562,0.177258
26.510000,-0.054233,-0.309953,-0.200975
26.515000,-0.246246,-0.376467,-0.451873
26.520000,0.173297,0.169918,0.219068
26.525000,0.233859,0.298233,0.464971
26.530000,-0.156637,-0.382767,-0.246108
26.535000,-0.368311,-0.367709,-0.329143
26.540000,0.134318,0.201410,0.206877
26.545000,0.325215,0.142663,0.318584
26.550000,-0.140242,0.033005,-0.259694
26.555000,-0.296755,-0.472702,-0.351071
26.560000,0.030317,0.188350,0.111900
26.565000,0.311931,0.100769,0.297211
26.570000,0.101251,-0.216390,-0.235957
26.575000,-0.299798,-0.378173,-0.453741
26.580000,-0.045112,0.237001,0.125450
26.585000,0.436224,0.445807,0.262173
26.590000,-0.078034,-0.089276,-0.003202
26.595000,-0.325833,-0.414926,-0.356573
26.600000,-0.164319,0.179007,0.126209
26.605000,0.457379,0.385659,0.368899
26.610000,0.044867,-0.186621,-0.064595
26.615000,-0.384853,-0.484917,-0.487044
26.620000,-0.031582,0.322054,0.263649
26.625000,0.400345,0.404417,0.420484
26.630000,0.089397,-0.166015,-0.138431
26.635000,-0.476612,-0.509550,-0.504448
26.640000,-0.140346,0.145916,0.203303
26.645000,0.306957,0.398089,0.322183
26.650000,0.040465,-0.130047,-0.088615
26.655000,-0.338235,-0.341906,-0.343460
26.660000,-0.048314,0.049339,0.157818
26.665000,0.338542,0.141315,0.393205
26.670000,0.122086,-0.218190,-0.129911
26.675000,-0.285511,-0.149095,-0.289737
26.680000,-0.024357,0.037177,0.259729
26.685000,0.446393,0.543159,0.404382
26.690000,0.072419,-0.063065,-0.229264
26.695000,-0.538573,-0.421766,-0.371175
26.700000,-0.094208,0.085591,0.267903
26.705000,0.415352,0.270412,0.502086
26.710000,0.102636,-0.230183,-0.275019
26.715000,-0.511770,-0.311702,-0.497008
26.720000,0.129115,-0.023381,0.155851
26.725000,0.221814,0.504545,0.433139
26.730000,0.077326,-0.060513,-0.199243
26.735000,-0.442355,-0.665101,-0.151775
26.740000,-0.114381,0.268406,0.045941
26.745000,0.551190,0.443669,0.392952
26.750000,0.158391,0.038590,-0.373427
26.755000,-0.665452,-0.396534,-0.377645
26.760000,-0.301936,0.084347,0.224594
26.765000,0.319494,0.475311,0.324374
26.770000,0.057271,0.021106,-0.311712
26.775000,-0.398165,-0.329501,-0.312534
26.780000,0.018296,0.266574,0.263745
26.785000,0.514276,0.467160,0.356064
26.790000,0.088345,-0.060415,-0.168146
26.795000,-0.298466,-0.379189,-0.276640
26.800000,0.060566,0.071525,0.278971
26.805000,0.513108,0.315258,0.405489
26.810000,0.075017,-0.198545,-0.323246
26.815000,-0.523798,-0.442316,-0.296902
26.820000,-0.226207,0.255547,0.195052
26.825000,0.353839,0.438167,0.258230
26.830000,0.087455,-0.357067,-0.379601
26.835000,-0.442438,-0.384680,-0.280709
26.840000,-0.155783,0.354536,0.048295
26.845000,0.469551,0.368450,0.502609
26.850000,0.066639,-0.162876,-0.112263
26.855000,-0.251066,-0.512844,-0.318030
26.860000,0.040892,0.041532,0.265727
26.865000,0.265235,0.308724,0.285266
26.870000,-0.002003,-0.245542,-0.145944
26.875000,-0.392406,-0.435892,-0.163152
26.880000,-0.122540,0.197490,0.195441
26.885000,0.383393,0.314605,0.443979
26.890000,-0.113182,-0.311535,-0.352893
26.895000,-0.335351,-0.437946,-0.382663
26.900000,-0.045919,0.004351,0.273392
26.905000,0.291453,0.319994,0.490514
26.910000,0.004151,-0.111366,-0.243310
26.915000,-0.430131,-0.313704,-0.127070
26.920000,0.098734,0.238971,0.150856
26.925000,0.200292,0.444369,0.593890
26.930000,0.103098,-0.094691,-0.259894
26.935000,-0.463140,-0.191866,-0.257054
26.940000,0.053755,0.241746,0.071746
26.945000,0.252637,0.454468,0.385921
26.950000,-0.080744,-0.260327,-0.115585
26.955000,-0.444478,-0.242994,-0.296258
26.960000,-0.002481,0.292977,0.028798
26.965000,0.426706,0.370778,0.259045
26.970000,-0.099307,-0.261165,-0.266970
26.975000,-0.380102,-0.581519,-0.236079
26.980000,-0.035046,0.373758,0.202400
26.985000,0.343116,0.288792,0.240885
26.990000,-0.094274,-0.200353,-0.221842
26.995000,-0.563237,-0.580423,-0.305014
27.000000,0.038126,0.234491,0.144270
27.005000,0.326154,0.395509,0.295694
27.010000,-0.115705,-0.242465,-0.205981
27.015000,-0.475029,-0.155989,-0.250334
27.020000,-0.097594,0.079700,0.258659
27.025000,0.292230,0.441390,0.356341
27.030000,-0.048968,-0.231936,-0.304235
27.035000,-0.432453,-0.290797,-0.336681
27.040000,0.073007,0.005454,0.256681
27.045000,0.379800,0.208155,0.364635
27.050000,0.086083,-0.279658,-0.144608
27.055000,-0.252974,-0.473431,-0.413508
27.060000,-0.014777,0.014785,0.433965
27.065000,0.506582,0.410052,0.259625
27.070000,0.056126,-0.292062,-0.304286
27.075000,-0.551746,-0.294685,-0.455084
27.080000,-0.172401,-0.001229,0.068632
27.085000,0.417303,0.303675,0.372488
27.090000,0.020446,-0.228907,-0.297364
27.095000,-0.421840,-0.387819,-0.385630
27.100000,-0.064481,0.074184,0.080947
27.105000,0.420085,0.455990,0.283970
27.110000,0.041562,-0.134868,-0.121785
27.115000,-0.406594,-0.554639,-0.286162
27.120000,-0.060701,0.133698,0.234976
27.125000,0.437032,0.300247,0.449785
27.130000,-0.107632,-0.066963,-0.241221
27.135000,-0.434752,-0.432071,-0.436399
27.140000,-0.213435,0.233967,0.170585
27.145000,0.235324,0.476985,0.203531
27.150000,0.166922,-0.224618,-0.183588
27.155000,-0.391852,-0.426439,-0.262676
27.160000,0.008390,0.211726,0.096550
27.165000,0.332133,0.440536,0.442172
27.170000,-0.149980,-0.113759,-0.149085
27.175000,-0.387749,-0.568793,-0.502242
27.180000,-0.231373,0.135231,0.012775
27.185000,0.495955,0.223514,0.254198
27.190000,0.117978,-0.229117,-0.214688
27.195000,-0.461647,-0.540981,-0.357369
27.200000,-0.078129,0.073755,0.313194
27.205000,0.440870,0.362108,0.587992
27.210000,-0.026308,-0.042450,-0.192604
27.215000,-0.338306,-0.435671,-0.415791
27.220000,-0.100621,0.238487,0.154911
27.225000,0.429040,0.317540,0.344701
27.230000,0.002518,-0.057382,-0.418736
27.235000,-0.310394,-0.478686,-0.346623
27.240000,0.147833,0.165532,0.129805
27.245000,0.437730,0.409161,0.199869
27.250000,0.020037,-0.141326,-0.293181
27.255000,-0.402142,-0.285601,-0.265070
27.260000,0.012071,0.081555,0.058795
27.265000,0.550925,0.418645,0.392586
27.270000,-0.065283,-0.255141,-0.253194
27.275000,-0.320022,-0.511626,-0.468409
27.280000,0.037281,0.266125,0.117669
27.285000,0.314281,0.548412,0.112932
27.290000,0.109175,-0.209549,-0.141329
27.295000,-0.464959,-0.410692,-0.424252
27.300000,0.154316,0.067661,0.363455
27.305000,0.480897,0.351273,0.237686
27.310000,0.116806,-0.033951,-0.233956
27.315000,-0.411993,-0.238911,-0.492060
27.320000,-0.003248,0.232231,0.338895
27.325000,0.414079,0.361129,0.443287
27.330000,-0.064707,-0.200740,-0.321049
27.335000,-0.257181,-0.429618,-0.421813
27.340000,0.001427,0.185752,-0.008270
27.345000,0.353643,0.374700,0.395840
27.350000,0.032969,-0.318792,-0.271067
27.355000,-0.525863,-0.525675,-0.563900
27.360000,-0.087207,0.338113,0.025592
27.365000,0.472762,0.346799,0.405209
27.370000,0.129624,-0.170426,-0.241659
27.375000,-0.400631,-0.400724,-0.478232
27.380000,-0.051762,-0.013128,0.248488
27.385000,0.509191,0.248453,0.368076
27.390000,-0.191954,-0.230591,-0.117730
27.395000,-0.281482,-0.533759,-0.463417
27.400000,-0.165792,0.317629,0.290942
27.405000,0.295268,0.345353,0.350494
27.410000,0.097641,0.055490,-0.122530
27.415000,-0.410231,-0.517474,-0.273696
27.420000,0.109674,-0.018019,0.109429
27.425000,0.251272,0.389299,0.289177
27.430000,0.085045,-0.009812,-0.161593
27.435000,-0.433299,-0.542195,-0.204945
27.440000,0.060944,0.269196,0.364279
27.445000,0.270596,0.173125,0.406581
27.450000,0.204292,-0.285316,-0.128114
27.455000,-0.360771,-0.382492,-0.285259
27.460000,0.017616,0.425842,0.224478
27.465000,0.600392,0.444413,0.338508
27.470000,-0.057060,-0.108044,-0.227784
27.475000,-0.118221,-0.360452,-0.469794
27.480000,-0.045526,0.365956,-0.009754
27.485000,0.254425,0.305880,0.345934
27.490000,0.277801,-0.093948,-0.138237
27.495000,-0.270053,-0.355364,-0.406430
27.500000,0.096591,0.134040,0.169524
27.505000,0.414765,0.547076,0.163305
27.510000,-0.009561,-0.103874,-0.170602
27.515000,-0.379288,-0.238602,-0.240119
27.520000,-0.104440,0.131367,0.072339
27.525000,0.337445,0.395502,0.572696
27.530000,0.074305,-0.053738,-0.208178
27.535000,-0.176316,-0.419326,-0.350027
27.540000,-0.056511,0.205989,0.299497
27.545000,0.277853,0.571442,0.112901
27.550000,-0.122649,-0.278110,-0.348564
27.555000,-0.493370,-0.441004,-0.347724
27.560000,-0.023921,0.314425,0.112687
27.565000,0.428190,0.372396,0.392806
27.570000,0.073685,-0.299808,-0.357440
27.575000,-0.301760,-0.437108,-0.309116
27.580000,0.012001,0.176271,0.130506
27.585000,0.349335,0.244420,0.296879
27.590000,0.010939,-0.175599,-0.138817
27.595000,-0.415226,-0.433177,-0.293388
27.600000,-0.022825,0.154907,0.135822
27.605000,0.318228,0.283014,0.392004
27.610000,0.012964,-0.233879,-0.306200
27.615000,-0.320828,-0.319092,-0.376211
27.620000,-0.130985,0.301420,0.278063
27.625000,0.288958,0.485369,0.139582
27.630000,-0.080936,-0.258448,-0.180351
27.635000,-0.387673,-0.362861,-0.229960
27.640000,0.029254,0.036382,0.166314
27.645000,0.250378,0.561240,0.351214
27.650000,0.025623,0.026710,-0.136478
27.655000,-0.498158,-0.291040,-0.191717
27.660000,0.054176,0.284524,0.264001
27.665000,0.344062,0.484387,0.308880
27.670000,-0.031291,-0.324169,-0.095780
27.675000,-0.359981,-0.455471,-0.371906
27.680000,-0.123627,0.258135,0.074689
27.685000,0.544429,0.349310,0.343078
27.690000,-0.170801,-0.347116,-0.149711
27.695000,-0.468772,-0.463672,-0.432307
27.700000,-0.030306,0.304388,0.225155
27.705000,0.165039,0.442352,0.270790
27.710000,0.115129,-0.186008,-0.152689
27.715000,-0.358423,-0.533108,-0.157376
27.720000,0.145081,0.050780,0.273387
27.725000,0.257602,0.359319,0.245690
27.730000,0.162862,-0.181391,-0.302999
27.735000,-0.263470,-0.459228,-0.401941
27.740000,-0.015950,0.098157,0.430156
27.745000,0.410488,0.323848,0.531119
27.750000,0.051293,-0.234088,-0.074483
27.755000,-0.329436,-0.654812,-0.293984
27.760000,0.003155,0.197821,0.221569
27.765000,0.501531,0.456954,0.290563
27.770000,-0.020869,-0.217574,-0.159794
27.775000,-0.571676,-0.129905,-0.527040
27.780000,0.104959,0.068495,0.437631
27.785000,0.355814,0.279875,0.354066
27.790000,-0.066827,-0.116670,-0.093929
27.795000,-0.347182,-0.355754,-0.160682
27.800000,-0.055932,0.110038,0.173547
27.805000,0.315936,0.508589,0.272661
27.810000,-0.003352,-0.129810,-0.181524
27.815000,-0.391232,-0.390520,-0.356640
27.820000,-0.218702,0.055401,0.218621
27.825000,0.437138,0.179968,0.474611
27.830000,-0.090737,-0.090698,0.006883
27.835000,-0.711996,-0.311223,-0.285371
27.840000,0.040476,0.181263,0.282976
27.845000,0.304060,0.473773,0.393313
27.850000,0.162363,-0.341288,-0.096269
27.855000,-0.439905,-0.318677,-0.538304
27.860000,-0.048145,0.081631,0.364394
27.865000,0.212349,0.319982,0.076469
27.870000,0.014534,-0.229409,-0.147279
27.875000,-0.442268,-0.325691,-0.293111
27.880000,-0.069188,0.246996,0.046052
27.885000,0.370982,0.362793,0.369129
27.890000,0.262512,-0.333249,-0.139383
27.895000,-0.347811,-0.426484,-0.284745
27.900000,0.113127,0.138603,-0.006893
27.905000,0.330340,0.311701,0.370334
27.910000,-0.118502,-0.275345,-0.295427
27.915000,-0.398322,-0.339343,-0.459057
27.920000,0.031175,0.089304,0.190042
27.925000,0.356327,0.443206,0.380631
27.930000,0.167054,-0.202381,-0.080231
27.935000,-0.271900,-0.453059,-0.359491
27.940000,-0.011384,0.098721,0.109488
27.945000,0.394389,0.380132,0.315494
27.950000,-0.215327,-0.123210,-0.217521
27.955000,-0.606820,-0.203116,-0.155486
27.960000,-0.071708,0.163614,0.088901
27.965000,0.435659,0.415176,0.237312
27.970000,-0.147786,-0.257213,-0.182091
27.975000,-0.399326,-0.386222,-0.228093
27.980000,0.065282,0.135135,0.220869
27.985000,0.329569,0.419505,0.527955
27.990000,0.090440,-0.169379,-0.186261
27.995000,-0.350892,-0.404143,-0.374352
28.000000,0.090772,0.249456,0.216994
28.005000,0.479457,0.304655,0.459183
28.010000,0.037900,-0.137973,-0.211828
28.015000,-0.267226,-0.407784,-0.309633
28.020000,-0.151007,0.338181,0.312820
28.025000,0.375632,0.328033,0.495191
28.030000,-0.074648,-0.172460,-0.170281
28.035000,-0.268176,-0.411458,-0.450036
28.040000,0.026360,0.072728,0.106048
28.045000,0.517411,0.317730,0.334962
28.050000,0.048649,-0.177608,-0.390276
28.055000,-0.380240,-0.468975,-0.455018
28.060000,0.193578,0.201477,0.202629
28.065000,0.690666,0.369294,0.456457
28.070000,0.030427,-0.230448,-0.159965
28.075000,-0.369325,-0.366838,-0.194487
28.080000,0.114383,0.359715,0.072501
28.085000,0.465699,0.407359,0.304745
28.090000,-0.111387,-0.140143,-0.197783
28.095000,-0.310031,-0.344190,-0.256000
28.100000,0.039575,0.092327,0.237661
28.105000,0.456945,0.465697,0.310207
28.110000,-0.145071,-0.070721,-0.097153
28.115000,-0.375171,-0.307675,-0.630970
28.120000,0.029516,0.258233,0.230456
28.125000,0.491243,0.465489,0.368920
28.130000,-0.088143,-0.187984,-0.110589
28.135000,-0.415164,-0.195321,-0.180069
28.140000,0.088994,0.271719,0.308934
28.145000,0.661739,0.253639,0.372192
28.150000,-0.106480,-0.228406,-0.291218
28.155000,-0.195365,-0.368897,-0.277718
28.160000,0.158014,0.038068,0.099456
28.165000,0.667080,0.327926,0.194280
28.170000,0.092035,-0.183964,-0.244562
28.175000,-0.241949,-0.221351,-0.315388
28.180000,0.038576,0.136748,0.401573
28.185000,0.430827,0.388096,0.322014
28.190000,-0.066053,-0.197929,-0.250899
28.195000,-0.487089,-0.346860,-0.446980
28.200000,0.107000,-0.002670,0.203827
28.205000,0.329424,0.275227,0.200397
28.210000,-0.004452,-0.183547,-0.172290
28.215000,-0.397432,-0.359833,-0.301603
28.220000,-0.046849,0.062516,0.287314
28.225000,0.361366,0.527875,0.332967
28.230000,0.049147,-0.352375,-0.111209
28.235000,-0.404537,-0.375400,-0.340604
28.240000,-0.068348,0.158994,0.157369
28.245000,0.395657,0.467351,0.462507
28.250000,-0.084623,-0.082749,-0.245083
28.255000,-0.487171,-0.467523,-0.408701
28.260000,0.046706,0.156826,0.206578
28.265000,0.367970,0.439750,0.443997
28.270000,0.124270,-0.332239,-0.297627
28.275000,-0.440927,-0.328729,-0.696454
28.280000,-0.026432,0.136106,0.105478
28.285000,0.225074,0.259607,0.492448
28.290000,0.003757,-0.118312,-0.154132
28.295000,-0.313291,-0.509729,-0.355362
28.300000,0.172577,0.214796,0.245995
28.305000,0.318600,0.314491,0.530854
28.310000,0.048741,-0.176677,-0.232600
28.315000,-0.370216,-0.576305,-0.525729
28.320000,0.052836,0.245384,0.151379
28.325000,0.268717,0.275268,0.439240
28.330000,-0.106618,-0.063481,-0.219403
28.335000,-0.375933,-0.348779,-0.582798
28.340000,0.066029,0.312868,0.148860
28.345000,0.662095,0.341167,0.455109
28.350000,-0.083302,-0.211272,-0.270001
28.355000,-0.437110,-0.502596,-0.412651
28.360000,0.216600,0.243664,0.273902
28.365000,0.353994,0.464430,0.280026
28.370000,0.174577,-0.185094,-0.195657
28.375000,-0.518771,-0.604498,-0.341869
28.380000,0.058474,0.039443,0.028426
28.385000,0.617354,0.467682,0.358037
28.390000,0.086152,-0.313874,-0.009443
28.395000,-0.153244,-0.276281,-0.277551
28.400000,0.044619,0.335868,0.212353
28.405000,0.595595,0.444057,0.427534
28.410000,-0.068996,-0.309541,-0.172618
28.415000,-0.538864,-0.344385,-0.511284
28.420000,0.109087,0.190633,0.243430
28.425000,0.392885,0.360502,0.352403
28.430000,0.123012,-0.232895,-0.116594
28.435000,-0.420708,-0.338295,-0.431717
28.440000,0.016570,0.329066,0.247007
28.445000,0.472037,0.366610,0.538372
28.450000,0.031209,-0.167755,-0.132299
28.455000,-0.486117,-0.246032,-0.284211
28.460000,0.133114,0.073901,-0.074972
28.465000,0.648791,0.291222,0.328686
28.470000,-0.085124,-0.363080,-0.221326
28.475000,-0.345467,-0.472248,-0.523276
28.480000,0.245015,0.194408,0.132337
28.485000,0.325663,0.378836,0.074233
28.490000,-0.086129,-0.078141,-0.241010
28.495000,-0.387710,-0.357489,-0.284974
28.500000,0.041281,0.264627,0.105750
28.505000,0.617608,0.415582,0.334564
28.510000,-0.109498,-0.294806,-0.148717
28.515000,-0.491752,-0.310160,-0.383867
28.520000,-0.026593,0.202238,0.049032
28.525000,0.319268,0.437610,0.244143
28.530000,-0.095822,-0.129684,-0.123339
28.535000,-0.469742,-0.377293,-0.420031
28.540000,0.200386,0.197919,0.128486
28.545000,0.359162,0.380206,0.466457
28.550000,-0.192665,-0.338503,-0.300834
28.555000,-0.366088,-0.429940,-0.236675
28.560000,0.012107,0.186189,0.148307
28.565000,0.422336,0.263448,0.452468
28.570000,-0.032686,-0.194049,-0.101234
28.575000,-0.234665,-0.431944,-0.298256
28.580000,0.134630,0.080116,0.193765
28.585000,0.372044,0.213559,0.507688
28.590000,-0.072465,-0.235326,-0.215630
28.595000,-0.290539,-0.356446,-0.335925
28.600000,0.136212,0.275155,-0.068722
28.605000,0.429171,0.349723,0.350330
28.610000,-0.131958,-0.326252,-0.199350
28.615000,-0.370848,-0.444454,-0.177744
28.620000,0.062545,0.389248,0.210493
28.625000,0.444486,0.433851,0.395077
28.630000,0.082608,-0.025630,-0.266319
28.635000,-0.188078,-0.415029,-0.298282
28.640000,0.213517,0.172129,0.224383
28.645000,0.388552,0.496448,0.289882
28.650000,0.062850,-0.264954,-0.214853
28.655000,-0.188612,-0.338975,-0.346271
28.660000,0.129677,0.335900,0.023666
28.665000,0.528326,0.365581,0.332554
28.670000,-0.032291,-0.151870,-0.152673
28.675000,-0.285321,-0.556515,-0.415940
28.680000,0.334293,0.255463,0.133154
28.685000,0.358160,0.523826,0.354440
28.690000,-0.033709,-0.107461,-0.072309
28.695000,-0.353353,-0.316833,-0.499543
28.700000,0.195842,0.147549,0.229573
28.705000,0.543428,0.394100,0.258427
28.710000,-0.064944,0.028779,-0.301863
28.715000,-0.375920,-0.257763,-0.478519
28.720000,0.063251,0.317480,0.232369
28.725000,0.399981,0.381096,0.457269
28.730000,-0.113782,-0.330179,-0.259553
28.735000,-0.315149,-0.398293,-0.356162
28.740000,0.134696,0.187591,0.166531
28.745000,0.365702,0.443450,0.303786
28.750000,-0.172764,-0.301942,-0.093763
28.755000,-0.319378,-0.358691,-0.404402
28.760000,0.070653,0.274295,0.033236
28.765000,0.271449,0.431060,0.575328
28.770000,0.015003,-0.215580,-0.028218
28.775000,-0.431688,-0.371858,-0.372558
28.780000,-0.027570,0.150751,-0.005301
28.785000,0.475267,0.397036,0.378807
28.790000,-0.059612,-0.140847,-0.231281
28.795000,-0.631601,-0.493786,-0.272923
28.800000,0.120197,0.395975,0.161526
28.805000,0.429732,0.366865,0.484428
28.810000,-0.053743,-0.207799,-0.146875
28.815000,-0.490908,-0.299898,-0.408651
28.820000,0.054847,0.145837,0.087113
28.825000,0.419732,0.472645,0.363991
28.830000,-0.168167,-0.046211,-0.113673
28.835000,-0.523759,-0.308513,-0.360611
28.840000,0.161634,0.180246,0.043470
28.845000,0.307350,0.483190,0.430751
28.850000,-0.062028,-0.173253,-0.177537
28.855000,-0.563228,-0.395084,-0.364748
28.860000,0.164446,0.205469,0.162006
28.865000,0.277830,0.416626,0.580866
28.870000,-0.086091,-0.060494,-0.108758
28.875000,-0.438161,-0.374304,-0.403379
28.880000,0.116431,0.008568,0.171223
28.885000,0.400476,0.226384,0.247339
28.890000,-0.155121,-0.047457,-0.212147
28.895000,-0.372121,-0.490796,-0.456656
28.900000,0.240995,0.298871,-0.077490
28.905000,0.325278,0.391442,0.308411
28.910000,-0.181898,-0.194211,0.067205
28.915000,-0.477187,-0.314034,-0.595307
28.920000,0.187525,0.206588,0.181091
28.925000,0.475112,0.555546,0.443727
28.930000,-0.145028,-0.126982,-0.160716
28.935000,-0.537956,-0.304593,-0.446349
28.940000,0.266250,0.307216,0.228713
28.945000,0.209739,0.273829,0.411803
28.950000,-0.214930,-0.244985,-0.332273
28.955000,-0.411138,-0.238561,-0.470059
28.960000,0.055087,0.090959,0.035717
28.965000,0.214260,0.251772,0.551535
28.970000,-0.181280,-0.244028,-0.104775
28.975000,-0.463014,-0.235907,-0.276442
28.980000,0.177175,0.074763,0.138116
28.985000,0.293397,0.195132,0.274048
28.990000,-0.206877,-0.326150,-0.063218
28.995000,-0.484691,-0.374001,-0.358849
29.000000,0.048525,0.090493,0.177427
29.005000,0.566394,0.228694,0.552190
29.010000,-0.006355,-0.305811,-0.100939
29.015000,-0.373133,-0.369827,-0.273727
29.020000,0.064582,0.023464,0.148081
29.025000,0.343818,0.381030,0.210864
29.030000,-0.198720,-0.159791,-0.176323
29.035000,-0.423756,-0.394447,-0.299158
29.040000,0.311689,0.225425,0.142388
29.045000,0.446519,0.446388,0.474008
29.050000,0.025597,-0.128361,-0.240231
29.055000,-0.300544,-0.464466,-0.555253
29.060000,0.103103,0.134775,-0.016835
29.065000,0.464239,0.407479,0.470278
29.070000,0.009749,-0.153040,-0.247255
29.075000,-0.424805,-0.480540,-0.334394
29.080000,0.165637,0.096772,0.127754
29.085000,0.228069,0.482844,0.342918
29.090000,-0.341679,-0.332436,-0.167523
29.095000,-0.421149,-0.264460,-0.423408
29.100000,0.130652,0.209528,0.110453
29.105000,0.746111,0.334728,0.408450
29.110000,-0.065458,-0.145944,-0.249039
29.115000,-0.505819,-0.110485,-0.435221
29.120000,0.086913,0.234662,0.161464
29.125000,0.258633,0.517449,0.412756
29.130000,0.014370,-0.196112,-0.298468
29.135000,-0.436982,-0.474208,-0.375615
29.140000,0.221188,0.011078,0.165769
29.145000,0.266218,0.485656,0.454009
29.150000,-0.259115,-0.103129,-0.246017
29.155000,-0.347508,-0.182327,-0.230947
29.160000,0.028312,0.233640,0.112624
29.165000,0.333034,0.405635,0.439974
29.170000,-0.065028,-0.292154,-0.078814
29.175000,-0.299081,-0.438414,-0.357767
29.180000,0.090732,0.261007,0.053502
29.185000,0.314243,0.472668,0.532350
29.190000,-0.071138,-0.272113,-0.108896
29.195000,-0.428042,-0.464290,-0.569337
29.200000,0.051372,0.225021,0.003574
29.205000,0.342061,0.390252,0.392377
29.210000,-0.057596,-0.135039,-0.204699
29.215000,-0.356928,-0.281238,-0.489690
29.220000,0.190651,0.096911,0.229132
29.225000,0.540350,0.326501,0.295422
29.230000,-0.135385,-0.367544,0.028428
29.235000,-0.240690,-0.541800,-0.612798
29.240000,0.124209,0.227016,0.132748
29.245000,0.426790,0.324105,0.533137
29.250000,-0.033854,-0.120573,-0.138334
29.255000,-0.422732,-0.587027,-0.377435
29.260000,0.075436,0.021798,-0.036240
29.265000,0.321471,0.419591,0.268551
29.270000,-0.040731,-0.044762,-0.234727
29.275000,-0.480369,-0.431734,-0.406057
29.280000,0.012219,0.215382,0.200028
29.285000,0.382934,0.351147,0.610284
29.290000,-0.037532,-0.053914,-0.148901
29.295000,-0.330445,-0.425081,-0.404125
29.300000,0.367107,0.305452,0.091039
29.305000,0.378439,0.299278,0.391978
29.310000,-0.067278,-0.022961,-0.345048
29.315000,-0.399178,-0.313954,-0.577166
29.320000,0.060681,0.361683,0.146427
29.325000,0.277034,0.309752,0.392675
29.330000,-0.338250,-0.102613,-0.131035
29.335000,-0.449768,-0.270468,-0.351118
29.340000,0.163395,0.171778,0.077496
29.345000,0.314839,0.115268,0.263668
29.350000,-0.382524,-0.172481,-0.103880
29.355000,-0.449619,-0.339356,-0.325133
29.360000,0.083983,0.302689,-0.133346
29.365000,0.398023,0.391758,0.221046
29.370000,-0.119334,-0.319564,-0.040151
29.375000,-0.351749,-0.299444,-0.239527
29.380000,0.093055,0.198336,0.075709
29.385000,0.456105,0.385580,0.401671
29.390000,-0.248407,-0.309650,-0.166646
29.395000,-0.096478,-0.455821,-0.330468
29.400000,0.141686,0.181698,0.085131
29.405000,0.535164,0.436278,0.289288
29.410000,-0.193237,-0.219091,-0.056996
29.415000,-0.540164,-0.530771,-0.405333
29.420000,0.189814,0.151990,0.238585
29.425000,0.338512,0.441967,0.379110
29.430000,-0.012723,-0.285478,0.043292
29.435000,-0.249400,-0.439657,-0.543901
29.440000,0.033117,0.097881,-0.020067
29.445000,0.303120,0.308475,0.395471
29.450000,-0.078164,-0.259209,-0.151756
29.455000,-0.218016,-0.336305,-0.422708
29.460000,0.233209,0.253801,0.053322
29.465000,0.394655,0.335711,0.305224
29.470000,-0.265490,-0.170819,0.077084
29.475000,-0.257661,-0.226492,-0.501903
29.480000,0.073914,-0.006765,0.319133
29.485000,0.425077,0.210986,0.359294
29.490000,-0.108316,-0.241496,-0.098493
29.495000,-0.420574,-0.438943,-0.443783
29.500000,0.067595,0.099034,-0.027117
29.505000,0.454934,0.571429,0.307386
29.510000,-0.175613,-0.301989,-0.141001
29.515000,-0.385453,-0.110182,-0.471345
29.520000,0.169491,0.294162,0.071790
29.525000,0.326473,0.402014,0.220681
29.530000,-0.217994,-0.074582,-0.084474
29.535000,-0.458652,-0.322785,-0.433338
29.540000,0.238518,0.165897,0.229651
29.545000,0.368259,0.373029,0.135958
29.550000,-0.124533,-0.168914,-0.014213
29.555000,-0.568843,-0.287614,-0.348595
29.560000,0.181854,0.460106,0.100112
29.565000,0.505914,0.593795,0.367065
29.570000,-0.247776,-0.241144,-0.110885
29.575000,-0.513802,-0.438680,-0.403372
29.580000,0.115482,0.194185,0.055937
29.585000,0.418748,0.413459,0.535264
29.590000,-0.065291,-0.224651,-0.145557
29.595000,-0.416362,-0.500312,-0.437339
29.600000,0.114943,-0.014492,0.094523
29.605000,0.449520,0.352730,0.439285
29.610000,-0.172150,-0.291704,0.075276
29.615000,-0.354234,-0.426357,-0.420283
29.620000,0.033420,0.121757,-0.068009
29.625000,0.490007,0.453837,0.357030
29.630000,-0.128759,-0.269999,-0.347221
29.635000,-0.309850,-0.329426,-0.628759
29.640000,0.131085,0.145619,0.177018
29.645000,0.465652,0.310794,0.268552
29.650000,-0.072226,-0.215663,-0.189183
29.655000,-0.410066,-0.481792,-0.416389
29.660000,0.054370,0.229807,0.122182
29.665000,0.434473,0.506993,0.281410
29.670000,-0.204515,-0.234068,0.014254
29.675000,-0.419970,-0.484140,-0.380483
29.680000,0.296206,0.167228,0.064630
29.685000,0.228740,0.241231,0.448189
29.690000,-0.302622,-0.301628,-0.032621
29.695000,-0.542852,-0.350537,-0.389985
29.700000,0.172278,0.120056,0.016068
29.705000,0.405204,0.408194,0.449353
29.710000,-0.149994,-0.182200,-0.081614
29.715000,-0.478200,-0.336124,-0.417922
29.720000,0.133739,0.217714,0.079576
29.725000,0.350294,0.404597,0.429116
29.730000,-0.026140,-0.224732,0.016317
29.735000,-0.257289,-0.483074,-0.269326
29.740000,0.103482,0.381420,0.151224
29.745000,0.478952,0.392238,0.371419
29.750000,-0.192227,-0.262296,-0.209992
29.755000,-0.477462,-0.511504,-0.390890
29.760000,0.092865,0.159153,0.349249
29.765000,0.339114,0.393794,0.329393
29.770000,-0.050354,-0.316583,-0.171233
29.775000,-0.367372,-0.392351,-0.426059
29.780000,0.156558,0.375641,0.106731
29.785000,0.363732,0.205511,0.401384
29.790000,-0.064606,-0.288684,0.095617
29.795000,-0.301674,-0.334546,-0.511477
29.800000,0.017265,0.175416,-0.023690
29.805000,0.287522,0.589306,0.429359
29.810000,0.079400,-0.020847,-0.122216
29.815000,-0.435966,-0.404959,-0.337755
29.820000,0.046912,0.196632,0.186263
29.825000,0.488486,0.357052,0.326184
29.830000,-0.231512,-0.086950,-0.138755
29.835000,-0.442946,-0.466691,-0.382813
29.840000,0.069312,0.157121,0.130613
29.845000,0.374440,0.241001,0.402453
29.850000,-0.004492,-0.245054,-0.334220
29.855000,-0.334304,-0.380386,-0.472362
29.860000,0.102195,0.255219,0.204112
29.865000,0.351332,0.410577,0.343279
29.870000,-0.009364,-0.325811,-0.059083
29.875000,-0.202295,-0.279285,-0.439121
29.880000,0.161561,-0.013266,0.087352
29.885000,0.470163,0.450585,0.321492
29.890000,-0.192983,-0.251241,-0.093832
29.895000,-0.525720,-0.351759,-0.491491
29.900000,0.212607,0.300295,0.164862
29.905000,0.274147,0.348189,0.306556
29.910000,0.000102,-0.239492,-0.275580
29.915000,-0.352636,-0.351178,-0.535894
29.920000,0.061570,0.234697,0.136909
29.925000,0.235023,0.228149,0.472880
29.930000,0.023559,-0.192963,-0.262394
29.935000,-0.356800,-0.395336,-0.450905
29.940000,0.254812,0.155075,0.157728
29.945000,0.413931,0.403654,0.499188
29.950000,-0.070697,-0.240517,-0.127614
29.955000,-0.215152,-0.359293,-0.350713
29.960000,-0.142815,0.195842,0.218907
29.965000,0.451177,0.308983,0.439875
29.970000,-0.088021,-0.233583,0.039448
29.975000,-0.254158,-0.385900,-0.267812
29.980000,0.142829,0.322498,0.233159
29.985000,0.398676,0.403496,0.484655
29.990000,-0.121070,-0.253259,-0.134619
29.995000,-0.633229,-0.463795,-0.228233
30.000000,-0.053004,0.145416,0.054926
30.005000,0.445434,0.455615,0.426472
30.010000,-0.116797,-0.146866,-0.121349
30.015000,-0.330165,-0.437457,-0.440628
30.020000,0.133861,0.106227,0.076858
30.025000,0.421611,0.367340,0.306376
30.030000,-0.126947,-0.271847,-0.180007
30.035000,-0.443405,-0.422829,-0.325010
30.040000,0.027042,0.175359,0.113074
30.045000,0.367073,0.410206,0.312863
30.050000,-0.359947,-0.082210,-0.209518
30.055000,-0.445731,-0.392199,-0.293001
30.060000,-0.070480,0.264852,0.238152
30.065000,0.496665,0.347004,0.369346
30.070000,-0.220096,-0.139029,-0.226815
30.075000,-0.323678,-0.327995,-0.345038
30.080000,0.100715,0.281736,0.302976
30.085000,0.343730,0.306623,0.369653
30.090000,0.017650,-0.330809,-0.253581
30.095000,-0.410359,-0.375503,-0.341504
30.100000,0.073413,0.100278,0.311540
30.105000,0.487163,0.494212,0.497187
30.110000,-0.111460,-0.107172,-0.162268
30.115000,-0.333358,-0.409295,-0.342447
30.120000,0.160325,0.029689,0.279606
30.125000,0.388605,0.548261,0.523470
30.130000,-0.187013,-0.253849,-0.148272
30.135000,-0.477469,-0.495022,-0.479674
30.140000,0.196275,0.235803,0.127567
30.145000,0.278144,0.341762,0.289706
30.150000,-0.183758,-0.323638,-0.193392
30.155000,-0.446993,-0.480099,-0.411633
30.160000,0.170016,0.022695,0.206208
30.165000,0.464786,0.282256,0.365335
30.170000,-0.058569,-0.216337,-0.195037
30.175000,-0.408072,-0.474693,-0.245405
30.180000,0.230359,0.202325,0.203664
30.185000,0.450803,0.422515,0.446772
30.190000,-0.109965,-0.145971,-0.180234
30.195000,-0.441865,-0.287573,-0.485421
30.200000,0.074052,0.153337,-0.112389
30.205000,0.382902,0.418417,0.262931
30.210000,-0.009004,-0.240059,-0.203037
30.215000,-0.410738,-0.293849,-0.400157
30.220000,0.103503,0.001075,0.192465
30.225000,0.465860,0.539431,0.382767
30.230000,0.110677,-0.224335,-0.165098
30.235000,-0.306582,-0.410141,-0.292945
30.240000,0.403887,0.233066,0.280814
30.245000,0.293519,0.154130,0.306215
30.250000,-0.008943,-0.084175,-0.159839
30.255000,-0.415777,-0.251511,-0.383699
30.260000,0.065890,0.280451,0.161218
30.265000,0.384044,0.343093,0.322406
30.270000,0.053073,-0.194976,-0.086939
30.275000,-0.410653,-0.436468,-0.297995
30.280000,-0.137569,0.202637,0.134241
30.285000,0.378889,0.216915,0.377220
30.290000,0.098725,-0.275773,-0.266941
30.295000,-0.559425,-0.311811,-0.411272
30.300000,0.136132,0.248709,0.305281
30.305000,0.320157,0.324631,0.416011
30.310000,-0.084483,-0.125662,0.069156
30.315000,-0.312215,-0.190918,-0.250000
30.320000,-0.105864,0.348949,0.023858
30.325000,0.533935,0.602587,0.318447
30.330000,0.097898,-0.395566,-0.247374
30.335000,-0.381432,-0.397105,-0.459472
30.340000,0.006259,0.203746,0.111331
30.345000,0.459748,0.486108,0.356216
30.350000,0.022559,-0.277390,-0.108402
30.355000,-0.255707,-0.524383,-0.278380
30.360000,0.146419,0.248413,-0.001151
30.365000,0.296380,0.403156,0.438611
30.370000,0.055640,-0.133726,-0.256172
30.375000,-0.489767,-0.455361,-0.451078
30.380000,0.127157,0.134385,0.169505
30.385000,0.415805,0.478348,0.291740
30.390000,0.119885,-0.158625,-0.160007
30.395000,-0.388678,-0.182987,-0.312255
30.400000,-0.059168,0.303271,0.191969
30.405000,0.373951,0.386395,0.431132
30.410000,0.078446,-0.258769,-0.177513
30.415000,-0.249362,-0.260278,-0.147403
30.420000,0.080512,0.143388,0.213292
30.425000,0.293655,0.210295,0.270027
30.430000,-0.067337,-0.319315,-0.143528
30.435000,-0.508459,-0.331360,-0.250651
30.440000,-0.061019,0.127499,0.342481
30.445000,0.457848,0.406066,0.331888
30.450000,0.137431,-0.201230,-0.228816
30.455000,-0.487833,-0.220633,-0.426886
30.460000,0.178150,0.186439,0.222318
30.465000,0.377339,0.350892,0.305245
30.470000,0.024339,-0.408731,-0.029018
30.475000,-0.455249,-0.503573,-0.395184
30.480000,0.018429,0.198974,0.110684
30.485000,0.426468,0.579266,0.404686
30.490000,-0.088172,-0.071608,-0.185847
30.495000,-0.437997,-0.365799,-0.322948
30.500000,-0.311322,0.071356,0.202829
30.505000,0.433387,0.371386,0.508053
30.510000,0.037523,-0.141188,-0.219310
30.515000,-0.354465,-0.251132,-0.506043
30.520000,0.068614,0.138772,0.262045
30.525000,0.362679,0.517926,0.271554
30.530000,0.217127,-0.184596,-0.304714
30.535000,-0.478835,-0.145067,-0.368662
30.540000,-0.078507,0.235253,0.093675
30.545000,0.384122,0.436692,0.521522
30.550000,-0.147326,-0.139954,-0.328842
30.555000,-0.312132,-0.390073,-0.360095
30.560000,-0.028178,0.215932,0.297587
30.565000,0.255359,0.357839,0.343735
30.570000,-0.134082,-0.224449,-0.134678
30.575000,-0.361170,-0.427215,-0.430183
30.580000,-0.063978,0.137843,0.317962
30.585000,0.318676,0.446863,0.422012
30.590000,0.193686,-0.147388,-0.149115
30.595000,-0.392986,-0.469968,-0.213053
30.600000,-0.079645,0.024890,0.071354
30.605000,0.517670,0.519782,0.274455
30.610000,-0.076159,-0.308543,-0.187644
30.615000,-0.601714,-0.409049,-0.350003
30.620000,0.029976,0.278332,0.057288
30.625000,0.385646,0.480871,0.266304
30.630000,0.125002,-0.256900,0.000710
30.635000,-0.471865,-0.480017,-0.216912
30.640000,-0.149524,0.144263,0.097792
30.645000,0.252208,0.342858,0.456253
30.650000,0.050652,-0.130976,-0.047482
30.655000,-0.437772,-0.557251,-0.453419
30.660000,0.040343,0.174565,0.227012
30.665000,0.386795,0.290156,0.296780
30.670000,-0.187631,-0.167055,-0.087303
30.675000,-0.445243,-0.377764,-0.428886
30.680000,-0.003537,0.251447,0.165028
30.685000,0.371858,0.514584,0.309835
30.690000,0.082218,-0.297570,-0.078855
30.695000,-0.298637,-0.390098,-0.456509
30.700000,0.071867,0.193229,0.218755
30.705000,0.160336,0.404759,0.340800
30.710000,-0.056804,0.004325,-0.340612
30.715000,-0.432555,-0.442960,-0.408042
30.720000,-0.118154,0.357591,0.158143
30.725000,0.331098,0.431936,0.537603
30.730000,0.058594,-0.428007,-0.249487
30.735000,-0.305725,-0.399942,-0.403383
30.740000,0.191284,0.025153,0.134584
30.745000,0.315643,0.352489,0.211693
30.750000,0.072865,-0.148682,-0.324033
30.755000,-0.316477,-0.279329,-0.221180
30.760000,-0.132281,0.145749,0.242825
30.765000,0.464309,0.505812,0.351216
30.770000,-0.042039,-0.101062,-0.093984
30.775000,-0.456984,-0.456985,-0.367189
30.780000,0.070681,0.077702,0.279030
30.785000,0.319231,0.367764,0.470270
30.790000,0.087060,-0.174818,-0.030021
30.795000,-0.312979,-0.364246,-0.198172
30.800000,0.055727,0.155939,0.329000
30.805000,0.548202,0.339859,0.205495
30.810000,0.057053,-0.135124,-0.164677
30.815000,-0.195703,-0.532049,-0.466168
30.820000,-0.153045,0.251008,0.043290
30.825000,0.485404,0.366238,0.296502
30.830000,-0.059699,-0.093121,-0.471386
30.835000,-0.484680,-0.443576,-0.412681
30.840000,0.011911,0.323936,0.312777
30.845000,0.312278,0.380260,0.240880
30.850000,-0.109942,-0.027367,-0.020752
30.855000,-0.363658,-0.273625,-0.615694
30.860000,-0.148537,-0.036326,0.281041
30.865000,0.398446,0.431962,0.436801
30.870000,0.037348,-0.154412,-0.092207
30.875000,-0.280539,-0.383379,-0.371232
30.880000,-0.227007,0.055554,0.127153
30.885000,0.457536,0.464307,0.415696
30.890000,0.195164,-0.302656,-0.287811
30.895000,-0.393927,-0.553192,-0.588468
30.900000,-0.057507,0.232265,0.282263
30.905000,0.378731,0.365645,0.277611
30.910000,0.092224,-0.223216,-0.255880
30.915000,-0.252855,-0.458180,-0.224261
30.920000,-0.009833,0.121798,0.214332
30.925000,0.428210,0.367481,0.582815
30.930000,0.093460,-0.117567,-0.151982
30.935000,-0.408623,-0.082196,-0.327399
30.940000,-0.088974,0.089445,0.401539
30.945000,0.317069,0.430088,0.362548
30.950000,0.177977,-0.195231,-0.281998
30.955000,-0.179192,-0.344487,-0.288368
30.960000,-0.062434,0.138308,0.059859
30.965000,0.476929,0.436544,0.404525
30.970000,0.054290,-0.198562,-0.192853
30.975000,-0.556455,-0.270557,-0.353767
30.980000,-0.263259,0.143272,0.070430
30.985000,0.442031,0.206320,0.348036
30.990000,0.106052,-0.190468,-0.204380
30.995000,-0.335663,-0.532584,-0.221891
31.000000,-0.065082,0.206289,0.217026
31.005000,0.238830,0.374547,0.298377
31.010000,0.321172,-0.244574,-0.023810
31.015000,-0.311444,-0.371020,-0.278413
31.020000,-0.119318,0.015741,0.090604
31.025000,0.245878,0.298049,0.424793
31.030000,0.170881,-0.200560,-0.112087
31.035000,-0.368841,-0.277852,-0.468138
31.040000,0.002889,0.286667,0.134486
31.045000,0.327497,0.371819,0.318020
31.050000,0.056411,-0.133017,-0.183144
31.055000,-0.340492,-0.455779,-0.296075
31.060000,-0.120346,0.162112,0.234623
31.065000,0.317309,0.434759,0.362800
31.070000,0.189089,-0.248881,-0.267786
31.075000,-0.223007,-0.307597,-0.553790
31.080000,-0.159649,0.178191,0.144334
31.085000,0.213259,0.361238,0.210869
31.090000,0.165205,0.086227,-0.282065
31.095000,-0.277212,-0.374242,-0.242195
31.100000,0.012813,0.118149,0.214205
31.105000,0.299796,0.367183,0.324235
31.110000,0.135969,-0.067619,-0.125432
31.115000,-0.423884,-0.423829,-0.459039
31.120000,-0.044985,-0.064778,0.188379
31.125000,0.409355,0.428586,0.260208
31.130000,0.153650,0.029894,-0.369107
31.135000,-0.264993,-0.243700,-0.256397
31.140000,-0.034559,0.083053,0.241812
31.145000,0.442947,0.407364,0.398313
31.150000,0.098264,-0.008714,-0.207223
31.155000,-0.405992,-0.414097,-0.434676
31.160000,-0.304537,-0.044448,0.153980
31.165000,0.417440,0.398505,0.222671
31.170000,0.104116,-0.163893,-0.305245
31.175000,-0.302058,-0.217945,-0.627165
31.180000,-0.134682,0.050104,0.273916
31.185000,0.335474,0.368370,0.394086
31.190000,0.077254,-0.124842,-0.135770
31.195000,-0.332338,-0.386457,-0.314436
31.200000,0.093506,0.041027,0.028136
31.205000,0.394433,0.291516,0.547109
31.210000,0.059398,-0.093818,-0.105927
31.215000,-0.350192,-0.473553,-0.499417
31.220000,-0.133069,0.241200,0.296898
31.225000,0.393988,0.443642,0.418272
31.230000,0.018540,-0.247168,0.025879
31.235000,-0.199597,-0.291481,-0.558862
31.240000,-0.322914,0.010368,0.443097
31.245000,0.170765,0.420339,0.405378
31.250000,0.186183,-0.015467,-0.067081
31.255000,-0.436053,-0.285538,-0.375735
31.260000,-0.093867,0.238210,0.237986
31.265000,0.179339,0.384262,0.425930
31.270000,0.087609,-0.019889,-0.418514
31.275000,-0.471333,-0.340188,-0.605170
31.280000,-0.152022,-0.026582,0.133408
31.285000,0.541361,0.497831,0.346986
31.290000,0.140085,-0.061276,-0.329621
31.295000,-0.310986,-0.283844,-0.477370
31.300000,-0.163976,-0.174255,0.319467
31.305000,0.577412,0.307661,0.354940
31.310000,0.162474,-0.122141,-0.210511
31.315000,-0.365398,-0.344243,-0.373727
31.320000,-0.232365,0.051422,0.310742
31.325000,0.266130,0.340772,0.283708
31.330000,0.114810,0.022675,-0.378829
31.335000,-0.181393,-0.398619,-0.342501
31.340000,-0.345721,0.006426,0.070255
31.345000,0.198388,0.364604,0.387486
31.350000,0.253081,-0.121809,-0.211795
31.355000,-0.314521,-0.255546,-0.343377
31.360000,-0.198474,0.243446,0.310642
31.365000,0.434940,0.562139,0.243615
31.370000,0.091218,-0.221169,-0.210483
31.375000,-0.415468,-0.351631,-0.453595
31.380000,-0.009751,0.270614,0.147122
31.385000,0.483439,0.573982,0.259447
31.390000,0.112498,-0.189418,-0.241297
31.395000,-0.322130,-0.229706,-0.339733
31.400000,-0.221476,0.011986,0.197366
31.405000,0.320365,0.433030,0.431899
31.410000,0.150563,0.029084,-0.299209
31.415000,-0.459821,-0.340858,-0.260027
31.420000,-0.135809,0.083478,0.159393
31.425000,0.448946,0.322367,0.338147
31.430000,0.183702,-0.024614,-0.105994
31.435000,-0.373646,-0.480740,-0.273900
31.440000,-0.269426,0.083326,0.129414
31.445000,0.309449,0.312403,0.239706
31.450000,0.065051,-0.240348,-0.285350
31.455000,-0.246317,-0.572911,-0.303462
31.460000,-0.307289,0.159386,0.168326
31.465000,0.366000,0.441421,0.381022
31.470000,0.164650,0.011853,-0.199149
31.475000,-0.132837,-0.418200,-0.224734
31.480000,-0.448348,0.027837,0.153991
31.485000,0.356869,0.347662,0.299092
31.490000,0.211709,-0.087502,-0.208715
31.495000,-0.190906,-0.380517,-0.334168
31.500000,-0.011959,0.022812,0.196121
31.505000,0.250449,0.352885,0.473925
31.510000,0.139149,0.032789,-0.273608
31.515000,-0.349580,-0.421973,-0.404338
31.520000,-0.269638,0.092528,0.235890
31.525000,0.203721,0.262720,0.328059
31.530000,0.360840,-0.208837,-0.075179
31.535000,-0.356436,-0.368260,-0.262699
31.540000,-0.254202,-0.138704,0.311443
31.545000,0.449392,0.243114,0.389094
31.550000,0.062924,-0.120383,-0.391211
31.555000,-0.323032,-0.123549,-0.283753
31.560000,-0.201233,0.065007,0.257493
31.565000,0.163194,0.449521,0.375112
31.570000,0.129421,-0.198792,-0.450275
31.575000,-0.249226,-0.316674,-0.208565
31.580000,-0.358327,0.108819,0.421359
31.585000,0.381596,0.283481,0.441291
31.590000,0.382967,0.049850,-0.199655
31.595000,-0.305102,-0.374653,-0.291605
31.600000,-0.117705,0.064183,0.271644
31.605000,0.160498,0.341042,0.376013
31.610000,0.249275,0.063376,-0.086529
31.615000,-0.321275,-0.526886,-0.266078
31.620000,-0.208694,0.055238,0.129838
31.625000,0.306352,0.389993,0.210549
31.630000,0.121835,0.037991,-0.202663
31.635000,-0.230668,-0.320691,-0.396292
31.640000,-0.474332,-0.125892,0.284334
31.645000,0.242091,0.441004,0.338606
31.650000,0.292753,0.098058,-0.172546
31.655000,-0.268875,-0.271917,-0.303629
31.660000,-0.093292,0.019724,0.250583
31.665000,0.321912,0.414577,0.369687
31.670000,0.224554,-0.023944,-0.398521
31.675000,-0.214612,-0.375665,-0.470969
31.680000,-0.333979,-0.093727,0.338887
31.685000,0.193461,0.286802,0.322956
31.690000,0.137350,0.022922,-0.342464
31.695000,-0.249095,-0.363804,-0.580169
31.700000,-0.139756,-0.058448,0.168857
31.705000,0.068199,0.487593,0.429759
31.710000,0.147163,0.060911,-0.000870
31.715000,-0.321867,-0.259877,-0.278443
31.720000,-0.178264,-0.096934,0.392061
31.725000,0.411922,0.290389,0.406135
31.730000,0.349948,0.027386,-0.208396
31.735000,-0.331697,-0.396256,-0.187002
31.740000,-0.173502,-0.003937,0.089487
31.745000,0.202576,0.353256,0.387635
31.750000,0.426519,-0.023605,-0.187960
31.755000,-0.115842,-0.327255,-0.257672
31.760000,-0.019956,-0.111793,0.054528
31.765000,0.170591,0.143116,0.334651
31.770000,0.137830,-0.106199,-0.356594
31.775000,-0.308164,-0.385248,-0.421897
31.780000,-0.024057,0.086044,0.112497
31.785000,0.385534,0.377162,0.341166
31.790000,0.190524,-0.077293,-0.163980
31.795000,-0.241571,-0.295412,-0.315742
31.800000,-0.147804,-0.034759,0.292831
31.805000,0.322555,0.480035,0.420536
31.810000,0.170000,-0.039151,-0.198620
31.815000,-0.271878,-0.360751,-0.420158
31.820000,-0.318375,0.127380,0.246993
31.825000,0.368187,0.364297,0.331292
31.830000,0.200959,0.001353,-0.055182
31.835000,-0.257018,-0.489718,-0.359645
31.840000,-0.281939,0.101703,0.276019
31.845000,0.259824,0.304361,0.261457
31.850000,0.319784,-0.035797,-0.213590
31.855000,-0.304854,-0.501967,-0.316319
31.860000,-0.163826,0.024796,0.182594
31.865000,0.218466,0.291503,0.376836
31.870000,0.055527,0.103285,-0.201638
31.875000,-0.269007,-0.362172,-0.501845
31.880000,-0.146472,0.093304,0.288627
31.885000,0.265424,0.403795,0.529666
31.890000,0.246243,-0.068584,-0.330243
31.895000,-0.360872,-0.285132,-0.349527
31.900000,-0.257857,-0.103956,0.090122
31.905000,0.190977,0.351882,0.386814
31.910000,0.200061,-0.032838,-0.267128
31.915000,-0.376452,-0.368183,-0.332533
31.920000,-0.146961,-0.216436,0.117501
31.925000,0.135883,0.549987,0.472774
31.930000,0.318463,-0.074130,-0.305720
31.935000,-0.281628,-0.530363,-0.294615
31.940000,-0.130334,0.131559,0.175860
31.945000,0.330416,0.319790,0.244336
31.950000,0.221475,0.147511,-0.177991
31.955000,-0.224679,-0.508982,-0.266372
31.960000,-0.398430,-0.029534,0.410279
31.965000,0.159293,0.587729,0.420294
31.970000,0.302468,-0.160709,-0.122492
31.975000,-0.320162,-0.286701,-0.443970
31.980000,-0.322296,-0.061717,0.057917
31.985000,0.008815,0.330072,0.335436
31.990000,0.341159,-0.177095,-0.330135
31.995000,-0.317976,-0.241686,-0.500248
32.000000,-0.372192,-0.078109,0.356180
32.005000,0.048295,0.256597,0.446979
32.010000,0.334104,-0.024410,-0.153444
32.015000,-0.172269,-0.519548,-0.330825
32.020000,-0.174828,-0.083822,0.110467
32.025000,0.222448,0.563281,0.441887
32.030000,0.298621,-0.166187,-0.011919
32.035000,-0.073215,-0.366660,-0.514552
32.040000,-0.433783,-0.230022,0.144653
32.045000,0.095387,0.361729,0.384181
32.050000,0.105470,-0.053846,-0.124615
32.055000,-0.279929,-0.307854,-0.418802
32.060000,-0.325857,0.049970,0.200531
32.065000,0.355517,0.402204,0.425546
32.070000,0.196108,0.133579,-0.139348
32.075000,0.007762,-0.239745,-0.175998
32.080000,-0.239339,0.097019,0.120548
32.085000,0.172879,0.354865,0.460180
32.090000,0.366794,0.002191,-0.274507
32.095000,-0.161917,-0.376618,-0.484986
32.100000,-0.230591,-0.217331,0.134512
32.105000,0.170399,0.481521,0.494844
32.110000,0.181757,0.176732,-0.166829
32.115000,-0.166175,-0.224445,-0.536617
32.120000,-0.197525,-0.052970,0.219298
32.125000,0.211995,0.426324,0.260053
32.130000,0.354679,0.033317,-0.291243
32.135000,-0.119542,-0.367995,-0.632387
32.140000,-0.295830,0.059782,0.258266
32.145000,0.208402,0.315876,0.299967
32.150000,0.166619,0.035564,-0.293842
32.155000,-0.300256,-0.432880,-0.310781
32.160000,-0.390303,0.031181,-0.108394
32.165000,0.302008,0.331891,0.325983
32.170000,0.301022,-0.015084,-0.163979
32.175000,-0.153499,-0.233801,-0.491930
32.180000,-0.397324,0.028197,0.163519
32.185000,0.131420,0.216258,0.433010
32.190000,0.343583,-0.101685,-0.132788
32.195000,-0.243817,-0.343099,-0.213766
32.200000,-0.385134,-0.082819,0.069690
32.205000,0.278760,0.476185,0.323553
32.210000,0.320784,0.216164,-0.154374
32.215000,-0.244913,-0.349075,-0.284796
32.220000,-0.261725,0.063732,0.129977
32.225000,0.196714,0.298017,0.399760
32.230000,0.196478,0.001756,-0.161850
32.235000,-0.200305,-0.350984,-0.396843
32.240000,-0.261397,-0.011946,0.138524
32.245000,0.185746,0.308869,0.532505
32.250000,0.160686,0.042766,-0.179334
32.255000,-0.142410,-0.446945,-0.434335
32.260000,-0.308387,0.058270,0.308598
32.265000,0.226521,0.499584,0.419132
32.270000,0.389665,0.102063,-0.193418
32.275000,-0.180576,-0.483074,-0.320995
32.280000,-0.252488,-0.177102,0.112201
32.285000,0.190761,0.436965,0.342601
32.290000,0.288966,-0.023613,-0.141298
32.295000,-0.144972,-0.414916,-0.268350
32.300000,0.022687,0.074760,0.124323
32.305000,0.210662,0.321848,0.493615
32.310000,0.357406,0.039328,-0.186928
32.315000,-0.313396,-0.377472,-0.478580
32.320000,-0.141875,-0.253495,0.208116
32.325000,0.184474,0.321027,0.177873
32.330000,0.228213,0.056752,-0.130613
32.335000,-0.279562,-0.310968,-0.223989
32.340000,-0.228124,0.011195,0.279942
32.345000,0.280351,0.333875,0.512236
32.350000,0.207026,-0.028086,-0.093945
32.355000,-0.194054,-0.438036,-0.299473
32.360000,-0.334351,-0.058900,0.156014
32.365000,0.135003,0.294231,0.386951
32.370000,0.234564,-0.122944,-0.305243
32.375000,-0.333880,-0.373226,-0.234724
32.380000,-0.279578,-0.057615,0.270557
32.385000,0.194855,0.179552,0.299897
32.390000,0.233192,-0.045073,-0.128162
32.395000,-0.164882,-0.192820,-0.335239
32.400000,-0.312353,-0.229496,0.242862
32.405000,0.204340,0.535138,0.435602
32.410000,0.101444,0.015383,-0.116679
32.415000,-0.075048,-0.359633,-0.338358
32.420000,-0.303427,0.069521,0.292969
32.425000,0.361324,0.273901,0.319106
32.430000,0.357480,0.122585,-0.096728
32.435000,-0.297604,-0.399586,-0.297300
32.440000,-0.333272,0.151460,0.249394
32.445000,0.353057,0.478790,0.350671
32.450000,0.352055,0.036594,-0.429128
32.455000,-0.168495,-0.479265,-0.326027
32.460000,-0.294291,-0.079386,0.307587
32.465000,0.280983,0.207064,0.311654
32.470000,0.337915,-0.097750,-0.027038
32.475000,-0.172216,-0.315592,-0.441810
32.480000,-0.315044,-0.044102,0.326429
32.485000,-0.082651,0.309354,0.317578
32.490000,0.316072,-0.031194,-0.271258
32.495000,-0.188131,-0.298871,-0.501457
32.500000,-0.175708,0.027961,0.234134
32.505000,0.304548,0.449664,0.254901
32.510000,0.219319,-0.125980,-0.369699
32.515000,-0.071960,-0.318357,-0.541468
32.520000,-0.149942,0.168386,0.217891
32.525000,0.432185,0.471145,0.405005
32.530000,0.291015,0.013103,-0.257674
32.535000,-0.311584,-0.244104,-0.485465
32.540000,-0.299850,0.090067,0.307015
32.545000,0.206818,0.428290,0.277900
32.550000,0.450801,-0.088492,-0.200884
32.555000,-0.168602,-0.370983,-0.499633
32.560000,-0.218977,-0.027818,0.342059
32.565000,0.435028,0.409859,0.267633
32.570000,0.412633,0.059386,-0.280268
32.575000,-0.182961,-0.284667,-0.334921
32.580000,-0.329181,-0.198081,0.142242
32.585000,0.191413,0.556352,0.357316
32.590000,0.346978,-0.059664,-0.258131
32.595000,-0.185690,-0.109990,-0.389436
32.600000,-0.179386,-0.113652,0.230402
32.605000,0.318243,0.486550,0.407991
32.610000,0.411053,-0.051893,-0.089210
32.615000,-0.164684,-0.526377,-0.242892
32.620000,-0.332006,0.165456,0.207061
32.625000,0.327649,0.340284,0.385633
32.630000,0.260171,-0.010545,-0.217822
32.635000,-0.346786,-0.295289,-0.224803
32.640000,-0.372756,-0.200101,-0.045464
32.645000,0.061236,0.385901,0.293551
32.650000,0.172382,0.111226,-0.107563
32.655000,-0.282910,-0.426745,-0.371853
32.660000,-0.277240,-0.078991,0.152466
32.665000,0.183032,0.451964,0.287975
32.670000,0.153579,-0.115895,-0.273045
32.675000,-0.139295,-0.256653,-0.439058
32.680000,-0.275360,-0.073473,0.292459
32.685000,0.206674,0.220956,0.487892
32.690000,0.097049,0.006334,-0.027710
32.695000,-0.166315,-0.104724,-0.562322
32.700000,-0.290745,-0.069193,0.319019
32.705000,0.274763,0.281643,0.440805
32.710000,0.304706,0.204846,-0.153812
32.715000,-0.329542,-0.375187,-0.291074
32.720000,-0.287155,-0.096389,-0.086326
32.725000,0.187719,0.465372,0.324962
32.730000,0.234350,-0.121109,-0.099005
32.735000,-0.165576,-0.447469,-0.320329
32.740000,-0.255900,-0.031463,0.211414
32.745000,0.220133,0.228173,0.181916
32.750000,0.455554,0.078404,-0.160011
32.755000,-0.244578,-0.359016,-0.246691
32.760000,-0.184490,-0.039244,0.165373
32.765000,0.177105,0.482381,0.267822
32.770000,0.388444,0.030636,0.086114
32.775000,-0.275099,-0.424108,-0.360486
32.780000,-0.016166,-0.018245,0.199549
32.785000,0.330492,0.397655,0.518635
32.790000,0.282966,0.148345,-0.234876
32.795000,-0.098666,-0.429469,-0.497945
32.800000,-0.380108,0.040819,0.143176
32.805000,0.202311,0.391831,0.336975
32.810000,0.308251,0.155527,-0.088496
32.815000,-0.270777,-0.393239,-0.262611
32.820000,-0.258613,-0.074956,0.117845
32.825000,0.043808,0.317866,0.424271
32.830000,0.261203,-0.143704,-0.188921
32.835000,-0.314158,-0.488089,-0.305086
32.840000,-0.136490,-0.023365,0.272234
32.845000,0.139148,0.484826,0.456283
32.850000,0.483030,0.156690,-0.151595
32.855000,-0.138821,-0.487940,-0.479377
32.860000,-0.021297,-0.083089,0.088067
32.865000,0.166386,0.427386,0.449138
32.870000,0.341864,0.002286,0.044776
32.875000,-0.459760,-0.325228,-0.463429
32.880000,-0.329782,0.120833,0.076325
32.885000,0.333384,0.389518,0.517386
32.890000,0.389116,0.133691,-0.153462
32.895000,-0.155716,-0.372076,-0.433924
32.900000,-0.232240,-0.014898,0.183199
32.905000,0.228711,0.549023,0.235050
32.910000,0.279281,0.176546,-0.136866
32.915000,-0.166567,-0.412249,-0.455735
32.920000,-0.251628,0.191367,0.381669
32.925000,0.297421,0.323773,0.534621
32.930000,0.260660,0.105754,0.047235
32.935000,-0.002054,-0.403117,-0.504088
32.940000,-0.253351,-0.040538,-0.065792
32.945000,0.296995,0.283772,0.535834
32.950000,0.161948,0.002140,-0.154655
32.955000,-0.290993,-0.520286,-0.583463
32.960000,-0.181308,0.130273,0.015513
32.965000,0.177911,0.397792,0.383591
32.970000,0.243382,-0.003561,-0.088025
32.975000,-0.339230,-0.406575,-0.341133
32.980000,-0.391657,0.081742,0.226968
32.985000,0.263464,0.310833,0.351871
32.990000,0.215241,0.012758,-0.202590
32.995000,-0.367796,-0.521805,-0.237355
33.000000,-0.122104,-0.175227,0.061839
33.005000,0.102883,0.548753,0.201338
33.010000,0.347849,0.035882,-0.118146
33.015000,-0.267831,-0.279663,-0.357202
33.020000,-0.185812,0.080905,0.237013
33.025000,0.202332,0.556365,0.303858
33.030000,0.209652,-0.271471,-0.160794
33.035000,-0.202349,-0.385143,-0.421287
33.040000,-0.588447,-0.088083,0.279467
33.045000,0.122878,0.446588,0.322516
33.050000,0.165452,-0.201098,-0.248697
33.055000,-0.315750,-0.328066,-0.422857
33.060000,-0.367879,-0.102571,0.292208
33.065000,0.357203,0.412500,0.206906
33.070000,0.139923,0.023293,-0.149268
33.075000,-0.193869,-0.510610,-0.335207
33.080000,-0.445324,0.098396,0.183480
33.085000,0.425357,0.582666,0.421413
33.090000,0.420431,-0.096362,-0.085713
33.095000,-0.255953,-0.493405,-0.345523
33.100000,-0.263711,-0.004714,0.050145
33.105000,0.226802,0.396371,0.242593
33.110000,0.187201,-0.031578,-0.185496
33.115000,-0.116520,-0.358367,-0.517795
33.120000,-0.332237,-0.187374,0.212165
33.125000,0.271414,0.476280,0.381681
33.130000,0.287833,-0.042599,-0.124061
33.135000,-0.221255,-0.615400,-0.436720
33.140000,-0.402126,-0.028998,0.109106
33.145000,-0.054486,0.306492,0.329362
33.150000,0.290723,0.118525,-0.213955
33.155000,-0.279396,-0.189186,-0.529151
33.160000,-0.295044,0.156073,0.349092
33.165000,0.266125,0.293152,0.422553
33.170000,0.312964,-0.147203,-0.243563
33.175000,-0.361477,-0.447172,-0.175955
33.180000,-0.292551,0.069537,0.426301
33.185000,0.413378,0.418812,0.396370
33.190000,0.175336,-0.159398,-0.244689
33.195000,-0.212964,-0.321756,-0.213614
33.200000,-0.172564,-0.051087,0.277835
33.205000,0.171013,0.355158,0.327124
33.210000,0.230940,-0.019407,-0.118964
33.215000,-0.211122,-0.390480,-0.297343
33.220000,-0.340658,-0.118425,0.153828
33.225000,0.117893,0.343324,0.489157
33.230000,0.268279,0.200488,-0.214378
33.235000,-0.372561,-0.552024,-0.589033
33.240000,-0.200385,-0.031276,0.300095
33.245000,0.292427,0.362879,0.350833
33.250000,0.287805,0.153052,-0.394703
33.255000,-0.320738,-0.261034,-0.248180
33.260000,-0.332908,-0.391005,0.091719
33.265000,0.163116,0.225896,0.455679
33.270000,0.457773,0.091749,-0.150233
33.275000,-0.273080,-0.391114,-0.608169
33.280000,-0.174745,-0.119106,0.085514
33.285000,0.116430,0.312788,0.263795
33.290000,0.300857,0.163048,-0.140960
33.295000,-0.021556,-0.363000,-0.368323
33.300000,-0.247603,-0.109102,0.235898
33.305000,0.261090,0.335750,0.485415
33.310000,0.249203,0.080499,-0.088433
33.315000,-0.225566,-0.350593,-0.380616
33.320000,-0.272057,-0.092355,0.262359
33.325000,0.108028,0.374597,0.615633
33.330000,0.430537,0.012463,-0.078426
33.335000,-0.241727,-0.328794,-0.314942
33.340000,-0.220917,0.078534,0.128805
33.345000,0.290604,0.413088,0.336735
33.350000,0.222374,0.080459,-0.170625
33.355000,-0.256779,-0.405310,-0.276273
33.360000,-0.193025,-0.038333,0.140053
33.365000,0.254822,0.383668,0.216087
33.370000,0.228328,0.012269,-0.215902
33.375000,-0.312941,-0.472528,-0.501122
33.380000,-0.198953,-0.099276,0.224463
33.385000,0.145871,0.328090,0.330074
33.390000,0.180944,-0.046643,-0.177246
33.395000,-0.304661,-0.466387,-0.436736
33.400000,-0.146307,0.038384,0.037294
33.405000,0.222457,0.307111,0.353580
33.410000,0.232319,0.010880,-0.161389
33.415000,-0.316770,-0.477919,-0.294110
33.420000,-0.188544,0.131890,0.149187
33.425000,0.215953,0.422923,0.300492
33.430000,0.134466,0.046472,-0.271241
33.435000,-0.221627,-0.190815,-0.244876
33.440000,-0.135288,-0.082239,0.110592
33.445000,0.324712,0.381983,0.261607
33.450000,0.198623,0.050059,-0.240756
33.455000,-0.467951,-0.316789,-0.387513
33.460000,-0.425483,0.011057,0.163346
33.465000,0.303375,0.289462,0.364007
33.470000,0.343867,0.211426,-0.155437
33.475000,-0.202280,-0.610277,-0.344385
33.480000,-0.319498,-0.055134,0.170235
33.485000,0.140687,0.306880,0.417012
33.490000,0.211743,-0.093134,-0.222982
33.495000,-0.093467,-0.379887,-0.302850
33.500000,-0.281749,-0.084863,0.105969
33.505000,0.321088,0.322283,0.237537
33.510000,0.243668,-0.089421,-0.214291
33.515000,-0.164874,-0.389929,-0.281411
33.520000,-0.295940,0.106711,0.212819
33.525000,0.131853,0.277070,0.314955
33.530000,0.325965,0.003493,-0.263796
33.535000,-0.142840,-0.546885,-0.526956
33.540000,-0.449418,0.106154,0.198914
33.545000,0.215360,0.214498,0.213796
33.550000,0.264322,0.122871,-0.154450
33.555000,-0.114066,-0.501166,-0.323118
33.560000,-0.311091,-0.005412,0.297517
33.565000,0.287753,0.436612,0.461827
33.570000,0.324867,0.095398,-0.175679
33.575000,-0.106373,-0.550524,-0.379270
33.580000,-0.407053,0.139110,0.524363
33.585000,0.360001,0.378579,0.384794
33.590000,0.211476,0.089509,-0.357185
33.595000,-0.316658,-0.454535,-0.348046
33.600000,-0.332112,-0.023678,0.252533
33.605000,0.117647,0.331785,0.373012
33.610000,0.222197,0.032764,-0.173954
33.615000,-0.069658,-0.276131,-0.096526
33.620000,-0.186907,0.153684,0.263130
33.625000,0.217736,0.422742,0.300012
33.630000,0.287315,0.179250,-0.219761
33.635000,-0.293001,-0.463081,-0.413717
33.640000,-0.331693,0.160099,0.377417
33.645000,0.285389,0.383825,0.410092
33.650000,0.251631,0.118678,-0.138059
33.655000,-0.251822,-0.500493,-0.334223
33.660000,-0.314717,-0.271716,0.167441
33.665000,0.426103,0.495377,0.303938
33.670000,0.158097,0.085577,-0.164947
33.675000,-0.270067,-0.230567,-0.297484
33.680000,-0.391797,-0.011994,0.230498
33.685000,0.238253,0.283600,0.543688
33.690000,0.205062,0.049474,-0.245025
33.695000,-0.165110,-0.345651,-0.423525
33.700000,-0.232815,-0.248649,0.114254
33.705000,0.234256,0.327809,0.330572
33.710000,0.308466,0.067243,-0.092016
33.715000,-0.316063,-0.400827,-0.258747
33.720000,-0.191329,-0.145267,0.343524
33.725000,0.179587,0.387522,0.258074
33.730000,0.175777,-0.149214,-0.209640
33.735000,-0.278938,-0.427787,-0.392177
33.740000,-0.376764,-0.130615,0.084690
33.745000,0.064278,0.397182,0.461359
33.750000,0.424130,-0.002429,-0.279903
33.755000,-0.343115,-0.275492,-0.319188
33.760000,-0.196234,-0.122163,0.212428
33.765000,0.283156,0.429613,0.332430
33.770000,0.198553,-0.006282,-0.187175
33.775000,-0.231609,-0.497143,-0.417931
33.780000,-0.155367,0.038098,0.079050
33.785000,0.074162,0.388898,0.248997
33.790000,0.270155,0.096023,-0.089896
33.795000,-0.207113,-0.417899,-0.307221
33.800000,-0.312843,0.015637,0.044060
33.805000,0.383837,0.439856,0.418425
33.810000,0.465233,0.148683,-0.080849
33.815000,-0.200125,-0.361553,-0.446763
33.820000,-0.423172,0.104249,0.339489
33.825000,0.254611,0.406648,0.472548
33.830000,0.368783,0.151600,-0.017711
33.835000,-0.206890,-0.052771,-0.482845
33.840000,-0.077127,-0.185931,0.221736
33.845000,0.331105,0.430950,0.305004
33.850000,0.293572,0.184645,-0.049656
33.855000,-0.062055,-0.497949,-0.335538
33.860000,-0.256025,-0.044718,0.135556
33.865000,0.322278,0.327296,0.267746
33.870000,0.311780,0.022703,-0.266159
33.875000,-0.276444,-0.432281,-0.137630
33.880000,-0.265552,-0.014353,0.104909
33.885000,0.185067,0.225734,0.274824
33.890000,0.344309,0.176725,-0.371033
33.895000,-0.163242,-0.205446,-0.550713
33.900000,-0.283615,-0.053629,0.096256
33.905000,0.131856,0.558691,0.404443
33.910000,0.302077,-0.008434,-0.126493
33.915000,-0.047386,-0.274073,-0.411496
33.920000,-0.327445,-0.080783,0.286018
33.925000,0.244424,0.308801,0.405839
33.930000,0.334884,-0.049516,-0.310131
33.935000,-0.150105,-0.414617,-0.218050
33.940000,-0.314619,0.005960,0.032124
33.945000,0.272977,0.618908,0.164877
33.950000,0.161624,-0.037625,-0.126590
33.955000,-0.138683,-0.272375,-0.309307
33.960000,-0.404146,-0.139879,-0.049356
33.965000,0.104491,0.230000,0.303038
33.970000,0.271109,0.022121,-0.346951
33.975000,-0.104764,-0.469163,-0.203876
33.980000,-0.124036,0.022121,0.089047
33.985000,0.143183,0.313791,0.309866
33.990000,0.302383,0.015853,-0.292041
33.995000,-0.185868,-0.445026,-0.545185
34.000000,-0.096117,-0.095290,0.262301
34.005000,0.224013,0.467976,0.275417
34.010000,0.244035,0.010383,-0.144744
34.015000,-0.309566,-0.290451,-0.296751
34.020000,-0.239078,-0.094990,0.184728
34.025000,0.005253,0.348924,0.250755
34.030000,0.389462,-0.036224,-0.149358
34.035000,-0.199853,-0.293838,-0.421235
34.040000,-0.313769,0.057892,0.340440
34.045000,0.335211,0.248092,0.498034
34.050000,0.255885,-0.050645,-0.189743
34.055000,-0.236127,-0.439389,-0.521806
34.060000,-0.433380,-0.030356,0.091955
34.065000,0.195214,0.114703,0.333103
34.070000,0.207999,-0.100899,-0.194333
34.075000,-0.352709,-0.436977,-0.448634
34.080000,-0.159474,-0.099001,0.151381
34.085000,0.349496,0.574236,0.338906
34.090000,0.317418,0.192269,-0.187686
34.095000,-0.196735,-0.489479,-0.441041
34.100000,-0.339731,-0.142448,0.169734
34.105000,0.296315,0.513136,0.473766
34.110000,0.312474,-0.127770,-0.258359
34.115000,-0.214686,-0.306238,-0.371963
34.120000,-0.174963,-0.015237,0.272099
34.125000,0.216646,0.436632,0.376082
34.130000,0.148210,0.068703,-0.254778
34.135000,-0.181872,-0.402024,-0.346224
34.140000,-0.243104,0.060825,0.111152
34.145000,0.027144,0.474989,0.334162
34.150000,0.331982,0.056489,-0.135981
34.155000,-0.199544,-0.438522,-0.434299
34.160000,-0.346775,0.045810,0.246750
34.165000,0.266856,0.332605,0.234583
34.170000,0.256806,-0.005255,-0.257875
34.175000,-0.437386,-0.437463,-0.377431
34.180000,-0.348939,0.218026,0.053426
34.185000,0.100609,0.426113,0.194913
34.190000,0.323041,-0.024658,-0.269480
34.195000,-0.265666,-0.435373,-0.296945
34.200000,-0.355635,0.029554,0.004096
34.205000,0.377320,0.311479,0.770401
34.210000,0.265584,0.084968,-0.063417
34.215000,-0.157761,-0.431555,-0.467855
34.220000,-0.200795,0.103864,0.301839
34.225000,0.271095,0.383214,0.331899
34.230000,0.282850,-0.061289,-0.166436
34.235000,-0.254681,-0.337704,-0.281824
34.240000,-0.226772,0.104055,0.197983
34.245000,0.254258,0.409672,0.231581
34.250000,0.348113,-0.019094,-0.073650
34.255000,-0.322550,-0.394839,-0.420533
34.260000,-0.261980,-0.035047,0.269490
34.265000,0.266287,0.426817,0.347068
34.270000,0.048705,0.093445,-0.174698
34.275000,-0.324761,-0.518174,-0.367530
34.280000,-0.222802,0.077206,0.361594
34.285000,0.210915,0.343941,0.179964
34.290000,0.224975,-0.005568,-0.074731
34.295000,-0.249951,-0.386491,-0.266751
34.300000,-0.136438,-0.150333,0.205705
34.305000,0.193157,0.298650,0.417897
34.310000,0.215034,-0.007305,-0.173069
34.315000,0.101429,-0.439880,-0.368384
34.320000,-0.293576,-0.031206,0.436832
34.325000,0.272594,0.304877,0.316709
34.330000,0.355212,0.225396,-0.152189
34.335000,-0.143127,-0.502302,-0.427982
34.340000,-0.316512,0.093257,0.256975
34.345000,0.339552,0.540654,0.199974
34.350000,0.242021,-0.265688,-0.279031
34.355000,-0.083303,-0.307465,-0.316904
34.360000,-0.228508,0.137983,0.239176
34.365000,0.169352,0.364098,0.180488
34.370000,0.273909,-0.039121,-0.187467
34.375000,-0.185434,-0.132038,-0.332397
34.380000,-0.298124,-0.153286,0.194648
34.385000,0.272255,0.331307,0.209043
34.390000,0.184362,-0.084757,-0.324279
34.395000,0.086406,-0.304614,-0.400880
34.400000,-0.295590,-0.141291,0.139005
34.405000,0.451301,0.447263,0.323639
34.410000,0.332308,0.086372,-0.099073
34.415000,-0.186805,-0.270617,-0.332918
34.420000,-0.233473,-0.011531,0.234473
34.425000,0.263068,0.360147,0.187255
34.430000,0.279564,-0.034782,-0.168213
34.435000,-0.173587,-0.366963,-0.409946
34.440000,-0.178197,0.071632,0.359591
34.445000,0.264898,0.308071,0.176991
34.450000,0.158523,-0.077328,-0.113157
34.455000,-0.320861,-0.217287,-0.323014
34.460000,-0.365259,0.212202,0.125934
34.465000,0.265443,0.528176,0.228226
34.470000,0.379634,-0.186556,-0.347257
34.475000,-0.014143,-0.471695,-0.540850
34.480000,-0.349451,0.228355,0.130172
34.485000,0.162767,0.456635,0.509983
34.490000,0.193659,-0.004913,-0.030084
34.495000,-0.333455,-0.424745,-0.297710
34.500000,-0.197019,-0.146788,0.065026
34.505000,0.139409,0.306530,0.230240
34.510000,0.392010,0.087859,-0.300141
34.515000,-0.179696,-0.394155,-0.381231
34.520000,-0.127233,0.122887,0.236395
34.525000,0.142808,0.242130,0.513947
34.530000,0.060826,-0.009795,-0.257217
34.535000,-0.211363,-0.357827,-0.253873
34.540000,-0.342795,0.084608,0.312176
34.545000,0.240990,0.386944,0.328665
34.550000,0.416293,-0.051424,-0.167100
34.555000,-0.302416,-0.386312,-0.481719
34.560000,-0.375023,0.010183,0.340895
34.565000,0.167821,0.383839,0.380218
34.570000,0.222391,-0.001721,-0.213962
34.575000,-0.203455,-0.283773,-0.345033
34.580000,-0.360675,-0.145428,0.308166
34.585000,0.214727,0.228032,0.426461
34.590000,0.338508,-0.025314,-0.130776
34.595000,-0.082908,-0.218146,-0.139290
34.600000,-0.193749,-0.024390,0.227564
34.605000,0.251221,0.330223,0.434352
34.610000,0.155634,-0.127457,-0.124376
34.615000,-0.293991,-0.327034,-0.312729
34.620000,-0.355891,-0.169474,0.158591
34.625000,0.142269,0.303044,0.328695
34.630000,0.256898,0.003281,-0.266067
34.635000,-0.342171,-0.408717,-0.374928
34.640000,-0.370723,-0.075334,0.261982
34.645000,0.210649,0.269288,0.528933
34.650000,0.082538,0.136978,-0.165274
34.655000,-0.081027,-0.259823,-0.327264
34.660000,-0.279314,0.054478,0.233636
34.665000,0.331208,0.342462,0.339005
34.670000,0.352597,-0.007458,-0.249869
34.675000,-0.346616,-0.388254,-0.469051
34.680000,-0.238602,0.171301,0.037366
34.685000,0.351895,0.144095,0.264991
34.690000,0.156233,0.187281,-0.239103
34.695000,-0.231169,-0.251666,-0.333386
34.700000,-0.151281,-0.012741,0.181045
34.705000,0.327679,0.527974,0.257937
34.710000,0.445967,0.248942,-0.394999
34.715000,0.010208,-0.453227,-0.263356
34.720000,-0.301129,0.073487,0.175709
34.725000,0.368075,0.520188,0.279044
34.730000,0.576202,0.135923,-0.356475
34.735000,-0.212806,-0.435005,-0.253490
34.740000,-0.308978,-0.166141,0.246606
34.745000,0.326588,0.366702,0.316606
34.750000,0.278143,0.064552,-0.172193
34.755000,-0.215711,-0.401336,-0.162967
34.760000,-0.233143,0.029614,0.083069
34.765000,0.272179,0.347754,0.337407
34.770000,0.370351,-0.103816,-0.387144
34.775000,-0.258567,-0.542654,-0.276611
34.780000,-0.393620,-0.013807,0.305790
34.785000,0.159869,0.448699,0.451349
34.790000,0.334827,0.051399,-0.107112
34.795000,-0.326983,-0.414815,-0.321907
34.800000,-0.181392,0.018178,0.122639
34.805000,0.137575,0.300212,0.428729
34.810000,0.080268,0.210570,-0.106459
34.815000,-0.146752,-0.218024,-0.550531
34.820000,-0.188083,-0.099720,0.108240
34.825000,-0.036637,0.491518,0.402528
34.830000,0.393943,-0.183935,-0.114602
34.835000,-0.268560,-0.536641,-0.185446
34.840000,-0.278047,-0.001578,0.262525
34.845000,0.208783,0.294993,0.391039
34.850000,0.174950,-0.118828,-0.018662
34.855000,-0.398006,-0.339578,-0.543462
34.860000,-0.343925,-0.201514,0.050294
34.865000,0.245665,0.472625,0.341889
34.870000,0.312259,0.090556,-0.131527
34.875000,-0.247760,-0.352389,-0.337325
34.880000,-0.421401,-0.102155,0.100117
34.885000,0.180400,0.439543,0.408826
34.890000,0.456247,-0.044668,-0.086205
34.895000,-0.102000,-0.434523,-0.497768
34.900000,-0.134072,-0.173462,0.067346
34.905000,0.285156,0.552166,0.330350
34.910000,0.508379,-0.029328,-0.191710
34.915000,-0.447114,-0.438709,-0.319803
34.920000,-0.193424,-0.180118,0.146702
34.925000,0.173394,0.581232,0.083970
34.930000,0.402701,-0.022915,-0.137130
34.935000,-0.328330,-0.501770,-0.446793
34.940000,-0.327917,-0.181637,0.303336
34.945000,0.117757,0.352409,0.419232
34.950000,0.153887,-0.067644,-0.373880
34.955000,-0.104971,-0.351697,-0.284560
34.960000,-0.254483,0.074313,0.149695
34.965000,0.120013,0.373759,0.329102
34.970000,0.351095,0.036051,-0.068636
34.975000,-0.223573,-0.427207,-0.446170
34.980000,-0.362680,0.086316,0.060847
34.985000,0.140851,0.575659,0.457082
34.990000,0.165268,-0.115952,-0.229891
34.995000,-0.261464,-0.644762,-0.316415
35.000000,-0.267757,0.008693,0.064640
35.005000,-0.002970,0.456614,0.392741
35.010000,0.152908,0.065220,-0.119532
35.015000,-0.325327,-0.174997,-0.613679
35.020000,-0.401418,0.092294,0.277105
35.025000,0.217062,0.392060,0.381719
35.030000,0.325809,0.023673,-0.094928
35.035000,-0.001431,-0.504881,-0.334318
35.040000,-0.139939,-0.009477,0.199021
35.045000,0.392639,0.314719,0.213783
35.050000,0.123825,-0.039492,0.084159
35.055000,-0.197864,-0.550379,-0.495362
35.060000,-0.326837,-0.072922,0.192964
35.065000,0.237128,0.483118,0.319907
35.070000,0.205834,-0.238475,-0.172172
35.075000,-0.060684,-0.284079,-0.310192
35.080000,-0.376252,-0.022473,0.031406
35.085000,0.056701,0.416723,0.382696
35.090000,0.500076,-0.043718,-0.181878
35.095000,-0.260508,-0.319445,-0.490977
35.100000,-0.326960,-0.144266,0.057143
35.105000,0.272825,0.427963,0.392556
35.110000,0.481925,-0.018354,-0.096238
35.115000,-0.109523,-0.467521,-0.355227
35.120000,-0.246909,-0.099533,0.248529
35.125000,0.334941,0.370081,0.467807
35.130000,0.112500,-0.146668,-0.068998
35.135000,-0.288196,-0.394726,-0.536308
35.140000,-0.316169,-0.004560,0.110574
35.145000,0.261018,0.436255,0.475450
35.150000,0.366922,0.000788,-0.311838
35.155000,-0.083600,-0.089919,-0.408812
35.160000,-0.270169,0.140503,0.228989
35.165000,0.230059,0.499667,0.358360
35.170000,0.322825,0.052790,-0.221175
35.175000,-0.321144,-0.322362,-0.380420
35.180000,-0.277528,0.040550,0.145982
35.185000,0.142200,0.419180,0.269065
35.190000,0.225946,-0.104419,-0.075370
35.195000,-0.387073,-0.428020,-0.436775
35.200000,-0.144332,0.175391,0.243622
35.205000,0.183994,0.318898,0.384757
35.210000,0.153699,0.134632,-0.368978
35.215000,-0.226630,-0.298103,-0.442025
35.220000,-0.369997,-0.093939,0.204362
35.225000,0.213067,0.444227,0.144564
35.230000,0.340393,0.130682,-0.131782
35.235000,-0.280489,-0.332759,-0.386989
35.240000,-0.410533,-0.015552,0.037608
35.245000,0.162223,0.282654,0.456039
35.250000,0.268215,0.240380,0.054454
35.255000,-0.355899,-0.300986,-0.207923
35.260000,-0.206203,-0.044026,0.256269
35.265000,0.223518,0.454588,0.200852
35.270000,0.309454,0.077737,-0.249524
35.275000,-0.200461,-0.452469,-0.321618
35.280000,-0.201896,0.002172,-0.040130
35.285000,0.304513,0.439322,0.505219
35.290000,0.179888,0.114505,-0.295107
35.295000,-0.297966,-0.390191,-0.249189
35.300000,-0.233887,-0.006668,0.180607
35.305000,0.139294,0.290501,0.507733
35.310000,0.308113,-0.063124,-0.370075
35.315000,-0.429811,-0.425972,-0.356778
35.320000,-0.376143,-0.123904,0.096929
35.325000,0.309136,0.336051,0.421709
35.330000,0.177009,0.108234,-0.219254
35.335000,-0.247967,-0.338950,-0.584382
35.340000,-0.358198,-0.000933,0.219661
35.345000,0.121312,0.333993,0.336183
35.350000,0.184352,-0.046274,-0.302337
35.355000,-0.349954,-0.434452,-0.196768
35.360000,-0.293258,0.089183,0.136601
35.365000,0.230209,0.369733,0.402652
35.370000,0.250445,0.062737,-0.276158
35.375000,-0.116408,-0.389165,-0.355878
35.380000,-0.336947,-0.057866,0.274615
35.385000,0.186265,0.418105,0.335868
35.390000,0.325160,0.062872,-0.230815
35.395000,-0.156118,-0.238827,-0.333314
35.400000,-0.339517,-0.181257,0.285530
35.405000,0.385557,0.401784,0.468390
35.410000,0.163078,0.164749,-0.225496
35.415000,-0.252717,-0.439059,-0.298737
35.420000,-0.192173,0.060819,0.163340
35.425000,0.178533,0.474471,0.383082
35.430000,0.263188,0.184564,-0.441288
35.435000,-0.382832,-0.460346,-0.395296
35.440000,-0.349617,0.067012,0.346884
35.445000,0.278343,0.218402,0.487285
35.450000,0.247755,0.153798,-0.069374
35.455000,-0.275368,-0.446422,-0.555689
35.460000,-0.097711,0.165593,0.085374
35.465000,0.257135,0.237223,0.330261
35.470000,0.246547,-0.037247,-0.081203
35.475000,-0.207175,-0.192073,-0.319520
35.480000,-0.371118,0.050291,-0.019924
35.485000,0.407184,0.327328,0.178882
35.490000,0.190289,0.094036,-0.077783
35.495000,-0.253441,-0.455873,-0.405581
35.500000,-0.146706,-0.120394,0.132666
35.505000,0.183270,0.483470,0.309575
35.510000,0.290030,0.007832,-0.294842
35.515000,-0.172702,-0.545104,-0.098969
35.520000,-0.084466,0.092007,0.195022
35.525000,0.107404,0.339457,0.558027
35.530000,0.235080,-0.170130,-0.297715
35.535000,-0.318544,-0.354320,-0.388432
35.540000,-0.240110,0.026598,0.141223
35.545000,0.320334,0.318833,0.369922
35.550000,0.380454,0.047863,-0.217674
35.555000,-0.252848,-0.298390,-0.231887
35.560000,-0.111464,0.002095,0.122035
35.565000,0.259950,0.244930,0.424043
35.570000,0.372467,-0.035335,-0.132832
35.575000,-0.242407,-0.414566,-0.556905
35.580000,-0.152943,0.119366,0.180397
35.585000,0.230876,0.351342,0.299103
35.590000,0.319510,-0.037576,-0.079617
35.595000,-0.207932,-0.382643,-0.351745
35.600000,-0.250545,-0.016980,0.011805
35.605000,0.423841,0.501388,0.287120
35.610000,0.199475,0.232109,-0.129226
35.615000,-0.422233,-0.337199,-0.493701
35.620000,-0.053857,0.029464,0.147302
35.625000,0.228075,0.366694,0.208961
35.630000,0.141410,0.177589,-0.328668
35.635000,-0.169731,-0.362856,-0.385343
35.640000,-0.186490,0.175087,0.162313
35.645000,0.340302,0.357624,0.427452
35.650000,0.324973,0.147524,-0.213984
35.655000,-0.071304,-0.377684,-0.222529
35.660000,-0.310582,0.023976,0.156230
35.665000,0.220250,0.316377,0.264360
35.670000,0.340886,0.083468,-0.260683
35.675000,-0.034843,-0.443762,-0.419468
35.680000,-0.124876,-0.146619,0.223533
35.685000,0.508876,0.464798,0.392120
35.690000,0.310649,0.158857,-0.198006
35.695000,-0.399448,-0.425038,-0.455762
35.700000,-0.239450,0.137454,0.356475
35.705000,0.330988,0.419689,0.330963
35.710000,0.163389,-0.132268,-0.240229
35.715000,-0.357751,-0.286458,-0.289013
35.720000,-0.305769,-0.018469,0.242838
35.725000,0.197297,0.297608,0.285822
35.730000,0.178756,0.040416,-0.105868
35.735000,-0.215466,-0.267965,-0.483811
35.740000,-0.116229,0.052507,0.147014
35.745000,0.350744,0.316465,0.247915
35.750000,0.185706,-0.039954,-0.168197
35.755000,0.033497,-0.298260,-0.298614
35.760000,-0.304891,0.000295,0.311068
35.765000,0.303236,0.435094,0.305943
35.770000,0.224458,0.121805,-0.099531
35.775000,-0.148980,-0.337728,-0.369211
35.780000,-0.076379,0.154301,0.040037
35.785000,0.369198,0.464605,0.479255
35.790000,0.310759,-0.026926,-0.174873
35.795000,-0.270149,-0.327354,-0.269428
35.800000,-0.358046,-0.201359,0.111677
35.805000,0.096011,0.542712,0.339482
35.810000,0.345640,0.188202,0.002001
35.815000,-0.265036,-0.332855,-0.388757
35.820000,-0.429913,0.133948,0.254666
35.825000,0.229913,0.306957,0.504349
35.830000,0.346840,0.058852,-0.114530
35.835000,-0.170656,-0.413655,-0.306152
35.840000,-0.277851,-0.012827,0.081785
35.845000,0.298619,0.310837,0.280851
35.850000,0.152820,0.054643,-0.253476
35.855000,-0.399032,-0.353452,-0.100201
35.860000,-0.413027,-0.033892,0.167423
35.865000,0.247957,0.423146,0.611061
35.870000,0.181297,0.192757,-0.209664
35.875000,-0.141092,-0.404377,-0.531028
35.880000,-0.313073,-0.005180,-0.140853
35.885000,0.115432,0.427543,0.297400
35.890000,0.461306,-0.004498,-0.245602
35.895000,-0.205205,-0.575290,-0.539165
35.900000,-0.312060,0.090112,0.118776
35.905000,0.136503,0.214577,0.322415
35.910000,0.447560,-0.034789,-0.068275
35.915000,-0.221110,-0.371607,-0.296684
35.920000,-0.242851,0.060965,0.169520
35.925000,0.334328,0.375893,0.577462
35.930000,0.282225,-0.123210,-0.154449
35.935000,-0.385133,-0.118112,-0.473310
35.940000,-0.463798,-0.118568,0.318991
35.945000,0.108018,0.230890,0.340278
35.950000,0.393317,0.024909,-0.199932
35.955000,-0.334622,-0.461936,-0.432965
35.960000,-0.068228,-0.090241,0.127730
35.965000,0.253605,0.467814,0.303309
35.970000,0.056127,-0.191708,-0.257132
35.975000,-0.345359,-0.313238,-0.220225
35.980000,-0.038561,-0.081860,0.109505
35.985000,0.292975,0.388986,0.357896
35.990000,0.238291,0.142411,-0.220939
35.995000,-0.170164,-0.398367,-0.281877
36.000000,-0.236180,0.107236,0.336928
36.005000,0.397868,0.421596,0.358374
36.010000,0.358858,0.006143,-0.282471
36.015000,-0.192833,-0.294685,-0.311286
36.020000,-0.146898,-0.193348,0.173893
36.025000,0.178737,0.429607,0.338633
36.030000,0.245855,0.003989,-0.002400
36.035000,-0.248337,-0.367127,-0.384553
36.040000,-0.467656,0.138880,0.050403
36.045000,0.448073,0.251269,0.449903
36.050000,0.434615,0.036854,-0.016772
36.055000,-0.119503,-0.510140,-0.362499
36.060000,-0.354124,0.161657,0.299898
36.065000,0.166296,0.343719,0.337411
36.070000,0.207323,-0.171510,-0.202372
36.075000,-0.129972,-0.312175,-0.114138
36.080000,-0.394901,0.098789,0.173423
36.085000,0.205262,0.185590,0.444732
36.090000,0.296159,-0.118344,-0.278680
36.095000,-0.159884,-0.326672,-0.365488
36.100000,-0.358186,-0.012150,-0.020981
36.105000,0.385484,0.463308,0.330023
36.110000,0.396868,-0.018715,0.029706
36.115000,-0.276340,-0.269873,-0.290477
36.120000,-0.214452,-0.108984,0.194924
36.125000,0.315932,0.405669,0.560245
36.130000,0.366387,0.164187,-0.244154
36.135000,-0.132590,-0.360575,-0.306591
36.140000,0.017217,-0.011785,0.225897
36.145000,0.100449,0.362197,0.373210
36.150000,0.251572,-0.071900,-0.248667
36.155000,-0.252328,-0.535355,-0.375318
36.160000,-0.186404,0.059052,0.360433
36.165000,0.287679,0.184798,0.328549
36.170000,0.262201,0.022264,-0.221085
36.175000,-0.310361,-0.405523,-0.284588
36.180000,-0.301607,0.117772,0.241036
36.185000,0.255551,0.279294,0.184690
36.190000,0.261220,-0.091277,-0.143380
36.195000,-0.135969,-0.251194,-0.192331
36.200000,-0.299896,-0.033139,0.226127
36.205000,0.128288,0.464919,0.273013
36.210000,0.318657,-0.049659,-0.322798
36.215000,-0.121464,-0.446951,-0.450736
36.220000,-0.309393,0.000604,0.355657
36.225000,0.325044,0.414133,0.217466
36.230000,0.284629,0.023571,-0.111898
36.235000,-0.274399,-0.437670,-0.326856
36.240000,-0.205598,0.079937,0.136883
36.245000,0.286845,0.311997,0.422984
36.250000,0.260882,0.113880,-0.127940
36.255000,-0.265437,-0.474186,-0.358348
36.260000,-0.306472,-0.043770,0.272178
36.265000,0.272945,0.166416,0.307621
36.270000,0.277345,-0.080653,-0.125116
36.275000,-0.339301,-0.550386,-0.439207
36.280000,-0.370854,-0.035210,0.213484
36.285000,0.143494,0.473875,0.387103
36.290000,0.322762,0.026181,-0.191030
36.295000,-0.159670,-0.442741,-0.260712
36.300000,-0.247450,-0.158695,0.433500
36.305000,0.406039,0.238913,0.360713
36.310000,0.181236,-0.140163,-0.035711
36.315000,-0.295849,-0.227994,-0.318419
36.320000,-0.370516,0.131770,0.141407
36.325000,0.364049,0.400214,0.467866
36.330000,0.206725,-0.006550,-0.161291
36.335000,-0.137133,-0.442415,-0.358024
36.340000,-0.300958,0.142204,0.178493
36.345000,0.376862,0.400542,0.330246
36.350000,0.196131,-0.152658,-0.184423
36.355000,-0.368895,-0.244126,-0.287951
36.360000,-0.269851,-0.224294,0.213450
36.365000,0.205377,0.491793,0.549761
36.370000,0.303324,-0.082287,-0.355697
36.375000,-0.167981,-0.320378,-0.435080
36.380000,-0.260900,0.123310,0.100353
36.385000,0.250348,0.386019,0.354802
36.390000,0.280594,-0.125696,-0.167036
36.395000,-0.283507,-0.553065,-0.166176
36.400000,-0.275244,0.127463,0.254728
36.405000,0.327775,0.385765,0.407882
36.410000,0.187167,0.096412,-0.291893
36.415000,-0.403705,-0.431208,-0.267995
36.420000,-0.325999,0.043952,0.196880
36.425000,0.111747,0.328343,0.196699
36.430000,0.233904,0.055696,-0.193160
36.435000,-0.360684,-0.478668,-0.291041
36.440000,-0.223516,0.082175,0.386125
36.445000,0.235148,0.379383,0.497945
36.450000,0.237169,-0.183470,-0.269961
36.455000,-0.376944,-0.495261,-0.494832
36.460000,-0.250356,-0.082617,0.017474
36.465000,0.311510,0.415828,0.253204
36.470000,0.212565,-0.001046,-0.213994
36.475000,-0.276752,-0.421602,-0.270077
36.480000,-0.136780,0.042441,-0.019602
36.485000,0.155307,0.274720,0.380031
36.490000,0.194155,-0.004825,-0.262695
36.495000,-0.252507,-0.276541,-0.231494
36.500000,-0.169973,-0.040516,0.169801
36.505000,0.230289,0.580425,0.258992
36.510000,0.370978,-0.130342,-0.322568
36.515000,-0.088983,-0.232125,-0.312597
36.520000,-0.312266,0.072040,0.207946
36.525000,0.392587,0.415898,0.387275
36.530000,0.122921,0.008087,-0.207461
36.535000,-0.191386,-0.364019,-0.329098
36.540000,-0.282493,0.205436,0.267448
36.545000,0.357055,0.654801,0.319498
36.550000,0.108598,-0.064934,-0.069708
36.555000,-0.244004,-0.421532,-0.372266
36.560000,-0.207313,0.229108,0.148361
36.565000,0.406401,0.393104,0.295388
36.570000,0.015740,-0.074250,-0.218497
36.575000,-0.277107,-0.253745,-0.375577
36.580000,-0.089477,0.224273,0.075547
36.585000,0.302778,0.419150,0.499190
36.590000,0.063642,-0.065356,-0.079042
36.595000,-0.369797,-0.277338,-0.464683
36.600000,-0.219534,0.212774,0.265185
36.605000,0.174457,0.437365,0.484219
36.610000,0.149975,-0.063223,-0.105132
36.615000,-0.262986,-0.331436,-0.569687
36.620000,-0.152461,-0.001390,0.116614
36.625000,0.278814,0.251267,0.430206
36.630000,0.284390,0.063816,-0.144863
36.635000,-0.339042,-0.393394,-0.273638
36.640000,-0.130491,0.131361,0.269700
36.645000,0.397430,0.340032,0.413953
36.650000,0.245406,-0.178858,-0.281130
36.655000,-0.120708,-0.331746,-0.213007
36.660000,-0.245083,0.190372,0.022246
36.665000,0.359375,0.355255,0.395725
36.670000,0.093242,-0.144568,-0.157406
36.675000,-0.235361,-0.339492,-0.319805
36.680000,-0.228978,-0.104625,0.368302
36.685000,0.335781,0.518307,0.312246
36.690000,0.071708,-0.029661,-0.064949
36.695000,-0.250128,-0.376463,-0.321468
36.700000,-0.029655,0.009772,0.353401
36.705000,0.203054,0.555171,0.383229
36.710000,0.065416,0.142683,-0.269490
36.715000,-0.331847,-0.463067,-0.487728
36.720000,-0.410729,0.177547,0.124187
36.725000,0.106461,0.324549,0.679014
36.730000,0.302771,0.181516,-0.028087
36.735000,-0.306177,-0.556349,-0.361198
36.740000,-0.337520,0.096884,0.254544
36.745000,0.334272,0.464101,0.445372
36.750000,0.271239,-0.016035,-0.115582
36.755000,-0.309082,-0.463647,-0.381259
36.760000,-0.060699,0.099166,0.175418
36.765000,0.311737,0.513698,0.413180
36.770000,0.198897,-0.041451,-0.192785
36.775000,-0.432402,-0.395595,-0.393322
36.780000,-0.148912,-0.041333,0.146823
36.785000,0.330287,0.359344,0.364368
36.790000,0.193138,-0.027391,-0.195509
36.795000,-0.268905,-0.414672,-0.436611
36.800000,-0.329525,0.348320,0.253873
36.805000,0.332133,0.418182,0.413432
36.810000,0.141834,-0.106861,-0.221712
36.815000,-0.204196,-0.397432,-0.168262
36.820000,-0.086359,0.260468,0.074422
36.825000,0.155040,0.437493,0.344720
36.830000,0.320778,-0.186028,-0.141180
36.835000,-0.392289,-0.451832,-0.359305
36.840000,-0.144073,0.096392,0.051864
36.845000,0.221958,0.188886,0.372563
36.850000,0.373898,-0.198149,-0.253552
36.855000,-0.245019,-0.413193,-0.430698
36.860000,0.034126,0.076321,0.214857
36.865000,0.261073,0.394025,0.542713
36.870000,0.118779,-0.044464,-0.241192
36.875000,-0.296735,-0.407055,-0.363988
36.880000,-0.126131,0.164927,0.120143
36.885000,0.527365,0.487351,0.340212
36.890000,0.343819,0.023982,-0.130671
36.895000,-0.378164,-0.314692,-0.367157
36.900000,-0.126624,0.056140,0.208239
36.905000,0.399562,0.415190,0.353978
36.910000,0.177801,-0.006706,-0.196214
36.915000,-0.276769,-0.325274,-0.482649
36.920000,-0.221882,0.072156,0.167782
36.925000,0.305775,0.319389,0.488879
36.930000,0.061446,0.002521,-0.144917
36.935000,-0.284532,-0.538282,-0.287159
36.940000,-0.205341,0.161258,0.245174
36.945000,0.278468,0.352237,0.351366
36.950000,0.194047,-0.080005,-0.289874
36.955000,-0.483368,-0.451639,-0.405238
36.960000,-0.003864,0.094291,0.159870
36.965000,0.330525,0.401290,0.508968
36.970000,0.063526,-0.033333,-0.145497
36.975000,-0.257042,-0.365965,-0.300598
36.980000,-0.228219,0.044501,0.190833
36.985000,0.302098,0.428015,0.487058
36.990000,0.151999,0.008188,-0.241411
36.995000,-0.257206,-0.278381,-0.445818
37.000000,-0.078552,-0.089443,0.135679
37.005000,0.358308,0.261374,0.316209
37.010000,0.166671,-0.187585,-0.207649
37.015000,-0.489544,-0.554551,-0.511614
37.020000,-0.287783,-0.096893,0.258846
37.025000,0.298452,0.363950,0.486125
37.030000,0.336497,-0.020589,-0.114162
37.035000,-0.456329,-0.532636,-0.325691
37.040000,-0.100671,0.218607,0.247062
37.045000,0.339546,0.142423,0.442131
37.050000,0.291795,-0.222218,-0.163114
37.055000,-0.256862,-0.526583,-0.318572
37.060000,-0.243977,0.045460,0.188037
37.065000,0.291693,0.539126,0.309610
37.070000,0.221323,0.025628,-0.105993
37.075000,-0.362523,-0.256387,-0.372244
37.080000,-0.162648,0.091588,0.237169
37.085000,0.331193,0.298359,0.393068
37.090000,0.182587,-0.054697,-0.151697
37.095000,-0.436102,-0.312522,-0.573971
37.100000,-0.198559,-0.069654,0.478695
37.105000,0.258286,0.276718,0.530734
37.110000,0.275079,-0.010627,-0.218785
37.115000,-0.335210,-0.240975,-0.534118
37.120000,-0.107598,0.084066,0.294435
37.125000,0.354844,0.382375,0.372234
37.130000,0.152332,-0.068309,-0.002622
37.135000,-0.307792,-0.366179,-0.254472
37.140000,-0.032880,0.115693,0.045273
37.145000,0.400600,0.303351,0.417547
37.150000,0.214310,0.086739,-0.357481
37.155000,-0.427581,-0.507319,-0.436138
37.160000,-0.094616,-0.026820,0.327046
37.165000,0.314864,0.349227,0.364440
37.170000,0.128761,-0.186490,-0.168459
37.175000,-0.348947,-0.308209,-0.280517
37.180000,0.002178,-0.013573,0.334214
37.185000,0.405021,0.580579,0.107189
37.190000,0.210740,-0.136860,-0.166250
37.195000,-0.396904,-0.530106,-0.270785
37.200000,-0.073603,0.227952,-0.051630
37.205000,0.308482,0.483218,0.182658
37.210000,-0.016958,-0.135773,-0.143581
37.215000,-0.339866,-0.444676,-0.416299
37.220000,-0.210928,0.042904,0.281023
37.225000,0.545375,0.516367,0.440721
37.230000,0.238467,-0.142814,-0.295469
37.235000,-0.253550,-0.534034,-0.117991
37.240000,-0.263395,0.043475,0.301439
37.245000,0.456519,0.518455,0.182714
37.250000,-0.024134,-0.097374,-0.244505
37.255000,-0.306104,-0.406080,-0.575995
37.260000,-0.212898,0.172595,0.232322
37.265000,0.470126,0.372121,0.314771
37.270000,-0.087179,-0.114354,-0.254167
37.275000,-0.398131,-0.327043,-0.397805
37.280000,-0.023664,0.068732,-0.033796
37.285000,0.353743,0.322509,0.305858
37.290000,-0.032634,0.046984,-0.429326
37.295000,-0.145827,-0.555836,-0.371253
37.300000,-0.085142,0.230875,0.271081
37.305000,0.419790,0.318910,0.389771
37.310000,0.034429,-0.082725,-0.201919
37.315000,-0.349247,-0.372889,-0.416199
37.320000,-0.189368,0.172877,0.095383
37.325000,0.375572,0.575305,0.394629
37.330000,0.317643,-0.163908,-0.133389
37.335000,-0.408914,-0.199968,-0.358636
37.340000,-0.219430,0.137141,0.219697
37.345000,0.478786,0.382753,0.332813
37.350000,0.232277,-0.168950,-0.083060
37.355000,-0.497588,-0.261195,-0.354759
37.360000,-0.146409,0.196657,0.257524
37.365000,0.286422,0.342476,0.440569
37.370000,0.050259,-0.126607,-0.109127
37.375000,-0.329852,-0.275936,-0.393636
37.380000,-0.040707,0.176790,0.226304
37.385000,0.306001,0.222094,0.286065
37.390000,0.237114,-0.296952,-0.165953
37.395000,-0.381361,-0.403867,-0.365489
37.400000,-0.096967,0.086724,0.200797
37.405000,0.203943,0.357370,0.283372
37.410000,0.010665,-0.110027,-0.261873
37.415000,-0.333166,-0.220934,-0.407017
37.420000,-0.148882,0.162144,0.253687
37.425000,0.298608,0.303898,0.244369
37.430000,0.200704,-0.062813,-0.324272
37.435000,-0.292727,-0.501053,-0.454932
37.440000,-0.160465,0.167299,0.087848
37.445000,0.441398,0.388606,0.441931
37.450000,0.009824,-0.055819,0.040731
37.455000,-0.444607,-0.385956,-0.279913
37.460000,-0.317262,-0.000278,0.098410
37.465000,0.510461,0.266564,0.296522
37.470000,0.089346,-0.241587,-0.111924
37.475000,-0.468675,-0.456829,-0.388438
37.480000,-0.029730,0.235024,0.132668
37.485000,0.573671,0.568427,0.415662
37.490000,0.067062,-0.003625,-0.261377
37.495000,-0.409604,-0.373114,-0.455384
37.500000,-0.162412,0.183381,0.224586
37.505000,0.323271,0.410651,0.239518
37.510000,-0.015735,-0.151381,-0.319922
37.515000,-0.321289,-0.414494,-0.443475
37.520000,-0.068201,0.205757,0.224783
37.525000,0.365888,0.516727,0.227326
37.530000,-0.051629,0.027226,-0.235359
37.535000,-0.197789,-0.374183,-0.427324
37.540000,-0.052973,0.152765,0.339286
37.545000,0.212479,0.335858,0.186353
37.550000,-0.077518,-0.144044,-0.164756
37.555000,-0.565408,-0.377866,-0.227580
37.560000,0.023775,0.069002,0.082264
37.565000,0.378511,0.390155,0.366955
37.570000,0.119948,-0.179133,-0.196546
37.575000,-0.528641,-0.241970,-0.324443
37.580000,0.115469,-0.070463,0.158818
37.585000,0.419717,0.433976,0.596883
37.590000,-0.073679,-0.030596,-0.156806
37.595000,-0.292301,-0.462252,-0.292795
37.600000,-0.135620,0.202277,0.003056
37.605000,0.298585,0.117146,0.282582
37.610000,0.096065,-0.288901,-0.208536
37.615000,-0.291061,-0.385910,-0.201434
37.620000,-0.034669,0.208988,0.040699
37.625000,0.348610,0.232078,0.256104
37.630000,-0.047621,0.073160,-0.327639
37.635000,-0.256551,-0.534207,-0.380290
37.640000,-0.135075,0.024221,0.422999
37.645000,0.435388,0.268699,0.538418
37.650000,-0.060239,-0.256251,-0.165664
37.655000,-0.330093,-0.283884,-0.238457
37.660000,-0.209212,0.250441,0.013473
37.665000,0.348486,0.346919,0.214391
37.670000,0.074786,-0.198049,-0.257685
37.675000,-0.413649,-0.394895,-0.289926
37.680000,-0.037359,0.301659,0.020919
37.685000,0.524232,0.236180,0.357781
37.690000,-0.031459,-0.137300,-0.230839
37.695000,-0.664852,-0.278407,-0.464340
37.700000,0.193071,0.173858,0.155575
37.705000,0.601979,0.306254,0.398437
37.710000,0.050400,-0.148667,-0.234644
37.715000,-0.369229,-0.243374,-0.390946
37.720000,0.007580,0.246531,0.318030
37.725000,0.279586,0.407742,0.324839
37.730000,0.055948,-0.170034,-0.371519
37.735000,-0.555623,-0.539076,-0.556327
37.740000,-0.116539,0.052644,0.131888
37.745000,0.320385,0.131705,0.415790
37.750000,-0.064743,-0.066864,-0.132775
37.755000,-0.368962,-0.321421,-0.374182
37.760000,-0.046189,0.225098,0.286208
37.765000,0.420282,0.247907,0.392179
37.770000,-0.027373,0.016379,-0.153777
37.775000,-0.405256,-0.515697,-0.316851
37.780000,0.092139,0.048431,0.102256
37.785000,0.293146,0.286448,0.353704
37.790000,0.082141,0.002315,-0.030891
37.795000,-0.476797,-0.501301,-0.554728
37.800000,-0.056887,0.330304,0.209921
37.805000,0.436634,0.281782,0.451239
37.810000,0.230230,-0.076732,-0.228821
37.815000,-0.399602,-0.276308,-0.352683
37.820000,-0.066491,0.261180,0.138506
37.825000,0.384902,0.404900,0.207875
37.830000,0.105966,-0.089688,-0.242901
37.835000,-0.403224,-0.181304,-0.335374
37.840000,0.133131,0.014462,0.169521
37.845000,0.265611,0.480810,0.206939
37.850000,-0.037204,-0.311348,-0.024616
37.855000,-0.286899,-0.356325,-0.386989
37.860000,0.050034,0.271101,0.025019
37.865000,0.460616,0.649025,0.462659
37.870000,0.094757,-0.414883,-0.239854
37.875000,-0.166075,-0.198577,-0.425474
37.880000,0.103720,0.229278,0.435093
37.885000,0.419378,0.469105,0.415916
37.890000,0.096542,-0.086998,-0.196925
37.895000,-0.444242,-0.550013,-0.283987
37.900000,0.157447,0.239187,0.113858
37.905000,0.434247,0.458421,0.328064
37.910000,0.065079,-0.197193,-0.038903
37.915000,-0.394129,-0.460578,-0.480882
37.920000,0.032562,0.100310,0.048519
37.925000,0.369341,0.381164,0.424072
37.930000,-0.096224,-0.360683,-0.127317
37.935000,-0.473562,-0.439447,-0.209291
37.940000,-0.011104,0.170489,0.311157
37.945000,0.086595,0.300210,0.492238
37.950000,0.005401,-0.153354,-0.121825
37.955000,-0.294512,-0.434819,-0.339110
37.960000,0.058342,0.340212,0.212336
37.965000,0.341879,0.257110,0.456356
37.970000,-0.073472,-0.083121,-0.262944
37.975000,-0.356279,-0.521075,-0.324045
37.980000,-0.135536,0.125124,0.204087
37.985000,0.455740,0.355048,0.404075
37.990000,-0.246117,-0.126008,-0.252086
37.995000,-0.347260,-0.219185,-0.306257
38.000000,0.146701,-0.092429,0.220758
38.005000,0.291035,0.395273,0.300106
38.010000,0.159028,-0.141885,-0.241244
38.015000,-0.423303,-0.475457,-0.437733
38.020000,0.035499,0.330672,0.083896
38.025000,0.357269,0.449330,0.331256
38.030000,-0.061878,-0.165255,-0.303688
38.035000,-0.325262,-0.328303,-0.353412
38.040000,-0.107681,0.152996,0.136421
38.045000,0.519890,0.406991,0.483739
38.050000,-0.009595,-0.218403,-0.134466
38.055000,-0.353843,-0.436880,-0.215881
38.060000,0.105452,0.241747,0.165393
38.065000,0.286365,0.312164,0.290196
38.070000,0.006195,-0.112457,0.019941
38.075000,-0.309603,-0.320512,-0.415884
38.080000,0.099741,0.136238,0.333733
38.085000,0.326241,0.427113,0.517891
38.090000,-0.106381,-0.186260,-0.226150
38.095000,-0.445952,-0.484002,-0.367767
38.100000,-0.119999,0.126396,0.329905
38.105000,0.253090,0.272509,0.405373
38.110000,0.115946,-0.065447,-0.264986
38.115000,-0.540709,-0.307272,-0.303055
38.120000,-0.023283,0.105472,-0.014048
38.125000,0.349948,0.426526,0.403595
38.130000,-0.034427,-0.354716,-0.189687
38.135000,-0.435607,-0.325171,-0.463789
38.140000,-0.151495,0.136902,0.197063
38.145000,0.460245,0.286063,0.414748
38.150000,-0.035336,-0.095831,-0.254285
38.155000,-0.370637,-0.488359,-0.172782
38.160000,0.056077,0.233584,0.039051
38.165000,0.426016,0.252324,0.488610
38.170000,0.060362,-0.234185,-0.322851
38.175000,-0.341866,-0.414600,-0.410603
38.180000,-0.098945,0.259173,0.247612
38.185000,0.383452,0.310798,0.503639
38.190000,-0.000524,-0.351409,-0.237734
38.195000,-0.423352,-0.345413,-0.408952
38.200000,0.081368,0.241754,0.099782
38.205000,0.356643,0.232252,0.428457
38.210000,-0.118429,-0.260683,-0.091693
38.215000,-0.546252,-0.452866,-0.360079
38.220000,-0.057531,0.283782,0.369210
38.225000,0.304265,0.221464,0.379850
38.230000,0.115612,-0.270191,-0.245881
38.235000,-0.271203,-0.321961,-0.301279
38.240000,0.136042,0.270470,0.126193
38.245000,0.302671,0.421677,0.397236
38.250000,0.105740,0.004838,-0.155280
38.255000,-0.414500,-0.340249,-0.221834
38.260000,0.155217,0.027412,0.256510
38.265000,0.589726,0.135673,0.574150
38.270000,-0.236411,-0.174425,-0.081914
38.275000,-0.466963,-0.383463,-0.411915
38.280000,-0.073708,0.111691,0.064262
38.285000,0.515813,0.436542,0.459373
38.290000,-0.068053,-0.154220,-0.112965
38.295000,-0.498833,-0.186547,-0.288895
38.300000,0.019312,0.196001,0.185861
38.305000,0.408972,0.440315,0.314424
38.310000,-0.148004,-0.175518,-0.392703
38.315000,-0.382304,-0.245297,-0.384861
38.320000,-0.046505,0.197607,0.132830
38.325000,0.292886,0.454463,0.344155
38.330000,-0.007488,-0.095631,-0.100149
38.335000,-0.349412,-0.319083,-0.294820
38.340000,0.013292,0.327144,0.363381
38.345000,0.416587,0.277341,0.523715
38.350000,-0.168255,-0.203663,-0.336481
38.355000,-0.260663,-0.328289,-0.266232
38.360000,-0.155764,0.296680,0.087848
38.365000,0.248694,0.351297,0.372602
38.370000,-0.093067,-0.413931,-0.403155
38.375000,-0.498859,-0.447211,-0.304013
38.380000,-0.148104,0.102080,0.038167
38.385000,0.345139,0.438347,0.423283
38.390000,-0.136214,-0.159811,-0.038456
38.395000,-0.453571,-0.500668,-0.514203
38.400000,0.156254,0.187521,0.004456
38.405000,0.420522,0.345844,0.205937
38.410000,0.030218,-0.469681,-0.026356
38.415000,-0.237972,-0.403523,-0.563801
38.420000,0.165037,0.268166,0.256771
38.425000,0.452230,0.384779,0.313721
38.430000,-0.073781,-0.260431,-0.156541
38.435000,-0.329055,-0.411379,-0.483483
38.440000,-0.084514,0.056079,0.058741
38.445000,0.289410,0.332699,0.330180
38.450000,-0.098920,-0.062188,0.181951
38.455000,-0.284698,-0.289880,-0.471955
38.460000,-0.152737,0.042479,-0.043195
38.465000,0.377062,0.228477,0.403339
38.470000,-0.095841,0.055784,-0.039731
38.475000,-0.297552,-0.419813,-0.527461
38.480000,0.063919,0.200840,0.149694
38.485000,0.219241,0.305123,0.522090
38.490000,0.040840,-0.197950,-0.209945
38.495000,-0.176616,-0.505194,-0.283039
38.500000,0.011071,0.060454,0.182241
38.505000,0.371087,0.369990,0.274381
38.510000,-0.034566,-0.022025,-0.050254
38.515000,-0.329450,-0.494609,-0.462566
38.520000,0.092046,0.068612,0.181530
38.525000,0.187688,0.456470,0.426840
38.530000,0.039717,-0.531459,-0.100270
38.535000,-0.360975,-0.172360,-0.631967
38.540000,0.169790,0.076806,0.395339
38.545000,0.341030,0.439160,0.314380
38.550000,-0.183328,-0.348133,-0.090105
38.555000,-0.239626,-0.365644,-0.369290
38.560000,0.239997,0.118604,0.127341
38.565000,0.260846,0.249926,0.296075
38.570000,-0.146399,-0.192910,0.049380
38.575000,-0.503095,-0.428496,-0.204177
38.580000,0.175037,0.189903,0.252210
38.585000,0.584513,0.427770,0.264163
38.590000,-0.146797,-0.195237,-0.083488
38.595000,-0.525974,-0.286775,-0.302904
38.600000,0.030695,0.173780,0.215426
38.605000,0.528366,0.424748,0.260305
38.610000,-0.202965,-0.114387,-0.370295
38.615000,-0.313197,-0.355158,-0.277134
38.620000,0.017685,0.185287,0.017915
38.625000,0.374371,0.480347,0.368254
38.630000,-0.035999,-0.430812,-0.170623
38.635000,-0.332855,-0.312644,-0.331847
38.640000,0.041402,0.171552,0.195345
38.645000,0.383886,0.451861,0.651369
38.650000,0.075213,-0.140095,-0.155338
38.655000,-0.536292,-0.281536,-0.244143
38.660000,0.183878,0.312786,0.178507
38.665000,0.269302,0.530637,0.371326
38.670000,-0.297773,-0.092305,-0.133671
38.675000,-0.329666,-0.312414,-0.298312
38.680000,0.050799,0.403952,0.007341
38.685000,0.524521,0.399058,0.226810
38.690000,0.035750,-0.290634,-0.121056
38.695000,-0.356505,-0.463786,-0.377434
38.700000,0.047777,0.085238,0.208409
38.705000,0.434786,0.353506,0.584133
38.710000,-0.018295,-0.130964,-0.083657
38.715000,-0.349737,-0.440388,-0.441055
38.720000,0.069665,0.065196,0.158754
38.725000,0.569638,0.447013,0.391229
38.730000,0.047080,-0.033233,-0.061148
38.735000,-0.428558,-0.298416,-0.483447
38.740000,-0.183401,0.273315,0.078318
38.745000,0.155352,0.396284,0.373986
38.750000,-0.195352,-0.220118,-0.190952
38.755000,-0.334347,-0.383755,-0.338780
38.760000,0.023993,0.263934,0.093669
38.765000,0.543355,0.314638,0.353518
38.770000,0.078255,-0.228704,-0.062887
38.775000,-0.431114,-0.428867,-0.479293
38.780000,0.165307,0.189918,0.094068
38.785000,0.305114,0.505873,0.439549
38.790000,-0.156336,-0.278900,-0.196742
38.795000,-0.398063,-0.458715,-0.335842
38.800000,0.002325,0.226658,0.131944
38.805000,0.402382,0.471441,0.397640
38.810000,-0.173093,-0.280614,-0.072796
38.815000,-0.557612,-0.269368,-0.353848
38.820000,0.110740,0.218288,-0.011465
38.825000,0.324371,0.335567,0.340267
38.830000,-0.055015,-0.144898,-0.090242
38.835000,-0.272088,-0.533565,-0.353820
38.840000,0.065913,0.260645,0.209230
38.845000,0.297629,0.350412,0.319977
38.850000,-0.225829,-0.059986,0.018850
38.855000,-0.508512,-0.197141,-0.354615
38.860000,0.293626,0.320548,0.055645
38.865000,0.447387,0.326805,0.511726
38.870000,0.007033,-0.110731,-0.274891
38.875000,-0.458859,-0.184024,-0.093815
38.880000,0.038446,0.114655,0.190349
38.885000,0.228259,0.331240,0.386554
38.890000,-0.125234,-0.277186,-0.065738
38.895000,-0.261684,-0.361456,-0.386582
38.900000,0.182574,0.290784,0.207333
38.905000,0.377630,0.145272,0.349385
38.910000,0.049902,-0.176419,-0.060116
38.915000,-0.436508,-0.243644,-0.298804
38.920000,0.119343,0.126555,0.029406
38.925000,0.506823,0.324751,0.247622
38.930000,-0.062088,-0.161199,0.007544
38.935000,-0.497168,-0.336525,-0.541385
38.940000,0.051437,0.262748,0.083000
38.945000,0.354408,0.592970,0.398488
38.950000,-0.178234,-0.213495,-0.198032
38.955000,-0.483399,-0.576279,-0.512636
38.960000,0.077944,0.404951,-0.064927
38.965000,0.396634,0.308589,0.481290
38.970000,0.001058,-0.236087,-0.209095
38.975000,-0.435000,-0.337115,-0.415837
38.980000,0.119858,0.187139,0.114687
38.985000,0.309434,0.401199,0.348112
38.990000,-0.228701,-0.273381,-0.228532
38.995000,-0.585954,-0.297167,-0.364771
39.000000,-0.032659,0.105379,0.076142
39.005000,0.343380,0.230587,0.222747
39.010000,-0.101054,-0.038229,-0.174185
39.015000,-0.482790,-0.452112,-0.348273
39.020000,0.250143,0.251322,0.177631
39.025000,0.297629,0.378820,0.404599
39.030000,0.007728,-0.403487,-0.400878
39.035000,-0.306313,-0.416721,-0.551876
39.040000,0.137913,0.077972,0.167320
39.045000,0.171781,0.287293,0.482726
39.050000,-0.146934,-0.233867,-0.117116
39.055000,-0.257217,-0.204017,-0.446463
39.060000,-0.024538,0.338078,0.208721
39.065000,0.328628,0.535133,0.372249
39.070000,-0.123192,-0.252782,-0.268238
39.075000,-0.495621,-0.271551,-0.363852
39.080000,0.079907,0.354166,0.032537
39.085000,0.418893,0.219231,0.364227
39.090000,-0.111658,-0.266599,-0.246286
39.095000,-0.382874,-0.394973,-0.201479
39.100000,0.208056,0.164403,0.192130
39.105000,0.296719,0.368824,0.435327
39.110000,-0.162223,-0.239036,-0.198753
39.115000,-0.257781,-0.361227,-0.297119
39.120000,0.007892,0.129156,0.137524
39.125000,0.278940,0.275379,0.457037
39.130000,-0.032016,-0.203918,-0.173231
39.135000,-0.532712,-0.391092,-0.457551
39.140000,0.023877,0.199884,0.066098
39.145000,0.394034,0.424509,0.320623
39.150000,-0.011913,-0.369029,-0.251037
39.155000,-0.246811,-0.286850,-0.491007
39.160000,0.105392,0.283329,0.019396
39.165000,0.503852,0.382787,0.306977
39.170000,-0.273640,-0.258909,-0.173969
39.175000,-0.513116,-0.243735,-0.222712
39.180000,0.155183,0.368853,-0.141185
39.185000,0.227156,0.232137,0.592453
39.190000,-0.118135,-0.190550,-0.164126
39.195000,-0.473906,-0.286736,-0.382022
39.200000,-0.008007,0.277790,0.174122
39.205000,0.440290,0.288829,0.488922
39.210000,-0.164346,-0.153803,-0.084000
39.215000,-0.524578,-0.292575,-0.296879
39.220000,-0.101115,0.445533,0.081759
39.225000,0.486881,0.456729,0.376999
39.230000,-0.006788,-0.135397,-0.120372
39.235000,-0.422794,-0.419590,-0.424428
39.240000,0.105596,0.205143,0.075312
39.245000,0.323690,0.391186,0.488994
39.250000,-0.012005,-0.200247,-0.325689
39.255000,-0.425022,-0.440802,-0.421544
39.260000,0.050320,0.110164,0.044989
39.265000,0.376488,0.318080,0.386369
39.270000,-0.079243,-0.225626,-0.209575
39.275000,-0.376835,-0.414935,-0.390904
39.280000,0.148505,0.277293,0.036395
39.285000,0.370453,0.247289,0.387702
39.290000,0.006195,-0.164448,-0.214744
39.295000,-0.422483,-0.317904,-0.581183
39.300000,0.044708,0.017447,0.229856
39.305000,0.343679,0.539084,0.323373
39.310000,-0.077395,-0.108130,-0.257178
39.315000,-0.425471,-0.361586,-0.528293
39.320000,-0.013196,0.243072,-0.080144
39.325000,0.311563,0.379786,0.349610
39.330000,-0.093984,-0.281998,-0.040652
39.335000,-0.390791,-0.329147,-0.360509
39.340000,0.113624,0.320896,0.214978
39.345000,0.586738,0.444035,0.477797
39.350000,-0.010502,-0.189420,-0.168273
39.355000,-0.284452,-0.241435,-0.314092
39.360000,0.242529,0.203406,0.056152
39.365000,0.466256,0.316714,0.272086
39.370000,-0.035494,-0.276090,-0.217851
39.375000,-0.348106,-0.324017,-0.492072
39.380000,0.192950,0.167926,-0.100513
39.385000,0.246070,0.290882,0.325295
39.390000,0.029819,-0.261484,-0.096915
39.395000,-0.205333,-0.587604,-0.386553
39.400000,0.207706,0.233466,0.049344
39.405000,0.563336,0.584543,0.266055
39.410000,-0.154039,-0.240357,-0.074989
39.415000,-0.252210,-0.455896,-0.293560
39.420000,0.089625,0.048154,0.111475
39.425000,0.400908,0.359121,0.441905
39.430000,0.015424,-0.242833,-0.064957
39.435000,-0.356163,-0.356840,-0.409562
39.440000,0.070925,0.150135,0.144002
39.445000,0.395953,0.389635,0.446953
39.450000,-0.007040,-0.070949,-0.201374
39.455000,-0.280091,-0.257734,-0.381056
39.460000,0.069848,0.162113,-0.019983
39.465000,0.251525,0.319829,0.475725
39.470000,-0.031928,-0.407125,-0.086728
39.475000,-0.514937,-0.439607,-0.438740
39.480000,0.057856,0.317166,-0.092340
39.485000,0.447486,0.436071,0.378613
39.490000,-0.032129,-0.033870,-0.171592
39.495000,-0.402300,-0.248930,-0.406640
39.500000,-0.003441,0.262787,0.286546
39.505000,0.278460,0.311831,0.216968
39.510000,-0.112155,-0.192393,-0.187894
39.515000,-0.222628,-0.268844,-0.370879
39.520000,0.275656,0.307650,0.046812
39.525000,0.470692,0.196218,0.453649
39.530000,-0.106750,-0.279116,-0.118069
39.535000,-0.562597,-0.328424,-0.494589
39.540000,0.203307,0.080666,0.164700
39.545000,0.212581,0.390173,0.339032
39.550000,-0.010666,-0.059560,-0.074523
39.555000,-0.340804,-0.472343,-0.473280
39.560000,0.117069,0.336450,0.080717
39.565000,0.429554,0.336977,0.347497
39.570000,-0.335241,-0.272818,-0.218975
39.575000,-0.352165,-0.393500,-0.472097
39.580000,0.295453,0.016274,0.111907
39.585000,0.436321,0.376399,0.362651
39.590000,-0.205372,-0.227045,-0.201481
39.595000,-0.404299,-0.267671,-0.442609
39.600000,0.042434,0.059360,0.052823
39.605000,0.429923,0.343545,0.306207
39.610000,-0.183692,-0.205069,-0.058432
39.615000,-0.410289,-0.409048,-0.383642
39.620000,0.068738,0.218765,0.175980
39.625000,0.281058,0.327553,0.439245
39.630000,-0.054561,-0.269144,-0.224698
39.635000,-0.388080,-0.526578,-0.359500
39.640000,0.184729,0.087768,0.017657
39.645000,0.385507,0.349430,0.267562
39.650000,-0.101193,-0.119159,-0.034383
39.655000,-0.395698,-0.358766,-0.316034
39.660000,0.152479,0.311216,0.230086
39.665000,0.260708,0.271541,0.478206
39.670000,-0.078817,-0.137224,-0.152247
39.675000,-0.293802,-0.222034,-0.331582
39.680000,0.101281,0.430890,0.230614
39.685000,0.231974,0.291879,0.460880
39.690000,-0.236540,-0.207675,-0.349174
39.695000,-0.359533,-0.357167,-0.228585
39.700000,0.033153,0.167540,0.280525
39.705000,0.301221,0.303450,0.285347
39.710000,-0.238972,-0.405711,-0.162487
39.715000,-0.421122,-0.341175,-0.589550
39.720000,0.265621,0.234271,0.057712
39.725000,0.441155,0.290879,0.350994
39.730000,-0.177904,-0.155322,-0.202095
39.735000,-0.476841,-0.327778,-0.364396
39.740000,-0.025013,0.313795,0.175788
39.745000,0.421346,0.317819,0.704972
39.750000,-0.162975,-0.152827,-0.233593
39.755000,-0.516532,-0.333991,-0.513151
39.760000,0.209092,0.113101,0.146426
39.765000,0.379401,0.477033,0.382336
39.770000,-0.187119,-0.131909,-0.147397
39.775000,-0.297996,-0.391749,-0.412156
39.780000,0.222085,0.285574,0.144215
39.785000,0.407149,0.340647,0.239100
39.790000,-0.119190,-0.294777,-0.306569
39.795000,-0.603538,-0.313464,-0.271056
39.800000,0.064598,0.210351,0.206387
39.805000,0.283861,0.376012,0.244549
39.810000,-0.192085,-0.098529,-0.363465
39.815000,-0.262010,-0.435982,-0.421105
39.820000,0.111078,0.100200,0.059272
39.825000,0.313820,0.337345,0.417472
39.830000,-0.037077,-0.361821,-0.219833
39.835000,-0.502859,-0.480842,-0.349916
39.840000,0.208918,0.023550,0.026975
39.845000,0.440624,0.327375,0.436348
39.850000,-0.193763,-0.299170,-0.134239
39.855000,-0.365287,-0.381448,-0.494478
39.860000,0.211098,0.108631,0.236981
39.865000,0.465551,0.499208,0.167051
39.870000,-0.061044,-0.164821,-0.192198
39.875000,-0.418670,-0.396644,-0.472613
39.880000,0.070899,0.370766,0.205500
39.885000,0.259222,0.686459,0.251418
39.890000,-0.101825,-0.182874,0.139680
39.895000,-0.268291,-0.385684,-0.306509
39.900000,0.013570,0.105242,0.120919
39.905000,0.223885,0.279582,0.497364
39.910000,-0.208144,-0.317425,-0.087815
39.915000,-0.237181,-0.137215,-0.360696
39.920000,0.273970,0.276749,0.002205
39.925000,0.230701,0.280436,0.199059
39.930000,-0.164799,-0.146425,-0.294352
39.935000,-0.437164,-0.442438,-0.488609
39.940000,0.026307,0.071065,0.067986
39.945000,0.313555,0.416708,0.033763
39.950000,-0.155076,-0.168373,-0.152061
39.955000,-0.482803,-0.300328,-0.346237
39.960000,0.088864,0.241526,0.045322
39.965000,0.395121,0.289176,0.434573
39.970000,-0.087391,-0.143354,-0.028394
39.975000,-0.370685,-0.548763,-0.345742
39.980000,0.032098,0.382918,0.173103
39.985000,0.435533,0.419369,0.320130
39.990000,-0.155783,-0.178491,-0.114930
39.995000,-0.371263,-0.172569,-0.210042
40.000000,0.201780,0.162935,0.160836
40.005000,0.620406,0.416993,0.318017
40.010000,-0.123978,-0.309364,-0.145640
40.015000,-0.496778,-0.404517,-0.568275
40.020000,-0.147129,0.186506,0.037819
40.025000,0.417643,0.331158,0.407445
40.030000,-0.057404,-0.166706,-0.217791
40.035000,-0.419578,-0.358548,-0.395342
40.040000,0.023842,0.204987,0.172076
40.045000,0.393852,0.380452,0.346794
40.050000,-0.124027,-0.055008,-0.111839
40.055000,-0.336563,-0.269403,-0.423263
40.060000,0.198980,0.111582,0.117047
40.065000,0.295160,0.181141,0.422150
40.070000,0.056659,-0.031307,-0.017241
40.075000,-0.533660,-0.343859,-0.439731
40.080000,0.033536,0.228937,0.091996
40.085000,0.440101,0.295254,0.488937
40.090000,-0.179602,-0.269534,-0.215941
40.095000,-0.385343,-0.420296,-0.415789
40.100000,0.292165,0.027068,0.203142
40.105000,0.278468,0.435750,0.417331
40.110000,-0.115365,-0.359586,-0.134254
40.115000,-0.232698,-0.609958,-0.303852
40.120000,0.122241,0.245646,0.119851
40.125000,0.489749,0.291919,0.307245
40.130000,-0.092681,-0.256770,-0.029213
40.135000,-0.198230,-0.309720,-0.267983
40.140000,0.117011,0.227964,0.116838
40.145000,0.453209,0.408819,0.371769
40.150000,0.014759,-0.259910,-0.032060
40.155000,-0.281058,-0.275655,-0.463787
40.160000,0.257733,0.416753,0.200477
40.165000,0.239454,0.365993,0.375527
40.170000,-0.099883,-0.143228,-0.283148
40.175000,-0.346777,-0.311135,-0.248785
40.180000,0.121825,0.212608,0.280154
40.185000,0.325132,0.403573,0.384211
40.190000,-0.176129,-0.219044,-0.035590
40.195000,-0.534777,-0.456763,-0.390824
40.200000,0.222645,0.199950,0.139095
40.205000,0.236426,0.357864,0.332314
40.210000,-0.203169,-0.170218,-0.030460
40.215000,-0.455777,-0.459744,-0.338949
40.220000,0.263372,0.177055,0.147999
40.225000,0.545877,0.446004,0.368533
40.230000,-0.094373,-0.152841,-0.113053
40.235000,-0.257182,-0.295753,-0.506207
40.240000,0.048244,0.004139,0.114875
40.245000,0.415228,0.343378,0.484673
40.250000,0.080721,-0.192175,-0.064008
40.255000,-0.376990,-0.233879,-0.468098
40.260000,0.054499,0.181388,0.156319
40.265000,0.375565,0.279368,0.397746
40.270000,0.095312,-0.094891,-0.097996
40.275000,-0.515197,-0.467555,-0.493310
40.280000,0.126213,0.144687,0.028164
40.285000,0.531007,0.459619,0.363527
40.290000,0.057306,-0.167521,-0.154542
40.295000,-0.479205,-0.403049,-0.296571
40.300000,0.121686,0.277139,0.162752
40.305000,0.218795,0.345885,0.246699
40.310000,-0.100913,-0.223624,-0.107025
40.315000,-0.249976,-0.436669,-0.374295
40.320000,0.201657,0.191116,0.244157
40.325000,0.420360,0.409103,0.323788
40.330000,-0.120354,0.105747,-0.113142
40.335000,-0.449727,-0.374255,-0.525102
40.340000,0.033777,0.116264,-0.016432
40.345000,0.134156,0.363970,0.369912
40.350000,-0.032129,-0.247691,-0.194498
40.355000,-0.379755,-0.384817,-0.546392
40.360000,-0.002054,0.201951,0.189960
40.365000,0.379027,0.385995,0.250744
40.370000,-0.290077,-0.193945,-0.109207
40.375000,-0.232015,-0.496883,-0.497171
40.380000,0.177551,0.079832,0.181658
40.385000,0.444728,0.434203,0.468039
40.390000,0.007904,-0.367782,-0.185290
40.395000,-0.455205,-0.414023,-0.663273
40.400000,0.076571,0.199209,0.211911
40.405000,0.366045,0.395558,0.559316
40.410000,-0.089246,-0.259955,-0.231211
40.415000,-0.399343,-0.559834,-0.354740
40.420000,0.157853,0.140930,0.295832
40.425000,0.342332,0.217863,0.468291
40.430000,0.027306,-0.231288,-0.245832
40.435000,-0.149512,-0.301375,-0.230275
40.440000,0.212412,0.036771,0.080058
40.445000,0.485050,0.489259,0.484957
40.450000,-0.278395,-0.279945,-0.065646
40.455000,-0.250634,-0.410241,-0.462468
40.460000,-0.010069,0.149325,0.111486
40.465000,0.439476,0.315874,0.475606
40.470000,-0.118515,-0.088305,-0.149711
40.475000,-0.307316,-0.285700,-0.286535
40.480000,0.093388,0.126794,0.035015
40.485000,0.292327,0.276467,0.466238
40.490000,-0.059464,-0.115751,-0.345110
40.495000,-0.390679,-0.304727,-0.452448
40.500000,0.093999,0.224393,0.232482
40.505000,0.377304,0.349743,0.335919
40.510000,-0.161967,-0.145753,-0.206966
40.515000,-0.463217,-0.229893,-0.410802
40.520000,-0.025757,0.238908,0.059837
40.525000,0.448251,0.417197,0.271051
40.530000,-0.009088,-0.262934,-0.272743
40.535000,-0.335250,-0.368671,-0.395167
40.540000,0.124063,-0.007869,0.137315
40.545000,0.317484,0.320421,0.472004
40.550000,-0.026806,-0.283311,-0.093472
40.555000,-0.348004,-0.437974,-0.456864
40.560000,0.216570,0.313949,0.121439
40.565000,0.325529,0.414324,0.392336
40.570000,-0.137896,-0.441317,-0.113916
40.575000,-0.196221,-0.300043,-0.389177
40.580000,0.072286,0.209428,-0.009096
40.585000,0.369455,0.605752,0.294183
40.590000,-0.064188,-0.159023,-0.168844
40.595000,-0.394679,-0.403909,-0.293218
40.600000,0.267919,0.259769,0.152245
40.605000,0.524080,0.408670,0.536376
40.610000,-0.142985,-0.205081,-0.201523
40.615000,-0.413635,-0.448338,-0.403411
40.620000,0.131165,0.218435,0.086889
40.625000,0.372821,0.404912,0.483345
40.630000,-0.150375,-0.121255,-0.175398
40.635000,-0.288081,-0.270197,-0.419279
40.640000,0.120474,0.311520,0.220585
40.645000,0.335056,0.465896,0.378172
40.650000,-0.012040,-0.252695,-0.161721
40.655000,-0.427466,-0.466753,-0.498550
40.660000,0.083631,0.095863,-0.101854
40.665000,0.404051,0.256004,0.497020
40.670000,-0.172794,-0.263238,-0.147278
40.675000,-0.469866,-0.403120,-0.257940
40.680000,0.149892,0.262561,0.050653
40.685000,0.196340,0.270263,0.515177
40.690000,-0.067288,-0.233168,-0.281198
40.695000,-0.433218,-0.355978,-0.421073
40.700000,0.051654,0.142445,0.130382
40.705000,0.446575,0.314302,0.463023
40.710000,-0.042786,-0.269521,0.096612
40.715000,-0.542269,-0.387949,-0.497705
40.720000,-0.021266,0.041158,-0.034728
40.725000,0.432707,0.472326,0.607018
40.730000,-0.156784,-0.126612,-0.151952
40.735000,-0.275853,-0.298108,-0.322569
40.740000,0.152311,0.150874,0.241149
40.745000,0.262210,0.323189,0.439749
40.750000,-0.161561,-0.285970,-0.081517
40.755000,-0.479978,-0.355146,-0.569744
40.760000,0.143298,0.203956,0.209060
40.765000,0.217324,0.185540,0.439350
40.770000,-0.136934,-0.271567,0.059369
40.775000,-0.295716,-0.362956,-0.302024
40.780000,0.067357,0.242738,0.150228
40.785000,0.313959,0.428566,0.430576
40.790000,-0.156571,-0.169729,0.007827
40.795000,-0.420614,-0.405152,-0.246352
40.800000,0.349261,0.208638,0.298065
40.805000,0.501332,0.458248,0.283412
40.810000,-0.050091,-0.197081,-0.110620
40.815000,-0.150946,-0.565557,-0.559886
40.820000,0.112966,0.280489,0.252661
40.825000,0.397962,0.373343,0.338243
40.830000,-0.090472,-0.148099,-0.302693
40.835000,-0.485225,-0.288630,-0.358471
40.840000,0.148349,0.248523,0.240725
40.845000,0.286871,0.518971,0.288321
40.850000,-0.113363,-0.091282,0.013539
40.855000,-0.380633,-0.358224,-0.491928
40.860000,-0.057846,0.206814,-0.016695
40.865000,0.261018,0.461929,0.447159
40.870000,-0.180110,-0.220783,0.055973
40.875000,-0.285399,-0.337320,-0.357564
40.880000,0.042534,-0.002644,0.142779
40.885000,0.282934,0.302756,0.340991
40.890000,0.058203,-0.055504,-0.001242
40.895000,-0.512492,-0.184724,-0.306057
40.900000,0.251507,0.062588,0.263211
40.905000,0.503571,0.346069,0.380357
40.910000,-0.054838,-0.215790,-0.242015
40.915000,-0.402839,-0.294113,-0.542735
40.920000,-0.036832,0.326193,0.123405
40.925000,0.206536,0.421673,0.320453
40.930000,-0.040656,-0.111796,-0.295776
40.935000,-0.465299,-0.392067,-0.354573
40.940000,0.068645,0.179170,0.126268
40.945000,0.315497,0.226015,0.377315
40.950000,-0.141771,-0.202866,-0.071352
40.955000,-0.439629,-0.382428,-0.476365
40.960000,0.205950,0.257440,0.095121
40.965000,0.599465,0.240614,0.260588
40.970000,-0.079631,-0.054175,-0.035360
40.975000,-0.425898,-0.361244,-0.396844
40.980000,0.072115,0.127177,0.060616
40.985000,0.437730,0.192813,0.367685
40.990000,-0.137935,-0.219176,-0.070494
40.995000,-0.295647,-0.390690,-0.229245
41.000000,0.071819,0.312296,0.094412
41.005000,0.430041,0.327799,0.343088
41.010000,-0.080900,-0.242446,-0.078536
41.015000,-0.499432,-0.262571,-0.457015
41.020000,0.111721,0.066953,0.108177
41.025000,0.416472,0.435633,0.387711
41.030000,0.043188,-0.161583,-0.158684
41.035000,-0.433304,-0.198703,-0.366725
41.040000,0.015992,0.104815,0.158262
41.045000,0.293857,0.379734,0.229873
41.050000,-0.133047,-0.229045,-0.102578
41.055000,-0.426276,-0.314438,-0.370292
41.060000,0.048624,0.225450,0.245149
41.065000,0.428558,0.499080,0.334971
41.070000,-0.082602,-0.336156,-0.205852
41.075000,-0.282232,-0.448885,-0.449411
41.080000,0.054659,0.120735,0.132519
41.085000,0.462625,0.465491,0.438046
41.090000,0.096253,-0.208715,-0.051209
41.095000,-0.327730,-0.344132,-0.537356
41.100000,0.091607,-0.070366,0.143592
41.105000,0.287752,0.622526,0.408727
41.110000,0.022588,-0.080667,0.046482
41.115000,-0.428210,-0.314677,-0.417772
41.120000,0.062005,0.280917,0.289060
41.125000,0.590711,0.339017,0.268863
41.130000,-0.063556,-0.164738,-0.224752
41.135000,-0.156524,-0.317210,-0.530194
41.140000,0.142413,0.243516,0.366397
41.145000,0.225528,0.217844,0.348639
41.150000,-0.183683,-0.179281,-0.236386
41.155000,-0.373893,-0.320657,-0.280585
41.160000,0.073275,0.326305,0.286482
41.165000,0.421723,0.342319,0.165072
41.170000,-0.105419,-0.148286,-0.056554
41.175000,-0.423549,-0.596296,-0.120645
41.180000,0.145535,0.323352,-0.014541
41.185000,0.410737,0.270705,0.491461
41.190000,0.002033,-0.192231,-0.153855
41.195000,-0.318059,-0.267618,-0.449025
41.200000,-0.063820,0.204645,0.116437
41.205000,0.448886,0.565644,0.486669
41.210000,-0.123701,0.002200,0.059970
41.215000,-0.293018,-0.244364,-0.322732
41.220000,0.042853,0.180353,0.111274
41.225000,0.445359,0.343151,0.599480
41.230000,-0.159218,-0.169969,-0.146575
41.235000,-0.410279,-0.452329,-0.424209
41.240000,-0.011923,0.223083,0.250267
41.245000,0.500392,0.390445,0.286951
41.250000,-0.060767,-0.068499,-0.206629
41.255000,-0.285184,-0.357864,-0.461306
41.260000,0.022433,0.035710,0.184892
41.265000,0.325223,0.454722,0.405909
41.270000,-0.169944,-0.254115,-0.156928
41.275000,-0.470082,-0.385397,-0.366487
41.280000,0.186072,0.497837,0.204362
41.285000,0.226079,0.323709,0.312554
41.290000,-0.180063,-0.283888,-0.308281
41.295000,-0.301834,-0.538057,-0.316265
41.300000,0.044290,0.170652,0.152419
41.305000,0.377435,0.403647,0.528654
41.310000,0.091880,-0.243261,-0.195819
41.315000,-0.346723,-0.389977,-0.459237
41.320000,-0.201251,0.341843,0.203486
41.325000,0.526487,0.455278,0.284423
41.330000,-0.041782,-0.149653,-0.172104
41.335000,-0.431356,-0.332862,-0.583843
41.340000,0.069920,0.059404,0.118420
41.345000,0.391074,0.331745,0.327647
41.350000,-0.012082,-0.135375,-0.101713
41.355000,-0.442611,-0.332077,-0.361861
41.360000,0.095154,0.132191,0.114500
41.365000,0.432486,0.303166,0.337843
41.370000,-0.088241,-0.085323,-0.030644
41.375000,-0.531791,-0.430588,-0.408642
41.380000,0.011531,0.224495,0.071088
41.385000,0.454872,0.369319,0.421627
41.390000,-0.127680,-0.097547,-0.328050
41.395000,-0.256841,-0.368137,-0.313847
41.400000,0.132854,0.146135,0.174648
41.405000,0.370380,0.437686,0.320089
41.410000,-0.063499,-0.220150,-0.350307
41.415000,-0.301545,-0.518868,-0.301040
41.420000,0.069995,0.211584,0.165232
41.425000,0.439351,0.586485,0.537705
41.430000,-0.097962,-0.141361,-0.299525
41.435000,-0.392253,-0.400457,-0.523985
41.440000,0.265200,0.171439,0.209274
41.445000,0.433483,0.345307,0.286233
41.450000,0.080254,-0.153426,-0.007810
41.455000,-0.471079,-0.347093,-0.415027
41.460000,-0.016567,0.288936,0.180415
41.465000,0.363395,0.379027,0.362966
41.470000,-0.184347,-0.096562,-0.007861
41.475000,-0.490147,-0.363981,-0.375072
41.480000,0.081829,0.129257,0.304425
41.485000,0.209177,0.299753,0.433862
41.490000,-0.118844,-0.231989,-0.312510
41.495000,-0.420120,-0.517683,-0.384361
41.500000,-0.003254,0.252346,0.101411
41.505000,0.278681,0.472877,0.285487
41.510000,0.072614,-0.200323,-0.135007
41.515000,-0.009218,-0.246822,-0.469051
41.520000,0.069788,0.180174,0.123988
41.525000,0.623281,0.329085,0.468651
41.530000,-0.123130,-0.248254,-0.238397
41.535000,-0.317670,-0.291087,-0.197205
41.540000,0.080241,0.186200,0.059612
41.545000,0.474796,0.315548,0.360814
41.550000,0.037393,-0.147791,-0.232711
41.555000,-0.438425,-0.489850,-0.562513
41.560000,0.048832,0.237849,0.013748
41.565000,0.434033,0.470941,0.273303
41.570000,-0.068920,-0.146440,-0.049572
41.575000,-0.205575,-0.356024,-0.429507
41.580000,-0.052558,0.307798,0.273425
41.585000,0.306058,0.405792,0.466973
41.590000,0.150867,-0.411464,-0.161993
41.595000,-0.439414,-0.454579,-0.468593
41.600000,-0.145072,0.138020,0.299816
41.605000,0.395624,0.493895,0.340647
41.610000,0.083521,-0.380662,-0.238672
41.615000,-0.284918,-0.203182,-0.509841
41.620000,-0.219174,0.204747,0.197075
41.625000,0.325866,0.320345,0.354828
41.630000,-0.074978,-0.227939,-0.050880
41.635000,-0.322976,-0.473330,-0.305191
41.640000,-0.114681,0.035435,0.165535
41.645000,0.380717,0.521764,0.287883
41.650000,0.189251,-0.088475,-0.152641
41.655000,-0.381331,-0.338911,-0.385586
41.660000,-0.028498,0.101859,0.325543
41.665000,0.281516,0.472075,0.197692
41.670000,0.017347,-0.267101,-0.060035
41.675000,-0.320164,-0.375384,-0.376418
41.680000,-0.015597,0.018010,0.209533
41.685000,0.342221,0.420296,0.318311
41.690000,0.029303,-0.239709,-0.164687
41.695000,-0.399684,-0.540768,-0.400832
41.700000,0.113948,0.400556,0.137569
41.705000,0.461520,0.429603,0.316775
41.710000,0.033949,-0.156091,-0.220312
41.715000,-0.421761,-0.370043,-0.265694
41.720000,0.407251,0.147833,0.318486
41.725000,0.532576,0.427556,0.482611
41.730000,-0.094807,-0.142927,-0.210473
41.735000,-0.422905,-0.365211,-0.341129
41.740000,-0.096034,0.150004,0.202743
41.745000,0.424335,0.247192,0.418677
41.750000,-0.119071,-0.045778,-0.227034
41.755000,-0.188128,-0.488937,-0.439185
41.760000,0.023036,0.111740,0.115946
41.765000,0.422127,0.330331,0.256580
41.770000,-0.055392,-0.174486,-0.313899
41.775000,-0.483897,-0.124682,-0.458064
41.780000,0.010096,0.151653,0.164932
41.785000,0.460794,0.442151,0.533745
41.790000,0.017602,-0.197943,-0.096331
41.795000,-0.141146,-0.497549,-0.273640
41.800000,-0.070959,0.349463,0.291388
41.805000,0.369598,0.220025,0.351143
41.810000,-0.045708,-0.201032,-0.126414
41.815000,-0.462071,-0.473922,-0.337967
41.820000,0.007564,0.267003,0.122839
41.825000,0.372146,0.194823,0.394834
41.830000,-0.092169,-0.320410,-0.105423
41.835000,-0.345280,-0.515426,-0.449815
41.840000,0.060267,0.041667,0.062192
41.845000,0.491368,0.425049,0.284066
41.850000,0.135038,-0.214272,-0.112834
41.855000,-0.223826,-0.321067,-0.339468
41.860000,0.022124,0.309259,0.160307
41.865000,0.254429,0.387266,0.259958
41.870000,0.029135,-0.059964,-0.212590
41.875000,-0.375136,-0.414327,-0.400608
41.880000,-0.082889,0.262632,0.207653
41.885000,0.490091,0.293385,0.062532
41.890000,0.086735,-0.200915,-0.114055
41.895000,-0.353048,-0.493874,-0.391631
41.900000,-0.067865,0.183080,0.273287
41.905000,0.314828,0.537860,0.379538
41.910000,0.004407,-0.083562,-0.502454
41.915000,-0.441723,-0.585426,-0.270274
41.920000,0.042133,0.029195,0.178829
41.925000,0.227827,0.274037,0.308462
41.930000,0.105556,-0.343837,-0.330233
41.935000,-0.335650,-0.459989,-0.552120
41.940000,0.027296,0.247564,0.318718
41.945000,0.500776,0.351706,0.472012
41.950000,-0.004135,-0.101146,-0.222851
41.955000,-0.482317,-0.390592,-0.351632
41.960000,-0.185918,0.210744,0.109994
41.965000,0.415378,0.360237,0.349981
41.970000,0.086222,-0.128772,-0.371493
41.975000,-0.414362,-0.384525,-0.198084
41.980000,-0.120261,0.097350,0.395818
41.985000,0.349339,0.327429,0.319941
41.990000,0.019384,-0.153225,-0.179304
41.995000,-0.468322,-0.311307,-0.383892
42.000000,0.050017,0.127985,0.125093
42.005000,0.621514,0.354975,0.324384
42.010000,0.052773,-0.140720,-0.191839
42.015000,-0.549005,-0.310114,-0.374547
42.020000,-0.195847,0.208082,0.285135
42.025000,0.436324,0.460693,0.316303
42.030000,-0.088987,-0.149168,-0.308795
42.035000,-0.189724,-0.148483,-0.506571
42.040000,-0.238537,0.170954,0.373088
42.045000,0.357380,0.378999,0.402124
42.050000,0.161795,-0.172464,-0.279327
42.055000,-0.365229,-0.279121,-0.495627
42.060000,0.015885,0.238255,0.236615
42.065000,0.351542,0.473253,0.326434
42.070000,0.112668,-0.307536,-0.225355
42.075000,-0.416462,-0.376278,-0.287693
42.080000,-0.110055,0.072509,0.272186
42.085000,0.520606,0.426729,0.498603
42.090000,0.110869,-0.055233,-0.051324
42.095000,-0.464379,-0.364207,-0.380377
42.100000,0.110708,0.238964,0.230495
42.105000,0.476236,0.361560,0.343328
42.110000,0.231342,-0.061828,-0.176853
42.115000,-0.393887,-0.363480,-0.345815
42.120000,-0.191184,0.321144,0.451940
42.125000,0.468330,0.384030,0.394067
42.130000,0.248400,-0.196571,-0.103420
42.135000,-0.330795,-0.235014,-0.317521
42.140000,0.035901,0.150901,0.195365
42.145000,0.347046,0.347360,0.476336
42.150000,0.146298,-0.110128,-0.180414
42.155000,-0.313567,-0.367783,-0.384854
42.160000,-0.166044,0.200911,0.153295
42.165000,0.360754,0.319352,0.256166
42.170000,0.017372,-0.212860,-0.106829
42.175000,-0.403232,-0.245671,-0.261561
42.180000,-0.205978,0.079975,0.239176
42.185000,0.321660,0.482747,0.496034
42.190000,-0.066296,-0.142698,-0.203906
42.195000,-0.402720,-0.437765,-0.272698
42.200000,-0.088135,0.082816,0.206948
42.205000,0.438138,0.507744,0.270057
42.210000,0.060257,-0.221892,-0.289020
42.215000,-0.458540,-0.346426,-0.599313
42.220000,-0.085470,0.125939,0.378016
42.225000,0.525939,0.378211,0.401347
42.230000,0.110482,-0.115254,0.010871
42.235000,-0.509187,-0.228350,-0.335800
42.240000,-0.006593,0.165120,0.369945
42.245000,0.354705,0.249986,0.303836
42.250000,0.259678,-0.203984,-0.135677
42.255000,-0.308539,-0.547083,-0.447498
42.260000,-0.090656,0.321188,0.281718
42.265000,0.288670,0.388579,0.216302
42.270000,0.162239,-0.191697,-0.362652
42.275000,-0.379410,-0.446138,-0.326659
42.280000,0.048895,0.071218,0.081604
42.285000,0.366967,0.482999,0.386654
42.290000,-0.085900,-0.214622,-0.346788
42.295000,-0.395862,-0.576268,-0.496995
42.300000,-0.105625,-0.007104,0.061407
42.305000,0.355715,0.436866,0.419015
42.310000,0.115491,-0.067731,-0.312528
42.315000,-0.191443,-0.348977,-0.391290
42.320000,-0.033361,0.083868,0.293467
42.325000,0.388559,0.287473,0.550575
42.330000,0.025718,-0.190336,-0.293448
42.335000,-0.194662,-0.264941,-0.428944
42.340000,-0.097223,0.226514,0.242520
42.345000,0.523797,0.258698,0.216453
42.350000,0.117609,0.049489,-0.233858
42.355000,-0.427771,-0.286707,-0.348670
42.360000,-0.378664,-0.088899,0.116384
42.365000,0.422176,0.439226,0.276792
42.370000,0.219979,-0.125882,-0.270414
42.375000,-0.463818,-0.464476,-0.288476
42.380000,-0.014470,0.300621,0.298506
42.385000,0.449904,0.461607,0.445745
42.390000,0.111829,-0.074613,-0.356769
42.395000,-0.324084,-0.563029,-0.359122
42.400000,-0.257896,0.049130,0.144607
42.405000,0.347420,0.597005,0.369082
42.410000,0.095262,-0.242065,-0.222801
42.415000,-0.343707,-0.369447,-0.276931
42.420000,-0.072110,0.125127,0.199527
42.425000,0.591408,0.355939,0.330828
42.430000,0.195280,-0.223490,-0.139069
42.435000,-0.185055,-0.320600,-0.504768
42.440000,-0.157618,0.059376,0.257545
42.445000,0.260836,0.442002,0.348120
42.450000,0.148036,-0.256019,-0.267747
42.455000,-0.463090,-0.390745,-0.418430
42.460000,-0.113763,0.147862,0.142514
42.465000,0.376830,0.231841,0.453825
42.470000,0.162452,-0.173415,-0.144489
42.475000,-0.476234,-0.591168,-0.380255
42.480000,0.059305,0.359794,-0.016057
42.485000,0.366522,0.269046,0.518193
42.490000,0.204083,-0.099219,-0.081337
42.495000,-0.174333,-0.389583,-0.304258
42.500000,-0.196035,-0.095144,0.045354
42.505000,0.443982,0.401761,0.298304
42.510000,0.293270,-0.089169,-0.147046
42.515000,-0.270219,-0.423918,-0.202798
42.520000,-0.169826,-0.075187,0.255469
42.525000,0.396741,0.615563,0.501027
42.530000,0.052278,-0.257544,-0.155019
42.535000,-0.365802,-0.339206,-0.611054
42.540000,-0.301238,0.157075,0.362332
42.545000,0.387319,0.414532,0.429172
42.550000,0.022758,-0.251122,-0.193400
42.555000,-0.411245,-0.500565,-0.598859
42.560000,-0.198840,0.052418,0.260120
42.565000,0.257949,0.418945,0.386322
42.570000,0.218994,-0.127970,-0.366210
42.575000,-0.327741,-0.154851,-0.487769
42.580000,-0.110857,0.202800,0.242636
42.585000,0.300097,0.363036,0.416419
42.590000,0.184855,-0.386676,-0.179507
42.595000,-0.389774,-0.513310,-0.355137
42.600000,-0.069903,-0.056248,0.349114
42.605000,0.392305,0.395134,0.299110
42.610000,0.173222,-0.046745,-0.026861
42.615000,-0.437615,-0.280802,-0.287603
42.620000,-0.104263,0.258071,0.148072
42.625000,0.348819,0.308043,0.469201
42.630000,0.120547,-0.156581,-0.349225
42.635000,-0.374380,-0.323408,-0.441828
42.640000,-0.218932,0.057325,0.010919
42.645000,0.364074,0.421855,0.422039
42.650000,0.150385,-0.057945,-0.390526
42.655000,-0.311431,-0.577224,-0.296288
42.660000,-0.130177,0.145237,0.211483
42.665000,0.392792,0.312847,0.198578
42.670000,0.010135,-0.061910,-0.223088
42.675000,-0.233094,-0.240558,-0.113574
42.680000,-0.199942,-0.029489,0.304989
42.685000,0.334811,0.448576,0.380046
42.690000,0.265876,-0.123054,-0.375093
42.695000,-0.417539,-0.210867,-0.293080
42.700000,-0.141624,0.085824,0.235765
42.705000,0.314260,0.287163,0.455080
42.710000,0.174437,-0.052609,-0.092275
42.715000,-0.351977,-0.323632,-0.297289
42.720000,-0.137917,0.027366,0.295969
42.725000,0.293950,0.397326,0.432997
42.730000,0.148798,-0.076729,-0.273306
42.735000,-0.402664,-0.354165,-0.260355
42.740000,-0.105227,-0.010093,0.195971
42.745000,0.296045,0.588032,0.442100
42.750000,-0.050726,-0.088533,-0.125804
42.755000,-0.215604,-0.457112,-0.373469
42.760000,-0.190437,0.077404,0.346444
42.765000,0.334079,0.321896,0.568295
42.770000,0.254786,0.054931,-0.205282
42.775000,-0.284104,-0.391084,-0.441778
42.780000,-0.086743,0.020736,0.078984
42.785000,0.345028,0.318829,0.322881
42.790000,0.165720,-0.119268,-0.162426
42.795000,-0.675192,-0.342115,-0.361218
42.800000,-0.238868,0.178800,0.290345
42.805000,0.292767,0.241210,0.506799
42.810000,0.273689,-0.192051,-0.216968
42.815000,-0.432779,-0.562055,-0.528378
42.820000,0.033260,-0.046778,0.196594
42.825000,0.290365,0.408120,0.434900
42.830000,0.161635,-0.054540,-0.227830
42.835000,-0.286971,-0.348619,-0.361365
42.840000,-0.292634,-0.010918,0.176774
42.845000,0.431523,0.494571,0.362550
42.850000,0.079362,0.078946,-0.147655
42.855000,-0.263313,-0.298953,-0.419561
42.860000,-0.155460,-0.014420,0.185992
42.865000,0.292470,0.406732,0.357579
42.870000,0.203500,-0.166480,-0.126843
42.875000,-0.404684,-0.459082,-0.164601
42.880000,-0.072889,0.216992,0.120154
42.885000,0.284941,0.413458,0.393677
42.890000,0.116894,-0.035485,-0.293133
42.895000,-0.241515,-0.364739,-0.262658
42.900000,-0.217637,0.067388,0.384322
42.905000,0.378131,0.426806,0.437965
42.910000,0.214130,-0.085291,-0.203626
42.915000,-0.144949,-0.434564,-0.477686
42.920000,-0.201868,0.136938,0.314686
42.925000,0.407462,0.419821,0.448742
42.930000,0.104707,0.055188,-0.117039
42.935000,-0.086783,-0.581473,-0.389480
42.940000,-0.228736,0.091860,0.033695
42.945000,0.340908,0.534280,0.191322
42.950000,0.316071,-0.025786,-0.344593
42.955000,-0.263316,-0.431185,-0.386150
42.960000,-0.163773,0.087651,0.113583
42.965000,0.248853,0.489020,0.324575
42.970000,0.231857,0.001479,-0.058253
42.975000,-0.316055,-0.329205,-0.473832
42.980000,-0.182699,0.034720,0.036683
42.985000,0.111991,0.486179,0.371455
42.990000,0.270445,0.003430,-0.172973
42.995000,-0.214651,-0.183587,-0.466878
43.000000,-0.397079,-0.182599,0.183922
43.005000,0.212080,0.371298,0.431600
43.010000,0.084260,-0.060388,-0.270173
43.015000,-0.223096,-0.348566,-0.442226
43.020000,-0.260457,0.050249,-0.009610
43.025000,0.336686,0.332351,0.268049
43.030000,0.157851,-0.314068,-0.082592
43.035000,-0.425836,-0.321846,-0.338428
43.040000,-0.213435,0.003253,0.213346
43.045000,0.202493,0.320466,0.487926
43.050000,0.287976,-0.038588,-0.134866
43.055000,-0.263277,-0.535971,-0.405802
43.060000,0.027967,0.102481,0.205892
43.065000,0.370304,0.326936,0.310692
43.070000,0.047840,-0.122340,-0.137245
43.075000,-0.307005,-0.327845,-0.482610
43.080000,-0.053663,0.097731,0.079296
43.085000,0.343407,0.418006,0.306784
43.090000,0.304360,-0.180927,-0.175486
43.095000,-0.324890,-0.415066,-0.332208
43.100000,-0.206954,0.230020,0.150674
43.105000,0.432882,0.349533,0.302240
43.110000,0.308179,-0.146564,-0.099904
43.115000,-0.264400,-0.316315,-0.342465
43.120000,-0.285368,0.011965,0.233851
43.125000,0.318671,0.406356,0.534958
43.130000,0.263014,-0.172115,-0.240317
43.135000,-0.411224,-0.302757,-0.102640
43.140000,-0.090904,0.116682,0.272842
43.145000,0.170225,0.109116,0.432239
43.150000,0.136740,0.026717,-0.326472
43.155000,-0.527809,-0.361639,-0.286868
43.160000,-0.148928,0.054773,0.322292
43.165000,0.268057,0.332764,0.260579
43.170000,0.098745,0.111399,-0.276694
43.175000,-0.346867,-0.246838,-0.466984
43.180000,-0.010444,-0.187706,-0.005757
43.185000,0.328874,0.423262,0.386505
43.190000,0.396524,-0.153183,-0.158991
43.195000,-0.063281,-0.402598,-0.403233
43.200000,-0.253993,-0.011942,0.166651
43.205000,0.246852,0.525588,0.349317
43.210000,0.182652,-0.036403,-0.466221
43.215000,-0.308654,-0.414279,-0.154057
43.220000,-0.184336,0.122821,0.128118
43.225000,0.363418,0.347879,0.430504
43.230000,0.216768,0.054547,-0.243858
43.235000,-0.293683,-0.395847,-0.341092
43.240000,-0.064875,0.080732,0.438160
43.245000,0.283593,0.345490,0.282556
43.250000,0.387467,-0.153632,-0.067766
43.255000,-0.266765,-0.410219,-0.365350
43.260000,-0.163269,0.023772,0.071915
43.265000,0.228057,0.414317,0.550524
43.270000,0.446455,-0.175701,-0.224151
43.275000,-0.399268,-0.407354,-0.431741
43.280000,-0.093552,0.133271,0.107734
43.285000,0.192261,0.276560,0.509921
43.290000,0.295678,-0.081767,-0.038365
43.295000,-0.299815,-0.359138,-0.317066
43.300000,-0.182815,-0.039143,0.216105
43.305000,0.369302,0.290791,0.238127
43.310000,0.111553,-0.043028,-0.378950
43.315000,-0.264615,-0.418244,-0.364415
43.320000,-0.244863,0.028174,0.026248
43.325000,0.273685,0.439398,0.319196
43.330000,0.212443,-0.008497,-0.197662
43.335000,-0.313159,-0.453756,-0.632526
43.340000,-0.362875,0.102092,-0.058485
43.345000,0.229561,0.415578,0.434419
43.350000,0.226020,0.088922,-0.233475
43.355000,-0.140987,-0.445312,-0.418212
43.360000,-0.088229,-0.081030,0.215419
43.365000,0.378443,0.359391,0.346190
43.370000,0.300148,-0.077069,-0.241856
43.375000,-0.256394,-0.502757,-0.363982
43.380000,-0.030936,-0.005380,0.172606
43.385000,0.207695,0.200133,0.412659
43.390000,0.243271,-0.097285,-0.126944
43.395000,-0.133116,-0.415797,-0.206577
43.400000,-0.349049,0.295327,0.200850
43.405000,0.217553,0.390556,0.342974
43.410000,0.470336,-0.144899,-0.232634
43.415000,-0.228204,-0.466545,-0.410896
43.420000,-0.342059,0.124962,0.287991
43.425000,0.140366,0.380749,0.259960
43.430000,0.333532,0.076813,-0.397773
43.435000,-0.307338,-0.489865,-0.388071
43.440000,-0.433901,0.076461,0.231342
43.445000,0.276313,0.329478,0.260570
43.450000,0.408818,0.075348,-0.221896
43.455000,-0.302275,-0.393962,-0.307748
43.460000,-0.160204,0.057151,0.267458
43.465000,0.294868,0.448161,0.280373
43.470000,0.178989,-0.110476,-0.329546
43.475000,-0.222786,-0.286484,-0.319893
43.480000,-0.161854,0.020269,0.245659
43.485000,0.082008,0.457589,0.511242
43.490000,0.264586,-0.119754,-0.269022
43.495000,-0.225182,-0.531493,-0.420377
43.500000,-0.196712,0.121041,0.185145
43.505000,0.327047,0.312338,0.469539
43.510000,0.287240,0.064788,-0.116596
43.515000,-0.139903,-0.665660,-0.136194
43.520000,-0.104124,-0.036757,0.166257
43.525000,0.259267,0.422633,0.429411
43.530000,0.233787,-0.136071,-0.244980
43.535000,-0.252683,-0.465587,-0.572813
43.540000,-0.112077,-0.166728,0.118893
43.545000,0.393655,0.250982,0.461017
43.550000,0.225614,0.008632,-0.229466
43.555000,-0.353195,-0.354347,-0.462475
43.560000,-0.239908,0.066429,0.136242
43.565000,0.382130,0.413526,0.241952
43.570000,0.272958,-0.019666,-0.195268
43.575000,-0.361995,-0.306392,-0.332012
43.580000,0.022787,-0.079799,0.134467
43.585000,0.222309,0.404467,0.314726
43.590000,0.164461,-0.117617,-0.061621
43.595000,-0.296500,-0.393197,-0.394137
43.600000,-0.337998,0.026323,0.175257
43.605000,0.166392,0.328699,0.429568
43.610000,0.157613,0.094049,-0.242655
43.615000,-0.149029,-0.317716,-0.264000
43.620000,-0.222617,0.057877,0.245181
43.625000,0.122525,0.330149,0.283612
43.630000,0.127144,-0.066255,-0.247205
43.635000,-0.497483,-0.455154,-0.353954
43.640000,-0.028462,0.053230,0.428342
43.645000,0.256372,0.437866,0.338003
43.650000,0.420228,-0.003388,-0.254639
43.655000,-0.290637,-0.367892,-0.267174
43.660000,-0.059466,0.082885,0.226338
43.665000,0.248362,0.423228,0.422904
43.670000,0.217984,-0.168012,-0.106517
43.675000,-0.491090,-0.306070,-0.365077
43.680000,-0.297312,0.017632,0.252020
43.685000,0.315569,0.175972,0.359228
43.690000,0.241545,0.085101,-0.304984
43.695000,-0.126405,-0.427031,-0.392248
43.700000,-0.139829,0.370103,0.169424
43.705000,0.074664,0.410096,0.420663
43.710000,0.127236,0.079376,-0.223539
43.715000,-0.090431,-0.330706,-0.186976
43.720000,-0.235388,0.045502,0.133242
43.725000,0.289060,0.620544,0.386084
43.730000,0.354904,0.118385,-0.128273
43.735000,-0.288516,-0.247932,-0.435440
43.740000,-0.066601,-0.158067,0.007053
43.745000,0.255714,0.503622,0.320202
43.750000,0.413877,-0.058732,-0.076294
43.755000,-0.325091,-0.459475,-0.482698
43.760000,-0.518913,0.126454,0.127145
43.765000,0.190725,0.293312,0.426260
43.770000,0.260171,0.020425,-0.248588
43.775000,-0.105518,-0.133540,-0.222097
43.780000,-0.209674,-0.087676,0.343087
43.785000,0.320438,0.289379,0.435065
43.790000,0.347119,-0.053103,-0.109659
43.795000,-0.266548,-0.347853,-0.242507
43.800000,-0.260608,0.048022,0.290009
43.805000,0.403121,0.443988,0.448980
43.810000,0.417302,-0.011282,-0.089764
43.815000,-0.020096,-0.354162,-0.309628
43.820000,-0.371292,-0.021315,0.285096
43.825000,0.473182,0.388718,0.203663
43.830000,0.239143,0.069906,-0.232816
43.835000,-0.135222,-0.415633,-0.272697
43.840000,-0.271444,0.081979,-0.049818
43.845000,0.207458,0.360246,0.427224
43.850000,0.210911,-0.044241,-0.118705
43.855000,-0.143639,-0.365686,-0.232728
43.860000,-0.221820,0.050070,0.251368
43.865000,0.352825,0.461255,0.344307
43.870000,0.287058,-0.023976,-0.311762
43.875000,-0.113978,-0.428029,-0.285418
43.880000,-0.237150,-0.122508,0.231233
43.885000,0.159261,0.241227,0.332287
43.890000,0.183723,-0.034621,-0.130632
43.895000,-0.278448,-0.462092,-0.492553
43.900000,-0.416668,-0.156099,0.304427
43.905000,0.178557,0.259267,0.286785
43.910000,0.180812,-0.069275,-0.215432
43.915000,-0.149101,-0.296566,-0.434699
43.920000,-0.357357,-0.199932,0.212462
43.925000,0.210642,0.302517,0.353928
43.930000,0.233077,0.183211,-0.097444
43.935000,-0.148390,-0.538156,-0.313431
43.940000,-0.170129,-0.059501,-0.004616
43.945000,0.305018,0.213721,0.393152
43.950000,0.181602,0.023996,-0.204089
43.955000,-0.193074,-0.504546,-0.310407
43.960000,-0.294822,-0.004034,0.271678
43.965000,0.085540,0.346600,0.460626
43.970000,0.136068,-0.195167,-0.087775
43.975000,-0.105116,-0.408883,-0.437101
43.980000,-0.205718,-0.009130,0.153876
43.985000,0.177570,0.397139,0.348187
43.990000,0.209686,-0.076325,-0.291529
43.995000,-0.313962,-0.123735,-0.256524
44.000000,-0.207400,-0.033645,0.148406
44.005000,0.094122,0.619841,0.482809
44.010000,0.069716,-0.026789,-0.076296
44.015000,-0.259877,-0.443588,-0.636620
44.020000,-0.470363,-0.004174,0.174387
44.025000,0.060173,0.424515,0.471972
44.030000,0.245406,0.043568,0.084861
44.035000,-0.274140,-0.458267,-0.416087
44.040000,-0.196999,-0.137722,-0.080249
44.045000,0.144052,0.427193,0.255730
44.050000,0.228416,-0.029489,-0.269435
44.055000,-0.139393,-0.313639,-0.311858
44.060000,-0.478243,-0.087822,0.087317
44.065000,0.144569,0.410483,0.485166
44.070000,0.127054,0.066895,-0.003386
44.075000,-0.247180,-0.541034,-0.496233
44.080000,-0.212640,0.063491,0.239428
44.085000,0.198839,0.374244,0.342123
44.090000,0.278475,0.065725,-0.218968
44.095000,-0.240408,-0.446771,-0.424989
44.100000,-0.510173,-0.144044,0.101148
44.105000,0.113854,0.382575,0.484267
44.110000,0.426854,-0.032063,-0.263331
44.115000,-0.247394,-0.445830,-0.422753
44.120000,-0.310472,0.006711,0.151197
44.125000,0.159360,0.449070,0.132594
44.130000,0.100987,-0.160866,-0.365789
44.135000,-0.311032,-0.187408,-0.394017
44.140000,-0.210809,-0.045089,0.269599
44.145000,0.062415,0.312155,0.365754
44.150000,0.154509,0.101241,-0.179146
44.155000,0.017872,-0.449349,-0.307122
44.160000,-0.387678,-0.169171,0.073510
44.165000,0.316120,0.390068,0.526485
44.170000,0.393400,0.064534,-0.063510
44.175000,-0.142338,-0.324640,-0.483213
44.180000,-0.311440,-0.115966,0.190855
44.185000,0.237544,0.331367,0.390343
44.190000,0.248063,0.145426,-0.238674
44.195000,-0.261556,-0.373270,-0.375454
44.200000,-0.409265,-0.046484,0.157856
44.205000,0.094629,0.514479,0.427415
44.210000,0.268504,0.177928,-0.109723
44.215000,-0.310012,-0.367172,-0.392198
44.220000,-0.260137,-0.191709,0.287922
44.225000,0.233096,0.291024,0.507239
44.230000,0.199196,0.136400,-0.048286
44.235000,-0.229460,-0.304965,-0.305415
44.240000,-0.324428,-0.089953,0.208119
44.245000,-0.002143,0.270364,0.332362
44.250000,0.173655,-0.175517,-0.091234
44.255000,-0.117843,-0.270974,-0.385797
44.260000,-0.117725,-0.052797,0.321085
44.265000,0.274436,0.376836,0.494108
44.270000,0.526266,0.068463,-0.197363
44.275000,-0.333686,-0.545183,-0.443226
44.280000,-0.149128,0.018165,-0.009183
44.285000,0.186122,0.394044,0.340385
44.290000,0.418832,0.166684,-0.184433
44.295000,-0.043396,-0.399590,-0.344307
44.300000,-0.276490,-0.005136,0.197301
44.305000,0.123367,0.436967,0.522288
44.310000,0.281076,-0.097327,-0.099840
44.315000,-0.108205,-0.324296,-0.347106
44.320000,-0.307275,0.083997,0.199715
44.325000,0.253662,0.401460,0.299888
44.330000,0.303799,-0.037494,-0.333749
44.335000,-0.088976,-0.413220,-0.374620
44.340000,-0.332278,-0.089972,0.262209
44.345000,0.167507,0.492390,0.425014
44.350000,0.325259,-0.005357,-0.108587
44.355000,-0.211411,-0.269339,-0.252897
44.360000,-0.313321,0.117190,0.341757
44.365000,0.288951,0.251576,0.380200
44.370000,0.397090,-0.044464,-0.242386
44.375000,-0.212668,-0.527347,-0.274898
44.380000,-0.325917,-0.041131,0.039515
44.385000,0.260069,0.257528,0.357144
44.390000,0.231856,0.051500,0.036826
44.395000,-0.246914,-0.423755,-0.443259
44.400000,-0.239545,-0.079124,0.159477
44.405000,0.053888,0.489331,0.201082
44.410000,0.260019,0.083549,-0.224045
44.415000,-0.021561,-0.317552,-0.483712
44.420000,-0.251095,-0.042740,0.006183
44.425000,0.252603,0.369244,0.314929
44.430000,0.426571,0.145123,-0.162140
44.435000,0.009959,-0.278749,-0.476776
44.440000,-0.426176,-0.036456,0.026558
44.445000,0.302011,0.249172,0.128972
44.450000,0.306906,0.342115,-0.140986
44.455000,-0.104137,-0.337213,-0.285319
44.460000,-0.321322,-0.013667,0.136049
44.465000,0.322846,0.345186,0.481624
44.470000,0.221128,0.195159,-0.243753
44.475000,-0.187095,-0.495536,-0.292371
44.480000,-0.361111,0.039802,0.292638
44.485000,-0.085526,0.342322,0.428457
44.490000,0.251143,-0.122119,-0.083748
44.495000,-0.037994,-0.473379,-0.276204
44.500000,-0.420148,-0.102250,0.062052
44.505000,0.126495,0.303123,0.405888
44.510000,0.366762,0.015659,-0.371622
44.515000,-0.232696,-0.341041,-0.237812
44.520000,-0.289772,-0.158995,0.151090
44.525000,0.286108,0.464447,0.294664
44.530000,0.301151,-0.148522,-0.128094
44.535000,-0.202557,-0.324466,-0.367980
44.540000,-0.091033,0.160484,0.082918
44.545000,0.229348,0.523207,0.408761
44.550000,0.154572,-0.020123,-0.241095
44.555000,-0.281204,-0.592194,-0.441399
44.560000,-0.334197,0.094363,0.291560
44.565000,0.072399,0.590546,0.612330
44.570000,0.178460,-0.067275,-0.174349
44.575000,-0.101753,-0.485670,-0.500925
44.580000,-0.384376,0.012841,0.216968
44.585000,0.158584,0.463261,0.272608
44.590000,0.252051,-0.046796,-0.155104
44.595000,-0.192310,-0.412346,-0.373140
44.600000,-0.229803,-0.055860,0.079964
44.605000,0.430625,0.420677,0.441047
44.610000,0.300078,-0.013585,-0.228965
44.615000,-0.324261,-0.411346,-0.437147
44.620000,-0.314717,-0.004914,0.256567
44.625000,0.057044,0.546626,0.406488
44.630000,0.140556,-0.043587,-0.137684
44.635000,-0.356191,-0.207746,-0.349783
44.640000,-0.182207,-0.022720,0.076326
44.645000,0.090471,0.407590,0.503408
44.650000,0.069787,0.089268,-0.085138
44.655000,-0.077158,-0.441550,-0.596843
44.660000,-0.275542,-0.002451,0.143604
44.665000,0.132147,0.265965,0.430821
44.670000,0.153439,-0.045706,-0.225980
44.675000,-0.240207,-0.471446,-0.419007
44.680000,-0.172617,0.041361,0.304310
44.685000,0.082714,0.433911,0.247866
44.690000,0.040174,0.057309,-0.221235
44.695000,-0.268383,-0.421519,-0.363273
44.700000,-0.120027,0.067407,0.322135
44.705000,0.244127,0.420608,0.280129
44.710000,0.313125,0.009296,-0.350413
44.715000,-0.018832,-0.249988,-0.398179
44.720000,-0.276596,-0.126745,0.100591
44.725000,0.336112,0.283291,0.407605
44.730000,0.474066,0.046235,-0.282647
44.735000,-0.227593,-0.361502,-0.488383
44.740000,-0.104719,-0.156253,0.240859
44.745000,0.317774,0.522868,0.410192
44.750000,0.338486,0.028849,-0.234946
44.755000,-0.387729,-0.327633,-0.187208
44.760000,-0.125233,-0.047305,0.108966
44.765000,0.178402,0.499953,0.518588
44.770000,0.177275,0.036820,-0.105913
44.775000,-0.269919,-0.326846,-0.388261
44.780000,-0.217138,0.009019,0.114534
44.785000,0.259336,0.738787,0.299991
44.790000,0.278169,-0.027260,-0.379640
44.795000,-0.199568,-0.246319,-0.242457
44.800000,-0.188497,0.070792,0.195708
44.805000,0.194618,0.413131,0.373431
44.810000,0.311137,0.084607,-0.109941
44.815000,-0.118292,-0.586709,-0.421548
44.820000,-0.147181,-0.074311,0.152533
44.825000,0.148553,0.199620,0.354739
44.830000,0.262722,0.064387,-0.172594
44.835000,-0.374011,-0.562445,-0.407273
44.840000,-0.343865,0.059378,0.160685
44.845000,0.174806,0.561226,0.478941
44.850000,0.470608,-0.254551,-0.412234
44.855000,-0.148633,-0.263594,-0.435202
44.860000,-0.385810,-0.092386,0.116555
44.865000,0.325987,0.369500,0.381598
44.870000,0.315766,0.093033,-0.062976
44.875000,-0.246921,-0.418159,-0.391569
44.880000,-0.304857,-0.048983,0.082242
44.885000,0.295193,0.300896,0.260785
44.890000,0.267012,-0.053659,-0.213945
44.895000,-0.383061,-0.321041,-0.606688
44.900000,-0.372576,-0.108924,0.317731
44.905000,0.249131,0.389528,0.230787
44.910000,0.116901,0.070963,-0.201938
44.915000,-0.255448,-0.401250,-0.287177
44.920000,-0.210908,-0.057707,0.135850
44.925000,0.538239,0.370119,0.345846
44.930000,0.314134,0.053765,-0.073783
44.935000,-0.216000,-0.487505,-0.402876
44.940000,-0.342500,-0.098117,0.276893
44.945000,0.231062,0.392353,0.389918
44.950000,0.284390,0.099793,-0.218563
44.955000,-0.303859,-0.562051,-0.300177
44.960000,-0.272651,-0.074824,0.306083
44.965000,0.430849,0.356300,0.442431
44.970000,0.302310,-0.064381,-0.128456
44.975000,-0.358236,-0.480741,-0.416187
44.980000,-0.079888,0.087138,0.245911
44.985000,0.382259,0.273923,0.408851
44.990000,0.326673,0.012682,-0.062490
44.995000,-0.309606,-0.381885,-0.220488
45.000000,-0.144927,0.176165,0.117484
45.005000,0.296068,0.260170,0.321502
45.010000,0.278234,-0.044869,-0.311066
45.015000,-0.501907,-0.485384,-0.285462
45.020000,-0.125619,0.023073,0.155306
45.025000,0.250642,0.319852,0.153207
45.030000,0.180243,-0.093912,-0.154992
45.035000,-0.336986,-0.443424,-0.370670
45.040000,-0.380096,-0.129331,0.309827
45.045000,0.352720,0.472899,0.370622
45.050000,0.175410,-0.231280,-0.336985
45.055000,-0.415678,-0.468873,-0.313113
45.060000,-0.117184,0.138983,0.107898
45.065000,0.395566,0.189944,0.411257
45.070000,0.131477,-0.073732,-0.191039
45.075000,-0.295366,-0.429064,-0.447283
45.080000,-0.162726,0.130873,0.168361
45.085000,0.193893,0.382286,0.372226
45.090000,0.069869,0.075775,-0.029769
45.095000,-0.186006,-0.416694,-0.353563
45.100000,-0.333471,-0.001834,0.258034
45.105000,0.254137,0.346683,0.492298
45.110000,0.330228,-0.070871,-0.223232
45.115000,-0.197659,-0.452901,-0.506091
45.120000,-0.152917,0.152474,0.237628
45.125000,0.416075,0.478388,0.391932
45.130000,0.236025,-0.082285,-0.448654
45.135000,-0.225516,-0.472802,-0.394091
45.140000,-0.209772,-0.131303,0.223303
45.145000,0.553123,0.397708,0.285511
45.150000,0.243809,0.056475,-0.047653
45.155000,-0.282245,-0.356541,-0.588290
45.160000,-0.280848,0.059038,0.248657
45.165000,0.370016,0.268279,0.251743
45.170000,0.077745,-0.106677,-0.168955
45.175000,-0.518310,-0.379595,-0.349036
45.180000,-0.083363,0.112568,0.356845
45.185000,0.365957,0.398488,0.403288
45.190000,0.401166,-0.111655,-0.150126
45.195000,-0.331411,-0.521793,-0.647653
45.200000,-0.111776,0.011597,0.118316
45.205000,0.288813,0.340402,0.382392
45.210000,0.074936,-0.006863,-0.138693
45.215000,-0.386535,-0.492234,-0.256766
45.220000,-0.118735,0.209206,0.049080
45.225000,0.262994,0.442903,0.230411
45.230000,0.254703,-0.127082,-0.226185
45.235000,-0.313723,-0.498401,-0.477123
45.240000,-0.211844,-0.115687,0.188221
45.245000,0.348474,0.452169,0.284618
45.250000,0.127595,-0.072827,-0.333917
45.255000,-0.308198,-0.384624,-0.329934
45.260000,-0.243034,0.078549,0.217291
45.265000,0.372054,0.400458,0.292312
45.270000,0.239313,-0.028331,-0.263785
45.275000,-0.217296,-0.367578,-0.562765
45.280000,-0.089337,-0.017273,0.251546
45.285000,0.454615,0.447256,0.434021
45.290000,0.213379,-0.250522,-0.202984
45.295000,-0.321074,-0.385085,-0.297808
45.300000,-0.188650,0.121805,0.313395
45.305000,0.352458,0.285585,0.557958
45.310000,0.275072,-0.097483,-0.323574
45.315000,-0.492541,-0.372238,-0.353349
45.320000,-0.199366,0.157793,0.253145
45.325000,0.389793,0.420865,0.407348
45.330000,0.175103,-0.076559,-0.246947
45.335000,-0.123955,-0.489165,-0.248839
45.340000,-0.167409,0.017424,0.303226
45.345000,0.433628,0.230834,0.252815
45.350000,0.228122,-0.036943,-0.276168
45.355000,-0.318078,-0.283692,-0.356389
45.360000,-0.023272,0.178390,0.338316
45.365000,0.369079,0.348267,0.586687
45.370000,0.232335,-0.220017,-0.155923
45.375000,-0.316617,-0.522108,-0.331644
45.380000,-0.104462,0.110418,0.439706
45.385000,0.190590,0.354748,0.445279
45.390000,0.103318,-0.193931,-0.203993
45.395000,-0.376753,-0.426601,-0.416035
45.400000,-0.217305,0.083203,0.359644
45.405000,0.305224,0.459579,0.322066
45.410000,0.171485,0.005885,-0.309424
45.415000,-0.384038,-0.394139,-0.341738
45.420000,-0.222451,0.200232,0.266992
45.425000,0.301339,0.371874,0.571396
45.430000,0.094081,-0.066740,-0.166382
45.435000,-0.297053,-0.267030,-0.410352
45.440000,-0.190803,0.118137,0.103497
45.445000,0.330994,0.350308,0.295650
45.450000,0.121915,-0.071962,-0.276011
45.455000,-0.262466,-0.356632,-0.418015
45.460000,-0.161111,0.192116,0.289320
45.465000,0.338063,0.338625,0.363707
45.470000,0.117368,-0.279751,-0.375056
45.475000,-0.399288,-0.474141,-0.283908
45.480000,-0.084772,0.263660,0.321971
45.485000,0.378783,0.463466,0.498994
45.490000,0.241735,-0.381614,-0.187496
45.495000,-0.148861,-0.446872,-0.164882
45.500000,-0.210213,0.134894,0.272363
45.505000,0.273273,0.308440,0.388893
45.510000,-0.014309,-0.080965,-0.300553
45.515000,-0.341220,-0.312395,-0.367279
45.520000,-0.105978,0.077723,0.372969
45.525000,0.260090,0.502904,0.384723
45.530000,0.131483,-0.141487,-0.141209
45.535000,-0.310124,-0.199204,-0.276482
45.540000,-0.365794,0.104276,0.123284
45.545000,0.218472,0.426372,0.177072
45.550000,0.140428,0.022491,-0.011441
45.555000,-0.379844,-0.343906,-0.379500
45.560000,-0.011853,0.019969,0.307543
45.565000,0.352965,0.369062,0.147922
45.570000,0.089701,-0.186170,-0.249931
45.575000,-0.314307,-0.295505,-0.271685
45.580000,0.028717,0.122108,0.098437
45.585000,0.586287,0.458671,0.487046
45.590000,0.255565,-0.024433,-0.177238
45.595000,-0.319164,-0.413682,-0.329782
45.600000,-0.097476,0.129183,0.293906
45.605000,0.279917,0.408776,0.347720
45.610000,0.033460,-0.134072,-0.127825
45.615000,-0.404014,-0.358824,-0.477798
45.620000,0.044862,0.079791,0.220653
45.625000,0.449995,0.355029,0.253201
45.630000,-0.037542,-0.067980,-0.192193
45.635000,-0.202476,-0.305318,-0.345187
45.640000,-0.327358,0.204625,0.346229
45.645000,0.386840,0.307027,0.419248
45.650000,-0.123254,-0.151670,-0.182351
45.655000,-0.321555,-0.365623,-0.254521
45.660000,-0.259978,0.053583,0.170023
45.665000,0.424311,0.392726,0.383655
45.670000,-0.018125,-0.054610,-0.199501
45.675000,-0.630922,-0.523361,-0.293618
45.680000,0.032320,0.071358,0.074993
45.685000,0.375078,0.478141,0.395965
45.690000,-0.105250,-0.204104,-0.168633
45.695000,-0.439592,-0.266500,-0.360442
45.700000,0.004841,0.084747,0.273282
45.705000,0.451638,0.490934,0.178151
45.710000,-0.068551,-0.068800,-0.225354
45.715000,-0.329435,-0.389636,-0.115981
45.720000,-0.051916,0.143760,0.292132
45.725000,0.433272,0.297933,0.361934
45.730000,-0.034312,-0.047029,-0.125374
45.735000,-0.437847,-0.263637,-0.500827
45.740000,-0.118968,0.203744,0.181723
45.745000,0.504729,0.439559,0.369609
45.750000,0.083468,-0.171954,-0.256786
45.755000,-0.290299,-0.299806,-0.155757
45.760000,0.013907,0.290658,0.253401
45.765000,0.380971,0.446049,0.400366
45.770000,0.144479,-0.179461,-0.154792
45.775000,-0.332704,-0.525610,-0.425570
45.780000,-0.072802,0.097166,0.255994
45.785000,0.378554,0.389256,0.269064
45.790000,-0.115267,-0.257720,-0.233932
45.795000,-0.428805,-0.320809,-0.264167
45.800000,-0.267272,0.106352,0.181849
45.805000,0.368204,0.380565,0.600199
45.810000,0.074762,-0.187140,-0.209374
45.815000,-0.453317,-0.352503,-0.396416
45.820000,-0.022298,0.196486,0.112351
45.825000,0.459604,0.257994,0.382074
45.830000,0.106598,-0.134331,-0.175370
45.835000,-0.209095,-0.441398,-0.348651
45.840000,-0.024833,0.153065,0.162077
45.845000,0.380281,0.438732,0.348916
45.850000,0.051959,-0.236715,-0.059656
45.855000,-0.308156,-0.512447,-0.462043
45.860000,-0.144305,0.079101,0.387970
45.865000,0.428534,0.585210,0.426696
45.870000,-0.098120,-0.391846,-0.191458
45.875000,-0.313121,-0.417359,-0.187180
45.880000,-0.023901,0.182826,0.076426
45.885000,0.405863,0.339584,0.308798
45.890000,0.080478,-0.048852,-0.036865
45.895000,-0.451202,-0.273844,-0.271755
45.900000,-0.140573,-0.054854,0.288219
45.905000,0.354224,0.401913,0.629470
45.910000,0.019525,-0.020732,-0.369000
45.915000,-0.411313,-0.474229,-0.318998
45.920000,0.012650,0.098015,0.285488
45.925000,0.274767,0.445125,0.220460
45.930000,0.041904,-0.135273,-0.151605
45.935000,-0.306585,-0.467829,-0.445553
45.940000,-0.084428,0.221056,0.024545
45.945000,0.297362,0.284737,0.455305
45.950000,-0.015710,-0.040286,-0.073420
45.955000,-0.191398,-0.308966,-0.525873
45.960000,-0.126480,0.079659,0.073702
45.965000,0.392193,0.484671,0.286720
45.970000,-0.088425,-0.245251,-0.164835
45.975000,-0.479165,-0.461989,-0.342781
45.980000,-0.025052,0.207101,0.187675
45.985000,0.394459,0.389183,0.099207
45.990000,0.109698,-0.350177,-0.179554
45.995000,-0.407169,-0.426203,-0.485595
46.000000,-0.105686,0.247264,0.211750
46.005000,0.579355,0.467774,0.271724
46.010000,0.083937,-0.047716,-0.231992
46.015000,-0.297125,-0.340152,-0.380628
46.020000,-0.193537,0.195474,0.362297
46.025000,0.321197,0.485771,0.327134
46.030000,0.255242,-0.097253,-0.490949
46.035000,-0.294211,-0.426806,-0.412624
46.040000,-0.010215,0.171086,0.093546
46.045000,0.505112,0.409229,0.413594
46.050000,-0.004614,-0.127799,-0.188905
46.055000,-0.261346,-0.316098,-0.376988
46.060000,-0.169163,0.112754,0.272061
46.065000,0.504622,0.336538,0.296247
46.070000,-0.082866,-0.129330,-0.095096
46.075000,-0.346296,-0.211110,-0.309349
46.080000,-0.038048,0.149830,0.333679
46.085000,0.440915,0.450456,0.391792
46.090000,-0.208444,-0.289851,-0.258736
46.095000,-0.323788,-0.305093,-0.298535
46.100000,-0.053059,0.212572,0.088796
46.105000,0.344584,0.386633,0.412482
46.110000,-0.163737,-0.121208,-0.262964
46.115000,-0.486393,-0.292895,-0.217062
46.120000,-0.089546,0.158854,0.320102
46.125000,0.475716,0.436266,0.453438
46.130000,-0.059328,-0.077247,-0.173741
46.135000,-0.292386,-0.347692,-0.371268
46.140000,0.018107,0.211019,0.133076
46.145000,0.262435,0.345649,0.450478
46.150000,0.012375,-0.200646,-0.267831
46.155000,-0.511961,-0.566086,-0.352248
46.160000,-0.193329,0.129333,0.099406
46.165000,0.283748,0.455839,0.309674
46.170000,0.107778,-0.153398,-0.082560
46.175000,-0.195485,-0.549576,-0.375993
46.180000,0.023567,0.057881,0.283632
46.185000,0.492295,0.312700,0.245767
46.190000,-0.090565,-0.271343,0.005606
46.195000,-0.500570,-0.397584,-0.578335
46.200000,0.088321,0.115334,0.083427
46.205000,0.469672,0.435161,0.466592
46.210000,0.051866,-0.084480,-0.363374
46.215000,-0.190054,-0.295374,-0.393745
46.220000,0.072890,0.220056,0.166464
46.225000,0.277373,0.338850,0.430083
46.230000,0.019390,-0.192788,-0.127946
46.235000,-0.390992,-0.236773,-0.202403
46.240000,-0.159703,0.138001,0.125870
46.245000,0.584482,0.431122,0.503783
46.250000,0.028767,-0.083713,-0.096899
46.255000,-0.404969,-0.421097,-0.224866
46.260000,0.044975,0.207658,0.125876
46.265000,0.284369,0.273095,0.267647
46.270000,-0.017956,-0.245064,-0.122827
46.275000,-0.410973,-0.224496,-0.413827
46.280000,0.200279,0.149723,0.177666
46.285000,0.275748,0.331578,0.345894
46.290000,-0.130555,-0.183171,-0.056732
46.295000,-0.394883,-0.261792,-0.462348
46.300000,0.201512,0.263094,0.304065
46.305000,0.368245,0.354111,0.218055
46.310000,-0.185225,-0.328044,-0.142489
46.315000,-0.299731,-0.545922,-0.438831
46.320000,0.048600,0.024959,0.230883
46.325000,0.409914,0.359747,0.364782
46.330000,0.018204,-0.326982,-0.304376
46.335000,-0.591312,-0.346228,-0.271590
46.340000,0.072399,0.212989,0.089830
46.345000,0.530049,0.298270,0.179880
46.350000,-0.102717,-0.075313,-0.156620
46.355000,-0.418007,-0.609544,-0.479003
46.360000,0.183217,0.176559,0.253590
46.365000,0.286939,0.316097,0.434554
46.370000,0.034104,-0.208457,-0.206448
46.375000,-0.354567,-0.326886,-0.252494
46.380000,0.183878,-0.049524,0.129276
46.385000,0.280870,0.294242,0.262791
46.390000,-0.103470,-0.169609,-0.288531
46.395000,-0.419494,-0.431285,-0.453056
46.400000,-0.004877,0.128924,0.208015
46.405000,0.213926,0.410737,0.629194
46.410000,0.142584,-0.121993,-0.147249
46.415000,-0.420887,-0.441313,-0.202890
46.420000,-0.058614,0.022286,0.141757
46.425000,0.351617,0.330870,0.366181
46.430000,-0.036059,-0.501141,-0.298102
46.435000,-0.343533,-0.301954,-0.312875
46.440000,-0.018166,0.196306,0.070217
46.445000,0.232130,0.246493,0.082813
46.450000,-0.008032,-0.345937,-0.155536
46.455000,-0.474770,-0.277861,-0.321049
46.460000,0.124647,0.103713,0.235768
46.465000,0.313316,0.596356,0.328178
46.470000,-0.140849,-0.370938,-0.089366
46.475000,-0.433697,-0.352097,-0.324312
46.480000,0.103563,0.085553,0.220686
46.485000,0.417941,0.301399,0.355952
46.490000,0.083845,-0.033790,-0.459474
46.495000,-0.404994,-0.730779,-0.217275
46.500000,0.049403,0.173905,0.148923
46.505000,0.487270,0.398806,0.398623
46.510000,-0.166757,-0.182599,-0.290392
46.515000,-0.416379,-0.226879,-0.509973
46.520000,-0.013521,0.479982,0.200132
46.525000,0.392097,0.590320,0.527307
46.530000,-0.019814,-0.397470,-0.028361
46.535000,-0.190408,-0.432938,-0.385834
46.540000,0.043092,0.105433,0.230743
46.545000,0.564941,0.441522,0.391025
46.550000,-0.123602,-0.231524,-0.107581
46.555000,-0.391792,-0.338953,-0.293507
46.560000,-0.030336,0.183751,0.115251
46.565000,0.448820,0.473460,0.396582
46.570000,-0.206740,-0.280419,-0.300851
46.575000,-0.333593,-0.309146,-0.271140
46.580000,-0.024280,0.023715,0.140091
46.585000,0.643271,0.222883,0.282478
46.590000,-0.189676,-0.333705,-0.186073
46.595000,-0.309590,-0.547099,-0.319309
46.600000,0.075845,0.090295,0.177172
46.605000,0.271409,0.403620,0.350775
46.610000,-0.061421,-0.247037,-0.244735
46.615000,-0.340026,-0.308491,-0.535282
46.620000,0.148054,0.313478,0.205237
46.625000,0.514060,0.186268,0.369476
46.630000,-0.095642,-0.062071,-0.187136
46.635000,-0.453074,-0.553877,-0.457440
46.640000,0.114336,0.304205,0.091424
46.645000,0.629021,0.546696,0.436830
46.650000,-0.070957,-0.166112,-0.139746
46.655000,-0.354990,-0.360410,-0.215949
46.660000,-0.058642,0.105483,0.278969
46.665000,0.469597,0.544256,0.401109
46.670000,-0.187884,-0.235047,-0.273734
46.675000,-0.444960,-0.567643,-0.211256
46.680000,0.137706,0.113308,0.245940
46.685000,0.375913,0.329259,0.449455
46.690000,-0.077575,-0.093259,-0.185650
46.695000,-0.361588,-0.148944,-0.345302
46.700000,-0.078448,0.111071,0.390915
46.705000,0.529676,0.439504,0.328738
46.710000,-0.108463,-0.060554,-0.196902
46.715000,-0.345356,-0.411531,-0.516595
46.720000,0.112868,0.005613,0.081323
46.725000,0.549506,0.427811,0.344956
46.730000,0.008119,-0.176898,0.032482
46.735000,-0.564437,-0.388354,-0.295074
46.740000,0.219930,0.116167,0.120445
46.745000,0.404579,0.392847,0.410485
46.750000,-0.206468,-0.228953,-0.254120
46.755000,-0.360761,-0.280771,-0.491124
46.760000,0.132450,0.369253,0.261249
46.765000,0.331881,0.366848,0.402241
46.770000,-0.079986,-0.018034,-0.139015
46.775000,-0.309302,-0.196014,-0.466895
46.780000,0.096974,0.147286,0.089727
46.785000,0.451731,0.434403,0.327470
46.790000,-0.138573,0.000287,-0.038147
46.795000,-0.301089,-0.393985,-0.410300
46.800000,0.180938,0.388816,0.166257
46.805000,0.423559,0.305366,0.550575
46.810000,0.038696,-0.065281,-0.305716
46.815000,-0.499726,-0.324098,-0.433706
46.820000,0.234209,0.316655,-0.086501
46.825000,0.488843,0.458385,0.495451
46.830000,-0.189003,-0.196074,-0.266565
46.835000,-0.447956,-0.466820,-0.260753
46.840000,0.150156,0.293421,0.198563
46.845000,0.225224,0.242761,0.614568
46.850000,0.064332,-0.304179,-0.241584
46.855000,-0.303969,-0.300358,-0.368288
46.860000,0.058342,0.267876,0.091117
46.865000,0.309766,0.387954,0.197640
46.870000,-0.063443,-0.439281,-0.235941
46.875000,-0.414038,-0.277384,-0.546285
46.880000,0.216503,0.166126,0.108421
46.885000,0.173257,0.299144,0.409888
46.890000,0.037274,-0.207185,-0.113558
46.895000,-0.300486,-0.305451,-0.517899
46.900000,0.159297,0.111628,0.095131
46.905000,0.383017,0.342346,0.447243
46.910000,-0.082330,-0.167347,-0.206950
46.915000,-0.323054,-0.372099,-0.579149
46.920000,0.081068,0.017983,0.113265
46.925000,0.352276,0.320010,0.384931
46.930000,-0.136136,-0.174774,-0.059327
46.935000,-0.529751,-0.324718,-0.337791
46.940000,0.140172,0.096055,0.315307
46.945000,0.426684,0.390845,0.595022
46.950000,-0.197155,-0.227187,-0.247490
46.955000,-0.483188,-0.482500,-0.461553
46.960000,0.240879,0.219820,0.206165
46.965000,0.264384,0.242921,0.308365
46.970000,-0.081339,-0.080231,-0.035248
46.975000,-0.499174,-0.410784,-0.432726
46.980000,0.088198,0.310687,0.237501
46.985000,0.427558,0.494968,0.380543
46.990000,-0.082324,-0.250458,-0.184361
46.995000,-0.318041,-0.343080,-0.406846
47.000000,0.130934,0.262444,-0.042374
47.005000,0.484156,0.216550,0.495742
47.010000,-0.188845,-0.193376,-0.163475
47.015000,-0.366075,-0.353246,-0.507514
47.020000,-0.063566,0.188447,-0.071891
47.025000,0.453800,0.228522,0.203322
47.030000,-0.235818,-0.155475,-0.114753
47.035000,-0.428231,-0.378414,-0.482075
47.040000,0.043195,0.032302,0.257615
47.045000,0.616800,0.342111,0.346389
47.050000,-0.067893,-0.079356,-0.297660
47.055000,-0.349369,-0.340856,-0.231502
47.060000,0.048860,0.106061,0.157093
47.065000,0.465310,0.514711,0.258034
47.070000,-0.104072,-0.184867,-0.155897
47.075000,-0.416905,-0.332737,-0.388189
47.080000,0.225044,0.174486,0.199930
47.085000,0.332225,0.420176,0.283342
47.090000,-0.044191,-0.271597,-0.193246
47.095000,-0.470929,-0.206463,-0.276974
47.100000,0.200458,0.168378,0.049638
47.105000,0.296864,0.342792,0.482859
47.110000,-0.094897,-0.135525,-0.048359
47.115000,-0.204706,-0.422605,-0.499240
47.120000,0.014949,0.238457,0.133106
47.125000,0.321494,0.367686,0.382275
47.130000,0.021297,-0.204052,-0.240146
47.135000,-0.296125,-0.320881,-0.581654
47.140000,0.001556,0.092680,0.034045
47.145000,0.362100,0.322043,0.438089
47.150000,-0.206196,-0.150613,-0.051698
47.155000,-0.511374,-0.387225,-0.338143
47.160000,-0.022551,0.141780,0.196547
47.165000,0.483519,0.253695,0.378643
47.170000,-0.160891,-0.274866,-0.109460
47.175000,-0.175750,-0.305647,-0.300435
47.180000,0.082843,0.198359,0.136506
47.185000,0.347493,0.501483,0.428456
47.190000,-0.153550,-0.135749,-0.114912
47.195000,-0.297000,-0.293842,-0.252400
47.200000,0.421693,0.121006,0.228685
47.205000,0.259895,0.333319,0.392343
47.210000,0.042823,-0.126129,-0.084439
47.215000,-0.478828,-0.418284,-0.550757
47.220000,0.025087,0.117303,0.247368
47.225000,0.320592,0.274942,0.485800
47.230000,0.029491,-0.166464,-0.156970
47.235000,-0.366174,-0.514716,-0.329537
47.240000,0.176823,0.223945,0.022980
47.245000,0.276944,0.359078,0.395893
47.250000,-0.013516,-0.187471,-0.271874
47.255000,-0.403052,-0.568367,-0.260993
47.260000,0.154804,0.286827,0.034197
47.265000,0.318868,0.308193,0.561594
47.270000,-0.113873,-0.269981,-0.111483
47.275000,-0.411600,-0.408017,-0.570029
47.280000,0.034482,0.195666,0.193175
47.285000,0.432981,0.241332,0.399741
47.290000,-0.247529,-0.269352,-0.337952
47.295000,-0.457430,-0.218739,-0.191525
47.300000,-0.102932,0.106607,0.092501
47.305000,0.439440,0.329048,0.529621
47.310000,-0.296084,-0.177446,-0.099044
47.315000,-0.508730,-0.400316,-0.438462
47.320000,0.299599,0.227153,0.030960
47.325000,0.470430,0.246113,0.394816
47.330000,-0.441742,-0.107080,-0.082540
47.335000,-0.341553,-0.316025,-0.341734
47.340000,0.002053,0.132515,0.212201
47.345000,0.370229,0.352108,0.263701
47.350000,-0.001370,-0.301719,0.029197
47.355000,-0.373164,-0.476847,-0.640047
47.360000,0.265059,0.135631,0.050549
47.365000,0.474023,0.367555,0.562569
47.370000,-0.165393,-0.192724,-0.099381
47.375000,-0.394416,-0.367606,-0.323546
47.380000,0.091132,0.176661,-0.011217
47.385000,0.409286,0.424159,0.359488
47.390000,-0.038995,-0.167172,-0.109707
47.395000,-0.303227,-0.455100,-0.523765
47.400000,0.098190,0.173889,0.077609
47.405000,0.228158,0.356097,0.395415
47.410000,-0.065317,-0.212226,-0.153667
47.415000,-0.286928,-0.203013,-0.536838
47.420000,0.134191,0.104092,0.077585
47.425000,0.484468,0.559924,0.297505
47.430000,-0.035131,-0.222501,-0.129371
47.435000,-0.383612,-0.281144,-0.279686
47.440000,0.140535,0.162820,0.244618
47.445000,0.527200,0.256443,0.389352
47.450000,-0.155300,-0.195780,0.164177
47.455000,-0.330621,-0.392828,-0.383347
47.460000,-0.048814,0.227347,0.262920
47.465000,0.253863,0.490078,0.536039
47.470000,-0.232473,-0.219275,-0.021229
47.475000,-0.381678,-0.397107,-0.571942
47.480000,0.015456,0.247504,0.305959
47.485000,0.410512,0.309933,0.328451
47.490000,-0.268674,-0.205945,-0.104548
47.495000,-0.388892,-0.373904,-0.358388
47.500000,0.103439,0.145780,-0.034738
47.505000,0.327570,0.159432,0.364887
47.510000,-0.243605,-0.124798,-0.046798
47.515000,-0.364707,-0.470685,-0.371644
47.520000,0.202250,0.228560,0.178539
47.525000,0.323974,0.422945,0.299384
47.530000,-0.368961,-0.277846,-0.125477
47.535000,-0.443806,-0.473688,-0.547238
47.540000,0.328221,0.214437,0.256043
47.545000,0.406648,0.288621,0.483634
47.550000,-0.272229,-0.177833,-0.168285
47.555000,-0.322123,-0.369909,-0.508229
47.560000,0.232666,0.277976,-0.025253
47.565000,0.263931,0.501580,0.250847
47.570000,-0.121671,-0.246244,-0.158146
47.575000,-0.454147,-0.332795,-0.271525
47.580000,0.057483,0.174105,0.207800
47.585000,0.252878,0.278395,0.458590
47.590000,-0.216613,-0.243344,-0.230315
47.595000,-0.399848,-0.391890,-0.413977
47.600000,0.236512,0.214536,0.152472
47.605000,0.305623,0.480535,0.562486
47.610000,-0.011181,-0.233451,-0.112424
47.615000,-0.254464,-0.462179,-0.159025
47.620000,0.090367,0.204398,0.067038
47.625000,0.377842,0.396073,0.343703
47.630000,-0.106649,-0.184138,0.004141
47.635000,-0.377362,-0.390521,-0.473164
47.640000,0.063693,0.177693,0.064156
47.645000,0.590889,0.410327,0.377957
47.650000,0.004286,-0.173148,-0.061409
47.655000,-0.285006,-0.425353,-0.191185
47.660000,0.323753,0.250454,-0.007553
47.665000,0.411142,0.376646,0.156123
47.670000,-0.057300,-0.077422,-0.079175
47.675000,-0.448583,-0.458979,-0.327114
47.680000,0.122340,0.387487,0.093161
47.685000,0.339206,0.271561,0.279940
47.690000,-0.164099,-0.315222,-0.213922
47.695000,-0.329271,-0.216889,-0.347919
47.700000,0.166103,0.097957,0.018753
47.705000,0.418619,0.281724,0.347536
47.710000,-0.142465,-0.148676,-0.146202
47.715000,-0.381206,-0.444814,-0.250057
47.720000,0.065854,0.375194,0.155572
47.725000,0.417524,0.151794,0.390282
47.730000,-0.038200,-0.344931,-0.039885
47.735000,-0.444490,-0.446849,-0.531212
47.740000,0.177483,0.114568,0.395972
47.745000,0.450305,0.252521,0.370980
47.750000,-0.205819,-0.131693,-0.071703
47.755000,-0.354923,-0.228313,-0.404788
47.760000,0.165735,0.100210,0.318426
47.765000,0.368234,0.276020,0.349388
47.770000,-0.283184,-0.213661,-0.215055
47.775000,-0.458167,-0.512311,-0.484008
47.780000,0.309024,0.145012,0.217564
47.785000,0.546726,0.257217,0.543286
47.790000,-0.136578,-0.072564,0.050505
47.795000,-0.306226,-0.363802,-0.519146
47.800000,0.041624,0.124552,0.366501
47.805000,0.298988,0.341439,0.420809
47.810000,-0.061572,-0.215619,0.002150
47.815000,-0.465159,-0.410149,-0.419604
47.820000,0.134598,-0.036898,0.269730
47.825000,0.511983,0.379655,0.414703
47.830000,-0.298008,-0.264109,-0.118310
47.835000,-0.388110,-0.494827,-0.296691
47.840000,0.108684,0.012898,0.131327
47.845000,0.275827,0.461498,0.386834
47.850000,-0.196686,-0.320637,-0.187823
47.855000,-0.208524,-0.381306,-0.627878
47.860000,0.271656,0.220788,0.031327
47.865000,0.273431,0.444361,0.447784
47.870000,-0.186202,-0.065968,-0.254674
47.875000,-0.288615,-0.261625,-0.244931
47.880000,0.252481,0.289617,0.164846
47.885000,0.464349,0.413121,0.394904
47.890000,-0.114358,-0.169165,-0.133967
47.895000,-0.480175,-0.470793,-0.575141
47.900000,-0.023878,0.177011,0.219493
47.905000,0.391117,0.334684,0.293616
47.910000,-0.051339,-0.109948,-0.367836
47.915000,-0.295390,-0.416625,-0.123561
47.920000,0.257345,0.095553,0.154872
47.925000,0.469786,0.245215,0.297738
47.930000,-0.314944,-0.143711,-0.051095
47.935000,-0.418309,-0.207536,-0.324370
47.940000,0.229700,0.488120,0.187534
47.945000,0.349453,0.246134,0.357048
47.950000,-0.321114,-0.273979,-0.032765
47.955000,-0.578240,-0.300582,-0.435660
47.960000,0.190395,0.068856,0.245071
47.965000,0.502253,0.446940,0.218680
47.970000,-0.277030,-0.178812,-0.189149
47.975000,-0.306052,-0.307197,-0.450532
47.980000,0.105309,0.196010,0.190035
47.985000,0.461951,0.365679,0.340970
47.990000,-0.170212,-0.291834,-0.003301
47.995000,-0.430970,-0.317809,-0.350245
48.000000,0.038679,0.137704,0.144453
48.005000,0.451028,0.383202,0.377498
48.010000,-0.122135,-0.229344,-0.217805
48.015000,-0.500777,-0.308349,-0.436612
48.020000,0.015457,0.161158,0.169283
48.025000,0.478637,0.344549,0.418651
48.030000,-0.170905,-0.493226,-0.141161
48.035000,-0.472808,-0.341554,-0.268124
48.040000,0.231449,0.281944,0.219719
48.045000,0.419817,0.351226,0.435288
48.050000,-0.326412,-0.068962,-0.213700
48.055000,-0.500280,-0.458395,-0.363731
48.060000,0.052205,0.196972,0.141640
48.065000,0.460482,0.234261,0.262071
48.070000,-0.117683,-0.257993,-0.245212
48.075000,-0.436362,-0.360695,-0.466991
48.080000,0.107233,0.277971,0.291918
48.085000,0.455475,0.267069,0.337738
48.090000,-0.010319,-0.210692,0.003836
48.095000,-0.438145,-0.259725,-0.489704
48.100000,0.255141,0.221146,0.144616
48.105000,0.361248,0.259339,0.382792
48.110000,-0.250088,-0.480845,-0.312868
48.115000,-0.288602,-0.388792,-0.440187
48.120000,0.098518,0.079075,0.225779
48.125000,0.446978,0.349663,0.206191
48.130000,-0.030509,-0.253792,-0.217538
48.135000,-0.453082,-0.346878,-0.525242
48.140000,-0.092025,0.190569,0.153005
48.145000,0.568312,0.300769,0.594431
48.150000,0.023332,-0.149457,0.001675
48.155000,-0.587384,-0.476806,-0.410329
48.160000,0.218230,0.287302,0.109315
48.165000,0.284765,0.504558,0.555602
48.170000,-0.068512,-0.031319,-0.096204
48.175000,-0.317725,-0.260499,-0.396069
48.180000,0.103250,0.238737,0.057349
48.185000,0.453050,0.431955,0.435900
48.190000,-0.003268,-0.202216,-0.176752
48.195000,-0.314733,-0.293985,-0.350938
48.200000,0.317955,0.266226,0.197079
48.205000,0.361003,0.267409,0.600384
48.210000,0.014582,-0.182068,-0.083425
48.215000,-0.296637,-0.121782,-0.379556
48.220000,0.051023,0.126853,-0.234317
48.225000,0.417161,0.383674,0.211944
48.230000,0.194706,-0.211457,-0.188323
48.235000,-0.420067,-0.258241,-0.410576
48.240000,0.003746,0.063703,0.126991
48.245000,0.322157,0.507377,0.448434
48.250000,0.003455,-0.239314,-0.127888
48.255000,-0.243649,-0.360700,-0.477450
48.260000,0.083770,0.091456,0.231702
48.265000,0.497497,0.402310,0.302246
48.270000,-0.039837,-0.180856,-0.181196
48.275000,-0.261202,-0.490770,-0.295108
48.280000,0.092322,0.418494,0.021606
48.285000,0.445524,0.361631,0.433172
48.290000,0.090398,-0.101516,-0.046371
48.295000,-0.435507,-0.423741,-0.322805
48.300000,0.061840,0.239410,0.285204
48.305000,0.381791,0.411669,0.337947
48.310000,-0.325645,-0.111821,-0.375436
48.315000,-0.496686,-0.281266,-0.365022
48.320000,0.033277,0.084173,0.235032
48.325000,0.379043,0.416497,0.408918
48.330000,-0.038503,-0.244209,-0.288315
48.335000,-0.431467,-0.392344,-0.372067
48.340000,0.054898,0.133772,0.185856
48.345000,0.431057,0.443036,0.467341
48.350000,0.018351,-0.072756,-0.159892
48.355000,-0.428245,-0.268189,-0.532566
48.360000,0.077460,0.172821,0.075857
48.365000,0.392339,0.354232,0.397959
48.370000,-0.051268,-0.192332,-0.205343
48.375000,-0.397964,-0.437793,-0.353811
48.380000,-0.009685,0.421627,0.139079
48.385000,0.539241,0.343470,0.236034
48.390000,-0.068379,-0.264772,-0.139352
48.395000,-0.466691,-0.294954,-0.358923
48.400000,0.001594,0.199901,0.330675
48.405000,0.402609,0.392204,0.343744
48.410000,0.089014,-0.328038,-0.096734
48.415000,-0.264887,-0.450679,-0.258237
48.420000,-0.146105,0.264091,0.170615
48.425000,0.301022,0.281645,0.275826
48.430000,-0.168518,-0.162967,-0.214651
48.435000,-0.294125,-0.491438,-0.341004
48.440000,0.016520,0.164222,0.237389
48.445000,0.402150,0.381875,0.351872
48.450000,0.082349,-0.254126,-0.077422
48.455000,-0.444107,-0.366442,-0.550507
48.460000,-0.123983,0.179427,0.191595
48.465000,0.434280,0.310942,0.578502
48.470000,0.094808,-0.173672,-0.288236
48.475000,-0.392440,-0.326136,-0.445485
48.480000,0.107740,0.195748,0.110210
48.485000,0.321523,0.490423,0.338698
48.490000,-0.077112,-0.069602,-0.131192
48.495000,-0.537748,-0.391896,-0.495441
48.500000,0.104893,0.183534,0.213761
48.505000,0.214730,0.406471,0.546667
48.510000,-0.128907,-0.320764,-0.144481
48.515000,-0.523945,-0.392024,-0.209229
48.520000,0.096445,0.352283,0.298734
48.525000,0.517117,0.207711,0.589583
48.530000,-0.077276,-0.190947,-0.204283
48.535000,-0.379812,-0.513413,-0.371763
48.540000,-0.100257,0.207595,0.190716
48.545000,0.421520,0.522056,0.305217
48.550000,0.108747,-0.049736,-0.295696
48.555000,-0.449875,-0.465316,-0.398238
48.560000,-0.011400,0.084491,0.216387
48.565000,0.458988,0.207420,0.442828
48.570000,-0.020737,-0.181833,-0.049040
48.575000,-0.288885,-0.442204,-0.291060
48.580000,0.155073,0.236583,0.013774
48.585000,0.261043,0.319197,0.020698
48.590000,0.100975,-0.089191,-0.217690
48.595000,-0.430223,-0.431710,-0.157721
48.600000,-0.026064,0.138120,0.147960
48.605000,0.450220,0.160358,0.318259
48.610000,0.036332,-0.121438,-0.188080
48.615000,-0.319768,-0.528662,-0.230327
48.620000,0.078484,0.068312,0.075447
48.625000,0.488497,0.333239,0.263542
48.630000,0.076120,-0.232726,-0.173902
48.635000,-0.325684,-0.367226,-0.302414
48.640000,-0.064643,0.148435,0.295516
48.645000,0.263805,0.442912,0.291248
48.650000,-0.090033,-0.370175,-0.289338
48.655000,-0.435478,-0.547790,-0.325243
48.660000,0.040162,0.173080,0.295101
48.665000,0.431043,0.541855,0.338716
48.670000,0.192629,-0.127795,-0.240464
48.675000,-0.447664,-0.336250,-0.456200
48.680000,0.203907,0.366752,0.296698
48.685000,0.478127,0.382295,0.261346
48.690000,0.142407,-0.144188,-0.099874
48.695000,-0.342688,-0.564107,-0.308446
48.700000,0.100745,0.010465,0.122847
48.705000,0.358709,0.430944,0.291050
48.710000,0.020916,-0.077831,-0.274924
48.715000,-0.352092,-0.291813,-0.236844
48.720000,0.032991,0.142151,0.098888
48.725000,0.438596,0.284416,0.375475
48.730000,-0.070649,-0.162188,-0.102406
48.735000,-0.308037,-0.399851,-0.330762
48.740000,-0.040969,0.283496,0.349478
48.745000,0.494700,0.400502,0.493342
48.750000,-0.005391,-0.220282,-0.054263
48.755000,-0.218939,-0.455429,-0.418437
48.760000,0.047742,0.164702,0.146681
48.765000,0.342535,0.371577,0.334502
48.770000,0.037374,-0.263716,-0.244193
48.775000,-0.464963,-0.169408,-0.526490
48.780000,0.056943,0.135348,-0.139224
48.785000,0.382008,0.384820,0.285179
48.790000,0.012381,-0.408093,-0.393524
48.795000,-0.271350,-0.263173,-0.290749
48.800000,-0.112162,0.215153,0.125290
48.805000,0.532050,0.407096,0.303786
48.810000,-0.024090,-0.238254,-0.160276
48.815000,-0.501413,-0.337190,-0.504224
48.820000,0.043856,0.327672,0.055685
48.825000,0.417117,0.479796,0.457863
48.830000,-0.007395,-0.020591,-0.316593
48.835000,-0.435485,-0.420624,-0.451946
48.840000,0.034238,0.212052,0.351782
48.845000,0.451314,0.116443,0.389476
48.850000,0.170757,-0.182925,-0.101041
48.855000,-0.280749,-0.347759,-0.231907
48.860000,-0.001298,0.001059,0.122784
48.865000,0.214905,0.511862,0.441762
48.870000,0.143457,-0.089516,-0.252446
48.875000,-0.382329,-0.347802,-0.292465
48.880000,-0.163267,0.241103,0.104440
48.885000,0.332234,0.302360,0.363287
48.890000,-0.004802,-0.128715,-0.125854
48.895000,-0.397773,-0.413318,-0.368991
48.900000,-0.010050,0.206694,0.149467
48.905000,0.318699,0.341995,0.438578
48.910000,-0.030155,-0.171889,-0.086388
48.915000,-0.577696,-0.336381,-0.214631
48.920000,-0.184449,0.094103,0.468433
48.925000,0.375696,0.494209,0.351824
48.930000,0.165264,-0.058447,-0.259925
48.935000,-0.433101,-0.355199,-0.383920
48.940000,0.095351,0.048577,0.323465
48.945000,0.456509,0.376414,0.381313
48.950000,0.174376,-0.288866,-0.173325
48.955000,-0.446995,-0.319742,-0.528003
48.960000,-0.057978,0.098432,0.318709
48.965000,0.172355,0.291542,0.262112
48.970000,0.094620,-0.106196,-0.262282
48.975000,-0.394029,-0.336827,-0.331370
48.980000,0.020219,0.146904,0.251730
48.985000,0.429407,0.399618,0.332378
48.990000,0.019000,-0.117964,-0.182512
48.995000,-0.229438,-0.368140,-0.256095
49.000000,-0.227915,0.061420,0.274084
49.005000,0.306487,0.484342,0.373754
49.010000,0.124659,0.073811,-0.194404
49.015000,-0.473686,-0.363029,-0.382809
49.020000,-0.112352,0.166743,0.229346
49.025000,0.198600,0.505941,0.298504
49.030000,0.104461,-0.261977,-0.175632
49.035000,-0.408862,-0.212544,-0.182854
49.040000,-0.153731,0.179550,0.252607
49.045000,0.433062,0.401320,0.369365
49.050000,0.109233,-0.019529,-0.386516
49.055000,-0.256421,-0.417959,-0.372286
49.060000,-0.201265,0.165937,0.095295
49.065000,0.301224,0.376736,0.267633
49.070000,-0.025269,-0.196857,-0.269403
49.075000,-0.263366,-0.433628,-0.235690
49.080000,-0.179482,0.014852,0.251712
49.085000,0.401063,0.474644,0.350004
49.090000,-0.083832,-0.072480,-0.124948
49.095000,-0.429442,-0.360055,-0.364248
49.100000,-0.129195,0.140458,0.223783
49.105000,0.584479,0.254717,0.656982
49.110000,0.118965,-0.179897,0.078226
49.115000,-0.532905,-0.271337,-0.636519
49.120000,-0.153695,0.138956,0.339936
49.125000,0.408504,0.378488,0.336343
49.130000,0.025541,-0.101355,-0.149235
49.135000,-0.448009,-0.230517,-0.378501
49.140000,-0.210498,0.156627,0.239528
49.145000,0.348841,0.584816,0.374246
49.150000,0.269155,-0.037698,-0.222174
49.155000,-0.495564,-0.475582,-0.298739
49.160000,-0.194699,0.127958,0.372365
49.165000,0.297745,0.422481,0.340446
49.170000,0.027579,-0.076055,-0.279982
49.175000,-0.419204,-0.600377,-0.279650
49.180000,-0.040786,0.072014,0.303877
49.185000,0.564187,0.324283,0.436741
49.190000,0.133196,0.111802,-0.442991
49.195000,-0.474809,-0.485406,-0.389173
49.200000,-0.080338,0.024682,0.179775
49.205000,0.354952,0.334641,0.389374
49.210000,0.296752,0.052454,-0.253045
49.215000,-0.466355,-0.496283,-0.315858
49.220000,-0.193602,0.271784,0.289819
49.225000,0.287564,0.621125,0.388343
49.230000,0.120302,-0.084273,-0.163625
49.235000,-0.135838,-0.380171,-0.280944
49.240000,-0.156574,0.073458,0.139503
49.245000,0.397913,0.358631,0.247444
49.250000,0.233831,-0.166997,-0.197044
49.255000,-0.466375,-0.283036,-0.394492
49.260000,-0.200224,0.008343,0.308110
49.265000,0.354931,0.481281,0.324887
49.270000,0.033654,-0.119482,-0.208830
49.275000,-0.468182,-0.463293,-0.390074
49.280000,-0.049278,-0.067694,0.399384
49.285000,0.265838,0.358383,0.299802
49.290000,0.103617,-0.076579,-0.382148
49.295000,-0.391651,-0.369568,-0.321669
49.300000,-0.150903,0.376613,0.299083
49.305000,0.257774,0.521560,0.439001
49.310000,0.187549,-0.109449,-0.303889
49.315000,-0.247983,-0.298262,-0.335575
49.320000,0.035842,-0.053464,0.115118
49.325000,0.289557,0.313734,0.259113
49.330000,0.165718,-0.144459,-0.215689
49.335000,-0.243159,-0.380573,-0.330009
49.340000,-0.073938,0.078681,-0.002818
49.345000,0.344725,0.277201,0.216458
49.350000,0.129576,-0.180823,-0.328887
49.355000,-0.435037,-0.355313,-0.334291
49.360000,-0.067851,0.244955,0.288958
49.365000,0.352941,0.479923,0.375814
49.370000,-0.052698,-0.133960,-0.123368
49.375000,-0.248853,-0.435715,-0.372445
49.380000,-0.208750,0.126912,0.327434
49.385000,0.352691,0.454739,0.300619
49.390000,0.202134,0.052727,-0.196883
49.395000,-0.307294,-0.395251,-0.565021
49.400000,0.056180,0.206363,0.127266
49.405000,0.480876,0.424599,0.393642
49.410000,0.216366,-0.126574,-0.073806
49.415000,-0.174520,-0.238402,-0.420854
49.420000,-0.063836,0.124327,0.213943
49.425000,0.227708,0.468115,0.516233
49.430000,-0.021381,-0.001075,-0.175049
49.435000,-0.376546,-0.341220,-0.254016
49.440000,-0.148591,0.161011,0.298169
49.445000,0.234653,0.337039,0.292293
49.450000,0.215645,-0.190246,-0.014365
49.455000,-0.246756,-0.486663,-0.438188
49.460000,-0.156527,0.166975,0.190318
49.465000,0.285621,0.424904,0.364626
49.470000,0.392694,-0.161783,-0.161956
49.475000,-0.188161,-0.296332,-0.400715
49.480000,-0.225613,-0.041267,0.275581
49.485000,0.197854,0.373258,0.398630
49.490000,0.000925,-0.247453,-0.334527
49.495000,-0.411128,-0.413396,-0.332552
49.500000,-0.226756,0.059318,0.271884
49.505000,0.340521,0.184488,0.316774
49.510000,0.165334,-0.038907,-0.160356
49.515000,-0.323707,-0.335451,-0.447427
49.520000,-0.047607,-0.109351,0.164552
49.525000,0.423957,0.456362,0.392861
49.530000,0.230821,-0.048082,-0.115282
49.535000,-0.373595,-0.425166,-0.390631
49.540000,-0.358514,0.132390,0.359444
49.545000,0.401271,0.266331,0.387945
49.550000,0.280802,-0.018601,-0.304876
49.555000,-0.324075,-0.417153,-0.480980
49.560000,-0.192122,0.174736,0.258211
49.565000,0.233916,0.415248,0.351224
49.570000,0.091213,-0.050597,-0.033917
49.575000,-0.198888,-0.421862,-0.266589
49.580000,-0.243185,0.103678,0.321953
49.585000,0.242775,0.413670,0.354751
49.590000,0.250086,-0.018538,-0.232097
49.595000,-0.349441,-0.298157,-0.165613
49.600000,-0.329819,-0.079704,0.135824
49.605000,0.365373,0.535998,0.339011
49.610000,0.199253,-0.205871,-0.028122
49.615000,-0.361776,-0.452664,-0.212165
49.620000,-0.423857,-0.036583,0.085873
49.625000,0.319619,0.545241,0.575742
49.630000,0.250849,-0.084132,-0.194219
49.635000,-0.378960,-0.288161,-0.378330
49.640000,0.083791,0.041191,0.152233
49.645000,0.553294,0.440320,0.493384
49.650000,0.279881,-0.040519,-0.137867
49.655000,-0.391975,-0.384670,-0.316600
49.660000,-0.051450,0.206666,0.071281
49.665000,0.193685,0.315461,0.360563
49.670000,0.464789,-0.373729,-0.331075
49.675000,-0.146861,-0.471880,-0.293756
49.680000,-0.209770,0.099840,0.263654
49.685000,0.204091,0.317625,0.286033
49.690000,0.189185,0.050087,-0.173674
49.695000,-0.175208,-0.238677,-0.320126
49.700000,-0.296351,0.036892,0.272340
49.705000,0.221055,0.464504,0.581087
49.710000,0.201729,-0.133980,-0.348859
49.715000,-0.342716,-0.497925,-0.080846
49.720000,-0.054184,0.232841,0.262611
49.725000,0.285005,0.194589,0.197641
49.730000,0.195758,0.057522,-0.252443
49.735000,-0.263751,-0.177102,-0.446551
49.740000,-0.199453,-0.017085,0.342745
49.745000,0.346617,0.355434,0.412240
49.750000,0.333015,-0.121918,-0.202828
49.755000,-0.250821,-0.220641,-0.455752
49.760000,-0.213565,0.062393,0.215439
49.765000,0.430252,0.354991,0.472671
49.770000,0.217315,-0.030146,-0.200118
49.775000,-0.378948,-0.559387,-0.343836
49.780000,-0.211621,0.005658,0.343293
49.785000,0.283032,0.354017,0.409351
49.790000,0.256812,0.124206,-0.321940
49.795000,-0.135517,-0.238468,-0.255106
49.800000,-0.259524,0.197409,0.260176
49.805000,0.314650,0.526627,0.367285
49.810000,0.167788,-0.013609,-0.213098
49.815000,-0.198699,-0.318894,-0.390536
49.820000,-0.111970,0.013130,0.197419
49.825000,0.126213,0.338491,0.343314
49.830000,0.351463,0.019194,-0.146702
49.835000,-0.232123,-0.460869,-0.474866
49.840000,-0.373833,0.023141,0.122357
49.845000,0.166893,0.446482,0.205848
49.850000,0.233849,0.016727,-0.069759
49.855000,-0.193526,-0.361290,-0.492784
49.860000,-0.357777,-0.022079,0.222971
49.865000,0.327754,0.411068,0.454682
49.870000,0.366433,-0.001556,-0.203049
49.875000,-0.400567,-0.462512,-0.480722
49.880000,-0.240291,0.052071,0.221423
49.885000,0.204440,0.410415,0.359646
49.890000,0.290297,-0.116642,-0.483895
49.895000,-0.341163,-0.294390,-0.421646
49.900000,-0.246790,-0.077122,0.171034
49.905000,0.368914,0.425553,0.292595
49.910000,0.238387,-0.015165,-0.192721
49.915000,-0.392151,-0.422860,-0.378577
49.920000,-0.247073,-0.060126,0.112690
49.925000,0.277791,0.484402,0.252871
49.930000,0.033269,0.015773,-0.292945
49.935000,-0.401140,-0.505904,-0.390427
49.940000,-0.345184,0.060116,0.077230
49.945000,0.325456,0.524135,0.275168
49.950000,-0.016789,0.142012,-0.291886
49.955000,-0.133137,-0.546676,-0.546567
49.960000,-0.327929,0.067731,0.106190
49.965000,0.173917,0.468528,0.457315
49.970000,0.405037,-0.033232,-0.093859
49.975000,-0.226882,-0.290624,-0.465502
49.980000,-0.246930,-0.139843,0.186512
49.985000,0.258239,0.453527,0.323066
49.990000,0.348352,0.002424,-0.163027
49.995000,-0.350763,-0.572911,-0.449717
50.000000,-0.165281,0.045049,0.166804
50.005000,0.463737,0.416857,0.279007
50.010000,0.364738,-0.081894,-0.169338
50.015000,-0.182490,-0.344370,-0.475497
50.020000,-0.265000,0.048550,0.293209
50.025000,0.240457,0.507596,0.460499
50.030000,0.207905,-0.003232,-0.218649
50.035000,-0.309881,-0.340170,-0.250452
50.040000,-0.296893,-0.060723,0.237098
50.045000,0.125054,0.411341,0.258255
50.050000,0.203671,-0.109451,-0.340543
50.055000,-0.229169,-0.141359,-0.351355
50.060000,-0.161924,0.033774,0.228017
50.065000,0.221265,0.392416,0.309430
50.070000,0.230867,0.003590,-0.127861
50.075000,-0.429886,-0.319982,-0.315355
50.080000,-0.266253,-0.027144,0.194085
50.085000,0.072155,0.168733,0.265517
50.090000,0.156380,0.075320,-0.152672
50.095000,-0.371579,-0.443054,-0.334795
50.100000,-0.284602,0.027778,0.199663
50.105000,0.044152,0.265282,0.303832
50.110000,0.289786,-0.054315,0.043058
50.115000,-0.152809,-0.454427,-0.479557
50.120000,-0.210924,0.047922,0.036991
50.125000,0.223542,0.268941,0.457778
50.130000,0.463101,0.098885,-0.195797
50.135000,-0.277212,-0.374902,-0.223813
50.140000,-0.322180,0.190249,0.156107
50.145000,0.269293,0.465665,0.431242
50.150000,0.350116,0.111265,-0.006345
50.155000,-0.228641,-0.546282,-0.222263
50.160000,-0.191869,-0.102844,0.248510
50.165000,0.117167,0.425593,0.221719
50.170000,0.178530,0.094478,-0.062324
50.175000,-0.268394,-0.465132,-0.417198
50.180000,-0.286860,-0.093222,0.441691
50.185000,0.397895,0.451484,0.234612
50.190000,0.248602,0.108764,-0.169089
50.195000,-0.400708,-0.336998,-0.297533
50.200000,-0.383477,0.079337,0.206715
50.205000,0.345776,0.188132,0.337588
50.210000,0.232282,0.040993,-0.114844
50.215000,-0.387985,-0.488461,-0.260053
50.220000,-0.151012,-0.054215,0.330342
50.225000,0.471400,0.397264,0.355127
50.230000,0.221496,0.094115,-0.285656
50.235000,-0.061937,-0.298426,-0.436804
50.240000,-0.270156,0.218180,0.189657
50.245000,0.254425,0.358682,0.444872
50.250000,0.157729,-0.055556,-0.037582
50.255000,-0.396193,-0.338900,-0.420755
50.260000,-0.305779,0.009555,0.122466
50.265000,0.157513,0.392629,0.402702
50.270000,0.255891,-0.024306,-0.222428
50.275000,-0.283855,-0.328383,-0.341697
50.280000,-0.339653,-0.009562,0.094670
50.285000,0.230096,0.184825,0.383140
50.290000,0.274934,0.070364,-0.264640
50.295000,-0.413325,-0.359679,-0.412619
50.300000,-0.322929,0.005346,0.099616
50.305000,0.237830,0.382019,0.199398
50.310000,0.351887,-0.035661,-0.128426
50.315000,-0.233473,-0.302216,-0.185583
50.320000,-0.479172,-0.044805,0.188333
50.325000,0.307219,0.492652,0.230067
50.330000,0.255006,0.053486,-0.210432
50.335000,-0.254623,-0.595899,-0.339265
50.340000,-0.219172,0.073503,0.127841
50.345000,0.340106,0.248346,0.565816
50.350000,0.306282,-0.191542,-0.161285
50.355000,-0.168586,-0.457397,-0.506367
50.360000,-0.112041,0.009875,0.105470
50.365000,0.403184,0.169067,0.415446
50.370000,0.327088,-0.196581,-0.200505
50.375000,-0.322235,-0.319450,-0.418919
50.380000,-0.372816,-0.022292,-0.011174
50.385000,0.233756,0.326879,0.411753
50.390000,0.264516,0.117580,-0.286686
50.395000,-0.176771,-0.396306,-0.508750
50.400000,-0.336894,0.131989,0.268711
50.405000,0.306475,0.356688,0.219839
50.410000,0.204167,0.020125,-0.085049
50.415000,-0.211823,-0.237050,-0.256797
50.420000,-0.230907,-0.057733,0.244196
50.425000,0.367007,0.349407,0.369005
50.430000,0.492273,-0.062887,-0.134616
50.435000,-0.463893,-0.338661,-0.339228
50.440000,-0.303506,-0.056505,0.347144
50.445000,0.329458,0.439335,0.337663
50.450000,0.066484,-0.034752,-0.221348
50.455000,-0.175285,-0.400978,-0.415883
50.460000,-0.293311,0.060390,0.096907
50.465000,0.367417,0.420015,0.340683
50.470000,0.415452,0.070898,-0.203731
50.475000,-0.290861,-0.395118,-0.323882
50.480000,-0.347921,-0.024204,0.083079
50.485000,0.195986,0.490048,0.282789
50.490000,0.233069,-0.126446,-0.139012
50.495000,-0.459159,-0.410920,-0.370755
50.500000,-0.126305,-0.164743,0.156135
50.505000,0.373669,0.499090,0.538702
50.510000,0.322046,-0.089041,-0.389456
50.515000,-0.190471,-0.455020,-0.477606
50.520000,-0.353319,0.093574,0.017392
50.525000,0.130536,0.389528,0.341327
50.530000,0.409281,-0.260470,-0.159841
50.535000,-0.249775,-0.384293,-0.313050
50.540000,-0.086591,0.116496,0.244409
50.545000,0.359205,0.401876,0.509011
50.550000,0.380384,-0.095993,-0.402439
50.555000,-0.277591,-0.325042,-0.319074
50.560000,-0.290014,0.146248,0.096631
50.565000,0.292756,0.482146,0.351597
50.570000,0.224976,-0.083424,-0.108490
50.575000,-0.495967,-0.435947,-0.511254
50.580000,-0.112299,0.130216,0.081162
50.585000,0.324713,0.477793,0.571861
50.590000,0.181154,-0.169210,-0.260859
50.595000,-0.122960,-0.296198,-0.431108
50.600000,-0.256945,0.103272,0.334703
50.605000,0.352887,0.499245,0.225811
50.610000,0.341009,0.013608,-0.388839
50.615000,-0.171097,-0.585808,-0.415888
50.620000,-0.141764,0.077018,0.358353
50.625000,0.302951,0.459137,0.456689
50.630000,0.257551,-0.004618,-0.197755
50.635000,-0.441178,-0.356976,-0.365110
50.640000,-0.152917,0.157601,0.272782
50.645000,0.311919,0.518005,0.373069
50.650000,0.165399,-0.086347,0.096262
50.655000,-0.428699,-0.409569,-0.498299
50.660000,-0.457928,0.027626,0.179736
50.665000,0.500840,0.265109,0.381331
50.670000,0.244227,0.021761,-0.186273
50.675000,-0.506155,-0.442473,-0.361481
50.680000,-0.221669,0.003164,0.314116
50.685000,0.400765,0.424989,0.251900
50.690000,0.299013,-0.184386,-0.148334
50.695000,-0.417416,-0.420182,-0.449147
50.700000,-0.245490,-0.069971,0.118092
50.705000,0.326432,0.553258,0.259438
50.710000,0.308050,-0.335060,-0.216311
50.715000,-0.539278,-0.226213,-0.415914
50.720000,-0.207475,0.037664,0.154708
50.725000,0.141857,0.435702,0.507574
50.730000,0.020067,-0.096089,-0.109957
50.735000,-0.174268,-0.148225,-0.267858
50.740000,-0.305931,-0.073226,0.254376
50.745000,0.029643,0.541383,0.276272
50.750000,0.258352,0.074095,0.036687
50.755000,-0.263527,-0.504219,-0.404485
50.760000,-0.253521,-0.076225,0.211134
50.765000,0.222742,0.345326,0.273767
50.770000,0.311282,-0.017642,-0.157816
50.775000,-0.232425,-0.438323,-0.427790
50.780000,-0.162990,0.096922,0.237040
50.785000,0.225969,0.433537,0.267639
50.790000,0.221723,0.058042,-0.243036
50.795000,-0.368446,-0.439964,-0.560699
50.800000,-0.194160,-0.104776,0.055533
50.805000,0.467654,0.353833,0.447084
50.810000,0.214814,-0.289768,-0.212704
50.815000,-0.311677,-0.443558,-0.076263
50.820000,-0.419658,0.090372,0.226662
50.825000,0.449522,0.307257,0.341902
50.830000,0.127959,-0.247833,-0.375085
50.835000,-0.427962,-0.293319,-0.282937
50.840000,-0.259273,-0.091033,0.258965
50.845000,0.332337,0.513477,0.437269
50.850000,0.258076,0.075888,-0.213697
50.855000,-0.209889,-0.504884,-0.358961
50.860000,-0.262597,0.269931,0.158249
50.865000,0.283551,0.532316,0.356914
50.870000,0.193617,0.015378,-0.315813
50.875000,-0.333599,-0.589481,-0.411588
50.880000,-0.260003,0.081759,0.142876
50.885000,0.141642,0.262333,0.424669
50.890000,0.118108,-0.034692,-0.181277
50.895000,-0.426827,-0.444079,-0.328702
50.900000,-0.168674,0.041115,0.170225
50.905000,0.237680,0.386009,0.370841
50.910000,0.291557,-0.114458,-0.151417
50.915000,-0.237399,-0.458612,-0.444434
50.920000,-0.246108,0.089817,0.242344
50.925000,0.489991,0.315068,0.378483
50.930000,0.228583,-0.121921,-0.347345
50.935000,-0.352738,-0.402977,-0.365297
50.940000,-0.093649,0.157991,0.119798
50.945000,0.508936,0.437775,0.450640
50.950000,0.113159,0.051403,-0.288259
50.955000,-0.408496,-0.246485,-0.390405
50.960000,-0.300274,0.142921,0.182499
50.965000,0.433970,0.357351,0.390978
50.970000,0.333345,-0.143126,-0.212028
50.975000,-0.380704,-0.219384,-0.346603
50.980000,-0.002486,-0.031556,0.404999
50.985000,0.366846,0.489219,0.405758
50.990000,0.183473,-0.099486,-0.112299
50.995000,-0.217032,-0.341492,-0.258990
51.000000,-0.151561,0.110463,0.150440
51.005000,0.182602,0.444833,0.420584
51.010000,0.192209,-0.191642,-0.103470
51.015000,-0.413323,-0.272496,-0.102394
51.020000,0.045095,0.138283,0.274546
51.025000,0.275103,0.523500,0.463167
51.030000,-0.027830,0.043913,-0.145925
51.035000,-0.417393,-0.443547,-0.496599
51.040000,-0.272065,0.089101,0.238827
51.045000,0.236153,0.460681,0.467466
51.050000,0.133088,-0.054888,-0.129757
51.055000,-0.144642,-0.637803,-0.261526
51.060000,-0.090254,0.182605,0.314832
51.065000,0.391340,0.215026,0.347084
51.070000,0.036216,-0.121267,-0.270109
51.075000,-0.587065,-0.445865,-0.173701
51.080000,-0.108607,0.072660,0.081734
51.085000,0.262945,0.330748,0.209823
51.090000,0.199946,0.014553,-0.357543
51.095000,-0.317446,-0.367657,-0.365346
51.100000,-0.165554,0.275784,0.305836
51.105000,0.232725,0.447968,0.364272
51.110000,0.122862,-0.160559,-0.090046
51.115000,-0.361170,-0.427316,-0.142799
51.120000,-0.159966,0.169772,0.304123
51.125000,0.388052,0.311835,0.341911
51.130000,0.204219,-0.049566,-0.225376
51.135000,-0.173375,-0.168964,-0.290705
51.140000,-0.199425,0.020351,0.155713
51.145000,0.286756,0.259000,0.284937
51.150000,0.055321,-0.222234,-0.115959
51.155000,-0.320288,-0.283355,-0.241084
51.160000,-0.152379,0.062991,0.132454
51.165000,0.399735,0.356649,0.397585
51.170000,0.025228,0.025060,-0.131697
51.175000,-0.414675,-0.418417,-0.230637
51.180000,-0.128896,0.031979,0.080660
51.185000,0.211352,0.364802,0.294713
51.190000,0.210008,-0.191813,-0.037357
51.195000,-0.514955,-0.354396,-0.464957
51.200000,-0.174966,0.038391,0.211142
51.205000,0.468996,0.417541,0.450856
51.210000,0.005437,0.173446,-0.371096
51.215000,-0.352467,-0.374179,-0.450794
51.220000,0.006763,0.024217,0.121068
51.225000,0.396109,0.466231,0.429983
51.230000,-0.050205,-0.237600,-0.211298
51.235000,-0.319322,-0.357003,-0.311521
51.240000,-0.061481,0.161762,0.247363
51.245000,0.369457,0.531553,0.360111
51.250000,0.076528,-0.256831,-0.236066
51.255000,-0.487219,-0.401527,-0.240563
51.260000,0.102883,0.146302,0.356973
51.265000,0.150172,0.375371,0.382706
51.270000,0.058221,0.041127,-0.281252
51.275000,-0.426215,-0.500786,-0.350022
51.280000,-0.127519,0.166230,0.313525
51.285000,0.343501,0.408724,0.368935
51.290000,0.169742,-0.257353,-0.361376
51.295000,-0.457641,-0.242826,-0.476522
51.300000,-0.293340,0.252748,0.172212
51.305000,0.328062,0.453898,0.366882
51.310000,-0.081715,-0.054663,-0.096980
51.315000,-0.282571,-0.294742,-0.174107
51.320000,-0.181269,0.033849,0.294195
51.325000,0.199977,0.301193,0.359698
51.330000,0.237142,0.030990,-0.147510
51.335000,-0.196613,-0.535088,-0.488412
51.340000,-0.024528,0.078117,0.306705
51.345000,0.263789,0.294387,0.340391
51.350000,0.100587,-0.410328,-0.340658
51.355000,-0.486977,-0.324424,-0.227426
51.360000,-0.195015,0.199299,0.254343
51.365000,0.372909,0.454403,0.357406
51.370000,-0.007019,-0.178588,-0.307462
51.375000,-0.338271,-0.392897,-0.310175
51.380000,-0.121888,0.151922,0.167730
51.385000,0.369290,0.238492,0.427090
51.390000,0.155345,-0.165479,-0.254038
51.395000,-0.540280,-0.460205,-0.289879
51.400000,-0.131262,-0.077217,0.178593
51.405000,0.240578,0.384950,0.272202
51.410000,0.219282,-0.220400,-0.238131
51.415000,-0.237139,-0.241965,-0.415370
51.420000,-0.040155,0.225079,0.085549
51.425000,0.258387,0.218707,0.441372
51.430000,0.028422,-0.139979,-0.300307
51.435000,-0.294333,-0.230419,-0.477894
51.440000,0.026873,0.087805,0.256419
51.445000,0.173049,0.408542,0.476539
51.450000,-0.027460,-0.173169,-0.270306
51.455000,-0.412329,-0.323243,-0.306877
51.460000,-0.213211,0.166720,0.247073
51.465000,0.388715,0.353601,0.321193
51.470000,0.046381,-0.167858,-0.155149
51.475000,-0.455237,-0.162515,-0.407572
51.480000,-0.184248,0.208233,0.328650
51.485000,0.231582,0.347313,0.225370
51.490000,0.206768,-0.258449,-0.193304
51.495000,-0.279057,-0.297330,-0.551775
51.500000,-0.176076,0.260773,0.265847
51.505000,0.277091,0.247062,0.522613
51.510000,0.082663,-0.235138,-0.198391
51.515000,-0.295022,-0.272166,-0.304718
51.520000,-0.056973,0.098053,0.057417
51.525000,0.409590,0.540433,0.324593
51.530000,-0.010257,0.040786,-0.288272
51.535000,-0.329015,-0.374588,-0.336625
51.540000,-0.125915,0.087142,0.135548
51.545000,0.479731,0.429123,0.478320
51.550000,0.096192,-0.057254,-0.231015
51.555000,-0.162044,-0.228067,-0.245043
51.560000,-0.036847,0.265718,0.214253
51.565000,0.339652,0.250606,0.284878
51.570000,0.040367,-0.270469,-0.202925
51.575000,-0.203699,-0.433427,-0.342081
51.580000,0.009157,0.159479,0.184789
51.585000,0.433503,0.260327,0.309668
51.590000,0.057605,-0.144148,-0.289661
51.595000,-0.261909,-0.340760,-0.369220
51.600000,-0.117851,0.163740,0.313518
51.605000,0.324531,0.378053,0.222838
51.610000,0.056513,-0.192934,-0.325924
51.615000,-0.536420,-0.366498,-0.331130
51.620000,-0.028001,-0.024282,-0.013329
51.625000,0.459901,0.557638,0.394618
51.630000,0.079526,-0.157796,-0.156420
51.635000,-0.487811,-0.269525,-0.218194
51.640000,-0.012039,0.048876,0.127342
51.645000,0.478894,0.303147,0.394044
51.650000,0.054390,-0.237160,-0.187977
51.655000,-0.411615,-0.295758,-0.432558
51.660000,-0.028595,0.040551,0.312640
51.665000,0.480119,0.304272,0.354877
51.670000,0.232753,-0.000752,-0.184814
51.675000,-0.368827,-0.518663,-0.506463
51.680000,-0.236140,0.104750,0.289559
51.685000,0.329053,0.303847,0.226152
51.690000,0.097566,-0.104557,-0.284024
51.695000,-0.253871,-0.534120,-0.149286
51.700000,-0.039492,0.254501,0.189496
51.705000,0.616454,0.402474,0.446179
51.710000,-0.031487,-0.215502,-0.250050
51.715000,-0.381033,-0.546952,-0.375039
51.720000,-0.012201,-0.009263,0.205047
51.725000,0.290255,0.559006,0.359571
51.730000,-0.184238,-0.133642,-0.015384
51.735000,-0.439762,-0.362357,-0.330729
51.740000,-0.225239,0.060313,0.075420
51.745000,0.592264,0.259941,0.305770
51.750000,-0.043250,-0.267456,-0.106666
51.755000,-0.401384,-0.471013,-0.350269
51.760000,-0.029311,0.239355,0.215441
51.765000,0.456915,0.433977,0.395565
51.770000,0.113520,-0.079622,-0.195387
51.775000,-0.345317,-0.419558,-0.344844
51.780000,-0.014603,0.169561,0.080541
51.785000,0.350655,0.498113,0.481666
51.790000,0.006797,-0.156273,0.049864
51.795000,-0.486398,-0.257100,-0.305527
51.800000,0.036174,0.155442,0.045405
51.805000,0.500700,0.245300,0.242257
51.810000,-0.113025,-0.115333,-0.147351
51.815000,-0.276796,-0.361439,-0.278323
51.820000,-0.043471,0.227777,0.455978
51.825000,0.384394,0.550994,0.451619
51.830000,0.086415,-0.197217,-0.399431
51.835000,-0.420546,-0.276139,-0.421365
51.840000,-0.080100,0.305252,0.276418
51.845000,0.512572,0.355842,0.364434
51.850000,-0.044105,-0.241709,-0.037787
51.855000,-0.417348,-0.357280,-0.282349
51.860000,0.179673,0.056024,0.124331
51.865000,0.461745,0.361938,0.466789
51.870000,-0.003820,-0.086191,-0.268225
51.875000,-0.491251,-0.253447,-0.447364
51.880000,0.094883,0.074218,0.401819
51.885000,0.403574,0.548862,0.341098
51.890000,-0.007112,-0.077581,-0.003208
51.895000,-0.559279,-0.240124,-0.192416
51.900000,0.126283,0.101905,0.257560
51.905000,0.386323,0.373193,0.381745
51.910000,0.086122,-0.141628,-0.437198
51.915000,-0.557928,-0.379031,-0.409260
51.920000,0.011640,0.058815,0.049544
51.925000,0.117121,0.352722,0.418046
51.930000,0.093895,-0.202719,-0.325296
51.935000,-0.494001,-0.355984,-0.398694
51.940000,-0.093234,0.079740,0.456928
51.945000,0.445541,0.443467,0.307371
51.950000,-0.124869,-0.172840,-0.248806
51.955000,-0.330473,-0.416063,-0.362089
51.960000,0.102333,0.331661,0.107587
51.965000,0.353503,0.470344,0.487386
51.970000,-0.138776,-0.158310,-0.172881
51.975000,-0.363416,-0.148830,-0.350003
51.980000,-0.177143,0.425802,-0.004612
51.985000,0.478080,0.279940,0.350101
51.990000,0.232178,-0.075026,-0.287598
51.995000,-0.462809,-0.317965,-0.324573
52.000000,0.206218,0.195679,0.073992
52.005000,0.410995,0.443515,0.431807
52.010000,0.160205,-0.219142,-0.153443
52.015000,-0.649534,-0.384792,-0.291032
52.020000,-0.092339,0.331575,0.137108
52.025000,0.378548,0.265808,0.320073
52.030000,0.207849,-0.214959,-0.116553
52.035000,-0.533220,-0.329837,-0.429159
52.040000,-0.174659,0.114547,0.059786
52.045000,0.312176,0.398354,0.392527
52.050000,-0.041866,-0.252191,-0.248682
52.055000,-0.363752,-0.315082,-0.225802
52.060000,0.047811,0.164412,0.200621
52.065000,0.226789,0.356245,0.352150
52.070000,-0.056149,-0.168333,-0.235814
52.075000,-0.356802,-0.251641,-0.227162
52.080000,0.090822,0.278045,0.159665
52.085000,0.312994,0.288013,0.150565
52.090000,0.108974,-0.360095,-0.258128
52.095000,-0.421629,-0.257436,-0.325394
52.100000,0.003554,0.167201,0.139673
52.105000,0.283692,0.388028,0.300308
52.110000,-0.057777,-0.264121,-0.135454
52.115000,-0.201544,-0.435851,-0.552333
52.120000,0.042011,0.147600,0.249848
52.125000,0.281782,0.450814,0.486196
52.130000,0.006718,-0.399191,-0.143877
52.135000,-0.462598,-0.272573,-0.280041
52.140000,-0.155332,0.007495,0.231366
52.145000,0.439358,0.495460,0.269929
52.150000,-0.024216,-0.227902,-0.134360
52.155000,-0.290582,-0.429679,-0.333170
52.160000,0.113094,0.220209,0.147083
52.165000,0.562008,0.402134,0.253731
52.170000,-0.114042,-0.262377,-0.290695
52.175000,-0.228136,-0.216121,-0.340793
52.180000,0.064205,0.214337,0.289990
52.185000,0.209302,0.376129,0.330751
52.190000,-0.149764,-0.059871,-0.079250
52.195000,-0.338138,-0.479444,-0.344993
52.200000,0.098844,0.118391,0.121707
52.205000,0.272536,0.298280,0.427595
52.210000,-0.110169,-0.178907,-0.302004
52.215000,-0.348252,-0.311498,-0.247824
52.220000,-0.130202,0.120068,0.240793
52.225000,0.563935,0.360210,0.319621
52.230000,0.113458,-0.097780,-0.184933
52.235000,-0.374827,-0.429661,-0.309972
52.240000,0.212733,0.256245,0.204940
52.245000,0.409756,0.470309,0.296540
52.250000,-0.010332,-0.217463,-0.272106
52.255000,-0.275577,-0.426012,-0.405321
52.260000,0.091261,0.243247,0.415458
52.265000,0.364588,0.364497,0.657854
52.270000,0.026833,-0.056572,-0.390010
52.275000,-0.431015,-0.468716,-0.563847
52.280000,0.028337,0.303178,0.092079
52.285000,0.593030,0.188168,0.339405
52.290000,-0.330498,-0.040516,-0.068943
52.295000,-0.542731,-0.431802,-0.496144
52.300000,0.014116,0.393585,0.258283
52.305000,0.384883,0.448594,0.220695
52.310000,-0.076107,-0.341777,-0.280399
52.315000,-0.307590,-0.341156,-0.331878
52.320000,0.035478,0.040997,0.306880
52.325000,0.458173,0.626298,0.350123
52.330000,0.038397,-0.085055,-0.202728
52.335000,-0.473116,-0.305772,-0.456293
52.340000,-0.076941,0.246923,0.056996
52.345000,0.227177,0.379070,0.233633
52.350000,0.056254,-0.242386,-0.340032
52.355000,-0.372368,-0.377662,-0.234710
52.360000,-0.052825,0.188306,0.064822
52.365000,0.419502,0.346708,0.389013
52.370000,-0.109665,0.018132,-0.184962
52.375000,-0.468920,-0.533750,-0.368412
52.380000,0.087659,0.098357,0.114864
52.385000,0.262314,0.335514,0.387441
52.390000,-0.043625,-0.326236,-0.197293
52.395000,-0.273835,-0.484196,-0.173941
52.400000,0.082966,0.270351,0.191758
52.405000,0.251568,0.325460,0.546328
52.410000,-0.058107,-0.094077,-0.166758
52.415000,-0.696169,-0.323455,-0.434401
52.420000,0.051725,0.174313,0.255037
52.425000,0.466678,0.341658,0.361707
52.430000,-0.044575,-0.262431,-0.091182
52.435000,-0.418070,-0.478823,-0.274219
52.440000,-0.024853,0.243733,0.136624
52.445000,0.489606,0.395942,0.374169
52.450000,-0.006409,-0.404844,-0.135239
52.455000,-0.198486,-0.311430,-0.384819
52.460000,0.229702,0.360687,0.276130
52.465000,0.511411,0.490961,0.450728
52.470000,-0.085720,-0.086375,-0.226205
52.475000,-0.412416,-0.340137,-0.413812
52.480000,-0.121960,0.154917,0.289740
52.485000,0.436103,0.311714,0.516948
52.490000,-0.008275,-0.111425,-0.075041
52.495000,-0.362147,-0.537463,-0.309468
52.500000,0.088406,0.382418,0.103931
52.505000,0.345130,0.169559,0.402735
52.510000,0.057215,0.004187,-0.186377
52.515000,-0.523351,-0.427283,-0.409121
52.520000,-0.005471,0.261190,0.264482
52.525000,0.297043,0.293830,0.445986
52.530000,-0.267919,-0.068733,-0.197082
52.535000,-0.286192,-0.263668,-0.362203
52.540000,0.000340,0.131545,0.178548
52.545000,0.348148,0.295733,0.333437
52.550000,0.155620,-0.004683,0.006795
52.555000,-0.390069,-0.411679,-0.555430
52.560000,0.277997,0.105015,0.200022
52.565000,0.449141,0.282836,0.463002
52.570000,0.090778,-0.121614,-0.380802
52.575000,-0.410161,-0.339161,-0.472760
52.580000,-0.038763,0.259230,-0.015434
52.585000,0.365133,0.448561,0.340364
52.590000,-0.079313,-0.302091,-0.274987
52.595000,-0.220688,-0.443696,-0.412760
52.600000,0.051381,0.163102,0.245043
52.605000,0.481947,0.282894,0.213344
52.610000,-0.025252,-0.206782,-0.216983
52.615000,-0.436511,-0.449292,-0.516510
52.620000,0.163920,0.287080,0.089087
52.625000,0.603583,0.247272,0.299078
52.630000,-0.031835,-0.281968,-0.122157
52.635000,-0.544158,-0.331957,-0.414783
52.640000,0.053051,0.103760,0.009709
52.645000,0.393329,0.428045,0.235453
52.650000,-0.117852,-0.375047,-0.096636
52.655000,-0.356564,-0.292696,-0.368668
52.660000,0.130205,0.278702,0.260843
52.665000,0.304545,0.439003,0.199969
52.670000,-0.042669,-0.095449,-0.122108
52.675000,-0.555259,-0.349638,-0.452076
52.680000,-0.019322,0.082426,0.189415
52.685000,0.385073,0.529225,0.073623
52.690000,-0.080705,-0.189085,-0.015035
52.695000,-0.259261,-0.210292,-0.401404
52.700000,0.006749,0.106551,0.275307
52.705000,0.532502,0.204632,0.579914
52.710000,-0.193340,-0.161512,-0.191204
52.715000,-0.453892,-0.263343,-0.472440
52.720000,0.126225,0.271719,0.143332
52.725000,0.415261,0.497240,0.257622
52.730000,-0.103136,-0.180321,-0.198865
52.735000,-0.511853,-0.355810,-0.479649
52.740000,-0.048730,0.165592,0.261352
52.745000,0.381039,0.311067,0.355577
52.750000,-0.031377,-0.289592,-0.042069
52.755000,-0.394944,-0.243606,-0.453266
52.760000,-0.021688,0.189945,0.097169
52.765000,0.458113,0.352405,0.412136
52.770000,-0.181594,-0.099677,-0.187633
52.775000,-0.399629,-0.362847,-0.312904
52.780000,0.089416,0.371660,0.204775
52.785000,0.459808,0.540471,0.323745
52.790000,-0.134871,-0.293661,-0.064045
52.795000,-0.349644,-0.435233,-0.465228
52.800000,0.008988,0.171272,0.120687
52.805000,0.418773,0.270979,0.453078
52.810000,-0.268364,-0.218174,-0.089434
52.815000,-0.388106,-0.310047,-0.315565
52.820000,0.242000,0.160464,0.102096
52.825000,0.422550,0.288070,0.305521
52.830000,-0.108368,-0.202611,-0.093286
52.835000,-0.445847,-0.211493,-0.426583
52.840000,0.043508,0.151183,0.245160
52.845000,0.399257,0.393449,0.341708
52.850000,-0.056391,-0.291053,-0.151084
52.855000,-0.497272,-0.327819,-0.425094
52.860000,0.070742,0.186632,0.161119
52.865000,0.202788,0.459272,0.377231
52.870000,-0.126920,-0.114977,-0.146176
52.875000,-0.616373,-0.386657,-0.372795
52.880000,0.220505,0.158528,0.025477
52.885000,0.586551,0.188555,0.395258
52.890000,-0.266617,-0.109362,-0.279949
52.895000,-0.526083,-0.245234,-0.253278
52.900000,0.117060,0.101484,0.147841
52.905000,0.312963,0.581491,0.382703
52.910000,-0.010549,-0.088444,-0.062629
52.915000,-0.455652,-0.425181,-0.361822
52.920000,-0.003436,0.168966,0.028015
52.925000,0.197757,0.311114,0.293983
52.930000,-0.032113,-0.154051,-0.082993
52.935000,-0.315895,-0.408600,-0.423570
52.940000,0.123032,0.235959,0.111768
52.945000,0.406327,0.303641,0.300240
52.950000,-0.077586,-0.090940,-0.004737
52.955000,-0.258816,-0.304770,-0.360091
52.960000,0.088072,0.326527,0.032518
52.965000,0.394823,0.272871,0.236632
52.970000,-0.025121,-0.388195,-0.119146
52.975000,-0.610872,-0.371568,-0.379007
52.980000,0.144060,0.100994,-0.025479
52.985000,0.573714,0.329507,0.437887
52.990000,-0.046076,-0.089637,-0.207830
52.995000,-0.569353,-0.398868,-0.476718
53.000000,0.102052,0.177927,0.120975
53.005000,0.373160,0.437509,0.399441
53.010000,0.007404,-0.176187,-0.135727
53.015000,-0.291409,-0.403837,-0.393702
53.020000,0.008088,0.212088,0.160287
53.025000,0.256541,0.490830,0.348530
53.030000,0.044356,0.037677,0.019165
53.035000,-0.405453,-0.429422,-0.471779
53.040000,-0.140932,0.386333,0.039732
53.045000,0.501193,0.214779,0.464596
53.050000,-0.314272,-0.341690,-0.248398
53.055000,-0.503570,-0.430918,-0.322060
53.060000,0.065207,0.341492,0.091410
53.065000,0.516097,0.458558,0.278912
53.070000,0.002077,-0.121238,-0.174975
53.075000,-0.548527,-0.262604,-0.331043
53.080000,0.159349,0.179367,-0.064516
53.085000,0.349010,0.384729,0.409918
53.090000,-0.128351,-0.191686,-0.213728
53.095000,-0.421240,-0.437110,-0.207566
53.100000,0.016564,0.161494,-0.028377
53.105000,0.624737,0.429015,0.314958
53.110000,-0.060145,-0.293612,-0.195990
53.115000,-0.412704,-0.446174,-0.480718
53.120000,0.239813,0.185117,0.127198
53.125000,0.274902,0.368471,0.304002
53.130000,-0.117386,-0.244472,-0.227027
53.135000,-0.309168,-0.499905,-0.384082
53.140000,0.115057,0.071854,0.204984
53.145000,0.354205,0.321651,0.366527
53.150000,-0.042348,-0.291842,-0.237559
53.155000,-0.577578,-0.377674,-0.527794
53.160000,0.068987,0.198912,0.032147
53.165000,0.419000,0.220152,0.246415
53.170000,-0.027073,-0.148145,-0.136673
53.175000,-0.382219,-0.538582,-0.375097
53.180000,0.115984,0.142756,0.159163
53.185000,0.394346,0.283321,0.396107
53.190000,-0.083937,-0.109534,-0.169029
53.195000,-0.294654,-0.464053,-0.294815
53.200000,0.161233,0.279347,0.332817
53.205000,0.533419,0.398004,0.460681
53.210000,-0.078105,-0.065780,-0.168214
53.215000,-0.492691,-0.347307,-0.607520
53.220000,-0.005008,0.210364,0.212718
53.225000,0.398447,0.370470,0.493687
53.230000,-0.202817,-0.234975,-0.241007
53.235000,-0.284962,-0.332323,-0.266359
53.240000,0.220074,0.230081,0.179957
53.245000,0.495971,0.219611,0.540919
53.250000,-0.062223,-0.478068,-0.156001
53.255000,-0.459717,-0.273663,-0.266881
53.260000,-0.095058,0.337251,0.232896
53.265000,0.353084,0.417491,0.489067
53.270000,-0.236550,-0.363807,-0.156555
53.275000,-0.311144,-0.391382,-0.338705
53.280000,0.083488,0.157257,-0.027136
53.285000,0.238097,0.513244,0.362522
53.290000,-0.075385,-0.163539,-0.164711
53.295000,-0.378943,-0.306627,-0.186014
53.300000,-0.108531,0.166969,0.011853
53.305000,0.423180,0.348148,0.274343
53.310000,-0.226918,-0.272143,0.172477
53.315000,-0.278950,-0.407606,-0.289163
53.320000,0.135007,0.268510,0.200928
53.325000,0.539007,0.348649,0.286883
53.330000,-0.079750,-0.139531,-0.133044
53.335000,-0.279670,-0.263352,-0.317370
53.340000,0.121227,0.150577,0.105218
53.345000,0.451829,0.451553,0.491470
53.350000,-0.308251,-0.287348,-0.113597
53.355000,-0.289197,-0.369214,-0.368945
53.360000,0.246318,0.238459,0.140317
53.365000,0.288309,0.433587,0.316803
53.370000,-0.027132,-0.208831,-0.152313
53.375000,-0.438754,-0.324659,-0.287276
53.380000,0.138516,0.291065,0.207071
53.385000,0.342179,0.320599,0.382802
53.390000,-0.254399,-0.101563,-0.226345
53.395000,-0.162856,-0.245782,-0.309777
53.400000,0.051181,0.087241,0.089049
53.405000,0.405125,0.222977,0.417105
53.410000,-0.147151,-0.140362,-0.194508
53.415000,-0.383151,-0.340981,-0.209288
53.420000,0.191043,0.118305,-0.020605
53.425000,0.314684,0.364641,0.558036
53.430000,-0.099388,-0.266494,-0.128969
53.435000,-0.392840,-0.339082,-0.335894
53.440000,0.254872,0.222963,0.139950
53.445000,0.300067,0.291470,0.373164
53.450000,-0.032076,-0.297776,-0.050673
53.455000,-0.397013,-0.268480,-0.511695
53.460000,0.029831,0.329418,0.233356
53.465000,0.442555,0.391086,0.385031
53.470000,-0.216378,-0.061199,-0.038252
53.475000,-0.261455,-0.357111,-0.335202
53.480000,0.062802,0.210272,0.276391
53.485000,0.322612,0.354383,0.406000
53.490000,-0.124048,-0.155674,-0.053415
53.495000,-0.382179,-0.254334,-0.317606
53.500000,0.161797,0.165357,0.124850
53.505000,0.335890,0.404230,0.409247
53.510000,-0.179627,-0.247041,0.035666
53.515000,-0.385537,-0.328045,-0.385405
53.520000,0.049944,0.102367,0.211678
53.525000,0.502324,0.415727,0.481437
53.530000,-0.125138,-0.089981,-0.334512
53.535000,-0.414432,-0.296739,-0.411240
53.540000,0.226975,0.264210,0.180095
53.545000,0.401782,0.431084,0.493378
53.550000,-0.115964,-0.001253,0.012860
53.555000,-0.476289,-0.406821,-0.563327
53.560000,0.002452,0.153961,0.023221
53.565000,0.372160,0.402723,0.387766
53.570000,-0.102332,-0.279741,-0.197686
53.575000,-0.589885,-0.411574,-0.360894
53.580000,-0.044549,0.114192,0.229974
53.585000,0.456289,0.472789,0.305638
53.590000,0.122085,-0.209425,-0.168669
53.595000,-0.490916,-0.467283,-0.438907
53.600000,0.035630,0.093865,0.036951
53.605000,0.421324,0.385029,0.418945
53.610000,-0.083499,-0.103748,-0.093847
53.615000,-0.476320,-0.307801,-0.429319
53.620000,0.088011,0.321047,0.069035
53.625000,0.415703,0.327792,0.606796
53.630000,0.044527,-0.224506,-0.019291
53.635000,-0.230644,-0.344796,-0.448356
53.640000,0.264661,0.265706,0.092833
53.645000,0.364300,0.420228,0.529862
53.650000,-0.069647,-0.221669,-0.043821
53.655000,-0.400013,-0.442971,-0.222706
53.660000,0.122149,0.281286,0.215072
53.665000,0.404089,0.304378,0.295328
53.670000,-0.193445,-0.232398,-0.167651
53.675000,-0.308684,-0.323552,-0.352641
53.680000,0.009344,0.271286,0.152261
53.685000,0.458635,0.531675,0.401691
53.690000,-0.176883,-0.163356,-0.257618
53.695000,-0.440712,-0.268075,-0.380165
53.700000,-0.005793,0.145921,0.174026
53.705000,0.306394,0.453952,0.322640
53.710000,0.063124,-0.204369,-0.149627
53.715000,-0.392853,-0.366875,-0.451408
53.720000,0.203991,0.072248,0.066631
53.725000,0.388209,0.375550,0.429868
53.730000,-0.241990,-0.115292,-0.146807
53.735000,-0.258729,-0.251161,-0.517752
53.740000,0.027319,0.095559,0.086895
53.745000,0.116759,0.420712,0.443843
53.750000,-0.047459,-0.079431,-0.225277
53.755000,-0.245089,-0.316316,-0.378781
53.760000,0.121744,0.189228,0.022165
53.765000,0.447231,0.169205,0.496685
53.770000,-0.220340,-0.166197,0.151431
53.775000,-0.445359,-0.306630,-0.299971
53.780000,0.220340,0.230886,0.163749
53.785000,0.530986,0.301460,0.419580
53.790000,-0.182143,-0.102254,-0.028218
53.795000,-0.472141,-0.126152,-0.413523
53.800000,0.097475,0.141688,0.147327
53.805000,0.327295,0.266569,0.215223
53.810000,-0.124564,-0.268541,-0.179732
53.815000,-0.353577,-0.164035,-0.479686
53.820000,0.262697,0.171398,-0.021243
53.825000,0.338677,0.420459,0.396520
53.830000,-0.124374,-0.258131,-0.032166
53.835000,-0.328370,-0.254511,-0.259715
53.840000,0.046294,0.113470,0.048407
53.845000,0.304942,0.449486,0.458273
53.850000,-0.112930,-0.242623,0.069573
53.855000,-0.440072,-0.369654,-0.376888
53.860000,-0.019436,0.205003,0.176795
53.865000,0.430845,0.399232,0.509112
53.870000,-0.034991,-0.220613,0.026613
53.875000,-0.367359,-0.444563,-0.329721
53.880000,0.149780,0.286201,0.190924
53.885000,0.418567,0.369033,0.505268
53.890000,-0.189701,-0.267402,-0.251309
53.895000,-0.414993,-0.449018,-0.394238
53.900000,0.039400,0.069812,0.169539
53.905000,0.268267,0.335663,0.582218
53.910000,-0.257855,-0.248097,-0.100947
53.915000,-0.482621,-0.392767,-0.333476
53.920000,0.279207,0.252916,0.229997
53.925000,0.524972,0.230328,0.359586
53.930000,-0.232450,-0.205217,-0.081175
53.935000,-0.619800,-0.132802,-0.282646
53.940000,0.016390,0.048727,0.147333
53.945000,0.088786,0.462365,0.301714
53.950000,-0.006852,-0.070097,0.117811
53.955000,-0.396940,-0.226856,-0.364831
53.960000,0.246213,0.323533,0.127765
53.965000,0.476802,0.184452,0.261692
53.970000,-0.157874,-0.147222,-0.012616
53.975000,-0.560322,-0.391519,-0.362776
53.980000,0.058940,0.254069,0.305629
53.985000,0.300769,0.255849,0.310096
53.990000,-0.096937,-0.246572,-0.150254
53.995000,-0.380091,-0.316974,-0.299751
54.000000,-0.010943,0.250829,0.048187
54.005000,0.395090,0.332687,0.366975
54.010000,-0.065109,-0.277076,0.072404
54.015000,-0.569491,-0.341945,-0.224346
54.020000,0.007300,0.116047,0.310169
54.025000,0.079246,0.329406,0.294117
54.030000,-0.171836,-0.305737,-0.153487
54.035000,-0.537633,-0.235301,-0.460833
54.040000,0.003882,0.135925,0.171578
54.045000,0.493399,0.356213,0.512224
54.050000,-0.029956,-0.190883,0.000187
54.055000,-0.354912,-0.556260,-0.349600
54.060000,-0.057477,0.165804,0.071447
54.065000,0.502492,0.512535,0.253499
54.070000,-0.299507,-0.201136,-0.002261
54.075000,-0.316838,-0.273140,-0.418134
54.080000,0.124682,0.176356,-0.038915
54.085000,0.391575,0.400928,0.521244
54.090000,-0.043175,-0.185131,-0.181817
54.095000,-0.298714,-0.434766,-0.114536
54.100000,0.266632,0.302230,0.175852
54.105000,0.470684,0.529673,0.495109
54.110000,-0.017238,-0.220298,-0.122785
54.115000,-0.238845,-0.436201,-0.287800
54.120000,0.228646,0.153775,-0.111545
54.125000,0.312599,0.491592,0.387553
54.130000,-0.115265,-0.304707,-0.094490
54.135000,-0.426027,-0.331160,-0.159535
54.140000,-0.065815,0.244950,0.036005
54.145000,0.397948,0.405271,0.352823
54.150000,-0.173820,-0.198950,0.016500
54.155000,-0.190979,-0.166772,-0.464013
54.160000,0.065496,0.197757,0.080170
54.165000,0.311670,0.416083,0.190892
54.170000,-0.020072,-0.178013,-0.201185
54.175000,-0.507570,-0.434320,-0.366531
54.180000,0.138331,0.281298,0.098563
54.185000,0.425515,0.425376,0.433908
54.190000,-0.282701,-0.019081,-0.203448
54.195000,-0.513635,-0.533326,-0.237373
54.200000,0.206750,-0.098006,0.117483
54.205000,0.459381,0.371090,0.449632
54.210000,0.028489,-0.190884,-0.165819
54.215000,-0.362342,-0.447113,-0.546751
54.220000,-0.032582,0.326332,0.029606
54.225000,0.416357,0.465654,0.459727
54.230000,-0.256947,-0.213520,-0.274463
54.235000,-0.411067,-0.384604,-0.335857
54.240000,0.270305,0.217391,0.235183
54.245000,0.457927,0.371702,0.299149
54.250000,-0.173140,-0.079376,-0.193357
54.255000,-0.454978,-0.454359,-0.182723
54.260000,0.135794,0.138735,0.109343
54.265000,0.369333,0.330762,0.392074
54.270000,-0.091675,-0.083995,-0.095557
54.275000,-0.363028,-0.482391,-0.356025
54.280000,0.086708,0.310685,0.031861
54.285000,0.365258,0.082611,0.424914
54.290000,-0.183391,-0.135256,0.019474
54.295000,-0.500371,-0.530734,-0.414224
54.300000,0.039465,0.221746,0.057537
54.305000,0.476935,0.263648,0.448035
54.310000,-0.153604,-0.352230,0.005188
54.315000,-0.376611,-0.431628,-0.493018
54.320000,0.126577,0.237480,0.270072
54.325000,0.414051,0.419945,0.305100
54.330000,0.090424,-0.225783,0.007177
54.335000,-0.448403,-0.430366,-0.385912
54.340000,0.239625,0.105967,0.129462
54.345000,0.365925,0.394614,0.464088
54.350000,0.025284,-0.118537,-0.218053
54.355000,-0.515079,-0.366785,-0.503760
54.360000,0.064670,0.135359,0.083090
54.365000,0.388612,0.286258,0.369691
54.370000,-0.053714,-0.290834,-0.128104
54.375000,-0.447670,-0.202187,-0.303189
54.380000,0.053167,0.304858,0.143128
54.385000,0.317592,0.391281,0.435944
54.390000,-0.110884,-0.154731,-0.119959
54.395000,-0.417885,-0.268319,-0.349504
54.400000,0.293111,0.210772,0.180824
54.405000,0.347919,0.337200,0.394132
54.410000,-0.152976,-0.104142,-0.118798
54.415000,-0.269427,-0.205822,-0.388290
54.420000,0.106041,0.160796,0.049688
54.425000,0.311130,0.315404,0.319182
54.430000,-0.120871,-0.233751,-0.060696
54.435000,-0.336272,-0.453538,-0.348132
54.440000,0.075466,0.286705,0.284400
54.445000,0.242744,0.477689,0.298363
54.450000,-0.098112,-0.290605,-0.199137
54.455000,-0.347823,-0.502939,-0.183846
54.460000,0.251432,0.124347,0.019631
54.465000,0.315573,0.145580,0.468656
54.470000,-0.238581,-0.111355,-0.106182
54.475000,-0.533168,-0.469307,-0.490604
54.480000,0.333488,0.137673,0.004223
54.485000,0.416039,0.246448,0.449915
54.490000,-0.002121,-0.175733,-0.014949
54.495000,-0.250534,-0.293154,-0.336922
54.500000,0.217689,0.107193,0.095179
54.505000,0.507999,0.332153,0.443946
54.510000,-0.212333,-0.218911,0.067094
54.515000,-0.488908,-0.320634,-0.286348
54.520000,0.072079,0.296493,0.030106
54.525000,0.443391,0.486563,0.344450
54.530000,-0.220827,-0.190454,-0.117153
54.535000,-0.388317,-0.273238,-0.399694
54.540000,-0.030890,0.263484,-0.092294
54.545000,0.460436,0.540072,0.524045
54.550000,-0.103648,-0.488240,-0.078004
54.555000,-0.335864,-0.401303,-0.578559
54.560000,0.208105,0.158976,0.248695
54.565000,0.387093,0.311945,0.323563
54.570000,0.034264,-0.280331,0.140379
54.575000,-0.323938,-0.319397,-0.557363
54.580000,0.246156,0.178162,0.061400
54.585000,0.432853,0.353705,0.327031
54.590000,-0.150396,-0.150357,-0.270335
54.595000,-0.302090,-0.262492,-0.389163
54.600000,0.107469,0.244614,0.137353
54.605000,0.467832,0.165913,0.318388
54.610000,-0.305553,-0.088521,-0.152063
54.615000,-0.503277,-0.275418,-0.500708
54.620000,0.109294,0.248849,-0.020845
54.625000,0.158349,0.433310,0.574498
54.630000,-0.215415,-0.307754,-0.216625
54.635000,-0.544034,-0.314263,-0.090689
54.640000,0.005397,0.238051,0.129067
54.645000,0.252653,0.304842,0.264097
54.650000,-0.128134,-0.239712,-0.153233
54.655000,-0.463218,-0.303423,-0.240326
54.660000,0.072436,0.269075,0.175069
54.665000,0.364790,0.366156,0.341641
54.670000,-0.142317,-0.296456,0.046439
54.675000,-0.317185,-0.326209,-0.318661
54.680000,0.106164,0.402589,0.191130
54.685000,0.365897,0.331335,0.561942
54.690000,-0.196595,-0.315407,0.039928
54.695000,-0.381672,-0.359407,-0.380821
54.700000,0.281033,0.228071,0.222257
54.705000,0.286847,0.147430,0.368620
54.710000,-0.176316,-0.155888,-0.030550
54.715000,-0.288277,-0.476764,-0.390094
54.720000,0.084019,0.284857,0.160366
54.725000,0.222592,0.266266,0.403066
54.730000,-0.294714,-0.319367,0.005043
54.735000,-0.356853,-0.436066,-0.421578
54.740000,0.321731,0.215383,0.072399
54.745000,0.418995,0.298783,0.308105
54.750000,-0.104165,-0.192055,-0.164170
54.755000,-0.388795,-0.345254,-0.340824
54.760000,0.105263,0.037984,0.120009
54.765000,0.199707,0.275217,0.317675
54.770000,-0.270451,-0.106039,0.011470
54.775000,-0.249586,-0.297762,-0.376689
54.780000,0.171761,0.158420,0.014098
54.785000,0.231637,0.338364,0.257494
54.790000,-0.283503,-0.200303,-0.022503
54.795000,-0.427268,-0.402115,-0.508628
54.800000,0.009818,0.102377,0.168958
54.805000,0.378123,0.371412,0.558570
54.810000,-0.096940,-0.291997,0.010684
54.815000,-0.365222,-0.432999,-0.339937
54.820000,-0.021458,0.233871,0.168720
54.825000,0.467629,0.167679,0.395997
54.830000,-0.044964,-0.258553,-0.227251
54.835000,-0.251831,-0.327346,-0.370603
54.840000,0.131773,0.311393,0.233828
54.845000,0.235788,0.230495,0.346204
54.850000,-0.066344,-0.200519,0.029433
54.855000,-0.381734,-0.450179,-0.323196
54.860000,0.139958,0.393710,0.235985
54.865000,0.253431,0.249528,0.497617
54.870000,-0.077550,-0.137187,0.094853
54.875000,-0.444512,-0.372825,-0.618381
54.880000,0.050701,0.061398,-0.105445
54.885000,0.482671,0.378012,0.521454
54.890000,-0.150757,-0.203925,-0.147238
54.895000,-0.475824,-0.343638,-0.466958
54.900000,0.199833,0.389036,0.105007
54.905000,0.292209,0.383109,0.461408
54.910000,-0.085885,-0.411485,-0.237570
54.915000,-0.448125,-0.436086,-0.331811
54.920000,0.109787,0.152796,-0.099484
54.925000,0.467581,0.368146,0.475643
54.930000,-0.370367,-0.323562,0.005872
54.935000,-0.300364,-0.391468,-0.418604
54.940000,0.176078,0.396177,0.051626
54.945000,0.262609,0.476548,0.345315
54.950000,-0.218567,-0.087512,-0.106267
54.955000,-0.565443,-0.299091,-0.337517
54.960000,0.104489,0.186253,0.039745
54.965000,0.347714,0.328163,0.355804
54.970000,-0.259934,-0.143747,0.090628
54.975000,-0.434746,-0.205532,-0.448904
54.980000,0.019722,0.139846,0.304480
54.985000,0.392703,0.340017,0.283355
54.990000,-0.255736,-0.110864,-0.126186
54.995000,-0.380231,-0.313048,-0.420928
55.000000,0.072381,0.340643,0.192426
55.005000,0.403892,0.320985,0.220308
55.010000,-0.081337,-0.320594,-0.246394
55.015000,-0.497143,-0.359376,-0.597950
55.020000,0.379147,0.219627,0.305903
55.025000,0.452397,0.300491,0.385008
55.030000,-0.077185,-0.277862,-0.258969
55.035000,-0.304434,-0.431031,-0.511845
55.040000,0.051250,0.267346,0.300818
55.045000,0.309255,0.381337,0.513085
55.050000,-0.130835,-0.246015,0.078865
55.055000,-0.274662,-0.418386,-0.463301
55.060000,0.183710,0.254972,0.118072
55.065000,0.339883,0.310912,0.521529
55.070000,-0.113912,-0.197175,-0.231129
55.075000,-0.298708,-0.395963,-0.391213
55.080000,0.288781,0.199366,0.098155
55.085000,0.324035,0.376457,0.330695
55.090000,-0.087608,-0.261512,-0.126884
55.095000,-0.519625,-0.319481,-0.380071
55.100000,0.302652,0.087819,0.038325
55.105000,0.418682,0.409626,0.331559
55.110000,-0.248476,-0.276563,-0.236370
55.115000,-0.367514,-0.414299,-0.211843
55.120000,0.366490,0.080893,0.044323
55.125000,0.456729,0.341356,0.356727
55.130000,-0.061572,-0.128585,-0.015971
55.135000,-0.317548,-0.262860,-0.165479
55.140000,0.146605,0.071646,0.211557
55.145000,0.419523,0.371931,0.409868
55.150000,-0.094038,-0.187715,-0.039914
55.155000,-0.444831,-0.272698,-0.355394
55.160000,0.126168,-0.005134,0.052583
55.165000,0.391715,0.392243,0.293717
55.170000,-0.103965,-0.290719,-0.023660
55.175000,-0.436084,-0.425178,-0.507947
55.180000,0.106979,0.319476,0.198703
55.185000,0.289470,0.300922,0.478918
55.190000,-0.153018,-0.078293,0.078433
55.195000,-0.322449,-0.294986,-0.541122
55.200000,0.361036,0.347419,-0.075836
55.205000,0.303772,0.438401,0.325457
55.210000,-0.111821,-0.176806,0.067231
55.215000,-0.256953,-0.300067,-0.375887
55.220000,0.296804,0.356744,0.053321
55.225000,0.386461,0.320129,0.194878
55.230000,-0.215491,-0.215791,0.128684
55.235000,-0.384396,-0.276584,-0.335570
55.240000,0.023745,0.214699,0.173198
55.245000,0.381928,0.367614,0.531682
55.250000,-0.165641,-0.161764,-0.225632
55.255000,-0.268181,-0.480632,-0.409562
55.260000,0.291696,0.262820,0.104799
55.265000,0.253814,0.226990,0.254048
55.270000,-0.259852,-0.245502,-0.231427
55.275000,-0.321389,-0.445916,-0.378798
55.280000,0.118218,0.330869,-0.131083
55.285000,0.290344,0.487221,0.290897
55.290000,-0.132976,-0.040836,0.015817
55.295000,-0.325248,-0.285194,-0.444540
55.300000,0.263688,0.220540,0.113309
55.305000,0.391417,0.392097,0.346872
55.310000,-0.007907,-0.183469,0.053314
55.315000,-0.441182,-0.618875,-0.304621
55.320000,0.145380,0.208274,0.038396
55.325000,0.303148,0.289009,0.341273
55.330000,-0.134996,-0.219339,-0.044195
55.335000,-0.147096,-0.472040,-0.320754
55.340000,0.147301,0.153069,0.158698
55.345000,0.440170,0.497674,0.346006
55.350000,-0.131422,-0.074613,-0.019907
55.355000,-0.280151,-0.345977,-0.442378
55.360000,0.274252,0.141018,0.073128
55.365000,0.499851,0.375671,0.408741
55.370000,-0.074337,-0.239534,-0.238613
55.375000,-0.341870,-0.301792,-0.382625
55.380000,0.113862,0.256757,0.104586
55.385000,0.370240,0.256949,0.392430
55.390000,-0.009182,-0.081332,-0.326553
55.395000,-0.396022,-0.415452,-0.416327
55.400000,0.213303,0.099210,0.118619
55.405000,0.367394,0.314378,0.512062
55.410000,-0.214868,-0.116822,-0.186654
55.415000,-0.522179,-0.283538,-0.594608
55.420000,0.028808,0.007251,0.006836
55.425000,0.349366,0.420778,0.411584
55.430000,-0.149216,-0.246380,-0.036735
55.435000,-0.541563,-0.378433,-0.385148
55.440000,0.181297,0.236498,0.231691
55.445000,0.247778,0.324794,0.367022
55.450000,-0.207118,-0.064840,-0.350283
55.455000,-0.417078,-0.468067,-0.304778
55.460000,0.235008,0.189617,0.145816
55.465000,0.230437,0.366226,0.439668
55.470000,-0.064299,-0.349333,-0.092051
55.475000,-0.408922,-0.402829,-0.454550
55.480000,0.193743,0.192979,-0.014637
55.485000,0.500485,0.390158,0.302918
55.490000,-0.045207,-0.223690,-0.102165
55.495000,-0.504149,-0.591866,-0.381879
55.500000,0.203115,0.201604,0.142570
55.505000,0.491512,0.194199,0.381449
55.510000,-0.177804,-0.170600,-0.004064
55.515000,-0.395194,-0.282243,-0.392066
55.520000,0.097604,0.268296,0.072425
55.525000,0.415061,0.447413,0.495848
55.530000,-0.244621,-0.360465,-0.003832
55.535000,-0.372131,-0.340763,-0.313715
55.540000,0.100983,0.139467,0.297152
55.545000,0.545393,0.253651,0.609052
55.550000,-0.149642,-0.113997,-0.204927
55.555000,-0.565859,-0.496303,-0.434471
55.560000,0.222568,0.464202,0.227080
55.565000,0.372809,0.273259,0.549912
55.570000,-0.241457,-0.118822,-0.066303
55.575000,-0.509984,-0.407758,-0.450866
55.580000,0.158122,0.251743,-0.045862
55.585000,0.401501,0.447424,0.383746
55.590000,-0.104620,-0.142906,-0.215534
55.595000,-0.456730,-0.360932,-0.386785
55.600000,0.287086,0.375753,0.087939
55.605000,0.220723,0.348963,0.543326
55.610000,0.023917,-0.312614,-0.255284
55.615000,-0.400585,-0.327947,-0.205321
55.620000,0.195299,0.219694,0.133779
55.625000,0.354216,0.351691,0.306836
55.630000,-0.064787,-0.181300,-0.263174
55.635000,-0.410502,-0.312350,-0.497281
55.640000,0.196591,0.095242,0.149272
55.645000,0.454233,0.255520,0.381533
55.650000,-0.122970,-0.200599,-0.091862
55.655000,-0.529257,-0.358206,-0.420988
55.660000,0.186075,0.296689,0.072428
55.665000,0.360108,0.362353,0.420179
55.670000,-0.107469,-0.197671,-0.185479
55.675000,-0.610255,-0.299733,-0.264211
55.680000,0.125549,0.302493,0.237587
55.685000,0.429114,0.527757,0.271333
55.690000,-0.058635,-0.226109,-0.274936
55.695000,-0.419608,-0.379154,-0.424345
55.700000,0.105237,0.212987,0.144167
55.705000,0.314452,0.411681,0.514883
55.710000,-0.049121,-0.287981,-0.102696
55.715000,-0.174819,-0.328624,-0.312382
55.720000,-0.041436,0.283077,0.085781
55.725000,0.351473,0.375827,0.390008
55.730000,-0.284354,-0.382573,-0.102531
55.735000,-0.361977,-0.353359,-0.342725
55.740000,0.112977,0.269354,0.065956
55.745000,0.511577,0.532685,0.405038
55.750000,0.048190,-0.188463,-0.003109
55.755000,-0.504567,-0.386965,-0.548974
55.760000,0.075219,0.120899,0.016084
55.765000,0.504284,0.316164,0.226737
55.770000,-0.044080,-0.283787,-0.095617
55.775000,-0.301518,-0.355934,-0.400484
55.780000,0.130938,0.283623,0.138760
55.785000,0.622868,0.486524,0.284203
55.790000,0.126201,-0.165475,0.065442
55.795000,-0.358729,-0.418455,-0.615196
55.800000,0.084926,0.162281,0.160183
55.805000,0.296136,0.185746,0.373200
55.810000,-0.105235,-0.344066,-0.030875
55.815000,-0.462074,-0.339019,-0.385348
55.820000,0.093865,0.113392,-0.121176
55.825000,0.320971,0.299747,0.428009
55.830000,-0.101549,-0.118608,0.005176
55.835000,-0.321635,-0.406826,-0.529735
55.840000,-0.026035,0.290422,0.016941
55.845000,0.420707,0.368308,0.393438
55.850000,-0.148177,-0.245025,-0.025722
55.855000,-0.315268,-0.317583,-0.238830
55.860000,0.189660,0.279888,0.248807
55.865000,0.392053,0.339713,0.346827
55.870000,-0.149395,-0.167999,-0.052879
55.875000,-0.311587,-0.415682,-0.404099
55.880000,0.050053,0.224903,0.194347
55.885000,0.215207,0.441999,0.371910
55.890000,0.020064,-0.043528,0.032296
55.895000,-0.307446,-0.396700,-0.278842
55.900000,0.297785,0.176738,0.073798
55.905000,0.171220,0.352023,0.206264
55.910000,-0.104979,-0.123130,-0.040354
55.915000,-0.339382,-0.207389,-0.326356
55.920000,0.034358,0.337332,-0.095405
55.925000,0.236176,0.323270,0.464648
55.930000,-0.062191,-0.190676,-0.074559
55.935000,-0.445443,-0.421443,-0.253904
55.940000,-0.101809,0.228884,0.041023
55.945000,0.305560,0.363622,0.434838
55.950000,-0.042439,-0.035956,-0.154310
55.955000,-0.483229,-0.320648,-0.468956
55.960000,0.301694,0.178870,0.194078
55.965000,0.170537,0.280863,0.557316
55.970000,-0.004789,-0.406890,-0.055747
55.975000,-0.369509,-0.409568,-0.393187
55.980000,0.144221,0.136670,0.173545
55.985000,0.398249,0.491682,0.294693
55.990000,-0.323938,-0.174256,0.079154
55.995000,-0.316497,-0.316883,-0.422964
56.000000,-0.109212,0.423924,0.031320
56.005000,0.299484,0.368912,0.274990
56.010000,-0.057083,-0.251657,0.174031
56.015000,-0.491895,-0.305733,-0.317694
56.020000,0.001490,0.259847,0.030561
56.025000,0.274380,0.271786,0.373192
56.030000,-0.253886,-0.298538,-0.028880
56.035000,-0.415314,-0.344121,-0.410717
56.040000,0.051913,0.182582,0.249476
56.045000,0.478432,0.183306,0.469720
56.050000,-0.245446,-0.057035,-0.114310
56.055000,-0.591611,-0.317125,-0.257696
56.060000,0.215082,0.161947,0.146061
56.065000,0.370198,0.285704,0.454176
56.070000,-0.197884,-0.299419,-0.198581
56.075000,-0.294181,-0.316752,-0.486940
56.080000,0.240789,0.502716,0.162805
56.085000,0.387073,0.388322,0.315874
56.090000,-0.088182,-0.139008,-0.136606
56.095000,-0.192561,-0.062519,-0.552235
56.100000,-0.021950,0.329567,0.155746
56.105000,0.512136,0.328098,0.361206
56.110000,-0.226867,-0.289568,-0.084916
56.115000,-0.481517,-0.453830,-0.476078
56.120000,-0.002272,0.391774,-0.083000
56.125000,0.195212,0.355463,0.269137
56.130000,-0.147886,-0.322175,-0.006162
56.135000,-0.305333,-0.597427,-0.412836
56.140000,0.044525,0.436317,-0.206391
56.145000,0.276203,0.530698,0.371366
56.150000,-0.001163,-0.106923,-0.108139
56.155000,-0.421704,-0.191861,-0.441983
56.160000,0.195348,0.373568,0.237611
56.165000,0.231213,0.461966,0.456699
56.170000,-0.010590,-0.228851,-0.098942
56.175000,-0.360044,-0.408780,-0.445920
56.180000,0.133529,0.204928,0.083861
56.185000,0.288811,0.359887,0.366058
56.190000,0.003016,-0.308276,0.078047
56.195000,-0.372850,-0.430478,-0.402462
56.200000,-0.007607,0.207334,0.175077
56.205000,0.538416,0.216182,0.323838
56.210000,-0.153982,-0.332219,-0.218909
56.215000,-0.362297,-0.226862,-0.311621
56.220000,0.091128,0.299793,0.187003
56.225000,0.346565,0.422707,0.549811
56.230000,-0.201689,-0.223443,-0.026640
56.235000,-0.548291,-0.526050,-0.329812
56.240000,0.230387,0.322194,0.175740
56.245000,0.488697,0.256486,0.531289
56.250000,-0.245397,-0.109517,-0.207025
56.255000,-0.262189,-0.404673,-0.405602
56.260000,0.085310,-0.013731,0.055042
56.265000,0.318370,0.392366,0.341445
56.270000,-0.206706,-0.108505,-0.026092
56.275000,-0.305435,-0.350745,-0.383661
56.280000,0.047783,0.188220,0.236512
56.285000,0.392796,0.279275,0.211552
56.290000,0.012404,-0.181956,-0.186570
56.295000,-0.276393,-0.319865,-0.561131
56.300000,0.182254,0.196820,0.129955
56.305000,0.414993,0.397771,0.450427
56.310000,-0.026313,-0.360328,-0.256625
56.315000,-0.448543,-0.443227,-0.373933
56.320000,-0.000195,0.172249,0.126935
56.325000,0.588583,0.371445,0.322023
56.330000,-0.082712,-0.077901,-0.231339
56.335000,-0.442408,-0.304324,-0.352152
56.340000,-0.010829,0.332391,0.201048
56.345000,0.633297,0.262614,0.244673
56.350000,-0.058678,-0.235138,-0.154405
56.355000,-0.486410,-0.430178,-0.513486
56.360000,0.283176,0.190470,0.170802
56.365000,0.345050,0.273926,0.389221
56.370000,-0.148095,-0.170048,-0.017848
56.375000,-0.229984,-0.386360,-0.474804
56.380000,-0.044625,0.203070,0.081575
56.385000,0.255966,0.284813,0.473942
56.390000,-0.069336,-0.169403,-0.218660
56.395000,-0.442997,-0.600635,-0.284146
56.400000,0.179665,0.307925,0.173666
56.405000,0.488193,0.417272,0.417902
56.410000,-0.049205,-0.297008,-0.166337
56.415000,-0.245415,-0.430394,-0.178454
56.420000,0.042431,0.198894,-0.058393
56.425000,0.442937,0.149123,0.385984
56.430000,0.130487,-0.206704,-0.179711
56.435000,-0.425103,-0.333808,-0.248080
56.440000,0.017626,0.248148,0.090837
56.445000,0.372612,0.413797,0.161127
56.450000,-0.164704,-0.166164,-0.289022
56.455000,-0.466353,-0.410622,-0.210396
56.460000,0.021117,0.122444,0.122552
56.465000,0.323143,0.403792,0.414011
56.470000,-0.159146,-0.263397,-0.175218
56.475000,-0.530296,-0.377707,-0.421117
56.480000,0.196326,0.205840,0.246701
56.485000,0.367167,0.494143,0.533440
56.490000,-0.114289,-0.050918,-0.213655
56.495000,-0.283792,-0.534073,-0.174511
56.500000,0.274565,0.295541,0.129316
56.505000,0.446750,0.456178,0.402211
56.510000,0.032994,-0.163944,-0.154275
56.515000,-0.301649,-0.469016,-0.453440
56.520000,0.202644,0.204037,0.242346
56.525000,0.473650,0.408362,0.350373
56.530000,-0.093652,-0.125746,-0.169743
56.535000,-0.441708,-0.362524,-0.266866
56.540000,0.052622,0.378707,0.039198
56.545000,0.377085,0.370124,0.490809
56.550000,-0.057387,-0.185007,-0.146303
56.555000,-0.456425,-0.270327,-0.424827
56.560000,0.079267,0.225140,0.144594
56.565000,0.464326,0.262854,0.422076
56.570000,0.068719,-0.111632,-0.156779
56.575000,-0.367426,-0.432776,-0.200284
56.580000,-0.094433,0.297276,0.232889
56.585000,0.345766,0.309369,0.377782
56.590000,-0.306750,-0.095831,-0.142589
56.595000,-0.341892,-0.624825,-0.376369
56.600000,0.224091,0.315023,0.196635
56.605000,0.362283,0.350309,0.330205
56.610000,-0.126447,-0.248164,-0.223446
56.615000,-0.251617,-0.444827,-0.411764
56.620000,0.005117,0.338033,0.030863
56.625000,0.450659,0.156675,0.595830
56.630000,-0.057075,-0.119409,-0.284128
56.635000,-0.404913,-0.333259,-0.331827
56.640000,0.216312,0.092590,0.010952
56.645000,0.375893,0.330032,0.476013
56.650000,0.064872,-0.336187,-0.321136
56.655000,-0.440985,-0.395683,-0.454154
56.660000,-0.004139,0.182944,0.098479
56.665000,0.298058,0.205250,0.518309
56.670000,-0.088089,-0.123588,-0.234159
56.675000,-0.223556,-0.415623,-0.488147
56.680000,-0.052016,0.137540,0.227186
56.685000,0.419708,0.401557,0.466191
56.690000,-0.102646,-0.322923,-0.149925
56.695000,-0.370006,-0.321765,-0.522285
56.700000,0.114111,0.219514,0.109365
56.705000,0.370068,0.332462,0.370085
56.710000,-0.075764,-0.184379,-0.264360
56.715000,-0.370556,-0.289023,-0.259571
56.720000,0.078499,0.066406,0.154694
56.725000,0.370004,0.443236,0.342949
56.730000,-0.016687,-0.140283,-0.078133
56.735000,-0.366588,-0.245122,-0.503261
56.740000,0.048269,0.195716,0.332481
56.745000,0.640974,0.404032,0.495819
56.750000,-0.029366,0.018781,-0.212539
56.755000,-0.374650,-0.294244,-0.427391
56.760000,0.055943,0.211047,0.193136
56.765000,0.376820,0.443478,0.525984
56.770000,-0.225162,-0.386029,-0.162474
56.775000,-0.342132,-0.220666,-0.206346
56.780000,0.203180,0.086817,0.142979
56.785000,0.527421,0.322736,0.401368
56.790000,-0.205525,-0.191766,-0.210659
56.795000,-0.359240,-0.303094,-0.238687
56.800000,0.005057,-0.011709,0.096449
56.805000,0.423673,0.243079,0.245208
56.810000,-0.167899,-0.285359,-0.104319
56.815000,-0.393928,-0.259682,-0.292894
56.820000,0.208953,0.178911,0.219482
56.825000,0.417514,0.218540,0.358495
56.830000,0.056828,-0.106481,-0.008791
56.835000,-0.294475,-0.234025,-0.140455
56.840000,0.179607,0.036497,0.315371
56.845000,0.458031,0.634816,0.331029
56.850000,-0.127871,-0.012273,-0.198764
56.855000,-0.519641,-0.268996,-0.408534
56.860000,0.114914,0.101835,0.169102
56.865000,0.526621,0.477897,0.364929
56.870000,-0.070246,-0.204110,-0.286174
56.875000,-0.504708,-0.337415,-0.488388
56.880000,0.132266,0.163921,0.079349
56.885000,0.272468,0.277129,0.231185
56.890000,0.041175,-0.235333,-0.283374
56.895000,-0.632844,-0.223873,-0.336155
56.900000,0.164682,0.145327,0.265040
56.905000,0.367873,0.391897,0.398630
56.910000,0.007342,-0.122659,-0.372257
56.915000,-0.606699,-0.418620,-0.429251
56.920000,-0.122539,0.043374,0.171769
56.925000,0.397600,0.430609,0.436009
56.930000,0.090733,-0.455402,-0.181043
56.935000,-0.373855,-0.473061,-0.179850
56.940000,0.178260,0.195773,0.327001
56.945000,0.391992,0.458756,0.351683
56.950000,-0.211343,-0.272179,-0.186940
56.955000,-0.263388,-0.207399,-0.396528
56.960000,0.046919,0.158483,0.214413
56.965000,0.341129,0.250552,0.314470
56.970000,0.056220,-0.277053,-0.130811
56.975000,-0.500799,-0.218824,-0.399589
56.980000,0.042562,0.124805,0.266035
56.985000,0.197055,0.428710,0.364240
56.990000,-0.120254,-0.171455,-0.046014
56.995000,-0.383824,-0.463079,-0.234940
57.000000,0.145427,0.251151,0.175590
57.005000,0.275973,0.396470,0.359092
57.010000,-0.075544,-0.246151,-0.272365
57.015000,-0.434158,-0.506327,-0.328087
57.020000,0.113274,0.123622,0.366871
57.025000,0.337348,0.342822,0.437909
57.030000,-0.008164,-0.109776,-0.344652
57.035000,-0.259927,-0.229895,-0.485172
57.040000,0.027077,0.504063,0.290101
57.045000,0.240336,0.324681,0.360732
57.050000,-0.153883,-0.154341,-0.223778
57.055000,-0.495344,-0.441095,-0.312260
57.060000,-0.003147,0.259460,0.273989
57.065000,0.520577,0.364301,0.292061
57.070000,-0.009613,-0.093337,-0.067188
57.075000,-0.431763,-0.353327,-0.369930
57.080000,0.001449,0.094327,0.340704
57.085000,0.419549,0.193570,0.544815
57.090000,-0.020544,-0.169210,-0.236256
57.095000,-0.428180,-0.285395,-0.405156
57.100000,-0.022396,0.088125,0.194194
57.105000,0.579994,0.506128,0.315595
57.110000,0.128124,-0.165412,-0.264658
57.115000,-0.287952,-0.152878,-0.354941
57.120000,-0.072757,0.028509,0.140852
57.125000,0.399219,0.440314,0.170299
57.130000,-0.120216,-0.287278,-0.031414
57.135000,-0.372371,-0.251901,-0.334448
57.140000,-0.071640,0.374847,0.282059
57.145000,0.370414,0.337641,0.384688
57.150000,-0.099920,-0.234416,-0.012128
57.155000,-0.494239,-0.167471,-0.492035
57.160000,-0.005260,0.368409,0.266080
57.165000,0.262373,0.407074,0.427606
57.170000,-0.027377,-0.155117,-0.243871
57.175000,-0.410383,-0.151944,-0.291726
57.180000,0.026304,0.079958,0.248637
57.185000,0.428636,0.340615,0.390154
57.190000,-0.090066,-0.211642,-0.138924
57.195000,-0.377521,-0.199611,-0.427780
57.200000,0.074106,0.184946,0.298863
57.205000,0.507037,0.342590,0.275027
57.210000,0.024899,-0.069689,-0.153905
57.215000,-0.332888,-0.418480,-0.374272
57.220000,0.229928,0.217192,0.196850
57.225000,0.300009,0.397505,0.392904
57.230000,-0.115248,-0.303364,-0.156335
57.235000,-0.237770,-0.195946,-0.282005
57.240000,0.097994,0.124970,0.100567
57.245000,0.354262,0.224439,0.388921
57.250000,-0.053713,-0.230255,-0.090549
57.255000,-0.405242,-0.259115,-0.267602
57.260000,0.095018,0.137304,0.164625
57.265000,0.443432,0.255507,0.444363
57.270000,-0.276698,-0.224204,-0.164909
57.275000,-0.461200,-0.659475,-0.411044
57.280000,0.092532,-0.014839,0.129114
57.285000,0.353298,0.514960,0.523049
57.290000,0.151757,-0.179424,-0.441058
57.295000,-0.575168,-0.213307,-0.301327
57.300000,-0.007909,0.319500,0.203382
57.305000,0.386983,0.415215,0.296792
57.310000,0.135963,-0.242864,-0.289563
57.315000,-0.186058,-0.314707,-0.394776
57.320000,0.130198,0.288310,0.213567
57.325000,0.525570,0.517760,0.409651
57.330000,-0.137833,-0.039135,-0.170591
57.335000,-0.455733,-0.447278,-0.210784
57.340000,-0.030986,0.223261,0.135554
57.345000,0.289869,0.458464,0.354739
57.350000,0.042223,-0.154877,-0.285784
57.355000,-0.488720,-0.351917,-0.484847
57.360000,0.047734,0.072213,0.084261
57.365000,0.352056,0.425616,0.477777
57.370000,0.053285,-0.108812,-0.371464
57.375000,-0.585151,-0.235009,-0.344844
57.380000,0.038281,0.277022,0.050406
57.385000,0.279189,0.444935,0.363138
57.390000,0.054291,-0.162306,-0.011998
57.395000,-0.457451,-0.338046,-0.365736
57.400000,-0.017757,0.174307,0.094693
57.405000,0.214859,0.395959,0.418497
57.410000,-0.054849,-0.310058,-0.187864
57.415000,-0.417404,-0.251452,-0.252917
57.420000,0.015496,-0.028074,0.123369
57.425000,0.241385,0.449368,0.280147
57.430000,-0.127705,-0.146738,-0.271118
57.435000,-0.335943,-0.376715,-0.348347
57.440000,-0.025147,0.065396,0.155271
57.445000,0.289351,0.359472,0.149076
57.450000,0.048708,-0.136218,-0.312368
57.455000,-0.435013,-0.439356,-0.229626
57.460000,0.038376,0.362498,0.302245
57.465000,0.416834,0.201211,0.322079
57.470000,-0.007420,-0.240172,-0.270780
57.475000,-0.378820,-0.318644,-0.413267
57.480000,-0.009157,0.120173,0.241113
57.485000,0.295163,0.319558,0.338703
57.490000,0.082166,-0.292190,-0.120733
57.495000,-0.443333,-0.284774,-0.327894
57.500000,-0.006454,0.083877,0.256398
57.505000,0.388756,0.377433,0.212097
57.510000,0.190437,-0.188343,-0.256812
57.515000,-0.271229,-0.445662,-0.392409
57.520000,-0.005626,0.110222,0.144567
57.525000,0.412414,0.412559,0.470811
57.530000,-0.009411,-0.205676,-0.141671
57.535000,-0.186475,-0.427751,-0.326087
57.540000,0.099901,0.264065,0.073839
57.545000,0.353360,0.494080,0.245415
57.550000,0.116149,-0.324379,0.052776
57.555000,-0.471235,-0.340964,-0.299493
57.560000,-0.070692,0.110493,-0.077288
57.565000,0.376700,0.241483,0.397229
57.570000,0.175269,-0.103046,-0.152295
57.575000,-0.324217,-0.357709,-0.242497
57.580000,-0.087252,0.250466,0.174743
57.585000,0.415650,0.410998,0.503667
57.590000,0.118167,-0.235847,-0.133804
57.595000,-0.409953,-0.537358,-0.335366
57.600000,-0.036722,0.085563,0.047222
57.605000,0.298466,0.378613,0.355675
57.610000,0.107317,-0.097068,-0.346012
57.615000,-0.383203,-0.441204,-0.158492
57.620000,-0.012607,0.193084,0.323243
57.625000,0.300193,0.468246,0.313883
57.630000,0.233362,-0.298213,-0.373459
57.635000,-0.356777,-0.426011,-0.428996
57.640000,0.021829,0.173315,0.175676
57.645000,0.392161,0.292093,0.118362
57.650000,-0.051155,-0.246296,-0.299443
57.655000,-0.316519,-0.491663,-0.376672
57.660000,-0.032835,0.078052,0.440299
57.665000,0.197249,0.430656,0.392144
57.670000,0.106928,-0.318922,-0.392653
57.675000,-0.274779,-0.415891,-0.343835
57.680000,-0.045755,0.118445,0.124406
57.685000,0.111344,0.447716,0.143448
57.690000,0.030939,-0.089375,-0.130050
57.695000,-0.588942,-0.395571,-0.278457
57.700000,-0.187376,0.104209,0.317948
57.705000,0.368790,0.320227,0.453905
57.710000,-0.013865,-0.172448,-0.139538
57.715000,-0.525550,-0.375384,-0.286888
57.720000,-0.061982,0.001843,0.257529
57.725000,0.391476,0.242688,0.317503
57.730000,-0.018047,-0.075505,-0.267399
57.735000,-0.318562,-0.415179,-0.525699
57.740000,-0.132342,0.140349,0.267817
57.745000,0.357501,0.290078,0.360939
57.750000,0.162607,-0.242692,-0.106116
57.755000,-0.445882,-0.445455,-0.278533
57.760000,-0.133482,0.262391,0.170901
57.765000,0.525644,0.356447,0.511970
57.770000,0.192254,-0.273838,-0.049976
57.775000,-0.359309,-0.279845,-0.240608
57.780000,-0.201695,0.084395,0.213926
57.785000,0.356408,0.399073,0.298292
57.790000,-0.059213,-0.132179,-0.253873
57.795000,-0.439345,-0.409285,-0.346120
57.800000,-0.151575,0.017781,0.279974
57.805000,0.162795,0.206747,0.437477
57.810000,-0.024140,-0.123552,-0.265293
57.815000,-0.302632,-0.463188,-0.312582
57.820000,-0.281356,0.207887,0.234433
57.825000,0.439240,0.572915,0.294363
57.830000,0.076631,-0.255113,-0.168180
57.835000,-0.439671,-0.273801,-0.408441
57.840000,-0.259311,0.156375,0.204927
57.845000,0.445434,0.453886,0.430390
57.850000,0.187017,-0.044017,-0.207866
57.855000,-0.399501,-0.426123,-0.294103
57.860000,-0.004421,0.202282,0.179344
57.865000,0.468948,0.524981,0.210722
57.870000,0.089447,-0.142722,-0.289219
57.875000,-0.455799,-0.526743,-0.274718
57.880000,-0.081856,0.015643,0.166818
57.885000,0.473153,0.301642,0.295090
57.890000,0.168876,-0.118270,-0.212077
57.895000,-0.093941,-0.482494,-0.397393
57.900000,0.158808,-0.035491,0.149862
57.905000,0.246541,0.269483,0.474504
57.910000,0.122750,-0.025212,-0.323360
57.915000,-0.323822,-0.300961,-0.285858
57.920000,0.003810,0.035620,0.009330
57.925000,0.305033,0.518126,0.477849
57.930000,0.060832,-0.289602,-0.211487
57.935000,-0.196598,-0.492130,-0.215397
57.940000,-0.054392,0.219964,0.285946
57.945000,0.509386,0.334338,0.210421
57.950000,0.024534,-0.206902,-0.173561
57.955000,-0.347979,-0.435606,-0.207844
57.960000,-0.254058,0.047280,0.196642
57.965000,0.337372,0.362530,0.330537
57.970000,0.159284,0.008004,-0.304077
57.975000,-0.199610,-0.350894,-0.176598
57.980000,-0.155483,0.138639,0.088005
57.985000,0.363423,0.375907,0.234325
57.990000,0.218128,-0.011756,-0.054366
57.995000,-0.366523,-0.431301,-0.290958
58.000000,-0.092980,0.076476,0.170342
58.005000,0.502892,0.348735,0.430598
58.010000,0.137788,-0.216498,-0.156629
58.015000,-0.273180,-0.540612,-0.315871
58.020000,-0.155254,0.293200,0.208305
58.025000,0.358594,0.395027,0.431724
58.030000,0.232040,-0.011297,-0.325020
58.035000,-0.463643,-0.395819,-0.268346
58.040000,-0.113323,0.219789,0.354574
58.045000,0.370054,0.325275,0.415040
58.050000,-0.164041,-0.248568,-0.251550
58.055000,-0.364129,-0.602629,-0.296230
58.060000,-0.146600,-0.058884,0.250393
58.065000,0.108407,0.614544,0.477750
58.070000,0.115713,-0.182099,-0.131879
58.075000,-0.460982,-0.426810,-0.234543
58.080000,0.076849,0.218406,0.202199
58.085000,0.173230,0.335602,0.359215
58.090000,0.171657,-0.180877,-0.272107
58.095000,-0.383426,-0.505373,-0.355700
58.100000,-0.207721,0.117338,0.241869
58.105000,0.364999,0.390955,0.286934
58.110000,0.143402,0.020430,-0.198723
58.115000,-0.361514,-0.433473,-0.336906
58.120000,-0.210648,0.116282,0.293378
58.125000,0.476457,0.405635,0.429614
58.130000,0.128040,-0.104389,-0.308512
58.135000,-0.299038,-0.515348,-0.378114
58.140000,-0.001724,0.025502,0.134177
58.145000,0.315575,0.296752,0.458073
58.150000,-0.007019,-0.057582,-0.277590
58.155000,-0.503721,-0.476564,-0.292111
58.160000,-0.216222,0.162393,0.017791
58.165000,0.306816,0.474369,0.279715
58.170000,0.227615,-0.016342,-0.295199
58.175000,-0.247511,-0.358690,-0.261767
58.180000,-0.056231,0.007772,0.138564
58.185000,0.228665,0.263700,0.336737
58.190000,0.236448,-0.204216,-0.013801
58.195000,-0.472098,-0.381579,-0.314873
58.200000,-0.050691,0.152955,0.079778
58.205000,0.449135,0.461509,0.228671
58.210000,0.098462,-0.142997,-0.217909
58.215000,-0.410475,-0.575851,-0.457732
58.220000,-0.258240,0.078691,0.103146
58.225000,0.308746,0.302943,0.223814
58.230000,-0.080854,-0.226196,-0.179904
58.235000,-0.398171,-0.537534,-0.383736
58.240000,-0.143508,0.109046,0.196007
58.245000,0.293222,0.441074,0.320384
58.250000,0.050975,-0.128897,-0.197191
58.255000,-0.312457,-0.284755,-0.366610
58.260000,-0.192068,0.079613,0.205490
58.265000,0.401836,0.499524,0.325750
58.270000,0.153393,-0.185219,-0.208163
58.275000,-0.370453,-0.245642,-0.214931
58.280000,-0.186783,0.047338,0.273584
58.285000,0.303603,0.614616,0.424368
58.290000,0.183167,-0.278343,-0.254467
58.295000,-0.439691,-0.423979,-0.248710
58.300000,0.000841,0.104309,0.310673
58.305000,0.333645,0.492668,0.395943
58.310000,0.227121,-0.045017,-0.397841
58.315000,-0.226024,-0.462414,-0.363917
58.320000,-0.204617,0.053451,0.218999
58.325000,0.278866,0.144143,0.280242
58.330000,0.143466,0.041671,-0.210042
58.335000,-0.186604,-0.485643,-0.336211
58.340000,0.027258,0.265772,0.322379
58.345000,0.308726,0.424999,0.308144
58.350000,0.257670,-0.104464,-0.166314
58.355000,-0.453757,-0.468475,-0.477548
58.360000,-0.137120,0.276245,0.013922
58.365000,0.341246,0.501026,0.589329
58.370000,0.221100,-0.046293,-0.323912
58.375000,-0.307597,-0.206068,-0.350872
58.380000,-0.133891,0.111527,0.275197
58.385000,0.416069,0.445068,0.398285
58.390000,0.053626,-0.068596,-0.114818
58.395000,-0.288700,-0.373954,-0.501032
58.400000,-0.167797,0.147113,0.434604
58.405000,0.433034,0.514494,0.350002
58.410000,0.100822,-0.105160,-0.103427
58.415000,-0.318556,-0.321020,-0.382263
58.420000,-0.302077,0.055955,0.294303
58.425000,0.271429,0.380515,0.392453
58.430000,0.227175,-0.236857,-0.194593
58.435000,-0.263837,-0.657280,-0.479993
58.440000,0.016379,-0.023091,0.311143
58.445000,0.284397,0.357247,0.242039
58.450000,0.124083,-0.060216,-0.037788
58.455000,-0.266390,-0.395130,-0.444370
58.460000,-0.104166,0.138946,0.271427
58.465000,0.197723,0.325909,0.365012
58.470000,0.195906,0.090693,-0.127609
58.475000,-0.225250,-0.425675,-0.415352
58.480000,-0.068663,0.054679,0.316959
58.485000,0.359284,0.450587,0.470142
58.490000,0.305947,-0.085258,-0.175122
58.495000,-0.354565,-0.281518,-0.265935
58.500000,-0.197088,0.070457,0.211740
58.505000,0.383298,0.400660,0.320848
58.510000,0.172979,0.059269,-0.248822
58.515000,-0.133684,-0.446465,-0.334961
58.520000,0.088311,0.122546,0.294379
58.525000,0.237953,0.396424,0.338797
58.530000,0.199873,0.096419,-0.322206
58.535000,-0.191680,-0.388215,-0.292419
58.540000,-0.080355,0.237232,0.331015
58.545000,0.288180,0.447095,0.533936
58.550000,0.240524,-0.258494,-0.200981
58.555000,-0.198094,-0.548133,-0.313238
58.560000,-0.272163,0.068764,0.172330
58.565000,0.364744,0.403595,0.301696
58.570000,0.045874,-0.188917,-0.274155
58.575000,-0.357399,-0.585406,-0.365561
58.580000,-0.130197,-0.004056,0.232870
58.585000,0.324764,0.523053,0.395386
58.590000,0.317523,-0.096482,-0.242846
58.595000,-0.298964,-0.396891,-0.328742
58.600000,-0.238525,0.195714,0.180266
58.605000,0.153913,0.477318,0.188302
58.610000,0.110509,-0.013470,-0.020092
58.615000,-0.332434,-0.409585,-0.231506
58.620000,-0.189335,0.089966,0.202877
58.625000,0.227500,0.408522,0.200906
58.630000,0.383271,-0.053760,-0.154265
58.635000,-0.421801,-0.444379,-0.226135
58.640000,-0.278380,-0.023598,0.304525
58.645000,0.213143,0.519090,0.291666
58.650000,0.127003,0.085807,-0.266925
58.655000,-0.271229,-0.301232,-0.470924
58.660000,-0.274907,-0.020799,0.312022
58.665000,0.339326,0.257720,0.426203
58.670000,0.222041,-0.007243,-0.243760
58.675000,-0.350797,-0.567969,-0.373195
58.680000,-0.263294,0.055726,0.276838
58.685000,0.258581,0.385128,0.365724
58.690000,0.352392,0.004618,-0.118821
58.695000,-0.394264,-0.522011,-0.310900
58.700000,-0.259501,0.254168,0.164651
58.705000,0.228951,0.497329,0.506946
58.710000,0.273332,0.064281,-0.176063
58.715000,-0.344324,-0.491657,-0.137419
58.720000,-0.219954,0.007629,0.232193
58.725000,0.380466,0.366537,0.284886
58.730000,0.384819,-0.194380,-0.109537
58.735000,-0.291916,-0.351798,-0.483739
58.740000,-0.203484,0.043813,0.200410
58.745000,0.225554,0.499805,0.139322
58.750000,0.222451,0.035724,-0.152201
58.755000,-0.196989,-0.452414,-0.424387
58.760000,-0.268745,0.028643,0.207791
58.765000,0.343936,0.522645,0.404456
58.770000,0.174122,0.137926,-0.181612
58.775000,-0.234905,-0.275561,-0.302887
58.780000,-0.243384,0.116089,0.192672
58.785000,0.193247,0.356062,0.338607
58.790000,0.185585,0.076851,-0.250746
58.795000,-0.296223,-0.461897,-0.154555
58.800000,-0.106845,0.111364,0.083309
58.805000,0.233559,0.349788,0.354609
58.810000,0.077963,-0.134196,-0.371970
58.815000,-0.286157,-0.221798,-0.428331
58.820000,-0.244486,-0.119333,-0.020099
58.825000,0.417712,0.453126,0.307593
58.830000,0.314162,-0.014726,-0.384930
58.835000,-0.200759,-0.514584,-0.302394
58.840000,-0.236045,0.175435,0.279939
58.845000,0.000902,0.335433,0.086927
58.850000,0.258327,0.219950,-0.149283
58.855000,-0.261407,-0.229633,-0.350702
58.860000,-0.271378,-0.054683,0.187176
58.865000,0.528318,0.327525,0.418362
58.870000,0.339417,-0.008224,0.048756
58.875000,-0.127120,-0.333453,-0.455234
58.880000,-0.195909,0.022048,0.192636
58.885000,0.046660,0.455696,0.565301
58.890000,0.226232,0.120004,-0.134160
58.895000,-0.207318,-0.309405,-0.408311
58.900000,-0.327706,0.113993,0.406504
58.905000,0.351977,0.439116,0.323426
58.910000,0.153807,-0.107214,-0.138941
58.915000,-0.106066,-0.382543,-0.195355
58.920000,-0.342024,-0.023852,0.106059
58.925000,0.205177,0.457280,0.519734
58.930000,0.016356,0.104745,-0.220890
58.935000,-0.035639,-0.431230,-0.478478
58.940000,-0.257007,-0.008890,0.224288
58.945000,0.384396,0.304795,0.267134
58.950000,0.360589,0.104084,-0.234139
58.955000,-0.209681,-0.436329,-0.454349
58.960000,-0.337562,0.063132,0.154361
58.965000,-0.006428,0.515622,0.249082
58.970000,0.266408,0.081621,-0.264123
58.975000,-0.125756,-0.487884,-0.259400
58.980000,-0.160428,0.073883,-0.021324
58.985000,0.282096,0.413174,0.315626
58.990000,0.393116,-0.247463,-0.397570
58.995000,-0.286182,-0.339312,-0.416694
59.000000,-0.105712,-0.039291,0.252795
59.005000,0.352897,0.341160,0.386747
59.010000,0.213440,-0.100481,-0.164539
59.015000,-0.145012,-0.341598,-0.229050
59.020000,-0.110699,0.070780,0.250752
59.025000,0.172204,0.549679,0.377277
59.030000,0.343537,0.119940,0.048327
59.035000,-0.258544,-0.455179,-0.467637
59.040000,-0.356832,0.047862,0.230529
59.045000,0.217575,0.509365,0.398142
59.050000,0.115205,0.035079,-0.228547
59.055000,-0.379929,-0.357029,-0.442028
59.060000,-0.322307,0.148866,0.001237
59.065000,0.243542,0.328469,0.323584
59.070000,0.190176,-0.067129,-0.217857
59.075000,0.024671,-0.516060,-0.288882
59.080000,-0.157096,-0.036814,0.121584
59.085000,0.247345,0.351152,0.569350
59.090000,0.303988,0.039377,-0.192172
59.095000,-0.297272,-0.381368,-0.377764
59.100000,-0.312063,-0.153514,0.218367
59.105000,0.381238,0.558077,0.456027
59.110000,0.282491,-0.051620,-0.130779
59.115000,-0.094624,-0.438976,-0.385129
59.120000,-0.208970,-0.049585,0.225180
59.125000,0.228171,0.411337,0.401480
59.130000,0.229334,0.055962,0.018990
59.135000,-0.237344,-0.432539,-0.449053
59.140000,-0.248337,-0.019454,0.229641
59.145000,0.122886,0.300479,0.341323
59.150000,0.385455,0.054103,-0.134149
59.155000,-0.262944,-0.305812,-0.475697
59.160000,-0.353046,0.087201,0.120633
59.165000,0.084239,0.516601,0.341286
59.170000,0.250898,-0.079009,-0.256408
59.175000,-0.261920,-0.577619,-0.400980
59.180000,-0.214842,0.098237,0.282394
59.185000,0.031240,0.273215,0.331306
59.190000,0.284565,0.050886,-0.287825
59.195000,-0.135620,-0.395583,-0.175676
59.200000,-0.259886,-0.093622,0.121365
59.205000,0.210851,0.486419,0.326445
59.210000,0.517574,0.101406,-0.108486
59.215000,-0.070539,-0.397046,-0.395893
59.220000,-0.355104,-0.145502,0.142057
59.225000,0.053479,0.426900,0.531398
59.230000,0.128150,-0.011660,-0.320125
59.235000,-0.004812,-0.358500,-0.531364
59.240000,-0.314664,0.043101,0.171199
59.245000,0.259503,0.426189,0.375946
59.250000,0.325264,-0.050213,-0.058502
59.255000,-0.087326,-0.367020,-0.468098
59.260000,-0.274903,0.066964,0.134836
59.265000,0.061958,0.455755,0.306680
59.270000,0.334965,-0.000139,-0.261544
59.275000,-0.190179,-0.304932,-0.193667
59.280000,-0.263459,-0.069055,0.163443
59.285000,0.131547,0.501764,0.337214
59.290000,0.309302,0.022609,-0.104893
59.295000,-0.239431,-0.285630,-0.291049
59.300000,-0.228023,-0.179719,0.226854
59.305000,0.145333,0.306938,0.502690
59.310000,0.172001,0.040722,-0.193333
59.315000,-0.027921,-0.322247,-0.433440
59.320000,-0.203242,-0.118758,0.260634
59.325000,0.270657,0.179333,0.412407
59.330000,0.313174,0.030492,-0.217356
59.335000,-0.138787,-0.410617,-0.330200
59.340000,-0.400352,0.014566,0.021219
59.345000,0.116860,0.274057,0.383196
59.350000,0.411448,0.158581,-0.134149
59.355000,-0.013370,-0.291774,-0.410286
59.360000,-0.345011,0.060603,0.180634
59.365000,0.034576,0.430285,0.342264
59.370000,0.190479,-0.113943,-0.092744
59.375000,-0.019922,-0.282425,-0.347653
59.380000,-0.365008,0.016905,0.087917
59.385000,0.188701,0.437450,0.501346
59.390000,0.400803,-0.037495,-0.029995
59.395000,-0.160062,-0.304273,-0.347745
59.400000,-0.071322,-0.019566,0.165497
59.405000,0.091583,0.415507,0.287093
59.410000,0.368009,0.066247,-0.068991
59.415000,-0.050124,-0.343632,-0.400760
59.420000,-0.301239,0.072862,0.171036
59.425000,0.013887,0.252646,0.384653
59.430000,0.406340,-0.065575,-0.318144
59.435000,-0.062874,-0.420637,-0.476125
59.440000,-0.313712,-0.067240,0.100189
59.445000,-0.038415,0.334849,0.339504
59.450000,0.393526,0.054262,-0.394184
59.455000,-0.258187,-0.112318,-0.168632
59.460000,-0.303297,-0.148422,0.203570
59.465000,0.183766,0.390609,0.257823
59.470000,0.514843,0.131072,-0.092555
59.475000,-0.052917,-0.323971,-0.496561
59.480000,-0.536719,0.020656,0.278035
59.485000,0.255142,0.301856,0.433839
59.490000,0.287535,0.181000,-0.115801
59.495000,0.135446,-0.599496,-0.346201
59.500000,-0.395365,-0.131509,0.067872
59.505000,0.272392,0.193954,0.237479
59.510000,0.302573,0.086854,-0.101224
59.515000,-0.283293,-0.209966,-0.384553
59.520000,-0.365286,-0.209534,0.148517
59.525000,0.083760,0.379744,0.505616
59.530000,0.314691,0.211889,-0.034410
59.535000,-0.127655,-0.195985,-0.437484
59.540000,-0.111365,-0.060422,-0.105664
59.545000,0.082850,0.233226,0.421720
59.550000,0.353253,-0.103981,-0.152982
59.555000,-0.012040,-0.383856,-0.264432
59.560000,-0.246107,0.110007,0.010342
59.565000,0.150860,0.229824,0.426836
59.570000,0.244799,0.050482,0.019165
59.575000,-0.202434,-0.366365,-0.414256
59.580000,-0.158803,-0.204376,0.258444
59.585000,0.014455,0.097683,0.518574
59.590000,0.387408,0.002524,-0.146293
59.595000,0.000835,-0.438477,-0.538398
59.600000,-0.062396,-0.092037,0.076644
59.605000,0.159474,0.363370,0.272314
59.610000,0.486749,0.079255,-0.109772
59.615000,-0.206818,-0.421048,-0.331330
59.620000,-0.390495,-0.182644,0.275997
59.625000,0.105022,0.314149,0.445311
59.630000,0.404791,0.178908,-0.099925
59.635000,-0.075325,-0.515039,-0.402556
59.640000,-0.440738,-0.264168,0.079382
59.645000,0.101746,0.516128,0.322435
59.650000,0.395962,0.136008,-0.242175
59.655000,-0.159849,-0.256481,-0.405227
59.660000,-0.242688,-0.115000,0.061204
59.665000,-0.089052,0.312042,0.482735
59.670000,0.273350,0.135040,0.024943
59.675000,-0.122215,-0.452469,-0.519411
59.680000,-0.268192,-0.117537,0.033900
59.685000,-0.049465,0.408921,0.203005
59.690000,0.172027,0.169795,-0.071611
59.695000,0.010732,-0.442498,-0.415224
59.700000,-0.303008,-0.207377,0.174756
59.705000,0.066938,0.365190,0.408171
59.710000,0.437556,0.387434,0.138483
59.715000,-0.024866,-0.359742,-0.427335
59.720000,-0.356172,-0.038297,0.131344
59.725000,-0.034553,0.338739,0.341144
59.730000,0.191870,0.051713,-0.108830
59.735000,-0.118345,-0.325054,-0.361914
59.740000,-0.417857,-0.033491,0.176625
59.745000,-0.121912,0.498260,0.604268
59.750000,0.456929,0.222097,-0.182369
59.755000,0.070185,-0.278142,-0.416911
59.760000,-0.365268,-0.172534,0.102813
59.765000,0.054662,0.514751,0.493432
59.770000,0.351142,0.277948,0.140410
59.775000,-0.104229,-0.330816,-0.358676
59.780000,-0.266406,-0.385159,0.180617
59.785000,0.081112,0.279039,0.403186
59.790000,0.297999,0.125806,-0.132891
59.795000,-0.003861,-0.509785,-0.498951
59.800000,-0.192138,-0.194832,0.145209
59.805000,-0.004569,0.313768,0.325929
59.810000,0.181561,0.209011,-0.152135
59.815000,-0.076293,-0.285630,-0.280125
59.820000,-0.231011,0.010459,-0.043959
59.825000,0.082069,0.344676,0.517585
59.830000,0.282198,0.289613,0.066274
59.835000,0.053395,-0.312908,-0.197806
59.840000,-0.305582,-0.147408,0.068299
59.845000,-0.035741,0.515719,0.506969
59.850000,0.389575,0.061678,-0.070085
59.855000,0.013277,-0.268665,-0.524438
59.860000,-0.420922,-0.198885,-0.032907
59.865000,-0.109505,0.237793,0.173223
59.870000,0.213192,0.366450,-0.086208
59.875000,0.064212,-0.356200,-0.507336
59.880000,-0.201350,-0.180585,0.113459
59.885000,-0.072930,0.263021,0.400562
59.890000,0.336578,0.096706,-0.092827
59.895000,-0.092147,-0.322841,-0.421801
59.900000,-0.458403,0.023965,0.203202
59.905000,0.114080,0.290308,0.505500
59.910000,0.250690,0.194505,-0.003774
59.915000,-0.145686,-0.344849,-0.371032
59.920000,-0.592028,-0.090552,0.126631
59.925000,-0.018800,0.177765,0.500301
59.930000,0.415255,0.237704,-0.220458
59.935000,0.073827,-0.426842,-0.657852
59.940000,-0.357517,-0.173017,0.083482
59.945000,-0.258823,0.364840,0.349903
59.950000,0.122521,0.178098,-0.192133
59.955000,0.005974,-0.364120,-0.412630
59.960000,-0.392692,-0.069432,0.132634
59.965000,0.007065,0.466102,0.316367
59.970000,0.069585,0.297074,-0.020936
59.975000,0.142059,-0.254491,-0.394448
59.980000,-0.303417,-0.207239,-0.174304
59.985000,0.109658,0.231759,0.378165
59.990000,0.257230,-0.110388,-0.195111
59.995000,-0.396549,-0.029860,-0.396815
