timestamp,sensor_0,sensor_1,sensor_2
0.000000,0.100153,0.629215,-0.385880
0.005000,1.038118,0.915508,0.832133
0.010000,-1.593990,0.684174,-0.268444
0.015000,-0.061675,-1.005900,-0.319866
0.020000,-1.289789,0.065431,-0.810720
0.025000,0.343969,-0.653395,0.656332
0.030000,-0.506390,-1.702393,-0.657252
0.035000,-2.328291,-0.632213,0.451239
0.040000,-0.530087,0.545762,-0.196294
0.045000,1.201238,1.435407,0.415025
0.050000,-1.321771,-0.290479,-0.424214
0.055000,-0.314596,0.016802,-0.565555
0.060000,0.563474,1.131615,1.174531
0.065000,-0.017557,0.460926,0.805605
0.070000,-0.226543,0.314650,-0.218392
0.075000,0.870472,0.456495,-0.726423
0.080000,0.613190,-0.317590,-1.044624
0.085000,0.516135,1.563624,0.798109
0.090000,0.794704,-0.599435,0.361861
0.095000,-0.023768,0.832542,-1.699734
0.100000,0.892321,0.949240,0.354855
0.105000,0.903038,0.762742,0.298982
0.110000,-0.678885,-0.148983,0.209541
0.115000,-0.060210,-0.678568,-1.215528
0.120000,-1.628979,0.249228,-0.364790
0.125000,0.996572,0.258497,0.626153
0.130000,0.488440,-0.299664,-0.477494
0.135000,-0.690643,0.015955,-0.452184
0.140000,0.732939,0.728268,-0.492473
0.145000,-0.893687,-0.336907,0.061716
0.150000,-0.997231,-0.885299,0.791197
0.155000,0.848268,-0.644569,-0.354872
0.160000,-0.743562,0.378879,-1.042598
0.165000,-0.292672,0.301021,-0.216844
0.170000,-0.634163,-1.504033,-0.172018
0.175000,0.408971,0.939845,-1.062032
0.180000,0.199456,0.954673,-0.320176
0.185000,0.867235,-0.230253,0.996050
0.190000,0.473717,-1.218727,1.345994
0.195000,1.275934,-0.913687,-0.743152
0.200000,0.524711,0.711646,-0.296306
0.205000,-0.143864,0.065982,1.715543
0.210000,0.059668,0.760853,0.129724
0.215000,-0.538731,0.521285,-0.703448
0.220000,0.226063,-0.552332,0.452296
0.225000,1.158423,-0.544337,0.126481
0.230000,-0.415796,-0.309318,0.333749
0.235000,-2.086348,-0.575394,-0.197084
0.240000,0.229824,-0.623928,-0.133125
0.245000,-0.754348,0.623423,0.319691
0.250000,-0.131013,-0.875295,-0.654508
0.255000,-0.439469,-0.494352,-0.021750
0.260000,-0.314174,0.457683,-0.537176
0.265000,0.736326,-0.451900,-0.675675
0.270000,-1.666188,0.648684,-1.129456
0.275000,-0.637696,-0.352693,-0.246841
0.280000,0.587314,-0.409932,0.290773
0.285000,0.050636,0.779132,-0.163857
0.290000,-0.154871,-0.424784,0.058824
0.295000,-0.898508,-0.926314,-0.324890
0.300000,-0.295036,0.172572,0.376178
0.305000,1.384473,0.317078,1.063986
0.310000,-0.407326,-0.194343,1.457593
0.315000,-0.774365,-0.485604,-0.624425
0.320000,0.799381,0.218580,-1.000277
0.325000,-0.884459,1.633619,1.429944
0.330000,-0.553912,0.312730,-0.056288
0.335000,0.140789,0.898396,0.484671
0.340000,-0.296941,-0.590068,0.601490
0.345000,-0.101676,1.316544,-0.944505
0.350000,-0.621646,0.791861,-0.364568
0.355000,-0.815584,1.870156,-0.449155
0.360000,1.424653,-0.271556,0.602449
0.365000,0.249985,-0.158499,1.555451
0.370000,-0.131399,0.539061,-0.510940
0.375000,-0.374456,0.037617,-0.400295
0.380000,-0.472019,0.582705,-0.702870
0.385000,-0.676494,0.308907,-0.283229
0.390000,0.562310,0.418747,-0.743460
0.395000,-0.567584,-0.117750,-0.289428
0.400000,-0.030650,-0.616882,-0.180263
0.405000,0.703897,-0.228707,-0.523912
0.410000,0.895311,0.083871,0.050054
0.415000,0.498635,0.724555,-0.249868
0.420000,-0.561269,2.534277,1.157039
0.425000,0.369418,0.909377,0.840877
0.430000,-0.732466,-0.561990,-0.434368
0.435000,1.025855,-1.537839,0.107441
0.440000,-0.570514,1.007536,-0.494771
0.445000,0.277489,0.780963,0.325294
0.450000,-0.068067,-0.742774,-0.086486
0.455000,-1.204096,-0.771204,-0.857575
0.460000,0.618691,1.390551,1.592474
0.465000,0.501728,1.906514,-0.350989
0.470000,-0.720205,0.123512,0.151195
0.475000,0.125073,0.058048,-1.674488
0.480000,0.528337,0.237849,0.343144
0.485000,0.305184,1.025098,0.994035
0.490000,0.158209,1.083456,-0.662897
0.495000,-0.557357,-0.136326,-2.313273
0.500000,0.887897,1.555163,1.803762
0.505000,-0.543515,0.178214,0.644076
0.510000,-0.324110,0.227213,-0.663195
0.515000,-0.462250,0.458287,-0.513757
0.520000,0.409943,-0.626206,-0.212728
0.525000,-0.695040,0.191963,-0.004610
0.530000,-0.196449,0.752754,-0.524710
0.535000,-1.252044,-0.228112,1.013091
0.540000,1.162288,-0.324133,-0.242262
0.545000,0.788012,-0.265152,0.887498
0.550000,0.347475,-0.709385,-0.409937
0.555000,-0.428312,-0.186581,-2.084059
0.560000,0.201422,-0.112049,0.613978
0.565000,1.529234,-1.011426,0.379737
0.570000,-0.557357,-0.383362,-0.665113
0.575000,-1.392035,-0.452028,1.042822
0.580000,-1.041912,0.229362,-0.554841
0.585000,1.188500,1.541112,0.206625
0.590000,0.664621,-1.150212,-0.698154
0.595000,-1.010143,-0.479678,-0.657874
0.600000,-0.583816,0.108478,0.116718
0.605000,1.069908,1.033534,-0.027361
0.610000,0.712696,-1.089944,0.177833
0.615000,-0.481911,-0.041953,-0.935815
0.620000,1.284569,0.537890,0.020771
0.625000,-1.095165,-0.348267,1.568692
0.630000,0.527464,-0.392838,0.588553
0.635000,-0.878969,-0.650504,-0.959079
0.640000,0.012937,-0.109794,0.351185
0.645000,-0.371155,0.208052,-0.577355
0.650000,0.365138,-0.238694,0.165568
0.655000,-0.551399,-0.202943,0.442435
0.660000,0.013932,0.945977,-0.782845
0.665000,-1.001848,0.261081,-0.216378
0.670000,0.522734,0.494016,0.599564
0.675000,0.119883,-0.236087,-0.097101
0.680000,0.670182,0.472048,0.433041
0.685000,1.324505,1.014838,0.649602
0.690000,-0.923900,-2.117565,-0.736282
0.695000,0.559771,0.290576,-0.776788
0.700000,-0.089484,1.443472,1.127134
0.705000,1.856092,0.823763,-0.305956
0.710000,-0.161450,-0.333049,-0.652066
0.715000,-1.666830,0.523025,-0.396144
0.720000,-0.284349,-0.400107,-0.425635
0.725000,-0.271254,0.110374,0.615376
0.730000,0.440077,0.317650,-0.697776
0.735000,-1.243293,0.056304,-0.398126
0.740000,0.260190,0.418244,0.645537
0.745000,1.346345,0.356732,0.204241
0.750000,-1.098223,-0.778800,-0.652827
0.755000,-0.598723,-0.023078,-0.553455
0.760000,-0.132169,1.259894,1.328722
0.765000,-0.116314,-0.287732,0.556496
0.770000,0.129977,0.512054,1.027638
0.775000,-1.114106,0.669118,-0.727804
0.780000,1.581109,1.715935,0.536197
0.785000,1.773806,-0.696493,1.381048
0.790000,-0.134786,0.075493,-0.521529
0.795000,-0.291570,-0.843596,-0.689147
0.800000,0.003017,0.200222,-0.366999
0.805000,0.179580,1.296741,0.875861
0.810000,0.496639,0.439426,-1.685954
0.815000,-1.739062,-0.249629,-1.070506
0.820000,-0.877742,0.486704,-0.614096
0.825000,0.400898,0.339695,0.431354
0.830000,-0.114091,0.954122,-0.369558
0.835000,-0.666010,-1.085552,-0.540061
0.840000,0.083393,-1.091784,-1.016792
0.845000,-0.732269,-0.131221,0.168014
0.850000,0.886388,0.264954,-0.545210
0.855000,0.598171,-0.039449,-0.792674
0.860000,0.853578,0.491861,-0.299321
0.865000,0.194047,2.544895,-0.517694
0.870000,-1.093381,0.555178,0.315865
0.875000,0.577156,-0.101462,-0.886346
0.880000,0.686815,-1.504850,-1.027959
0.885000,-0.125669,1.102531,1.018224
0.890000,-0.898215,-0.377711,0.731588
0.895000,0.255574,0.064680,-0.359619
0.900000,0.238048,-0.030859,-0.465720
0.905000,-0.376241,1.203309,0.537020
0.910000,-0.110307,-0.021959,0.620434
0.915000,0.155289,-0.231346,-1.028334
0.920000,-0.066854,0.022091,0.348207
0.925000,0.958753,1.037261,0.723382
0.930000,0.899671,0.827469,0.312795
0.935000,-1.569763,-0.506965,0.249276
0.940000,-1.396888,-0.159457,-0.340441
0.945000,-0.756206,0.944493,0.405051
0.950000,-0.612759,-0.162858,0.060033
0.955000,-0.039333,-0.439682,0.242101
0.960000,1.337011,-0.595967,0.236832
0.965000,1.087684,0.276461,0.658599
0.970000,-0.605717,-0.389341,-1.560196
0.975000,-1.594827,-0.777580,-0.059544
0.980000,0.119277,-0.540239,0.758680
0.985000,0.190355,0.902699,-0.490662
0.990000,1.191717,-1.427000,0.315626
0.995000,-0.784396,-1.088556,0.633397
1.000000,-0.171281,0.179058,0.404451
1.005000,0.819511,1.566289,0.374728
1.010000,-0.001118,-0.702212,0.694489
1.015000,-0.722201,0.188509,-0.224061
1.020000,-0.188978,1.981929,-0.545274
1.025000,0.477394,0.351860,0.813664
1.030000,-0.978078,0.431444,-0.268686
1.035000,-1.404701,0.392857,0.072814
1.040000,-0.915845,-0.074953,0.369117
1.045000,0.892123,-0.385038,0.901225
1.050000,-0.115823,0.486125,-0.512962
1.055000,-0.922390,0.594760,-0.550472
1.060000,0.510585,0.052672,-0.006485
1.065000,0.015756,-0.241161,-0.987475
1.070000,0.391879,-1.166931,0.664043
1.075000,-0.733154,0.827632,-1.074255
1.080000,-0.526610,-0.320009,0.690818
1.085000,1.977621,1.036533,0.090887
1.090000,-0.325617,0.698818,-1.613747
1.095000,0.112839,-1.557961,-0.782120
1.100000,0.368422,0.624461,1.897893
1.105000,0.282146,-0.255553,0.811023
1.110000,-1.653619,0.915173,0.098879
1.115000,-0.696951,-0.064799,-0.005252
1.120000,0.352302,-0.019280,-0.350222
1.125000,1.182078,1.113495,1.540944
1.130000,0.182937,-1.885737,-0.966550
1.135000,0.327379,-0.801386,0.638529
1.140000,-0.953012,-0.284760,-0.123245
1.145000,0.015892,0.361761,0.860971
1.150000,-0.867149,-0.681978,0.452153
1.155000,-0.131818,-1.105013,-0.609947
1.160000,0.792757,0.429064,0.489493
1.165000,0.469273,0.797478,0.804252
1.170000,-0.078070,-0.286248,1.183660
1.175000,0.428932,-1.256589,0.540835
1.180000,1.846344,-0.572325,0.543145
1.185000,1.015917,-0.144260,-0.476640
1.190000,0.696270,-0.355967,-0.324517
1.195000,0.111349,-1.514845,-0.974737
1.200000,-0.928486,0.623089,-0.381365
1.205000,-0.231534,0.354403,0.478911
1.210000,-1.181826,0.421141,0.519043
1.215000,-0.948507,-0.215238,-0.438274
1.220000,0.857360,-0.163735,-0.427376
1.225000,-0.077633,0.326347,-0.699212
1.230000,-1.563512,-0.284726,-0.377903
1.235000,-0.193256,-1.465656,-0.142173
1.240000,-0.696130,0.250355,-0.645458
1.245000,-0.314544,0.451087,0.807030
1.250000,-0.439208,0.708509,-0.246653
1.255000,-1.807037,-0.391690,-0.869303
1.260000,0.652133,1.054163,0.020898
1.265000,1.302111,0.262636,0.746842
1.270000,-0.690623,1.143916,-0.341724
1.275000,-0.382621,-1.630714,1.256809
1.280000,0.684357,-0.851167,0.642064
1.285000,0.723967,0.773483,0.392005
1.290000,-0.015191,-0.467660,-0.261103
1.295000,0.610804,-0.377240,-0.813983
1.300000,1.102618,0.905139,-0.177789
1.305000,1.177355,1.533563,0.331385
1.310000,0.544359,0.137016,-0.270645
1.315000,0.107149,-1.493571,-1.656456
1.320000,-0.073738,-0.088865,0.009492
1.325000,-0.250681,0.785344,-0.576761
1.330000,0.117995,-0.258927,-0.611042
1.335000,-0.118185,0.851849,0.002492
1.340000,0.227395,-0.714327,-0.837735
1.345000,-1.043302,1.338219,0.569895
1.350000,-0.777543,-1.587457,0.239897
1.355000,-0.610785,-1.743781,0.204083
1.360000,-0.130964,-0.639656,-1.376540
1.365000,0.747300,0.820471,-0.752466
1.370000,-0.873164,-1.701606,0.812519
1.375000,-0.094550,-0.132728,0.336387
1.380000,0.884073,-0.411663,-1.078943
1.385000,1.153129,-0.112540,-0.031315
1.390000,-0.388820,-0.546364,-0.211405
1.395000,-0.959027,-1.437672,-0.470030
1.400000,-0.071880,0.960798,-0.777500
1.405000,-0.283315,-0.227709,-0.265057
1.410000,-1.110853,-0.589636,-1.082429
1.415000,-0.656404,-0.391747,0.404090
1.420000,-1.653269,-0.010678,-0.954360
1.425000,0.429170,1.445673,1.463791
1.430000,-0.332752,0.497523,0.695509
1.435000,-1.061737,-1.536547,-0.107671
1.440000,-0.048240,2.538054,-0.683629
1.445000,-0.099787,1.027049,-0.148639
1.450000,0.230404,0.028617,1.020229
1.455000,0.653811,-0.335174,0.133676
1.460000,0.075680,-0.805628,-0.669119
1.465000,0.290599,0.816970,-0.369105
1.470000,-0.943799,-0.663431,0.206242
1.475000,0.986172,-0.557590,-0.716315
1.480000,-0.112859,-0.533568,-1.396077
1.485000,0.800791,0.665513,-0.063109
1.490000,0.102292,0.615290,-0.733992
1.495000,-1.395128,-1.225281,-0.324976
1.500000,0.823877,0.042716,-0.364323
1.505000,0.294545,-0.703494,1.138860
1.510000,-0.081462,-1.127263,0.215146
1.515000,-0.148788,0.529118,-0.406548
1.520000,0.717927,0.222047,0.016202
1.525000,-0.674649,-1.161692,-0.550154
1.530000,-0.464098,-0.180348,-0.374232
1.535000,-1.446526,-0.248286,-0.932487
1.540000,-0.389251,-0.620584,-0.749615
1.545000,0.016612,-0.478055,0.457271
1.550000,0.297417,0.419781,0.177225
1.555000,-2.417701,-0.591974,-1.080033
1.560000,0.167914,-1.240974,-0.682963
1.565000,-0.384413,0.706640,0.692621
1.570000,0.197657,0.684309,-0.296493
1.575000,-0.331338,-0.752263,-0.697556
1.580000,-0.284091,1.057981,-0.035971
1.585000,0.251737,0.756535,-0.417841
1.590000,0.773641,-0.855648,-0.662075
1.595000,0.026784,-0.874031,0.580867
1.600000,0.496346,0.428036,-1.352762
1.605000,0.825775,-0.355143,0.624611
1.610000,0.111447,0.513481,1.151950
1.615000,0.359095,-0.397375,0.125427
1.620000,0.128788,0.570657,-0.462768
1.625000,-0.595215,-0.293007,0.648697
1.630000,1.348432,-0.742419,0.144992
1.635000,-0.837858,-0.430824,-1.902922
1.640000,-0.032371,-0.874193,-0.013043
1.645000,1.702497,-0.014503,-0.264984
1.650000,-0.982796,0.976597,0.265863
1.655000,0.518903,-1.302663,-0.892449
1.660000,0.468336,-0.933246,-0.484450
1.665000,0.489605,0.770872,0.030483
1.670000,-0.580535,0.213369,0.530539
1.675000,0.307480,0.265386,0.221227
1.680000,0.886405,-0.757506,-1.101916
1.685000,0.099608,0.158796,-0.148969
1.690000,-0.863095,-0.707112,-0.211036
1.695000,-0.331759,0.615579,-0.509400
1.700000,0.251363,0.224811,1.272397
1.705000,0.468900,0.666124,0.767664
1.710000,0.214980,-0.540451,0.970287
1.715000,0.408850,-1.609241,-0.295055
1.720000,0.231629,-0.307473,-0.548526
1.725000,0.481720,-0.331029,1.276865
1.730000,0.612492,0.732834,1.059701
1.735000,0.015356,-0.542660,-0.635515
1.740000,0.568813,1.111354,-0.383931
1.745000,-1.434839,-0.365727,0.669028
1.750000,-1.116846,-1.134658,0.124929
1.755000,0.195148,-0.175238,-0.760790
1.760000,1.488107,-1.293409,-0.871626
1.765000,-0.861399,-0.162874,0.475044
1.770000,0.467113,-0.481201,-0.539005
1.775000,-0.390268,-0.159646,-1.383170
1.780000,1.480811,-1.106785,-1.602427
1.785000,1.798219,0.540173,0.124056
1.790000,-1.201443,0.353898,0.224907
1.795000,-0.306871,-1.594908,-0.051971
1.800000,-0.138893,-1.404792,-0.580929
1.805000,0.214131,-0.716280,0.541444
1.810000,-0.342758,-1.451785,-0.023520
1.815000,-0.036565,-1.157645,-0.824488
1.820000,-0.603677,-0.511845,-1.055580
1.825000,0.444153,-0.721972,0.452852
1.830000,-1.114812,0.973675,1.027427
1.835000,-1.110933,0.970168,-0.385112
1.840000,0.149649,0.406992,1.183016
1.845000,2.359420,-0.864119,-0.016386
1.850000,-0.181649,-0.608318,-0.055070
1.855000,0.599267,-0.062767,0.116753
1.860000,0.375959,2.224898,0.037314
1.865000,1.046268,0.958748,-0.813149
1.870000,-0.270364,0.293789,-0.615576
1.875000,0.431683,-1.092185,0.060141
1.880000,-0.651890,-0.483021,0.489205
1.885000,0.264914,-0.335430,0.032007
1.890000,-0.039323,-0.086196,0.428459
1.895000,0.789826,-0.738544,0.031141
1.900000,-0.005615,-0.659868,-0.565822
1.905000,-0.307340,0.105614,-0.476446
1.910000,-0.131924,-0.297450,-0.385593
1.915000,-1.729289,0.156253,0.225297
1.920000,-1.686335,1.160179,0.087101
1.925000,-0.774366,-0.347232,0.996045
1.930000,0.280264,-0.496647,0.490402
1.935000,-0.027617,0.185909,-0.360083
1.940000,0.987015,0.903552,0.293924
1.945000,0.574575,-0.266544,0.532970
1.950000,0.138835,-0.281758,-0.257301
1.955000,-1.132342,-1.065576,1.689481
1.960000,0.965501,1.784361,0.561243
1.965000,0.695222,0.798590,0.520580
1.970000,0.478788,0.001404,0.169797
1.975000,-0.044143,-0.633726,-1.293322
1.980000,0.154802,-0.114187,0.745716
1.985000,1.515666,1.171963,-0.239688
1.990000,0.611966,-0.551702,0.523040
1.995000,-0.842179,0.792071,-0.021231
2.000000,0.588571,0.083336,-1.450822
2.005000,0.099295,-0.407227,0.324320
2.010000,0.095195,1.436181,0.078554
2.015000,1.261383,0.748034,0.807900
2.020000,0.713773,1.109225,-0.178366
2.025000,0.062283,-0.786670,0.509641
2.030000,-0.476462,0.299333,0.270201
2.035000,-0.630787,0.302000,-0.069022
2.040000,1.465950,0.199693,-1.132888
2.045000,0.303373,1.814301,0.779115
2.050000,-0.244980,0.179132,0.476973
2.055000,0.577713,-1.164085,-0.406859
2.060000,0.292139,-0.470151,-0.061827
2.065000,0.255239,-0.253700,1.903313
2.070000,0.085546,-0.176194,0.670442
2.075000,-0.467082,-1.093759,1.109006
2.080000,0.622393,-0.910992,-0.143966
2.085000,0.433772,1.950173,-0.717164
2.090000,0.505207,-0.052727,0.284420
2.095000,0.268120,0.697178,-1.301599
2.100000,-0.133849,0.258988,0.337349
2.105000,-0.918196,2.177183,0.626009
2.110000,-0.692110,-0.329621,0.881289
2.115000,-2.121884,-0.603114,0.815690
2.120000,0.669218,0.071139,-0.051353
2.125000,0.391140,0.882311,0.910445
2.130000,-1.358014,0.066819,0.633085
2.135000,-0.436073,-0.646581,-1.744843
2.140000,-0.869498,0.230908,-1.309778
2.145000,1.208322,0.621741,0.773249
2.150000,-0.765105,-1.446872,0.473002
2.155000,0.303627,-0.630452,-0.401860
2.160000,-1.190428,-0.018587,0.259052
2.165000,-0.891590,1.688158,0.639077
2.170000,-0.239531,0.613325,-0.640232
2.175000,-0.984196,-0.000508,-0.595356
2.180000,0.186519,0.097327,0.561628
2.185000,0.566838,1.289205,0.533919
2.190000,-0.013089,0.178017,0.276032
2.195000,-0.512817,1.061939,-0.594769
2.200000,1.073076,-0.001283,-1.115610
2.205000,1.422323,0.619203,0.615312
2.210000,-0.769593,-0.089502,-0.003238
2.215000,-1.057090,-2.127486,-0.705082
2.220000,0.189269,0.745334,-1.446551
2.225000,0.505825,-0.258195,0.314179
2.230000,-0.849631,0.348659,0.597166
2.235000,-0.710821,-0.412961,0.750938
2.240000,0.272003,0.440273,-1.466545
2.245000,-0.195054,-0.051785,-0.281240
2.250000,-0.647952,0.698859,1.373511
2.255000,-0.503219,0.306449,0.281927
2.260000,1.505348,0.275720,-0.315648
2.265000,0.011309,0.257131,-0.539670
2.270000,0.819661,-0.427298,-0.365776
2.275000,0.546982,-1.085610,-0.281791
2.280000,0.511350,-0.552907,-0.463996
2.285000,0.556414,-0.273648,0.067994
2.290000,0.095469,0.551280,-0.021211
2.295000,1.643171,-0.026108,-1.279672
2.300000,0.121432,-0.690710,0.202321
2.305000,0.973541,-0.635440,1.019407
2.310000,0.233906,0.928902,0.693356
2.315000,0.127004,-0.605506,0.767023
2.320000,-0.894967,1.087300,-0.280743
2.325000,-0.157363,0.427808,0.664336
2.330000,0.582737,-1.039149,1.988025
2.335000,-0.561502,0.639758,-1.396906
2.340000,-0.319493,1.103846,-0.703268
2.345000,0.573079,0.547481,1.457337
2.350000,-1.200046,0.759823,-0.674989
2.355000,-0.414472,-0.865101,-0.943827
2.360000,-0.874008,-0.061196,-0.037800
2.365000,0.158645,-0.074566,0.967396
2.370000,-0.578173,-0.086623,1.934132
2.375000,-0.955103,-0.415369,1.022512
2.380000,1.376793,-0.996469,-0.082820
2.385000,1.329542,0.521052,0.040270
2.390000,-0.221874,0.094999,0.818139
2.395000,0.227192,-1.057265,-2.175752
2.400000,0.359692,0.292106,-0.692487
2.405000,0.498003,0.910879,0.151091
2.410000,-0.285158,0.068412,-0.049937
2.415000,1.611552,-2.325797,-0.100057
2.420000,0.267716,0.078045,-0.262337
2.425000,0.539935,1.080984,1.619357
2.430000,-0.553914,-0.398151,-0.025780
2.435000,-0.929622,-1.425327,-0.108726
2.440000,-0.524978,-0.092893,-0.444717
2.445000,0.166856,0.059137,1.298350
2.450000,0.295942,0.224516,0.484592
2.455000,-1.660502,-0.587467,0.318606
2.460000,-0.113314,0.198493,0.123556
2.465000,0.312653,1.584446,-0.135989
2.470000,1.372242,-1.459901,-0.069442
2.475000,-0.695175,-1.812749,-1.250930
2.480000,-0.198025,0.848546,-0.314637
2.485000,0.706229,-0.295967,0.999731
2.490000,0.146404,0.290997,-0.894647
2.495000,-1.771805,-0.227221,-0.391022
2.500000,0.256183,0.909414,1.385970
2.505000,0.022708,0.440300,-0.041268
2.510000,-0.400230,-1.241562,-0.253284
2.515000,-1.075376,0.350655,0.413375
2.520000,0.363326,-1.262141,0.245720
2.525000,0.292982,0.262161,-0.534020
2.530000,-0.224311,0.419452,-0.425199
2.535000,-0.311135,-1.310158,0.301276
2.540000,0.446567,0.184591,-0.665037
2.545000,0.605348,0.173206,0.906348
2.550000,0.051990,-0.523809,-0.810114
2.555000,1.169490,-0.280264,-0.212170
2.560000,-0.975580,1.266065,-0.050850
2.565000,0.230800,1.115736,-0.648467
2.570000,0.329197,-0.347036,1.157263
2.575000,-0.621396,-0.401187,-1.169344
2.580000,0.539662,-1.539809,0.732512
2.585000,1.258115,0.604414,-0.644175
2.590000,-0.968835,-0.616647,0.456715
2.595000,0.181328,-0.815742,-0.377365
2.600000,0.584018,1.204482,-0.957297
2.605000,-0.239798,1.119498,0.470727
2.610000,-0.493131,0.645437,1.360074
2.615000,-0.446739,-0.772044,0.202438
2.620000,0.212915,-0.355423,-0.748519
2.625000,0.748591,0.263365,0.202664
2.630000,-1.653248,-0.430013,-0.243864
2.635000,-0.471679,-1.627093,1.174331
2.640000,0.304302,0.193991,1.898663
2.645000,0.244476,-0.999787,0.595135
2.650000,1.004735,-0.949757,0.676478
2.655000,-0.370328,-0.461637,0.791314
2.660000,-0.155140,0.374435,-0.547639
2.665000,0.292909,-0.369855,-0.582678
2.670000,0.221028,0.401146,1.605279
2.675000,-0.011109,-0.828882,-0.153709
2.680000,0.921988,0.083991,-0.579446
2.685000,-0.091455,0.179557,-0.155804
2.690000,0.227785,0.681843,-0.980592
2.695000,-0.572259,-1.421001,-2.226532
2.700000,0.708667,-1.173860,-1.865854
2.705000,1.038402,0.896789,-0.548657
2.710000,-0.580720,0.540941,-0.097999
2.715000,-0.331761,-1.302447,-0.422260
2.720000,0.169537,0.682668,-0.158201
2.725000,-0.245600,-0.093459,-0.794994
2.730000,-1.118451,0.041274,-0.452145
2.735000,-1.143533,0.010663,-0.469151
2.740000,0.620432,0.051536,-0.842325
2.745000,0.305796,1.256684,0.764365
2.750000,-0.020224,0.156236,0.781848
2.755000,-0.188824,-0.592278,-1.503199
2.760000,-0.570281,-0.178819,-0.008725
2.765000,2.481362,0.058644,0.912511
2.770000,-0.469377,-0.188917,0.577004
2.775000,-0.152461,0.110692,0.158026
2.780000,1.036652,0.964173,0.056150
2.785000,0.570869,0.653985,0.516115
2.790000,0.245729,-0.605924,-0.699578
2.795000,0.091438,0.524331,0.139638
2.800000,-0.022358,-0.783178,0.890081
2.805000,0.930612,0.861044,-1.179399
2.810000,-0.378749,1.594062,-0.059135
2.815000,-0.043538,-0.669098,-0.919472
2.820000,0.943323,-0.227293,1.209243
2.825000,2.007149,-0.855387,-0.525555
2.830000,-0.590697,0.300767,0.031785
2.835000,-1.093919,-0.089088,0.082618
2.840000,1.033408,-0.793429,-0.419326
2.845000,1.309433,0.790442,1.512888
2.850000,-1.023677,0.275250,-0.028835
2.855000,-0.912428,-0.311722,1.467542
2.860000,-0.166498,-0.526408,-0.898779
2.865000,1.441268,0.620594,0.058493
2.870000,-0.550387,-1.189936,1.383509
2.875000,-0.870752,-1.038361,-0.116746
2.880000,-0.270653,-0.510862,-0.534301
2.885000,0.144252,0.468426,1.027407
2.890000,0.946911,0.940272,-0.372702
2.895000,-0.868252,-2.320419,-0.386709
2.900000,0.485037,0.731670,1.324617
2.905000,0.397617,-0.715497,-0.173798
2.910000,-1.259916,0.392586,0.499278
2.915000,-0.400072,-0.323651,0.693481
2.920000,0.832620,1.147077,-1.714961
2.925000,-0.159090,0.251634,-0.180226
2.930000,-0.292618,-0.164419,-0.161672
2.935000,-0.143380,-0.292722,0.215627
2.940000,-0.440457,-2.001962,-0.237350
2.945000,-0.537988,-0.388889,-0.146102
2.950000,0.544660,0.431730,0.894137
2.955000,-0.796960,-0.527527,-1.268573
2.960000,1.037310,0.161024,-0.939683
2.965000,-0.250340,0.701120,-0.221107
2.970000,0.632884,-0.301794,0.507351
2.975000,-1.059730,-0.476462,-1.114545
2.980000,-0.942449,0.362848,0.161236
2.985000,-0.160465,0.483031,0.188780
2.990000,0.522361,0.900251,-0.755744
2.995000,0.230486,-0.341279,-0.125626
3.000000,-0.026375,-1.430571,0.821909
3.005000,0.216177,0.570741,0.379469
3.010000,-0.730831,0.109223,0.292520
3.015000,0.551814,-0.433298,0.018698
3.020000,-0.329682,-1.311336,-0.619437
3.025000,-0.906072,-0.395291,-0.938400
3.030000,0.060985,-0.377364,-0.142762
3.035000,-0.218485,-0.486019,0.666247
3.040000,-0.027606,-0.409604,-0.585636
3.045000,0.719257,-0.471312,-0.332018
3.050000,-0.401078,-0.163997,0.314866
3.055000,-0.113291,-1.910079,0.487725
3.060000,0.340154,-1.358892,-0.584326
3.065000,0.651457,-0.413237,1.344209
3.070000,0.879399,-0.295964,-0.987940
3.075000,0.282811,1.095596,-0.680544
3.080000,0.534774,-0.038788,0.023394
3.085000,1.493862,0.541677,0.010555
3.090000,-0.629002,0.366665,-1.691713
3.095000,0.388468,-0.533222,0.471144
3.100000,0.464953,1.601305,0.966008
3.105000,0.914223,1.078484,0.258970
3.110000,0.908218,-0.699362,-0.382301
3.115000,-0.187515,-0.600545,0.323284
3.120000,0.023861,1.616761,1.061925
3.125000,-0.329214,-0.123577,1.443112
3.130000,-0.031787,-0.707684,-0.518930
3.135000,-1.277246,0.365659,0.782575
3.140000,1.549763,-0.319919,-0.882728
3.145000,0.741157,1.253465,0.346525
3.150000,-0.343119,-0.385749,-0.905906
3.155000,0.324837,-0.232252,-1.741189
3.160000,0.293435,-0.507359,-0.557749
3.165000,0.320220,-0.675173,-0.135449
3.170000,0.340599,-0.381775,-0.807802
3.175000,0.606182,-0.278335,-0.417078
3.180000,0.068973,0.426974,-0.159809
3.185000,-1.006487,-0.175042,0.223967
3.190000,0.043018,-0.203856,-0.098013
3.195000,-0.388808,-1.184858,-0.585370
3.200000,-1.380439,-0.534753,1.033494
3.205000,-0.396293,0.315813,0.474427
3.210000,0.169237,0.964563,0.454836
3.215000,-0.279219,0.528334,-1.187328
3.220000,0.582720,-0.565873,-0.247001
3.225000,-1.040369,1.543830,0.239754
3.230000,-0.690284,-0.568273,0.168819
3.235000,-1.255580,-0.810942,0.198247
3.240000,0.398519,0.297084,-0.657609
3.245000,0.755442,0.158463,1.054364
3.250000,2.114504,1.147244,0.262677
3.255000,-0.804931,1.384504,0.326652
3.260000,0.344850,0.660168,0.573490
3.265000,-0.290661,-0.222114,0.359019
3.270000,1.395722,1.207563,0.181626
3.275000,-1.333779,-1.327940,-0.656318
3.280000,0.506673,-0.725673,0.663665
3.285000,-0.408412,0.014474,0.851414
3.290000,1.116682,0.257618,-1.084766
3.295000,-0.915604,0.184344,-0.500547
3.300000,1.368218,-0.396967,0.769483
3.305000,0.405404,-0.710119,0.719388
3.310000,0.755596,0.242782,0.068473
3.315000,-0.676849,1.045081,0.231524
3.320000,-0.475402,0.054676,-0.052941
3.325000,-0.028182,-0.114296,1.948943
3.330000,1.499988,-0.480987,0.920824
3.335000,-2.926497,-0.647921,-0.247246
3.340000,-0.335681,0.468869,1.128373
3.345000,-0.935495,-0.148920,1.052040
3.350000,-0.139822,0.529846,1.207018
3.355000,0.206185,-0.633247,-0.759741
3.360000,-1.095685,1.773861,-0.538451
3.365000,0.201604,1.646795,0.115497
3.370000,-0.164776,0.506887,-0.705705
3.375000,-0.785205,0.886578,0.093785
3.380000,1.310630,-0.206634,-0.023150
3.385000,1.881207,-0.336501,1.060799
3.390000,-0.451015,-0.151665,0.721701
3.395000,-0.348989,-1.192207,-0.594250
3.400000,-0.451572,-0.114923,-0.514884
3.405000,0.532624,0.571256,-1.170284
3.410000,0.312429,-0.468866,0.128836
3.415000,0.521949,0.159734,0.114300
3.420000,-0.364930,-1.746932,0.422234
3.425000,-0.201053,-0.584648,1.919195
3.430000,-0.071064,-0.086013,0.357211
3.435000,0.085652,0.299612,-0.324420
3.440000,0.568008,-0.031688,1.598309
3.445000,0.810265,0.602446,0.643861
3.450000,-1.135009,-0.484436,0.407951
3.455000,-0.472698,-0.109257,-0.137050
3.460000,-0.368551,-0.076435,0.541596
3.465000,-0.525661,1.454318,1.273788
3.470000,-0.120126,-0.444605,-0.030102
3.475000,-1.336144,0.678546,-0.890189
3.480000,0.080588,0.008358,0.188420
3.485000,0.609246,1.146681,1.071991
3.490000,-0.560773,0.232371,-1.091843
3.495000,-1.456448,-0.723861,-0.437002
3.500000,1.692600,0.562772,-0.980268
3.505000,-0.074202,-0.132188,0.201935
3.510000,-1.330761,0.398754,-1.119039
3.515000,-0.815278,-0.568713,0.192786
3.520000,-0.843729,-0.566152,-1.658499
3.525000,-0.105667,0.449609,0.136621
3.530000,0.677639,0.312527,1.349671
3.535000,1.337783,0.433048,-0.191514
3.540000,-0.118149,0.080796,-0.203897
3.545000,1.847596,0.617631,0.535169
3.550000,-0.122554,1.766893,0.020047
3.555000,0.333414,-0.465042,0.763110
3.560000,-0.270115,0.187827,-0.664520
3.565000,-0.177551,0.150949,1.207340
3.570000,0.280948,-1.060115,0.383837
3.575000,-0.276746,-0.959152,0.275091
3.580000,1.784867,0.436287,0.371658
3.585000,-0.282220,0.442786,0.834166
3.590000,0.440328,0.474032,-0.318764
3.595000,-0.741009,0.501916,-1.393698
3.600000,-0.660523,1.483136,-0.246405
3.605000,1.195840,0.762413,0.171835
3.610000,-1.053588,0.391031,1.689541
3.615000,0.170659,-1.417704,-0.104219
3.620000,-0.843810,-0.158227,-0.209777
3.625000,0.271742,1.503499,-1.062966
3.630000,-0.897220,-0.176681,0.568755
3.635000,0.472696,-0.209575,-0.995114
3.640000,1.180692,1.094997,0.858184
3.645000,1.265803,-0.505156,1.200391
3.650000,-0.203016,-0.914705,0.199352
3.655000,0.533750,-0.351629,0.223959
3.660000,0.306025,0.206169,0.327967
3.665000,0.129362,0.559908,0.525837
3.670000,0.312862,0.657367,0.213964
3.675000,-0.267118,-0.751968,-1.129724
3.680000,-0.167714,-0.051969,1.181434
3.685000,0.586828,0.264729,-0.332153
3.690000,-0.344386,0.674893,-0.773705
3.695000,-0.890626,-0.984503,-0.828011
3.700000,-0.253565,-0.695737,-0.414784
3.705000,-0.031107,0.734373,-0.264972
3.710000,-0.760595,-0.309608,0.427079
3.715000,-0.284177,-2.029961,-0.965768
3.720000,-0.436904,0.884083,-0.193203
3.725000,0.737225,-0.765062,0.642075
3.730000,-0.133724,-0.144996,-0.279277
3.735000,0.155977,0.774963,0.592369
3.740000,0.028414,0.756678,-0.327115
3.745000,0.810245,-2.092025,0.493273
3.750000,-0.045868,-0.939216,-0.029413
3.755000,-0.639116,-0.279516,-1.281116
3.760000,0.350493,-0.338490,0.302690
3.765000,-1.619794,0.302903,1.363781
3.770000,-0.235290,-0.070504,-0.690463
3.775000,0.050556,-0.478140,-0.793557
3.780000,0.502721,0.025587,1.058739
3.785000,-0.686139,-0.736884,-0.103273
3.790000,-1.558263,-0.327391,0.526568
3.795000,0.385318,-1.201209,-1.414136
3.800000,1.339015,0.431226,1.315051
3.805000,0.408102,0.333632,1.373733
3.810000,0.139144,-1.121042,-0.205021
3.815000,-0.909140,-0.903948,0.028604
3.820000,-0.319305,1.176337,-0.300128
3.825000,-0.450287,0.673694,0.478364
3.830000,0.603604,0.998851,1.476423
3.835000,-0.383814,-1.234950,-0.570712
3.840000,0.245535,-0.095372,0.106902
3.845000,0.280560,0.987659,0.087398
3.850000,-1.261030,1.399286,1.147405
3.855000,0.314342,0.478289,-0.511526
3.860000,-0.264629,0.448049,-0.452500
3.865000,1.334669,0.071423,1.533400
3.870000,-0.634806,-0.070635,-0.474704
3.875000,-0.793800,0.015414,1.016020
3.880000,-0.270181,0.880996,0.274689
3.885000,-0.814911,2.573926,1.411788
3.890000,-0.763971,-1.389638,0.224833
3.895000,0.378045,1.028844,0.706897
3.900000,0.031649,0.086873,-0.784421
3.905000,-0.867557,0.496443,0.439535
3.910000,0.481180,-0.827340,0.248292
3.915000,1.301444,-0.768002,-0.435215
3.920000,0.101156,1.118221,-0.156472
3.925000,-0.175394,-0.153230,0.292640
3.930000,1.228085,0.027748,-0.185230
3.935000,-1.208667,-0.996794,-0.195234
3.940000,-0.256821,0.114290,-0.536041
3.945000,0.301846,-0.452256,-0.154818
3.950000,0.582051,-0.777494,0.042752
3.955000,-0.512147,-0.808327,-0.173307
3.960000,0.635190,0.151620,-0.466553
3.965000,0.781344,-0.256070,-0.061069
3.970000,-0.763791,0.007061,-0.456581
3.975000,0.169001,-0.052292,0.772911
3.980000,2.233139,0.263525,-0.258867
3.985000,0.443314,1.380409,-0.172059
3.990000,-2.198843,-0.720338,0.219042
3.995000,-0.844994,-0.427508,-0.042385
4.000000,-0.533846,0.509188,-0.273328
4.005000,0.749867,-0.280728,0.209774
4.010000,0.502036,-0.265636,0.605357
4.015000,-0.898144,-0.873340,-0.578361
4.020000,0.855197,0.689943,0.188289
4.025000,1.097782,0.286426,-0.897857
4.030000,-0.349066,1.416337,-0.194069
4.035000,-0.151496,-1.149262,-0.361259
4.040000,1.225453,0.649445,0.310579
4.045000,0.504035,0.333981,-0.528659
4.050000,-0.182110,0.831389,1.219187
4.055000,-0.685875,-0.456371,-0.052456
4.060000,0.240947,0.712348,0.023758
4.065000,-0.749302,0.658170,-0.488391
4.070000,0.532082,0.018126,0.583962
4.075000,-0.586950,-1.414750,-0.508759
4.080000,1.853481,-0.277408,0.228653
4.085000,-0.455326,0.045161,0.084883
4.090000,1.074385,-0.580921,0.080286
4.095000,0.166191,-0.930170,0.148476
4.100000,-0.778503,0.637569,-2.045364
4.105000,0.157211,0.164436,-1.161733
4.110000,-0.970631,-0.672609,0.943430
4.115000,0.313951,-0.861291,1.465649
4.120000,1.237676,-0.176965,-0.772705
4.125000,0.586336,0.392711,-1.472624
4.130000,0.112124,-0.512205,-0.157367
4.135000,-0.957698,-0.848918,-0.453308
4.140000,1.330931,0.054248,-0.203390
4.145000,0.450065,0.391748,0.796664
4.150000,-1.528737,0.065942,-0.601910
4.155000,0.309360,0.089833,0.384705
4.160000,-0.086106,0.370967,-0.457167
4.165000,-0.240065,0.941219,1.042508
4.170000,-0.168842,0.353969,0.066582
4.175000,-0.280908,-0.429957,0.089440
4.180000,0.219636,1.538184,-0.239661
4.185000,0.118059,-0.381082,-0.136430
4.190000,-0.493403,0.204299,0.601274
4.195000,0.458589,-0.951358,-1.412432
4.200000,0.141613,-0.814020,0.273017
4.205000,0.593338,0.907486,1.159912
4.210000,-1.179222,0.324644,0.011496
4.215000,-1.719872,-0.404215,-0.188742
4.220000,-1.100304,-0.687160,-0.217437
4.225000,0.729022,0.087707,0.974963
4.230000,-2.248487,0.415305,-0.164377
4.235000,1.104153,0.285352,0.603064
4.240000,-0.146629,0.757258,-0.212819
4.245000,0.323400,-0.089557,-0.586440
4.250000,-0.270444,0.229449,-0.031883
4.255000,-1.575917,0.131660,-0.123234
4.260000,0.202979,-0.058143,0.016188
4.265000,0.354815,0.014812,0.269416
4.270000,0.074284,-0.512457,0.254140
4.275000,-0.956198,-0.018440,-0.388783
4.280000,-0.053494,1.135551,-0.039299
4.285000,0.679724,1.947294,0.350529
4.290000,0.973918,-0.049162,1.484358
4.295000,-1.627433,0.455273,-1.368012
4.300000,-0.317062,-0.995726,1.406253
4.305000,-0.798072,0.066764,0.676889
4.310000,0.305906,0.869675,0.117441
4.315000,-0.114531,-1.378457,-2.172999
4.320000,0.763489,0.444689,1.196130
4.325000,-0.063666,0.405455,0.689565
4.330000,0.260071,0.131285,0.893235
4.335000,-0.582591,0.022868,0.524540
4.340000,-0.797706,-0.013372,0.431237
4.345000,1.257656,1.212647,-0.212907
4.350000,-0.560658,0.129969,-0.066013
4.355000,-0.776486,-0.433304,0.840921
4.360000,0.439580,0.690517,0.651020
4.365000,0.280410,0.044247,-0.681431
4.370000,-0.900452,0.257033,-0.889748
4.375000,-0.064150,0.200279,-0.601058
4.380000,0.897897,-0.575444,-0.139153
4.385000,-0.274019,0.119964,1.019981
4.390000,-0.641466,-0.546411,0.744784
4.395000,-0.601937,-2.895075,-0.441426
4.400000,1.467584,0.563380,-1.362910
4.405000,1.189888,-0.538392,0.567734
4.410000,-0.184404,0.750559,0.176406
4.415000,-0.796906,-0.759893,-0.575913
4.420000,-0.277821,-0.337307,1.001663
4.425000,0.609323,1.379256,0.524968
4.430000,-0.132616,0.328889,-0.177186
4.435000,-0.528582,-1.885230,-0.431454
4.440000,0.478242,-0.778056,-0.412169
4.445000,0.921193,0.601202,0.813867
4.450000,0.174704,0.415498,1.569161
4.455000,-1.220943,-1.634809,-1.183098
4.460000,0.392126,0.163136,-1.851288
4.465000,1.094194,0.600445,0.334560
4.470000,0.194460,0.296465,0.323531
4.475000,0.816840,-0.250212,-1.599927
4.480000,1.142497,0.315448,0.195468
4.485000,0.742690,0.324283,0.739550
4.490000,-0.073684,0.323293,-0.300133
4.495000,-0.434661,0.927652,0.664347
4.500000,0.290610,0.250610,-0.028330
4.505000,2.217700,-0.186685,-0.216447
4.510000,0.267980,1.446078,-0.083460
4.515000,-0.457663,0.768772,-0.839135
4.520000,-0.029216,0.996454,1.252278
4.525000,-0.025609,0.584849,0.033190
4.530000,-0.670166,-0.782775,-0.013116
4.535000,-1.054185,-0.604991,-0.726796
4.540000,-0.253963,0.643090,-0.073554
4.545000,0.514763,0.034952,0.499631
4.550000,0.288144,0.615729,1.497738
4.555000,-0.654806,-0.538057,-1.353046
4.560000,0.656843,-0.072503,-1.088082
4.565000,1.694096,2.087139,0.294659
4.570000,0.751355,0.386639,-0.189282
4.575000,-1.220309,-0.105500,0.269115
4.580000,-0.773285,0.206461,-0.154735
4.585000,-0.145782,0.581262,0.562004
4.590000,-0.952443,-0.518953,-0.154571
4.595000,-0.215056,-0.699752,0.385274
4.600000,0.774528,-1.024537,0.054246
4.605000,0.082760,-0.023737,1.070402
4.610000,0.523274,0.763163,0.553810
4.615000,-0.656121,-1.127650,-1.034133
4.620000,-0.898124,-0.128092,0.608747
4.625000,0.724632,0.392880,0.446536
4.630000,0.762155,-0.380422,0.265842
4.635000,-1.251855,0.256759,-0.323312
4.640000,0.310555,0.573237,0.228337
4.645000,1.585083,1.486905,0.566680
4.650000,-1.095675,-0.801170,-0.043616
4.655000,-1.538866,0.692570,0.117176
4.660000,0.068487,-0.156424,0.734276
4.665000,1.121001,-0.185091,-0.502423
4.670000,-0.096711,-0.150519,0.907074
4.675000,-0.657567,-0.864905,0.825558
4.680000,0.032213,-0.460618,0.758575
4.685000,1.166352,0.963205,0.488482
4.690000,-0.173486,-0.040235,-0.245999
4.695000,-1.728762,-0.360084,-0.627678
4.700000,0.337603,0.658736,1.079195
4.705000,-0.260976,-0.203749,0.305885
4.710000,-0.255393,0.880870,-0.654216
4.715000,-0.796718,-0.125971,-0.332691
4.720000,0.342119,0.382655,-0.110469
4.725000,-0.566199,0.957073,1.091107
4.730000,-0.204284,-1.143474,-0.605269
4.735000,-0.006035,0.337538,-0.288962
4.740000,0.517814,0.493785,0.058778
4.745000,0.028503,-0.810111,0.837886
4.750000,-0.281678,-1.116985,-1.665135
4.755000,-0.103170,-0.076247,-0.802334
4.760000,-0.017499,1.172978,-0.528997
4.765000,1.226001,-0.124638,-1.099498
4.770000,0.245948,0.049385,-1.113303
4.775000,0.042438,0.505480,-0.674666
4.780000,0.512787,0.066981,-2.716331
4.785000,-0.355949,0.943763,1.148130
4.790000,-1.334114,-0.214321,-0.397587
4.795000,-1.402794,-0.274253,-0.560747
4.800000,0.598939,0.484675,0.554919
4.805000,-0.411081,0.498436,1.775693
4.810000,-1.202996,-0.662716,0.704695
4.815000,0.859833,-1.111439,-0.586354
4.820000,0.747085,0.849995,0.647401
4.825000,1.027429,0.406742,0.155778
4.830000,-0.329627,-0.250503,-0.218680
4.835000,0.099719,-0.698279,0.312915
4.840000,1.091904,0.112989,1.141870
4.845000,0.275497,-0.046694,0.396773
4.850000,-0.069541,-0.626651,0.614600
4.855000,0.171885,-0.802044,0.553384
4.860000,0.684442,0.558041,0.743129
4.865000,-0.998306,0.019645,-0.132395
4.870000,-0.548093,0.467276,0.244400
4.875000,-0.358791,-0.881735,-0.101158
4.880000,-1.148550,-1.450181,-1.014866
4.885000,-0.108824,0.160745,0.342179
4.890000,-0.813392,-1.185749,0.216982
4.895000,-0.011316,-0.002075,-0.643588
4.900000,0.192259,0.321162,-0.897626
4.905000,0.219417,0.071474,0.586228
4.910000,0.893827,-0.751462,1.045809
4.915000,-0.720565,0.240234,-0.032034
4.920000,0.387552,0.108167,-1.808129
4.925000,0.010142,-0.328272,1.093203
4.930000,-0.791903,0.255574,-0.851558
4.935000,-1.409726,-0.783968,-0.237212
4.940000,-0.521966,-0.318647,-1.225470
4.945000,-1.272580,0.843857,0.218946
4.950000,-0.327783,-0.375170,0.615097
4.955000,-0.516352,0.254586,0.476997
4.960000,1.373625,0.951515,-0.261159
4.965000,0.914147,0.400583,-0.579704
4.970000,-0.141979,-0.461166,1.055676
4.975000,-0.655715,-0.603573,0.081972
4.980000,-0.579669,0.988859,0.274627
4.985000,-0.326693,0.643293,1.341338
4.990000,0.828815,-0.631954,-1.665192
4.995000,-0.144043,-0.401032,-2.154635
5.000000,-0.484470,0.274786,-0.144462
5.005000,-0.998775,0.081567,0.302944
5.010000,-0.280636,-0.005715,-0.769616
5.015000,-0.523275,1.497959,-0.422287
5.020000,-0.103444,1.043041,-0.245696
5.025000,-0.279250,0.211619,1.222447
5.030000,-0.782311,-0.681588,-0.122455
5.035000,-0.579902,-0.765175,0.784221
5.040000,0.211503,0.528081,-0.469597
5.045000,1.239005,0.303346,-0.964463
5.050000,-0.928015,-0.826093,-0.268004
5.055000,1.080607,0.739140,-1.420886
5.060000,-0.051987,-0.735580,0.647072
5.065000,-0.227285,0.768993,0.748635
5.070000,0.324755,0.555533,-0.908874
5.075000,-0.481184,0.565861,0.088170
5.080000,0.561065,1.183051,-0.119893
5.085000,-0.348301,1.326208,-0.330327
5.090000,-0.732642,0.170685,0.616807
5.095000,-1.153407,-0.458302,-1.096011
5.100000,0.951243,-0.470824,1.641426
5.105000,2.302993,0.270314,0.135933
5.110000,-1.488805,-0.391173,0.033634
5.115000,-0.536309,0.179246,0.399318
5.120000,0.243495,0.081377,-0.028210
5.125000,0.324408,0.297610,-0.051363
5.130000,-1.088978,-0.916633,0.375716
5.135000,-0.768607,0.135297,-0.652812
5.140000,-0.605727,0.272936,-0.579160
5.145000,-0.604520,1.794039,0.623578
5.150000,-0.223697,0.625784,0.016845
5.155000,0.159777,-0.981878,0.473864
5.160000,0.695229,1.053031,-0.343244
5.165000,0.833242,0.307379,1.019002
5.170000,-0.133993,-0.887831,0.823243
5.175000,-2.082907,-0.339016,-1.558885
5.180000,-1.423889,-0.737533,-0.502444
5.185000,0.969734,0.467582,-0.114523
5.190000,-0.228260,-0.080101,0.259755
5.195000,-0.960256,-0.535300,-0.573043
5.200000,0.316399,1.361251,0.881542
5.205000,0.052541,-0.125084,0.839640
5.210000,-1.186757,1.523462,0.196984
5.215000,-1.032304,0.675145,0.153761
5.220000,0.172802,0.408325,-0.737314
5.225000,0.976255,-1.526335,0.697279
5.230000,-2.007538,-0.773467,1.659465
5.235000,-0.869701,-1.941696,-0.209147
5.240000,0.492548,-1.394114,1.071897
5.245000,1.032003,-0.132466,0.046248
5.250000,-1.702954,-1.117791,-1.270492
5.255000,-0.913068,-0.231869,-0.278554
5.260000,-0.258325,-0.086618,0.871172
5.265000,0.715559,1.094781,-0.253843
5.270000,0.084472,-1.396543,-0.386574
5.275000,-0.131598,-0.149562,-1.023363
5.280000,0.373470,-0.439198,0.198481
5.285000,0.819449,-0.281235,0.416432
5.290000,0.067471,0.123191,0.318906
5.295000,0.145246,-0.926316,0.202064
5.300000,-0.581964,0.703525,-0.255401
5.305000,0.171592,2.097959,-0.267207
5.310000,-0.925845,-0.905164,0.757284
5.315000,-0.367882,-0.842908,-1.280572
5.320000,0.504195,1.150200,0.753903
5.325000,-0.258325,0.521645,0.735306
5.330000,0.815704,1.037248,-0.428327
5.335000,-0.080488,-0.805156,0.348402
5.340000,0.083442,0.175983,1.085451
5.345000,-1.504343,-0.123650,0.941205
5.350000,1.045455,-0.379138,-0.630997
5.355000,0.010404,-1.280545,-1.212275
5.360000,1.471341,0.003173,0.345145
5.365000,0.367358,-0.157919,-0.190953
5.370000,0.106281,0.656198,0.929427
5.375000,-1.170692,-0.253459,-1.120154
5.380000,0.350706,-0.006128,-0.449410
5.385000,0.832778,1.259261,1.365380
5.390000,0.344668,0.160340,-0.044114
5.395000,-0.882998,0.552546,-0.872573
5.400000,1.077146,-1.279259,0.269344
5.405000,1.452538,0.125790,1.245053
5.410000,0.217154,-0.738626,-0.875117
5.415000,-0.146639,-0.705567,-1.106709
5.420000,-0.409919,0.656097,0.439055
5.425000,-0.287607,-1.364108,-0.619230
5.430000,-0.631007,0.317581,1.117732
5.435000,-1.783379,-0.507925,-0.280580
5.440000,-0.809597,-0.635626,0.857710
5.445000,-0.696693,0.948825,0.951633
5.450000,0.330158,0.771284,0.103080
5.455000,-0.896316,-0.008311,-0.753804
5.460000,0.460109,0.767283,-0.223022
5.465000,0.551094,0.993776,-0.756622
5.470000,0.441564,-0.223189,1.045276
5.475000,-2.076848,0.299149,-0.845025
5.480000,-0.850560,-0.580053,0.174633
5.485000,0.176258,0.824162,0.636689
5.490000,0.610554,0.210726,-0.953485
5.495000,-0.514652,0.375417,-0.611918
5.500000,1.168970,1.382009,-0.015184
5.505000,0.507271,1.159925,0.735898
5.510000,-0.402906,-0.075860,-0.507739
5.515000,0.269594,0.375974,0.381612
5.520000,0.613744,-1.018747,-0.142960
5.525000,-0.087119,0.336639,0.390674
5.530000,-0.181637,0.661479,0.015269
5.535000,0.559491,0.768936,0.612456
5.540000,-1.057285,-0.350529,0.286505
5.545000,0.746595,0.068402,0.213864
5.550000,-0.117823,0.090064,-0.299332
5.555000,-0.827867,-0.064897,-0.435789
5.560000,-0.268424,0.726720,-2.265701
5.565000,-1.109958,2.093309,1.077999
5.570000,-0.778584,1.280327,-0.955986
5.575000,-1.486805,-0.092210,0.804171
5.580000,0.164767,0.823700,-0.170216
5.585000,1.917085,0.015922,-0.242255
5.590000,-1.573738,1.227063,0.163804
5.595000,-0.001890,0.294400,0.253893
5.600000,-0.114266,0.309730,-0.027856
5.605000,0.449271,0.640960,0.976087
5.610000,0.023880,-0.336436,-0.826019
5.615000,0.489146,-1.510586,0.169084
5.620000,0.414600,-0.081349,0.448681
5.625000,0.095330,0.603973,0.007680
5.630000,-0.121177,-1.417053,0.563588
5.635000,0.156698,-0.160118,0.046272
5.640000,1.022258,-0.490480,0.731562
5.645000,1.001326,-0.893866,0.505939
5.650000,-1.248305,0.164770,0.072567
5.655000,-0.878365,-0.883593,-0.673297
5.660000,-0.197787,-0.200577,-0.466654
5.665000,-1.107118,0.318976,0.214365
5.670000,0.269920,-0.247209,0.122301
5.675000,-0.760161,-1.053060,1.360097
5.680000,1.314986,-0.410022,2.138271
5.685000,-0.599943,-0.275616,0.409318
5.690000,0.919014,0.096652,0.830794
5.695000,0.060301,-0.207323,-0.894061
5.700000,0.124285,-1.298454,0.176187
5.705000,1.075140,0.310827,0.077234
5.710000,-0.318670,-0.157817,0.155886
5.715000,-0.016586,0.507332,-0.522314
5.720000,0.155953,0.947464,-0.356354
5.725000,0.579085,-0.636208,-0.069846
5.730000,-1.612097,0.305482,-0.856619
5.735000,0.237636,-0.593620,-0.943423
5.740000,0.268664,0.724561,-0.287299
5.745000,0.663660,0.726386,0.034539
5.750000,-0.047064,0.089938,-0.576543
5.755000,0.115217,0.753716,-0.968275
5.760000,0.521245,0.825046,1.594841
5.765000,0.025869,-0.643910,0.477781
5.770000,-0.526019,0.457167,-0.215112
5.775000,0.235138,-0.694695,-3.027203
5.780000,0.896207,1.968256,-0.056898
5.785000,0.558369,0.379330,-0.207975
5.790000,-0.479470,-0.209581,0.155329
5.795000,-0.262128,-0.360386,-0.161434
5.800000,0.064208,0.253726,0.732088
5.805000,-0.679320,-0.167992,0.593210
5.810000,0.662994,0.371548,1.472581
5.815000,-0.682048,-0.786551,-0.940707
5.820000,-0.323954,-1.358055,-0.004670
5.825000,1.010163,0.626601,1.731778
5.830000,0.351257,0.022134,-0.094722
5.835000,-1.441027,-0.696248,-0.574957
5.840000,-0.490534,2.419394,0.563744
5.845000,1.088980,-0.534663,0.783466
5.850000,-0.528986,-1.656863,-0.292830
5.855000,0.147107,-1.350288,-1.261614
5.860000,0.124563,0.837346,1.762755
5.865000,1.055754,-0.073867,0.039128
5.870000,-0.853644,0.608437,-0.373650
5.875000,0.547374,0.008724,-0.067160
5.880000,0.224481,-0.863083,-0.533629
5.885000,0.031752,0.448861,0.566042
5.890000,-0.398929,0.758395,0.835801
5.895000,0.065804,-0.433226,-0.399391
5.900000,0.269324,0.977368,-0.941480
5.905000,2.001541,1.111222,0.816475
5.910000,1.113437,-0.407454,1.076561
5.915000,-1.037440,-1.109434,-1.460893
5.920000,-0.272007,-0.313208,0.522645
5.925000,0.467056,0.624920,0.912301
5.930000,-1.243270,0.534568,-1.196918
5.935000,-0.281796,-2.322131,-0.344958
5.940000,-0.890929,0.174375,0.212020
5.945000,0.705748,-0.057136,-0.502017
5.950000,0.569447,-0.191135,-0.385949
5.955000,-1.201382,-0.045497,-0.830395
5.960000,-0.327511,0.618576,-0.190757
5.965000,-0.264094,0.406533,0.604303
5.970000,-0.328813,-0.596664,-0.343123
5.975000,0.393901,0.432994,1.134035
5.980000,0.315883,0.819990,0.273959
5.985000,1.233899,0.260222,0.674122
5.990000,-0.693605,-0.629622,0.529196
5.995000,-0.501571,-1.129070,-1.142966
6.000000,1.198029,0.326202,1.811336
6.005000,0.544677,-0.960915,0.544464
6.010000,0.203622,-0.830738,-1.329484
6.015000,-0.566358,-0.415221,0.074810
6.020000,0.833932,-0.384965,-0.863711
6.025000,0.605224,0.598717,0.860598
6.030000,-0.157105,0.645914,-0.265917
6.035000,-1.991117,-0.468353,-0.370232
6.040000,-0.649964,0.525056,-0.434930
6.045000,-0.666780,-0.223007,0.387628
6.050000,-0.135603,-0.208640,-0.437346
6.055000,-0.863190,-1.036067,0.287185
6.060000,-0.072518,-0.012769,-0.707297
6.065000,-0.544556,-0.514503,-1.209746
6.070000,0.152605,-0.087493,-0.360073
6.075000,-1.175423,-1.673894,0.011398
6.080000,0.015904,1.378987,-0.649787
6.085000,-0.299314,1.703439,0.533817
6.090000,-1.120496,-0.686537,-0.634421
6.095000,-1.216467,0.562017,0.047494
6.100000,0.270256,0.316552,-0.596215
6.105000,1.546944,0.574750,0.257219
6.110000,-0.917628,-0.401059,-0.611954
6.115000,-1.290428,-1.146693,-0.886880
6.120000,-0.797842,0.914111,0.446647
6.125000,2.176456,-0.824782,-0.412047
6.130000,0.053940,0.276652,0.282654
6.135000,0.323433,0.324473,0.837657
6.140000,-0.065173,-0.278238,1.262826
6.145000,-0.496288,1.000923,0.040084
6.150000,-0.790919,-0.746517,-0.791047
6.155000,0.626243,-0.284447,-1.234452
6.160000,0.429679,-0.328651,-0.383836
6.165000,1.420885,0.357037,-0.093567
6.170000,0.025411,0.636892,-0.682899
6.175000,0.633326,0.006915,0.080390
6.180000,0.498762,1.028575,1.300948
6.185000,0.268779,0.347813,-0.296724
6.190000,-0.820271,-0.652326,-0.798685
6.195000,-1.517817,0.164309,-0.711678
6.200000,-0.079750,-0.945190,-0.618165
6.205000,-1.115533,-0.866814,0.946742
6.210000,-0.726492,-0.503860,-0.033279
6.215000,-1.280053,-1.845084,0.169692
6.220000,0.996977,0.093837,-0.393588
6.225000,0.999702,-0.155740,0.971911
6.230000,0.295413,0.490861,-0.997516
6.235000,0.552117,-0.017450,-0.467023
6.240000,1.228685,0.684843,0.045165
6.245000,2.201724,0.302376,1.111616
6.250000,-0.272640,-0.273574,-0.229202
6.255000,-0.584247,0.079492,0.810208
6.260000,1.241451,0.339747,-1.076195
6.265000,-0.507883,1.556449,0.895471
6.270000,-0.236310,0.539742,0.150496
6.275000,-0.739223,0.340712,-0.534233
6.280000,1.026623,-0.478473,1.389983
6.285000,-0.686550,0.262492,0.273674
6.290000,-0.986655,-0.221343,-0.208948
6.295000,-0.466718,-0.106202,-0.680167
6.300000,-1.144574,0.743721,-1.355665
6.305000,0.458141,0.136945,0.179159
6.310000,0.436278,-0.376059,-0.858037
6.315000,-0.885872,0.079804,-0.713394
6.320000,-0.140662,-0.399792,0.005638
6.325000,1.361846,0.451708,1.211280
6.330000,0.748076,0.311703,-0.206348
6.335000,1.669261,-0.099934,0.229892
6.340000,-0.432182,0.229574,0.340672
6.345000,-0.073985,-0.391453,0.240578
6.350000,1.399014,0.725142,-0.840264
6.355000,-1.953199,-0.500873,-0.746574
6.360000,0.015549,-0.180930,0.939586
6.365000,0.824645,0.476032,0.473807
6.370000,0.400221,-0.800364,0.466989
6.375000,-0.590062,-0.608274,-1.077107
6.380000,-1.332165,0.981601,0.025715
6.385000,1.299103,-0.205309,1.520268
6.390000,0.541875,-1.183648,-1.377849
6.395000,-1.137453,-1.156990,-0.315685
6.400000,0.305504,0.426691,0.399267
6.405000,0.101688,0.473250,0.425518
6.410000,-1.012586,-1.051777,-0.507902
6.415000,-0.534391,0.110119,-0.074993
6.420000,1.112234,0.590279,-0.259321
6.425000,0.778023,-0.237317,0.067841
6.430000,-0.478963,-1.134887,0.039838
6.435000,0.053579,-0.615711,-0.045509
6.440000,-0.390981,0.848351,0.737033
6.445000,-1.300235,1.233606,0.164434
6.450000,-0.157962,0.434572,0.410075
6.455000,-0.674086,0.455574,0.871337
6.460000,-0.521688,-0.369233,0.824153
6.465000,0.682789,-1.147649,0.022546
6.470000,-0.027062,-0.342713,-0.148079
6.475000,-0.307809,-0.024044,-0.247980
6.480000,-0.154221,0.478131,0.796942
6.485000,0.141323,-0.700829,-0.437527
6.490000,0.028327,-0.502092,-0.410178
6.495000,-0.334165,-0.463433,-1.903065
6.500000,-0.056399,-0.193042,0.426364
6.505000,0.532742,0.848859,0.004397
6.510000,0.031180,-0.861694,0.128625
6.515000,-0.999689,1.988072,-0.752194
6.520000,-0.968136,0.962436,0.486655
6.525000,-0.281913,0.167749,1.801788
6.530000,-0.144779,-1.708226,0.058009
6.535000,0.299221,-0.658773,-0.883264
6.540000,-0.832376,0.858210,-0.197874
6.545000,-0.256224,-0.511356,-0.166421
6.550000,-0.789300,0.271332,0.497798
6.555000,-0.759213,-0.086734,-0.285897
6.560000,-0.813318,0.562370,0.012405
6.565000,0.847658,1.612857,0.345894
6.570000,1.168392,-0.084216,-1.373825
6.575000,1.202893,0.728785,-0.645237
6.580000,-1.012342,-0.054166,0.095789
6.585000,0.468276,0.313522,0.282994
6.590000,0.138714,-0.489160,-1.302140
6.595000,-1.887666,-0.259623,-0.175988
6.600000,-0.028967,0.740266,-0.256072
6.605000,1.236635,1.295384,0.836673
6.610000,0.848866,-0.372349,0.039678
6.615000,-0.195131,1.606559,-0.433398
6.620000,0.118215,0.672806,0.984376
6.625000,0.943939,1.153883,1.095489
6.630000,0.183758,-1.356054,0.027931
6.635000,-0.791303,0.077866,-1.085731
6.640000,-0.369205,-0.702026,0.673564
6.645000,0.603086,1.001652,1.350245
6.650000,1.120832,-0.633336,-0.254864
6.655000,-0.813955,-0.762880,0.574141
6.660000,0.427013,0.182944,-0.055721
6.665000,0.334117,1.222688,0.331983
6.670000,-0.821289,0.451447,-0.606442
6.675000,-0.030523,-0.416009,1.167219
6.680000,-0.856430,0.091967,0.231680
6.685000,-1.398554,-0.419954,0.231684
6.690000,-0.081299,-0.265569,-1.484968
6.695000,0.081436,-0.992643,0.200528
6.700000,0.474087,0.989757,-0.225948
6.705000,-0.270065,-0.094995,0.523355
6.710000,-0.953706,-0.966432,0.179935
6.715000,-0.425066,-0.473414,-1.540553
6.720000,0.653710,-1.484878,-0.186853
6.725000,0.711809,-1.130841,0.348223
6.730000,-0.058982,-0.212610,0.437986
6.735000,0.123700,-0.249572,0.243446
6.740000,0.292896,-0.515318,0.314123
6.745000,0.048854,0.156699,0.330615
6.750000,-0.097721,-0.679229,1.231075
6.755000,0.350974,-0.511745,0.199054
6.760000,1.046627,0.198479,1.364905
6.765000,0.220218,0.763244,0.272022
6.770000,0.424424,-0.959704,1.688255
6.775000,0.577624,-1.068829,-0.575448
6.780000,0.260616,0.184907,0.739610
6.785000,-0.467244,1.045924,1.110083
6.790000,-1.119986,0.257280,-0.606395
6.795000,-0.059846,0.674389,-0.645188
6.800000,-0.698606,-0.104674,0.710163
6.805000,1.835377,-0.058484,0.463560
6.810000,-0.845787,0.524920,-1.704188
6.815000,-1.166597,0.137519,-0.908718
6.820000,0.148334,0.753933,-0.183365
6.825000,0.873691,0.098768,0.166130
6.830000,1.319920,-0.263114,-0.747552
6.835000,-0.480069,-1.292029,-1.053463
6.840000,1.213305,0.422483,-0.804932
6.845000,1.069375,-0.216091,0.558186
6.850000,-0.364209,-0.364804,-0.589935
6.855000,-1.089379,0.324383,-1.699680
6.860000,1.450777,-1.213771,2.296090
6.865000,-0.473102,-0.243757,0.763692
6.870000,-0.236250,0.494959,0.020561
6.875000,-1.642939,-0.321339,-0.324143
6.880000,-0.462071,0.397178,1.028760
6.885000,1.254420,-0.643377,0.370272
6.890000,-0.345727,-0.785267,-0.649734
6.895000,0.614248,0.360395,-2.267836
6.900000,-0.022652,-0.039539,0.404763
6.905000,1.042323,1.231860,1.315811
6.910000,-0.793484,-0.699362,-0.833563
6.915000,-0.853760,-0.175707,1.713686
6.920000,-0.279969,1.370355,-0.090629
6.925000,1.845758,0.255609,0.095622
6.930000,0.689436,-0.205717,0.828685
6.935000,-0.073403,-1.245379,-0.291562
6.940000,-0.247783,0.760738,-0.897841
6.945000,1.331140,-0.393095,0.082768
6.950000,1.360790,-0.513785,0.119780
6.955000,0.302473,-1.307644,-0.256386
6.960000,0.461867,0.847959,-0.086142
6.965000,0.409664,1.237629,1.507354
6.970000,0.799082,-0.211136,-0.247079
6.975000,-1.475009,-0.982303,-1.248438
6.980000,-0.410055,0.675874,0.769116
6.985000,0.374879,1.779488,-0.423008
6.990000,0.597491,-0.613270,-0.705109
6.995000,-1.220658,-0.681883,-0.713476
7.000000,0.113594,0.058061,-1.046511
7.005000,0.066929,1.269343,0.643761
7.010000,0.360466,-0.580655,-1.232454
7.015000,-0.718518,1.470893,-0.293474
7.020000,-0.437308,0.356033,0.116158
7.025000,-1.676467,1.665517,-1.556564
7.030000,-0.451282,-1.064854,-0.176676
7.035000,-0.137179,-0.546586,-1.566662
7.040000,-0.350133,0.821819,1.297254
7.045000,0.892312,0.411419,0.694859
7.050000,0.254076,0.120435,0.615203
7.055000,-0.563480,-0.134362,-0.881554
7.060000,-0.187900,-1.518596,-0.690524
7.065000,0.912595,-0.381183,0.047267
7.070000,0.783399,0.161783,-0.233807
7.075000,-0.438151,-0.607981,0.142318
7.080000,-0.183604,0.775047,-0.965545
7.085000,0.303635,-1.416569,0.486611
7.090000,0.541578,-1.003212,-0.393012
7.095000,-0.534560,-0.522496,-0.528049
7.100000,-0.783706,0.390343,-0.015753
7.105000,0.570625,0.293040,1.998222
7.110000,0.270000,-0.443876,0.343289
7.115000,0.285510,-0.119729,0.082050
7.120000,-0.520049,1.047303,0.668156
7.125000,-0.120629,0.707501,0.637889
7.130000,0.528252,0.731298,0.513958
7.135000,-0.122023,0.238149,0.025971
7.140000,-0.414824,0.074768,0.219658
7.145000,0.775277,-0.008715,1.285248
7.150000,0.124991,1.017888,-0.044734
7.155000,-0.655448,0.276277,-0.026877
7.160000,-0.300560,1.062490,1.157869
7.165000,-0.624422,-1.165673,0.003876
7.170000,0.450546,-1.302226,-0.138268
7.175000,0.256485,0.291109,-0.422258
7.180000,-0.613242,0.701430,1.977235
7.185000,0.187106,0.286408,0.577935
7.190000,-0.290559,-0.275328,-0.074953
7.195000,-0.429128,-0.144688,-1.119183
7.200000,-0.437273,1.024036,-0.001864
7.205000,0.852025,0.932820,-0.563810
7.210000,0.753060,-0.005394,0.390924
7.215000,-1.003053,-1.248569,0.199763
7.220000,-1.400863,-0.266299,-0.609592
7.225000,-0.883433,0.552998,0.146835
7.230000,-0.065550,1.323781,0.394047
7.235000,-0.896304,-1.798203,-0.114758
7.240000,-0.032828,-0.143858,-0.680692
7.245000,-0.219788,1.090216,-0.456622
7.250000,1.336582,-0.827594,-0.586760
7.255000,-0.963867,-1.053549,-0.676582
7.260000,-0.369886,0.643610,0.034517
7.265000,0.991905,0.624319,-0.103135
7.270000,-0.307812,-1.153952,1.798283
7.275000,-0.411816,-0.667048,-2.272295
7.280000,-1.257241,-0.976744,-0.360503
7.285000,-0.291404,0.974035,0.915896
7.290000,-1.228339,0.546095,-0.447579
7.295000,0.520099,0.485698,-0.185389
7.300000,-1.462204,0.796239,0.391815
7.305000,-0.925732,0.220669,0.955923
7.310000,0.442944,0.733976,0.352130
7.315000,-0.951334,0.366360,-0.528481
7.320000,0.541717,-0.258725,0.029898
7.325000,-0.598400,0.679123,-0.940358
7.330000,-0.684146,0.095620,-0.452469
7.335000,0.024120,-0.400323,-0.375754
7.340000,0.002818,-0.759378,1.357802
7.345000,0.492498,-1.030584,-0.016379
7.350000,-0.210920,0.120118,-1.133737
7.355000,0.175580,-1.555029,-0.303365
7.360000,1.486122,-1.319627,0.453307
7.365000,-0.729063,0.812983,-0.207871
7.370000,1.140948,-0.394913,-0.395426
7.375000,0.533390,-1.094663,-0.342088
7.380000,0.430409,0.894130,0.460924
7.385000,0.054486,-1.119499,1.268027
7.390000,0.005171,0.260881,-0.947531
7.395000,-0.167672,-0.405951,-0.755338
7.400000,-0.639872,-1.054010,-1.570438
7.405000,-0.004719,0.776232,0.330811
7.410000,1.164648,-0.086669,-0.705830
7.415000,-0.531080,-0.835326,-0.403966
7.420000,0.370391,-0.741872,0.229097
7.425000,-0.480781,-1.056715,-0.861732
7.430000,0.864613,0.081317,-0.515550
7.435000,-1.057005,0.763014,-0.867057
7.440000,-0.883967,1.054042,0.038236
7.445000,-0.145598,1.187135,0.637159
7.450000,-0.590399,-0.777073,-0.238962
7.455000,-1.134239,-0.739815,-0.066171
7.460000,-1.273547,-0.347310,-0.677792
7.465000,-0.727508,0.630891,1.112988
7.470000,-0.166843,0.415210,-1.333764
7.475000,-1.489568,0.331669,-0.112048
7.480000,-0.116322,-0.458962,0.792069
7.485000,-0.085586,-0.527973,-0.655699
7.490000,-0.575544,0.550610,0.010769
7.495000,-0.983905,0.667318,-1.627753
7.500000,-0.271300,-0.123521,-0.005377
7.505000,0.867075,0.619909,-0.259009
7.510000,1.091027,-0.948018,-0.191298
7.515000,-1.166158,-0.627588,-0.701989
7.520000,-1.490647,-0.226352,-0.912075
7.525000,0.237929,0.162910,0.115490
7.530000,0.453506,-0.230288,0.591337
7.535000,0.079538,-1.122508,-1.036022
7.540000,-0.756916,0.227182,0.066591
7.545000,1.110927,0.655353,0.291928
7.550000,0.308908,0.238523,0.039750
7.555000,0.063540,1.389340,-2.119289
7.560000,0.511485,0.250173,-0.571634
7.565000,0.856041,0.481213,0.533506
7.570000,0.953585,-1.079344,-0.481648
7.575000,-0.958198,-1.223150,0.944556
7.580000,-0.061033,0.101618,-1.231156
7.585000,-0.480754,-0.182631,0.365741
7.590000,-0.028867,-0.277443,-0.113317
7.595000,-0.680796,1.180579,-0.010875
7.600000,0.547118,0.714009,-0.012164
7.605000,0.255547,1.179634,0.379661
7.610000,-0.030725,-0.757017,-0.577298
7.615000,-0.796358,-1.044801,-0.800794
7.620000,-0.495535,2.411362,0.364817
7.625000,0.244844,1.500830,-0.315742
7.630000,0.357497,0.920006,-0.547436
7.635000,-0.476004,-1.667727,-0.566107
7.640000,0.556323,0.806634,0.161233
7.645000,-1.216434,1.073273,0.071200
7.650000,-0.023814,0.483356,-0.408219
7.655000,-0.507021,-0.158059,0.158825
7.660000,0.360312,-0.668559,0.849397
7.665000,-0.480745,0.934918,-1.067773
7.670000,0.146518,-0.112514,-0.129062
7.675000,-0.537438,-0.897337,-0.646448
7.680000,2.027301,-0.734906,1.190729
7.685000,0.635489,0.615924,1.385395
7.690000,0.428871,-0.044581,-0.324223
7.695000,0.232939,-0.178389,-0.487942
7.700000,0.821493,0.569218,0.401183
7.705000,0.099563,0.230122,-0.716249
7.710000,1.647310,0.106388,-1.104516
7.715000,-0.687011,0.195120,-0.510795
7.720000,0.091071,0.589561,-0.220551
7.725000,0.950407,1.666254,-0.452179
7.730000,0.094021,-0.545215,-1.137202
7.735000,-1.693615,-0.397120,-0.127724
7.740000,1.237026,0.240486,0.931220
7.745000,0.029278,0.682174,0.926428
7.750000,0.033821,1.289641,0.056074
7.755000,0.479418,-0.651274,0.090014
7.760000,0.337817,-0.795735,-0.510312
7.765000,0.273368,0.417882,0.216785
7.770000,0.490309,-0.851062,0.264324
7.775000,0.320517,0.396823,-0.996445
7.780000,-0.268795,-0.306940,1.534202
7.785000,-0.007366,0.592435,-0.187750
7.790000,-0.544635,-0.289242,-0.311853
7.795000,-1.782157,-0.692314,-0.691960
7.800000,0.414096,-0.118782,-0.018447
7.805000,0.510651,-0.081651,-0.252696
7.810000,0.770451,-0.456350,-0.560905
7.815000,-0.900140,-0.084459,-0.601462
7.820000,-1.156917,-0.552280,0.182557
7.825000,0.386832,0.152896,-0.001552
7.830000,0.301862,-0.351071,0.195669
7.835000,-0.588453,-2.008650,0.221590
7.840000,-0.482705,1.598626,0.266597
7.845000,0.303931,0.787259,0.426818
7.850000,0.926633,-0.028405,0.713840
7.855000,-1.015661,-1.425787,-0.121492
7.860000,0.646287,1.024642,0.620912
7.865000,0.111658,0.096486,0.062921
7.870000,1.423356,0.221358,-0.308518
7.875000,-1.689430,-0.310927,-0.798461
7.880000,-0.376202,-0.086816,1.854333
7.885000,-0.908398,0.887472,0.642223
7.890000,-0.106483,0.240558,0.546761
7.895000,-1.471234,-0.396840,0.813401
7.900000,0.005956,-1.005483,0.458297
7.905000,-0.124356,-0.161583,0.824538
7.910000,-0.845888,-0.584601,-0.626862
7.915000,-0.382708,1.109620,0.140041
7.920000,0.205797,-1.180140,0.335236
7.925000,0.530440,1.571958,-0.344395
7.930000,0.976802,-0.463009,-0.886087
7.935000,-0.074299,-0.112049,1.288504
7.940000,0.324008,-0.673476,2.017184
7.945000,1.342888,1.359349,0.697836
7.950000,0.022543,-0.001090,-0.965986
7.955000,-0.673382,-1.456577,-1.103023
7.960000,-0.488104,-0.500006,0.199748
7.965000,1.214042,1.869603,0.234605
7.970000,-0.000291,-0.747932,0.386805
7.975000,0.655098,-0.540336,-1.184407
7.980000,0.152540,0.628587,0.973325
7.985000,0.424303,-0.093044,1.031742
7.990000,-0.521349,-0.672715,-0.164448
7.995000,-0.417903,-0.774499,0.285152
8.000000,-0.345348,-0.085443,-1.437086
8.005000,0.735636,1.450907,-0.317493
8.010000,0.337981,0.244928,-0.191721
8.015000,0.280705,-0.928123,-0.298930
8.020000,0.466539,0.043158,-0.724835
8.025000,0.685780,0.901132,0.883976
8.030000,-0.254664,0.806866,0.761304
8.035000,0.125931,-0.181345,-0.341304
8.040000,-0.355010,0.099875,-1.124552
8.045000,-0.178782,0.395926,0.550801
8.050000,0.672840,-0.791269,0.278514
8.055000,-1.502529,-0.580068,-0.649110
8.060000,0.131286,-0.481238,0.304104
8.065000,-1.549137,0.109701,0.860678
8.070000,0.420719,-0.894020,-0.789103
8.075000,0.421940,-1.033194,-0.811779
8.080000,0.669180,-0.201184,0.725287
8.085000,0.953731,0.296829,1.210615
8.090000,-0.288454,0.980154,1.276841
8.095000,-0.654067,-0.830148,-0.883181
8.100000,-0.651070,-0.516686,0.829554
8.105000,1.454262,0.399469,-0.082192
8.110000,0.328313,0.022930,0.018326
8.115000,-1.078489,0.550519,-0.998746
8.120000,0.549954,-0.228709,0.025847
8.125000,0.918781,-0.509215,-0.516193
8.130000,0.828455,-0.530476,-0.443232
8.135000,-0.201238,-0.075552,-0.611750
8.140000,0.140133,1.220440,-0.081402
8.145000,-1.034973,-0.984655,0.742957
8.150000,-0.101759,-1.017720,0.472816
8.155000,0.957659,-0.791781,-1.030439
8.160000,-1.014711,0.672064,0.701081
8.165000,-0.203423,0.392831,-0.121845
8.170000,0.253178,-0.516062,-0.723728
8.175000,-0.592527,-1.136692,-0.064858
8.180000,1.411377,-0.484050,-1.095297
8.185000,0.124992,-0.045864,-0.437482
8.190000,-0.515100,0.077840,-0.739327
8.195000,-1.093816,-1.306384,-1.188045
8.200000,0.128684,0.373687,0.044720
8.205000,-0.181258,0.086291,0.727255
8.210000,-0.839131,0.213992,-0.307268
8.215000,-0.625303,-0.338781,-0.650913
8.220000,-0.176159,0.130287,0.163496
8.225000,0.790686,1.351454,-0.162762
8.230000,0.116606,-0.428654,0.769126
8.235000,-1.023897,0.926805,-0.965556
8.240000,-0.829498,0.347486,-0.539418
8.245000,1.107860,-0.144221,-0.092987
8.250000,0.912615,-0.282953,0.241764
8.255000,-0.006910,-0.828132,0.799821
8.260000,1.518142,0.628307,0.303034
8.265000,0.435014,-0.241547,-0.010694
8.270000,-0.507070,0.076526,0.434082
8.275000,-1.086832,0.151518,-2.128271
8.280000,-0.192333,1.395958,0.900590
8.285000,0.316925,-0.041521,1.675737
8.290000,-0.627737,-0.331484,0.701898
8.295000,-0.230032,-1.565682,-0.600165
8.300000,0.223618,0.647982,0.327769
8.305000,1.107350,0.968758,-0.671293
8.310000,-0.305673,0.018512,-0.412146
8.315000,-0.327922,0.445333,-1.271238
8.320000,-0.212100,0.509729,-0.085595
8.325000,0.880586,0.294811,-0.407783
8.330000,-0.677429,-0.375451,-0.020377
8.335000,-0.147102,-0.628183,-0.138754
8.340000,-0.711790,0.493379,1.759797
8.345000,0.114342,-0.476728,-0.033937
8.350000,0.668617,0.014072,-1.262776
8.355000,-0.897325,0.859141,-0.351975
8.360000,-0.312597,1.021245,0.135671
8.365000,-0.484366,0.625405,-0.496985
8.370000,0.219254,-1.727082,0.839571
8.375000,0.027625,-0.112593,-0.334657
8.380000,0.584706,0.406947,-0.741257
8.385000,-0.253012,-0.128413,-0.661309
8.390000,-0.242997,-1.252422,0.312999
8.395000,0.259199,-0.357776,-0.284718
8.400000,0.821837,-0.142926,0.246194
8.405000,0.278387,0.760947,0.620639
8.410000,-0.005070,0.788004,0.371529
8.415000,0.093120,1.436598,-1.202405
8.420000,0.077817,0.166459,-1.033343
8.425000,-0.135321,-0.933021,0.393766
8.430000,0.870706,0.121341,0.418554
8.435000,0.154112,0.186500,0.097299
8.440000,0.783578,0.554974,0.477574
8.445000,-0.174735,0.579944,0.227453
8.450000,0.222433,-1.325457,-0.789098
8.455000,0.010027,-0.106282,-1.162628
8.460000,0.313161,-0.177660,0.631240
8.465000,0.698041,0.346917,-0.148803
8.470000,1.317407,-0.007471,-0.165751
8.475000,0.576784,-0.581265,0.523469
8.480000,1.587711,-0.637846,1.130714
8.485000,-0.137795,0.394560,1.378735
8.490000,0.032196,-0.456394,-1.900956
8.495000,-0.369786,-0.782724,0.782871
8.500000,0.764673,-0.194692,0.280280
8.505000,-1.150642,0.491786,2.033431
8.510000,0.905986,-0.999671,0.853079
8.515000,0.753716,-0.665702,-0.719325
8.520000,0.676853,0.499678,-0.158590
8.525000,-0.239656,1.083229,0.232971
8.530000,-0.976013,-0.502971,-0.674108
8.535000,-0.193003,1.178403,-1.339448
8.540000,0.680950,-0.143920,-0.116977
8.545000,-0.676840,1.807657,0.961540
8.550000,-0.024931,-0.598486,-0.104504
8.555000,-0.583115,-0.114300,-0.137492
8.560000,0.951183,-0.351423,-0.132685
8.565000,0.099407,1.335775,0.068566
8.570000,-0.278018,-0.835068,-1.365911
8.575000,-0.760283,-0.564754,0.712314
8.580000,-0.461864,0.598721,0.370230
8.585000,0.426128,1.291275,1.021573
8.590000,0.613353,-0.902886,1.448370
8.595000,0.257570,-2.001395,-0.695758
8.600000,-0.623142,0.654443,0.310077
8.605000,-0.293972,-0.263070,-0.668340
8.610000,-0.107216,0.226899,-1.414103
8.615000,-1.058545,-0.126012,-1.196978
8.620000,-0.027779,-0.911772,0.197516
8.625000,-0.068983,0.881330,1.185468
8.630000,1.580319,-1.026899,-0.892986
8.635000,0.135036,0.469051,-0.090578
8.640000,0.102367,-0.757054,-1.172269
8.645000,1.533052,1.152015,0.110900
8.650000,-0.117966,0.146852,0.085439
8.655000,-0.986114,-1.092554,-0.444558
8.660000,0.098113,0.391518,-0.323470
8.665000,0.070992,0.342205,0.323016
8.670000,-0.707814,-0.197689,0.601209
8.675000,-0.777886,-0.081784,-0.332468
8.680000,-0.646696,1.416165,0.336409
8.685000,-0.110078,-0.608386,1.351961
8.690000,0.649269,-0.148090,-0.070539
8.695000,-0.858751,-1.847645,0.687661
8.700000,-0.470034,-0.511795,-1.110170
8.705000,-0.176459,1.922025,0.356762
8.710000,-1.035141,0.920899,-0.217507
8.715000,-0.437788,0.048645,-0.862299
8.720000,-0.950822,-0.111997,0.400862
8.725000,0.188723,0.113476,0.184692
8.730000,-0.470773,0.594768,0.191310
8.735000,-1.668658,-0.150117,-0.372197
8.740000,0.391804,-0.746496,0.501819
8.745000,1.474473,1.161323,0.758835
8.750000,0.399044,0.836909,-1.281588
8.755000,-1.576644,-0.779186,0.903771
8.760000,0.552057,0.861778,-0.083736
8.765000,0.589107,1.218796,-0.371920
8.770000,0.130531,-0.604140,-0.347037
8.775000,-0.410363,-0.164938,0.008752
8.780000,-0.394148,-0.560075,1.422931
8.785000,0.759850,-0.789919,0.199114
8.790000,0.156883,0.472317,-0.792281
8.795000,-0.535064,0.891885,0.014511
8.800000,-1.149011,1.214728,0.406434
8.805000,0.257401,0.626549,0.512076
8.810000,0.405488,1.383468,0.481959
8.815000,0.367130,-0.381952,-0.637176
8.820000,-0.752297,-0.227931,-0.351230
8.825000,-0.456286,0.682606,0.593344
8.830000,0.555168,0.260835,-0.749361
8.835000,0.884818,-0.487757,0.995649
8.840000,-0.392834,1.772697,-0.027138
8.845000,1.088613,0.796534,-0.064828
8.850000,-0.083179,0.322772,-1.528530
8.855000,-0.506250,-1.419406,0.085026
8.860000,-0.639394,0.479312,0.954832
8.865000,0.143514,0.861275,-0.063571
8.870000,-0.928540,0.699957,0.558591
8.875000,-0.964943,0.647198,-0.486992
8.880000,-0.550261,0.218480,-0.098399
8.885000,-0.635005,0.043133,0.826667
8.890000,0.127142,-0.036878,-0.107436
8.895000,0.007144,0.178378,-0.390712
8.900000,-0.136841,0.652478,-0.598670
8.905000,0.077732,-1.219452,0.996164
8.910000,1.303596,-0.663309,-0.021081
8.915000,-1.019335,-1.117294,0.378221
8.920000,-0.950420,0.631335,0.571628
8.925000,0.294860,0.844549,-0.253999
8.930000,0.418461,0.072638,0.550579
8.935000,-1.217354,0.259689,-0.461809
8.940000,-0.782463,-0.087120,1.348097
8.945000,-0.122739,-0.758713,0.488036
8.950000,-0.120872,-0.743599,0.968759
8.955000,0.796592,-0.333401,-0.667487
8.960000,-0.205117,0.385112,-1.469793
8.965000,0.209214,0.251993,0.513013
8.970000,0.054469,0.636710,0.100135
8.975000,-0.707050,-0.548576,0.008719
8.980000,0.177453,0.078343,1.206014
8.985000,0.319280,0.425155,0.935518
8.990000,0.829893,0.053025,0.266465
8.995000,-1.508728,-0.506632,0.654551
9.000000,-0.528572,-0.499048,0.197363
9.005000,0.821772,0.580074,-1.418973
9.010000,0.702329,0.612140,-0.183591
9.015000,-0.389651,-0.135931,0.675769
9.020000,1.151039,-0.468051,-0.411211
9.025000,0.630238,1.111420,0.438514
9.030000,-0.215635,-0.681746,0.322660
9.035000,-0.966459,-0.817774,0.344834
9.040000,0.285782,-0.355023,1.760124
9.045000,0.923839,1.105628,0.599347
9.050000,-0.041964,1.127210,-1.458740
9.055000,-1.015022,-1.443394,-0.179727
9.060000,-1.099070,0.867740,-0.046534
9.065000,0.740140,0.253873,1.224621
9.070000,-0.508552,1.695504,-0.840626
9.075000,0.432532,-0.177810,1.356107
9.080000,-0.039994,-0.746202,0.444313
9.085000,-0.095764,1.151367,0.745007
9.090000,0.692812,1.001498,-0.812776
9.095000,-1.600773,0.098570,-0.380874
9.100000,0.293631,-0.101997,-1.039633
9.105000,-0.698071,0.295526,0.472307
9.110000,-0.232151,0.959940,0.884749
9.115000,0.744542,0.308447,-0.777336
9.120000,-0.898182,-1.271346,-0.552619
9.125000,0.167224,-0.257608,0.217974
9.130000,0.291688,0.994023,0.475007
9.135000,-1.845019,-0.697735,-0.666716
9.140000,-1.506084,-0.029888,-0.846221
9.145000,-0.201405,0.993576,-0.232434
9.150000,-0.676176,-1.064315,-0.222144
9.155000,-0.785661,-0.744874,0.449036
9.160000,-0.304707,0.155353,0.851582
9.165000,0.702583,-0.288931,0.064638
9.170000,1.558523,-0.326089,-0.936649
9.175000,-0.058391,-0.141410,-0.494178
9.180000,-0.177686,-0.531584,-0.161898
9.185000,0.015736,-0.449290,0.380588
9.190000,0.669043,-0.885913,-0.040414
9.195000,-0.481137,-0.097355,-0.201158
9.200000,0.213030,0.090415,1.058210
9.205000,-0.285417,0.441302,0.667148
9.210000,-0.741127,0.546628,-0.193444
9.215000,-1.028774,-0.372267,-0.916744
9.220000,0.226755,0.066722,0.625828
9.225000,0.862747,0.707067,0.547802
9.230000,-0.418864,-0.937190,0.024035
9.235000,-0.077681,-0.827516,-1.248939
9.240000,-1.100732,-0.954814,0.474293
9.245000,0.666300,0.492399,-1.025470
9.250000,-0.120479,-0.564639,-1.522441
9.255000,-0.084094,-0.919683,-0.210123
9.260000,0.543664,-0.049412,-0.151387
9.265000,-0.010107,0.510183,1.295356
9.270000,-0.987009,-0.329482,-0.439398
9.275000,1.879717,0.770339,0.754347
9.280000,-0.695755,-0.485158,0.124607
9.285000,1.753883,-0.747226,0.108449
9.290000,-0.024482,0.971906,-1.152793
9.295000,-0.550967,0.394892,-1.229873
9.300000,-1.468434,-0.313485,0.499141
9.305000,-0.034130,0.698489,-0.852687
9.310000,1.585086,0.182305,-0.262130
9.315000,-1.303141,-1.220848,0.318727
9.320000,-0.279645,-1.768829,0.139150
9.325000,1.454896,-0.095484,-0.890961
9.330000,0.404769,-0.872255,1.252354
9.335000,-0.749599,-1.382526,-0.387276
9.340000,-0.030479,-0.551844,0.674904
9.345000,-0.950087,0.386238,0.078174
9.350000,0.315852,0.987688,-0.758876
9.355000,-1.699204,-0.986577,-1.239436
9.360000,-0.485436,0.951565,-0.423873
9.365000,-1.070740,-0.262034,-0.994949
9.370000,-0.781523,-0.540238,0.864660
9.375000,-0.051613,-0.231995,-0.448494
9.380000,-0.563555,0.034616,1.164502
9.385000,1.180287,1.091138,-0.729969
9.390000,1.256414,-1.251158,0.459008
9.395000,-1.136413,-0.656464,-0.861179
9.400000,-0.726647,-0.429734,0.296888
9.405000,1.193420,0.318516,0.498470
9.410000,1.081685,0.161516,0.199142
9.415000,-1.276980,-0.091141,0.300330
9.420000,-0.224163,-0.656984,-0.755347
9.425000,-0.036744,-0.621856,-0.339045
9.430000,-0.333529,0.323265,-1.716353
9.435000,-1.588166,-0.348763,0.501570
9.440000,0.997842,0.916527,1.104639
9.445000,0.551219,-0.354385,-0.331885
9.450000,0.660089,0.130870,-1.071125
9.455000,-0.143694,0.779495,-0.187285
9.460000,-0.211471,-0.343160,0.155598
9.465000,0.187137,0.312091,1.176639
9.470000,-0.153893,1.036850,-0.780563
9.475000,-1.167012,-0.260270,-0.975671
9.480000,0.137936,-0.180321,-0.045160
9.485000,0.497623,0.419167,-0.083913
9.490000,-0.415935,0.406555,-0.603098
9.495000,-0.354758,-0.942624,-1.310444
9.500000,-1.016303,1.186478,0.465794
9.505000,0.272797,0.472929,1.768571
9.510000,-0.040704,-1.382055,-0.738977
9.515000,0.780789,-0.013636,0.205658
9.520000,0.657891,0.123614,0.910445
9.525000,-0.729525,-0.475369,0.040534
9.530000,-0.396055,0.010590,-1.077731
9.535000,-0.558654,0.228504,-1.419076
9.540000,0.020945,1.784391,-0.318080
9.545000,-0.001766,1.103320,0.085675
9.550000,0.437940,-0.774895,-0.653898
9.555000,0.794713,0.152649,0.257246
9.560000,0.477618,0.104211,-0.401716
9.565000,0.467186,1.088281,1.314478
9.570000,0.451637,-0.061972,-0.927380
9.575000,-1.116229,-0.257281,0.247388
9.580000,-1.022612,1.011515,0.227767
9.585000,0.797268,0.613758,1.648542
9.590000,0.687277,0.416687,-0.921700
9.595000,-0.792135,-0.319860,-0.747409
9.600000,0.929693,1.586485,-0.533082
9.605000,1.465931,1.087339,0.426659
9.610000,1.838722,-1.559099,-0.185199
9.615000,-0.897493,-2.121698,-0.228435
9.620000,0.632104,0.601335,0.606403
9.625000,0.871492,0.084814,-0.534583
9.630000,0.757810,-0.354732,-0.803635
9.635000,-1.165790,-1.220444,0.368612
9.640000,0.161167,-0.121092,-0.286440
9.645000,-1.081058,0.884301,0.382574
9.650000,1.009466,0.804479,0.064060
9.655000,-0.242037,-0.784409,-0.953358
9.660000,-0.898307,0.301925,1.059063
9.665000,0.419364,0.721004,0.686383
9.670000,-0.276091,-0.824796,-1.271078
9.675000,0.384109,-1.292231,-0.417052
9.680000,-0.723770,-0.098864,0.805162
9.685000,-0.025421,1.139416,0.786038
9.690000,-0.396499,0.359746,0.967123
9.695000,-0.633661,0.895962,-1.529307
9.700000,0.491660,-0.850463,0.803387
9.705000,0.618455,-0.114371,-0.179132
9.710000,-0.072745,0.598317,-0.234460
9.715000,-0.476548,-0.025871,0.769879
9.720000,-0.554100,0.408350,-0.879968
9.725000,0.790106,-1.097029,-0.747580
9.730000,0.562571,0.081609,0.258680
9.735000,-0.264208,-1.879917,0.685889
9.740000,0.480490,1.011025,1.777807
9.745000,0.563652,-0.054754,0.964028
9.750000,1.048619,0.792279,0.349281
9.755000,0.280655,-0.450986,-1.193557
9.760000,-0.139293,0.106970,0.078137
9.765000,-0.568196,1.153836,-0.199183
9.770000,1.684681,0.387313,0.300290
9.775000,0.013752,0.364603,-0.697786
9.780000,0.207128,-0.804139,0.253842
9.785000,0.686447,-0.330867,-1.357453
9.790000,-0.106366,0.923990,0.345957
9.795000,-0.416338,0.058218,0.528734
9.800000,0.370386,0.709517,0.738574
9.805000,0.913768,0.202937,-0.247435
9.810000,0.151070,-0.038747,0.144166
9.815000,-1.241579,-2.740786,-0.683234
9.820000,-1.200691,0.831817,0.420902
9.825000,1.271069,0.692154,-0.090927
9.830000,0.704849,-0.101280,-0.496667
9.835000,1.452102,-0.223161,-1.008140
9.840000,-0.873895,-0.839090,-0.293309
9.845000,0.368971,0.628703,0.762607
9.850000,-0.156607,0.110395,0.747501
9.855000,0.849930,0.554938,0.100429
9.860000,0.392925,-0.148002,1.351654
9.865000,1.920589,0.452393,0.772067
9.870000,0.245708,-1.044025,-0.315043
9.875000,-0.287466,-0.604917,0.537831
9.880000,-0.275783,0.921971,0.887914
9.885000,0.354628,1.142232,0.375551
9.890000,0.560325,1.001838,-0.254480
9.895000,-1.575729,-0.830234,-0.049953
9.900000,-0.702279,-0.378989,0.388335
9.905000,0.294753,-1.209965,-0.188949
9.910000,0.169477,0.098710,0.027412
9.915000,-0.641023,-0.285937,0.033545
9.920000,-0.364067,-0.252933,0.632666
9.925000,0.944438,-0.035425,-0.567909
9.930000,1.534326,0.023847,-0.079800
9.935000,-0.832437,-0.641037,-0.676380
9.940000,-1.576079,-0.760333,0.004912
9.945000,-0.338463,-0.125984,-0.379131
9.950000,0.820275,-1.145505,0.718079
9.955000,-0.208871,0.173704,0.249969
9.960000,-0.361687,-0.389874,-0.658871
9.965000,-0.837297,0.573150,0.457394
9.970000,0.162904,-0.171927,-0.394343
9.975000,-0.681872,1.746801,0.265708
9.980000,1.836084,1.353334,0.054866
9.985000,0.858813,0.243553,-0.809795
9.990000,-0.817289,0.574200,-0.740942
9.995000,-0.566026,-0.202166,-0.702246
10.000000,-0.077985,0.787651,-1.132171
10.005000,0.765048,-0.221757,0.875033
10.010000,0.338441,-1.227120,-0.711680
10.015000,0.711562,-0.176950,-0.197807
10.020000,0.710954,0.816848,-0.126122
10.025000,-0.199415,0.475003,-0.579972
10.030000,0.114130,-1.274149,-0.395501
10.035000,2.281427,-0.075800,0.330662
10.040000,-1.285891,0.557873,-1.465786
10.045000,0.342231,0.421690,1.344628
10.050000,0.759358,-0.377972,-2.637322
10.055000,0.223662,0.121093,-0.741755
10.060000,0.772420,-0.411195,-0.857737
10.065000,0.323242,0.043559,-0.553697
10.070000,0.228077,0.703411,1.073638
10.075000,-0.001164,-0.737527,0.561503
10.080000,0.507507,0.382911,-0.384854
10.085000,-0.695921,0.574275,-0.053747
10.090000,-0.593034,0.705512,0.286479
10.095000,0.076047,-0.082262,0.400782
10.100000,0.676100,-0.251780,-1.078038
10.105000,0.084682,-1.462868,0.232313
10.110000,0.413744,0.057964,-1.263641
10.115000,-0.935479,-1.321481,0.296499
10.120000,-0.183799,0.620082,0.595125
10.125000,0.056333,-0.564747,-1.317232
10.130000,0.757718,0.649041,-0.666264
10.135000,0.381531,-0.708445,-1.032877
10.140000,-0.673772,-0.320127,0.183596
10.145000,-0.197468,-0.296672,-0.884471
10.150000,0.117710,0.314530,-1.022672
10.155000,-0.200036,-0.185168,-0.187142
10.160000,0.138203,-0.343366,-0.821090
10.165000,0.233729,0.249146,0.148160
10.170000,-0.000004,-0.088912,-0.498710
10.175000,-0.492347,0.083126,-0.544163
10.180000,0.223077,0.364564,0.056735
10.185000,-0.634914,1.786519,-0.350124
10.190000,0.698352,-1.022276,0.423996
10.195000,0.790762,-0.546008,-0.494042
10.200000,-0.989672,1.372667,-0.087692
10.205000,-1.174810,1.146326,0.572146
10.210000,0.253024,0.181908,-0.847275
10.215000,-0.703589,-0.519474,0.067939
10.220000,0.157250,-0.112161,-0.766292
10.225000,0.600470,0.787859,0.729701
10.230000,0.934177,0.739862,0.548306
10.235000,-1.026051,0.543589,0.232219
10.240000,-1.453457,-0.781683,-0.691530
10.245000,-1.010615,-0.363186,1.001028
10.250000,-0.463966,-1.113360,-1.422229
10.255000,0.315723,-0.036025,1.198632
10.260000,0.041314,-0.090807,0.427522
10.265000,0.051637,-0.546394,0.677080
10.270000,-0.108084,-0.861723,0.466010
10.275000,-0.678708,-0.858551,-0.645165
10.280000,-0.537361,-1.247776,1.885658
10.285000,-1.278164,-0.823294,0.090296
10.290000,0.836974,-0.509472,0.923402
10.295000,0.061365,-1.423882,-0.496817
10.300000,1.066217,-0.153664,-0.721631
10.305000,-1.274019,0.744629,0.324043
10.310000,-0.912625,-0.846588,-0.230948
10.315000,-1.053585,-0.570359,0.273354
10.320000,0.604655,-0.334444,0.401813
10.325000,0.187813,1.182584,0.480286
10.330000,-0.362804,1.257764,1.145681
10.335000,-0.184558,0.932701,0.691213
10.340000,0.173243,1.015236,-0.063995
10.345000,0.601465,-0.065318,0.383074
10.350000,0.550212,1.197103,-0.959824
10.355000,-0.522238,0.413855,0.926676
10.360000,-0.099102,1.359063,-0.700888
10.365000,0.256706,-0.577348,-0.074266
10.370000,1.128360,0.139238,0.160759
10.375000,-0.167169,-0.680935,-0.602668
10.380000,0.231812,0.402832,0.302380
10.385000,-0.269157,0.383326,0.931774
10.390000,0.829823,-0.590765,-0.112239
10.395000,-0.020416,-0.592406,-0.684532
10.400000,0.649048,0.032106,0.848002
10.405000,0.559081,1.114282,-0.650906
10.410000,-0.238683,0.091946,0.203519
10.415000,0.744725,-0.605735,-0.902198
10.420000,-0.293794,0.903688,0.525696
10.425000,0.903664,0.825826,-0.130259
10.430000,0.688663,-0.546003,-0.005079
10.435000,-0.168761,-0.054296,-0.087987
10.440000,-1.632362,0.968306,-0.539477
10.445000,0.971424,-1.403205,0.620900
10.450000,0.072084,1.088964,-0.474522
10.455000,-2.431939,-0.250377,-1.554217
10.460000,0.534654,1.275338,0.957542
10.465000,0.633107,0.108365,-0.649660
10.470000,0.750763,-0.035008,0.720905
10.475000,-0.586258,-0.054855,-0.578763
10.480000,-1.531872,-0.398441,-1.422700
10.485000,1.542103,-0.268496,1.181716
10.490000,0.731950,-0.181919,0.150966
10.495000,0.630825,-0.134656,-0.429947
10.500000,-0.868294,-0.231076,-1.459661
10.505000,-1.102206,0.828265,1.083509
10.510000,1.151159,0.294737,-0.541653
10.515000,0.027256,-0.433554,0.799025
10.520000,-0.457024,0.022288,1.034078
10.525000,-0.325051,0.424611,0.412021
10.530000,0.771290,0.842881,-0.163020
10.535000,-0.398836,0.099940,-1.046300
10.540000,-0.022457,0.069803,0.464679
10.545000,-0.404645,1.538149,1.042062
10.550000,0.584825,0.812107,-0.973572
10.555000,-0.093928,-0.379389,-0.399356
10.560000,-1.105940,-0.074264,1.002711
10.565000,0.115557,0.384076,0.012587
10.570000,0.103424,-0.411082,-0.332063
10.575000,-1.392468,0.535225,-1.159992
10.580000,-1.346391,-0.693946,0.719081
10.585000,-0.583798,0.187541,0.122013
10.590000,0.151979,0.136908,-0.054744
10.595000,1.299233,-0.152343,-0.247123
10.600000,1.229163,0.213886,0.363249
10.605000,0.518516,0.762848,-0.319873
10.610000,0.356035,1.064320,0.242621
10.615000,-0.506615,0.674711,-0.733847
10.620000,-1.849628,0.574482,-0.322336
10.625000,1.935498,0.995230,-0.203925
10.630000,0.250604,0.919410,-1.125957
10.635000,0.168376,-1.340443,0.169232
10.640000,-0.316772,0.248255,-0.520403
10.645000,0.573919,-0.104782,0.773079
10.650000,0.707172,0.133873,-0.522935
10.655000,-0.242180,-0.744271,-0.373857
10.660000,-0.618796,-1.168735,0.942022
10.665000,-0.374555,1.438763,0.141597
10.670000,-0.392939,-0.056799,0.137740
10.675000,0.897464,-0.513606,-1.673522
10.680000,-1.160599,-0.634780,-0.241376
10.685000,0.296743,-0.959919,0.553006
10.690000,2.132525,0.025519,0.059145
10.695000,-0.510637,0.970816,-0.668230
10.700000,-0.338670,0.199398,-0.151703
10.705000,2.058659,-0.124995,-0.232303
10.710000,0.777896,0.152668,-0.864706
10.715000,0.916495,-0.837228,-0.732103
10.720000,1.175862,-0.993359,0.795034
10.725000,-1.053191,0.208823,1.578678
10.730000,0.663644,-0.515827,0.401550
10.735000,-0.405821,-0.347088,-0.431308
10.740000,-0.039553,-0.987283,-0.574431
10.745000,1.175883,1.625638,-0.892866
10.750000,-0.576537,-1.072015,-0.484514
10.755000,0.506518,-0.652282,-1.534573
10.760000,0.147204,-1.905332,0.055820
10.765000,0.805479,-1.062842,-1.055643
10.770000,0.351915,0.576216,-0.911857
10.775000,0.573140,-0.369200,-0.004992
10.780000,-0.459337,-1.094192,0.432513
10.785000,0.637735,1.700544,-0.255326
10.790000,-0.404565,-1.050608,-0.695703
10.795000,-0.465768,-0.072959,0.837189
10.800000,0.196948,-0.948503,0.796319
10.805000,-0.870408,0.893941,0.763520
10.810000,-1.191608,-0.504986,-0.614854
10.815000,0.833557,-0.172111,-0.296758
10.820000,-0.741655,0.160714,-1.075720
10.825000,0.040336,-0.240132,0.184122
10.830000,-0.616932,0.780605,0.529502
10.835000,0.324422,-0.448572,0.126467
10.840000,-1.430535,-1.439477,-0.546886
10.845000,0.042581,0.954338,-1.292517
10.850000,0.459675,0.128373,0.547430
10.855000,-1.798359,-0.592192,0.480553
10.860000,0.074177,-1.536072,1.215945
10.865000,0.293085,0.113243,0.729631
10.870000,0.759930,-0.761893,-0.641658
10.875000,0.549467,-1.699877,0.210556
10.880000,0.468764,-0.474088,-0.911726
10.885000,-0.172796,0.116142,-0.319800
10.890000,-0.476740,-0.461460,-0.954064
10.895000,0.486157,-0.940713,-0.292416
10.900000,-0.661107,-0.098411,0.357095
10.905000,0.227102,0.947474,-0.309604
10.910000,0.814182,0.566544,1.048506
10.915000,-0.465941,-0.675849,-0.263266
10.920000,0.574362,0.055779,-0.445387
10.925000,0.973459,-0.677539,-0.537975
10.930000,0.489039,-0.301936,-2.408395
10.935000,0.695374,0.155339,0.146045
10.940000,-0.581710,-0.641352,0.606346
10.945000,-0.955625,1.076894,0.646900
10.950000,-0.901153,-0.257354,0.694067
10.955000,1.180488,-0.772060,-0.498131
10.960000,-1.550036,0.651721,-0.320067
10.965000,0.759886,1.093771,0.664252
10.970000,0.764411,-1.035862,-0.519326
10.975000,-1.508532,-0.450963,0.142436
10.980000,-0.394202,0.316988,-0.410000
10.985000,-1.666494,-0.032938,0.532663
10.990000,-1.424935,0.713315,-0.454192
10.995000,0.628109,-0.478398,-0.148880
11.000000,-1.676879,-0.904508,-0.169259
11.005000,0.045716,-0.651299,0.682633
11.010000,0.584760,0.151096,0.203440
11.015000,0.076178,-0.165750,-0.171653
11.020000,0.251315,-0.160417,1.858323
11.025000,0.893326,0.785360,0.690415
11.030000,-1.219053,-0.228941,0.210988
11.035000,0.523214,-0.149764,-1.351841
11.040000,0.155818,0.012420,-0.203096
11.045000,-1.048870,1.026155,0.442510
11.050000,-0.594345,0.438744,-1.249998
11.055000,0.237918,-0.356404,-0.259825
11.060000,0.516441,-0.022125,1.468901
11.065000,-0.807098,0.711638,0.323458
11.070000,0.349336,-1.069849,-0.010571
11.075000,0.423357,0.367630,-0.919300
11.080000,-0.080521,0.682424,0.153257
11.085000,0.532060,0.519256,2.438011
11.090000,0.186043,-0.613437,-0.826661
11.095000,0.462332,2.325413,-1.571869
11.100000,0.048100,-1.287244,-0.317446
11.105000,0.579045,1.897822,0.019931
11.110000,0.025503,-0.466113,0.149228
11.115000,-0.163021,0.017137,1.070085
11.120000,0.712083,0.561593,-0.367678
11.125000,1.346941,1.057507,0.172431
11.130000,0.068568,0.748256,0.628538
11.135000,-0.716379,0.041737,-2.054114
11.140000,0.058597,-0.848413,-0.166919
11.145000,-1.457201,0.554823,-0.200512
11.150000,-0.593983,0.304343,0.425614
11.155000,0.166091,-1.555827,0.221371
11.160000,-0.631316,0.364847,-0.153804
11.165000,-0.428185,1.193618,-0.548751
11.170000,0.244715,0.174979,-0.073054
11.175000,-0.377796,-1.097756,-0.198377
11.180000,-0.891309,0.713472,0.065491
11.185000,0.415340,1.176525,0.050276
11.190000,-0.965094,0.053653,0.102442
11.195000,-0.416605,-0.566832,-0.173608
11.200000,-1.587503,1.446021,1.075689
11.205000,-0.407706,1.349472,0.425022
11.210000,-0.338348,0.964123,1.572705
11.215000,-1.284465,-1.321739,-1.039173
11.220000,-0.501384,-0.052657,-0.986451
11.225000,0.262573,0.331264,0.666833
11.230000,0.206609,-0.381974,0.055157
11.235000,-0.141472,0.674421,-0.189754
11.240000,-1.278813,-1.352712,-0.912300
11.245000,0.175618,1.159479,-0.706909
11.250000,0.749722,-1.492846,-1.042937
11.255000,-0.322576,-0.750226,0.493971
11.260000,0.047899,-0.560948,-0.230284
11.265000,-1.120474,-0.178283,-0.385622
11.270000,0.012348,0.086650,-0.194442
11.275000,-1.462355,-0.245338,-0.918824
11.280000,0.132218,0.671122,-0.360918
11.285000,0.095551,-0.230175,1.063112
11.290000,1.459651,1.694874,0.271563
11.295000,-0.263286,-0.208635,-1.278148
11.300000,0.061720,-0.019759,-0.133343
11.305000,1.482248,-0.183975,-0.671682
11.310000,1.577102,-0.210423,0.965470
11.315000,-0.214605,-0.753852,0.089054
11.320000,-0.522836,-0.040260,0.681354
11.325000,-0.990245,0.102159,1.453449
11.330000,0.668607,0.442105,-1.037014
11.335000,0.912298,0.128747,-0.239622
11.340000,0.050749,-0.092761,0.294907
11.345000,-0.079794,0.721563,-0.314993
11.350000,-0.236447,0.559207,-0.352264
11.355000,0.689741,0.090652,-0.171909
11.360000,0.221344,-0.017620,0.210958
11.365000,0.133675,0.748380,0.858019
11.370000,0.573999,-0.040294,0.996262
11.375000,-0.862896,-1.761550,0.620952
11.380000,-1.499890,1.029354,-0.077157
11.385000,0.552465,0.186451,-0.514418
11.390000,0.348137,-0.631245,-0.726280
11.395000,-0.171763,-0.975021,-0.044234
11.400000,1.529369,0.312866,0.711277
11.405000,-0.104313,-1.018937,-0.230694
11.410000,1.667815,-0.542750,-0.933049
11.415000,1.171804,0.714563,0.413389
11.420000,-0.581622,-0.528236,-0.183017
11.425000,0.887943,0.925519,-0.116436
11.430000,-0.074574,0.164245,-0.622180
11.435000,-0.666315,-0.119500,-1.507277
11.440000,-0.298736,-0.450869,-0.288442
11.445000,1.087504,-0.130701,0.213863
11.450000,1.230523,0.804620,-0.089160
11.455000,-0.017669,0.413758,-1.802817
11.460000,-0.246823,0.195585,0.186565
11.465000,0.029852,1.173638,-0.074703
11.470000,-0.846905,-0.964833,0.657533
11.475000,-0.040888,-0.697369,-1.022134
11.480000,0.817809,0.587473,-0.283623
11.485000,2.071638,-0.131382,0.401424
11.490000,0.099228,-0.556416,-0.221650
11.495000,-0.780313,-1.105509,0.135183
11.500000,1.039094,-1.152436,1.248221
11.505000,0.040228,0.626891,0.989789
11.510000,0.440951,1.306973,0.738840
11.515000,-0.715495,-1.512930,0.934901
11.520000,-1.596897,-0.408203,-0.083170
11.525000,-0.567539,-0.943642,0.693281
11.530000,1.479267,1.169130,0.132935
11.535000,-0.740846,-0.992038,-1.284165
11.540000,-0.615146,-0.473637,1.297101
11.545000,0.418977,1.064871,0.442104
11.550000,-0.795309,-0.025302,-0.757471
11.555000,1.239883,-0.584387,-1.089602
11.560000,-0.983670,-0.459781,1.028904
11.565000,0.956533,-0.213167,0.197742
11.570000,-0.114721,-0.905059,0.212840
11.575000,-0.958447,-0.599508,-0.214370
11.580000,0.466062,-0.292273,-0.101686
11.585000,1.354883,1.077862,0.539639
11.590000,-0.736690,-0.458483,1.464732
11.595000,-1.038970,-0.212459,-0.504029
11.600000,-0.091919,-0.277473,-0.063980
11.605000,0.236203,-0.023992,0.662682
11.610000,-0.999888,-0.054938,-0.778694
11.615000,-0.431479,0.370557,-0.885869
11.620000,-0.843499,-0.144821,0.093651
11.625000,-0.109519,-1.502474,0.956035
11.630000,-0.329913,0.202586,-0.297995
11.635000,-0.465716,0.297657,-1.058983
11.640000,0.218099,-0.352652,1.049518
11.645000,-1.407379,-0.483917,1.788836
11.650000,0.757101,-0.438791,0.325444
11.655000,-0.482306,-0.857495,-0.709699
11.660000,-1.243697,-0.416763,-1.150782
11.665000,0.196270,0.509736,0.582755
11.670000,0.366239,0.190836,-0.828905
11.675000,0.217683,0.531699,-0.277459
11.680000,-1.509120,-0.664005,0.153085
11.685000,-0.833662,0.341588,0.307336
11.690000,-0.760433,0.299219,-0.031926
11.695000,-0.392864,-1.075758,0.142339
11.700000,0.712779,0.568427,0.223400
11.705000,-0.767317,0.933906,1.314695
11.710000,-0.343937,0.258616,-0.890552
11.715000,-0.553812,0.378485,-0.513679
11.720000,0.210205,-0.833101,1.101719
11.725000,-0.436900,1.811470,1.455947
11.730000,-0.309508,-0.027525,-1.126646
11.735000,-0.364746,-1.076754,-1.088083
11.740000,0.588702,-0.518993,-1.432322
11.745000,0.372418,0.835487,1.072172
11.750000,-1.302610,-0.018233,0.746033
11.755000,0.221625,-0.091287,-0.971802
11.760000,-1.451845,-0.046818,0.056657
11.765000,0.632270,-0.108377,-1.349153
11.770000,0.332233,-0.358566,-0.078289
11.775000,-0.322758,0.521578,-1.016547
11.780000,-1.123185,0.451681,0.072975
11.785000,0.765355,-0.080597,0.678334
11.790000,0.501346,0.475924,-0.821022
11.795000,0.353943,0.553505,-0.696698
11.800000,-0.876153,-0.994233,-0.214733
11.805000,1.508575,0.306322,-0.529289
11.810000,0.749406,-0.101812,0.290329
11.815000,-0.892815,-0.633774,0.292161
11.820000,-1.327393,0.643824,-0.572637
11.825000,0.150773,0.482294,1.161778
11.830000,0.360288,-0.854270,-0.339875
11.835000,1.051124,-0.021945,0.732732
11.840000,-0.083860,0.497575,-0.295696
11.845000,0.919059,2.188873,-0.005002
11.850000,2.101079,-0.078032,0.338873
11.855000,0.331928,-0.337255,-0.150355
11.860000,0.094006,-0.333213,-0.853480
11.865000,-0.220440,0.404048,-0.808528
11.870000,-0.402815,0.568866,-0.318672
11.875000,-0.530059,-0.022980,0.125132
11.880000,-0.083151,-0.993628,-0.637549
11.885000,1.704948,0.858222,0.507810
11.890000,0.092060,-0.132790,-0.708409
11.895000,0.116902,-0.993353,-1.497069
11.900000,0.013150,-0.044083,-0.618927
11.905000,0.029664,-0.976521,0.927305
11.910000,0.366696,0.893082,-1.137722
11.915000,-0.776930,0.628237,0.211158
11.920000,-0.400309,0.639746,-0.468290
11.925000,1.460885,0.101293,0.966052
11.930000,-0.424445,1.111287,-0.249635
11.935000,0.080779,0.584889,-0.955486
11.940000,0.559489,1.336584,-0.060330
11.945000,-1.120344,0.416073,-0.530830
11.950000,1.404426,0.256172,-0.164601
11.955000,0.025539,-0.646605,-0.071631
11.960000,-0.281457,-0.940046,0.513079
11.965000,0.019512,0.399369,-0.096245
11.970000,-0.060072,0.089366,-1.154632
11.975000,0.723085,-0.213390,-0.757148
11.980000,0.287831,0.016874,0.202717
11.985000,-0.434770,0.790259,1.079236
11.990000,-0.130242,-0.465635,-1.206223
11.995000,-0.305327,0.092320,0.514089
12.000000,-0.939134,0.747500,0.494987
12.005000,-0.147500,-0.249038,0.398266
12.010000,-0.453713,-0.153360,-0.318964
12.015000,0.585618,-0.417193,-1.340610
12.020000,-0.596543,-0.887744,0.199867
12.025000,-0.592304,0.751084,0.999006
12.030000,0.016893,-0.437727,0.467948
12.035000,1.513346,-1.915265,-0.845532
12.040000,-1.354438,0.418356,0.893831
12.045000,-0.347791,0.973738,0.124113
12.050000,1.646952,-0.549615,0.226956
12.055000,-0.400089,-0.616488,0.204347
12.060000,-1.468618,-0.947980,-0.089685
12.065000,-1.024485,1.397269,0.406880
12.070000,0.934606,0.767007,-0.026509
12.075000,0.255867,-1.380520,0.305111
12.080000,-1.123371,-0.449954,-0.230770
12.085000,2.348063,-0.493292,0.549045
12.090000,-0.120608,0.137743,-0.418469
12.095000,-0.537298,0.004028,-0.883533
12.100000,0.493369,0.413985,0.663579
12.105000,-0.027771,1.206946,-0.399514
12.110000,0.468634,-0.222377,-0.974155
12.115000,0.356698,-1.453829,-0.310820
12.120000,-0.502995,-0.282810,-0.645483
12.125000,0.258458,0.878810,1.624100
12.130000,-0.177085,-1.510420,0.279916
12.135000,-0.529227,-0.286133,-0.422692
12.140000,-0.875205,-0.326975,-0.345529
12.145000,-0.322388,-0.240495,0.791181
12.150000,0.211911,0.373814,-1.120690
12.155000,-0.277491,-0.840285,0.578487
12.160000,-0.120199,-0.443674,-0.051468
12.165000,0.321981,2.002145,-0.956729
12.170000,-0.371565,-0.104513,1.219143
12.175000,-0.355908,-0.604569,-0.388364
12.180000,-0.988841,-0.712090,0.348377
12.185000,0.310014,0.537960,-0.530918
12.190000,0.808649,0.221092,0.323143
12.195000,-0.934206,-0.873442,0.473753
12.200000,-0.470340,-0.382007,-0.236241
12.205000,-0.670468,0.839206,1.099974
12.210000,0.198790,-0.160524,-0.398244
12.215000,0.589116,1.021872,-2.384570
12.220000,0.839273,0.986213,0.647401
12.225000,0.932578,0.622921,0.592672
12.230000,0.288162,1.002986,-0.024717
12.235000,-0.487894,-0.722745,-0.557836
12.240000,0.503148,0.106497,1.158102
12.245000,0.775980,1.001862,-0.321503
12.250000,0.727514,-0.950042,0.721849
12.255000,-1.030673,-2.139237,0.420496
12.260000,-0.079550,-0.269984,0.836244
12.265000,-0.498608,1.166112,0.963140
12.270000,0.469730,-0.523688,0.695626
12.275000,-1.282935,-1.306327,0.464189
12.280000,-1.461302,-0.538004,0.425448
12.285000,0.865862,0.384826,-0.206967
12.290000,0.777756,0.695383,-0.679667
12.295000,-0.731020,-0.967859,-0.577545
12.300000,0.260290,-0.176818,-0.670722
12.305000,0.547898,0.556680,-1.068107
12.310000,0.533003,-0.076634,-0.200410
12.315000,-0.119223,-0.469639,-1.965218
12.320000,-1.738613,-0.826717,0.622858
12.325000,0.244369,0.703779,1.134360
12.330000,0.601413,-1.976761,0.489376
12.335000,-2.129488,-0.863122,0.271167
12.340000,-0.181830,1.194795,0.911951
12.345000,-0.059823,1.504822,0.827675
12.350000,-0.400441,0.641778,0.129185
12.355000,0.472336,-0.547852,-0.494476
12.360000,-0.341246,-0.305410,-0.779260
12.365000,0.553451,0.073210,0.478545
12.370000,0.705213,0.896824,1.151951
12.375000,0.130027,-1.312231,-0.490604
12.380000,0.534582,1.219213,0.788757
12.385000,0.389713,0.852233,-0.144325
12.390000,0.267073,-0.222908,0.462381
12.395000,0.561589,-0.068059,-0.211243
12.400000,-0.432597,0.007995,1.006460
12.405000,-0.173747,0.552460,0.556657
12.410000,0.103052,0.036687,0.483130
12.415000,-0.082987,-0.156537,-0.833668
12.420000,-0.881721,-0.803192,1.610496
12.425000,0.124111,0.432454,0.373832
12.430000,0.712542,-0.225769,-0.604673
12.435000,0.156226,0.070121,0.063080
12.440000,0.533622,0.957131,-1.012344
12.445000,-0.489805,-0.665628,0.126401
12.450000,0.939595,1.100087,-0.762117
12.455000,-0.255434,-0.556017,-0.077799
12.460000,0.731832,0.221213,0.338742
12.465000,0.566676,0.299016,0.079590
12.470000,0.771706,0.390921,-0.132637
12.475000,0.536375,-0.046081,-0.400684
12.480000,0.970900,0.232637,-0.427573
12.485000,-1.546444,0.552319,0.157903
12.490000,0.966520,0.190330,0.639081
12.495000,-0.109384,-1.679634,-0.679885
12.500000,0.285844,0.007879,1.153200
12.505000,1.135221,0.653082,1.965103
12.510000,0.371725,0.826077,0.375407
12.515000,-0.426650,-0.056126,-0.302911
12.520000,-0.347738,0.813228,0.297197
12.525000,-0.673131,-0.337982,1.454439
12.530000,0.536942,0.343647,0.129349
12.535000,0.410090,-0.423513,-0.932070
12.540000,-0.051828,0.751027,1.399740
12.545000,0.121190,0.203705,-0.282867
12.550000,1.534092,-0.445778,-1.263744
12.555000,-0.362042,-1.095911,-0.303183
12.560000,-0.442848,-0.207452,-1.037876
12.565000,-0.241844,1.177758,0.456356
12.570000,0.631972,-0.214297,0.194372
12.575000,-0.588560,-1.535157,-0.487746
12.580000,-0.174735,0.971760,-0.475081
12.585000,-0.430418,-0.261153,0.843686
12.590000,-0.560502,1.285355,-1.310206
12.595000,0.941728,0.484277,-1.293566
12.600000,-1.047474,0.176944,-0.540953
12.605000,-0.570772,1.330094,-0.113318
12.610000,0.382236,-1.511638,-0.594171
12.615000,-0.901592,0.450045,-1.226711
12.620000,0.680672,-0.040410,0.010376
12.625000,-0.244918,0.751666,0.782622
12.630000,0.154545,-0.348010,0.900047
12.635000,-0.165453,0.081322,-0.721069
12.640000,-0.493199,-0.849714,-0.017455
12.645000,0.571904,0.887977,0.402552
12.650000,0.461606,-0.314245,-0.133560
12.655000,-0.285293,0.099739,-0.666522
12.660000,0.888168,-1.142581,-1.092790
12.665000,-1.067383,-1.306677,0.552782
12.670000,0.080776,-0.176000,-1.493898
12.675000,-0.556968,-0.435005,0.777224
12.680000,-0.111554,0.805388,0.366655
12.685000,0.401522,1.044277,1.109622
12.690000,-0.922342,-0.650652,-2.422975
12.695000,0.125023,-0.225542,-0.974610
12.700000,0.055946,0.887979,-0.632470
12.705000,1.335502,0.414862,-0.394428
12.710000,0.854863,0.746439,-0.568472
12.715000,0.289815,-0.264490,-1.413683
12.720000,-1.510818,0.587819,0.780722
12.725000,2.290561,0.237373,0.208208
12.730000,-0.283350,0.798424,0.257541
12.735000,-1.069554,0.064256,1.019710
12.740000,1.040840,0.434334,0.240174
12.745000,-0.650465,0.298097,0.438223
12.750000,-0.225637,-1.151516,0.897293
12.755000,0.958051,-0.067812,-0.274241
12.760000,-0.898694,-0.750189,-1.994232
12.765000,-1.717334,1.376055,1.201633
12.770000,-0.176127,0.086863,-0.806810
12.775000,-0.779140,0.981368,-0.403503
12.780000,-0.151088,0.693111,1.353691
12.785000,-0.434907,0.484585,-0.350688
12.790000,0.560028,-0.034593,-1.159408
12.795000,0.903810,-0.443962,-0.374532
12.800000,-0.911053,0.017315,1.393788
12.805000,0.733040,-0.028483,1.250310
12.810000,-0.849223,-0.100280,0.222366
12.815000,0.279831,0.404753,0.705186
12.820000,-1.185824,0.238840,1.911930
12.825000,0.324074,0.038262,0.726965
12.830000,0.610425,0.187648,-0.679068
12.835000,0.629491,-0.567370,-1.100861
12.840000,-0.537761,-1.184013,-0.125822
12.845000,-1.271369,0.044810,0.989745
12.850000,0.360778,-0.357337,0.004008
12.855000,0.070600,-0.216984,-2.130090
12.860000,-0.033651,0.329569,0.235130
12.865000,0.766850,0.325265,-0.800393
12.870000,1.490844,0.799815,-0.777805
12.875000,0.715296,-0.953344,0.406413
12.880000,-0.524496,1.938216,2.343605
12.885000,0.743625,0.754975,-1.098291
12.890000,-0.450213,0.694357,-1.314485
12.895000,-0.707556,-0.417211,-0.226228
12.900000,-0.404456,0.693216,0.073785
12.905000,0.536442,0.549418,1.098584
12.910000,-0.016578,-0.126505,-0.061455
12.915000,1.372759,-0.752713,-0.165978
12.920000,-0.287037,0.182299,0.910263
12.925000,0.232608,0.936336,-0.404128
12.930000,-0.101327,-0.515064,0.018491
12.935000,0.615379,0.012153,-0.472965
12.940000,-1.414002,0.241560,0.771201
12.945000,0.349674,0.097118,0.819085
12.950000,0.273382,-1.151974,1.240723
12.955000,-1.023104,-0.234755,-0.147652
12.960000,0.038863,-0.683567,0.472504
12.965000,-0.998790,0.114580,-0.080135
12.970000,0.072944,-0.456721,-0.950033
12.975000,0.542085,0.933451,-1.440892
12.980000,-0.884239,-0.009361,1.118853
12.985000,-2.003132,-0.101668,-0.124160
12.990000,0.598478,1.104382,-1.142319
12.995000,-0.196120,-0.365359,0.290646
13.000000,0.913631,0.842318,1.085347
13.005000,0.769851,-0.879196,0.184644
13.010000,0.386738,0.151555,0.597200
13.015000,-0.855732,0.078612,-0.566828
13.020000,-1.011360,1.085989,1.212065
13.025000,0.341068,0.090730,0.321099
13.030000,0.708150,-0.222746,-0.289893
13.035000,-0.412336,-0.391161,0.486514
13.040000,-0.095649,-0.774385,0.288197
13.045000,1.239144,0.186330,1.770470
13.050000,-1.882604,0.471880,-0.739988
13.055000,-0.223239,-0.995109,0.428391
13.060000,-0.269480,-0.294714,-0.777607
13.065000,0.222718,0.400536,1.453060
13.070000,1.102988,-0.197617,0.388705
13.075000,-0.155211,0.371336,-0.635194
13.080000,-0.160152,-0.376093,0.170829
13.085000,-0.454289,0.428085,0.318317
13.090000,-0.596701,0.876943,-0.007922
13.095000,0.386556,-0.434266,-0.809982
13.100000,0.132588,-0.541374,0.624345
13.105000,0.399921,1.567290,-0.499534
13.110000,1.042614,-0.739097,-0.103936
13.115000,-0.350781,-0.603769,-0.569964
13.120000,0.324603,-0.498618,0.783274
13.125000,0.955871,-0.281714,-1.485710
13.130000,0.464986,0.591883,-0.926564
13.135000,-0.040167,-1.429928,-0.111258
13.140000,0.077241,0.831893,-0.511528
13.145000,-0.485477,-0.441801,-2.046439
13.150000,0.487979,0.928674,0.799603
13.155000,1.119625,0.290452,-0.057426
13.160000,-0.373123,-0.663960,-0.066400
13.165000,-0.350844,0.908968,-0.042902
13.170000,0.798963,-0.301808,-0.208085
13.175000,-2.003316,-0.747610,-1.162187
13.180000,0.458908,-1.123991,-0.642248
13.185000,-0.970419,0.899781,1.158661
13.190000,1.277373,1.224821,1.221890
13.195000,0.810233,-0.779932,-0.619532
13.200000,0.750799,-0.348197,-0.489382
13.205000,-0.334456,1.279258,1.919912
13.210000,0.354393,-0.943321,0.111296
13.215000,0.995906,-0.516086,0.439671
13.220000,-1.524871,0.733643,-1.060205
13.225000,-0.111635,-0.555284,-0.213862
13.230000,1.247159,0.906258,-0.946986
13.235000,-0.743073,-0.298538,-0.395900
13.240000,-0.786336,0.216248,0.322834
13.245000,-0.782692,0.170197,0.492421
13.250000,0.631500,1.700504,0.482659
13.255000,-1.181534,-0.748697,-0.674229
13.260000,-2.024334,-1.507252,0.680874
13.265000,0.126328,0.739544,1.323867
13.270000,0.347303,-0.124864,0.578566
13.275000,-0.223640,-0.921547,-0.295400
13.280000,-0.180724,-0.154993,-0.519501
13.285000,-0.007234,0.821996,1.569434
13.290000,-0.689410,0.067310,-0.621559
13.295000,-0.192944,0.238157,0.209529
13.300000,-0.172638,0.886781,-0.877120
13.305000,0.029326,-0.027839,-0.881216
13.310000,-0.249624,-0.409352,-1.601400
13.315000,0.552224,-0.135845,-0.329856
13.320000,-0.360448,0.912999,0.854815
13.325000,0.973798,-0.393775,-0.029221
13.330000,0.115750,0.390040,0.267244
13.335000,-0.664683,0.097704,-1.089127
13.340000,-1.387648,-1.565906,-0.648252
13.345000,0.553232,0.742866,0.579037
13.350000,0.656457,0.613671,-1.247972
13.355000,0.321715,-0.446772,0.205846
13.360000,0.117216,0.240757,-0.881943
13.365000,0.178977,0.416677,0.185123
13.370000,0.099386,-0.600226,0.163202
13.375000,-0.096513,-0.567760,0.439549
13.380000,0.043864,-0.342254,-0.328317
13.385000,0.277011,0.563819,0.222345
13.390000,0.683901,1.142889,0.785713
13.395000,-0.655304,0.327303,0.118756
13.400000,-1.554035,0.059766,0.085819
13.405000,-1.000773,0.628596,0.614264
13.410000,-0.468236,0.910665,-0.257201
13.415000,0.312885,0.240392,-0.243179
13.420000,-0.546540,0.809929,0.973541
13.425000,0.032290,1.130577,0.395583
13.430000,1.165464,1.500198,0.070279
13.435000,-0.926067,-0.440933,0.381148
13.440000,-1.697768,0.618354,1.568394
13.445000,0.295292,1.003309,0.650549
13.450000,1.029840,-0.392526,-0.298620
13.455000,0.198917,0.187502,0.663395
13.460000,-0.895324,-0.814957,-0.197411
13.465000,-0.135848,0.564687,0.512865
13.470000,-0.460763,0.402414,0.601909
13.475000,-0.554018,-1.240003,-0.620772
13.480000,0.286113,-0.264428,-0.194694
13.485000,-0.319790,-0.409704,0.611495
13.490000,0.620844,-0.647347,0.171704
13.495000,-0.019722,-0.481852,-0.501729
13.500000,0.225166,0.116344,1.535610
13.505000,-0.880526,-0.405410,0.521743
13.510000,0.201175,0.307321,-0.261942
13.515000,-0.590027,-0.670460,-0.794908
13.520000,0.169295,-0.880888,-0.206884
13.525000,0.141371,0.085853,1.428738
13.530000,-0.399956,-0.727515,-0.586222
13.535000,-1.065296,0.009571,0.136314
13.540000,0.599349,-0.549909,0.484676
13.545000,0.432566,-0.944138,-0.088678
13.550000,-0.412369,-0.977306,-0.274817
13.555000,0.197309,-1.029698,-0.572068
13.560000,-1.533213,-0.155808,0.296318
13.565000,-1.262344,-0.036002,1.457890
13.570000,-0.002034,0.875261,-1.633059
13.575000,0.894359,0.201321,-0.161044
13.580000,0.574133,-0.669205,0.277953
13.585000,-1.874238,1.636028,0.961391
13.590000,0.625071,-0.521439,-0.568336
13.595000,-0.466665,-1.471015,-0.862372
13.600000,0.640508,-0.164215,0.080470
13.605000,-0.672328,-0.175117,0.264493
13.610000,-0.381204,-0.947074,-0.191525
13.615000,-0.384599,-0.169760,-0.564124
13.620000,-0.270110,-0.076243,-0.852069
13.625000,0.232425,0.932302,-0.844174
13.630000,-0.006269,0.862733,0.500715
13.635000,0.032368,-0.033907,-0.556310
13.640000,-0.539564,-0.088130,0.696712
13.645000,-0.801626,0.162655,0.884596
13.650000,0.523895,0.530526,0.581176
13.655000,-0.361920,0.736600,-0.775890
13.660000,-0.116339,0.321840,-0.162940
13.665000,-0.384795,0.835216,-0.578490
13.670000,0.491559,0.023520,-0.112952
13.675000,-0.761485,-0.451150,-0.646269
13.680000,0.189665,0.714605,-0.207911
13.685000,-0.437506,1.052236,0.083661
13.690000,0.215495,0.181810,0.307029
13.695000,1.443850,-0.951784,-0.996699
13.700000,1.024809,-0.828408,0.512819
13.705000,0.337640,0.694704,0.141540
13.710000,-0.584065,0.377109,1.088098
13.715000,1.540870,-0.834447,-1.231904
13.720000,-0.095655,-1.105143,0.646468
13.725000,-0.601515,0.770712,-0.640462
13.730000,0.140618,-0.904660,-0.376291
13.735000,-0.063877,-0.949532,0.179524
13.740000,-0.349727,-0.118100,-0.870649
13.745000,-0.567235,1.491033,0.134792
13.750000,-0.367264,0.053165,-0.620005
13.755000,0.310330,-0.699172,-1.057467
13.760000,0.153252,0.987489,0.485649
13.765000,-0.486544,0.152172,0.354827
13.770000,-0.786243,1.168289,0.159660
13.775000,0.377232,-0.963537,-1.686078
13.780000,0.267854,0.394776,0.876549
13.785000,0.214274,0.404963,0.223398
13.790000,-0.165618,0.237336,-1.063356
13.795000,-0.873134,0.199468,0.228340
13.800000,0.063755,1.443790,0.990777
13.805000,-0.918602,0.323913,-0.006606
13.810000,-0.374894,-0.111546,-0.980420
13.815000,-0.217413,-0.678519,-0.858124
13.820000,-0.207380,-0.484847,0.541663
13.825000,1.014345,0.778686,0.336781
13.830000,1.303044,0.816023,0.575735
13.835000,-0.123510,-0.280029,0.483013
13.840000,-0.293021,-0.127697,-0.839900
13.845000,0.238958,0.324366,0.015510
13.850000,-0.916950,-1.121540,-0.777996
13.855000,0.228989,0.731167,-0.307872
13.860000,-1.596684,0.755344,0.039063
13.865000,1.167972,0.713516,1.365846
13.870000,1.255750,0.805000,-0.590105
13.875000,-0.108036,-0.950517,-1.072386
13.880000,-0.605324,0.740259,0.337337
13.885000,0.260439,-0.980538,-0.497990
13.890000,0.916477,1.656537,0.852404
13.895000,-0.122908,-1.061285,-0.083988
13.900000,-0.035415,-0.460446,0.306701
13.905000,-0.311205,0.239004,0.765282
13.910000,0.824826,0.983396,0.945630
13.915000,-0.294330,-0.852312,0.031999
13.920000,-1.069262,-0.352033,-0.101165
13.925000,-0.253791,-0.701345,0.302813
13.930000,0.112677,0.494780,0.226110
13.935000,-0.123031,-0.117650,-0.557909
13.940000,0.158758,0.474886,0.293685
13.945000,0.635275,0.913376,0.667025
13.950000,1.072538,0.702137,0.164477
13.955000,-0.517911,0.312128,-0.136150
13.960000,-1.488409,-0.776585,0.133684
13.965000,0.537014,0.854581,-0.423026
13.970000,0.379137,0.472940,-0.576032
13.975000,0.776889,0.094697,-0.438424
13.980000,-0.494993,-1.070969,0.598818
13.985000,-0.307877,-0.131818,0.884862
13.990000,0.757915,0.234821,-0.625378
13.995000,0.576137,0.259283,-1.084265
14.000000,-0.510886,0.817390,0.712064
14.005000,-1.553957,0.127004,0.553040
14.010000,0.531000,-0.073724,0.798483
14.015000,-1.632321,-0.755706,-0.080853
14.020000,0.281577,-0.207649,1.096107
14.025000,-0.156155,0.627487,0.057273
14.030000,0.449148,-1.120990,-0.451463
14.035000,0.381243,0.204074,-0.271324
14.040000,1.677358,0.733966,-0.962620
14.045000,0.999366,-0.015599,0.046107
14.050000,0.925427,0.279089,0.513819
14.055000,-0.824128,-0.409308,-0.432807
14.060000,-0.321133,-0.650874,1.372125
14.065000,0.658638,0.715602,1.341678
14.070000,-0.518033,0.394026,0.033224
14.075000,-0.222983,-0.946210,-0.018023
14.080000,0.861658,0.217847,1.423316
14.085000,0.123914,0.080868,0.970093
14.090000,0.488009,-0.373633,-1.242016
14.095000,0.076814,-0.405256,-1.112503
14.100000,-0.411665,1.196332,-0.477322
14.105000,0.143564,-0.171410,1.499635
14.110000,0.750750,0.700509,-1.330770
14.115000,-0.141791,-0.695820,-0.176181
14.120000,-1.750329,-1.458878,0.741753
14.125000,0.225049,0.023947,0.888887
14.130000,1.444598,-0.350176,-1.315816
14.135000,-0.577122,-1.015763,-1.827151
14.140000,0.385715,-1.969376,-0.974435
14.145000,-0.045236,-0.925640,-0.612612
14.150000,-0.247615,-0.132177,0.001979
14.155000,1.006454,-1.121408,-0.266418
14.160000,-0.122145,-1.443511,-0.439987
14.165000,-0.036000,-0.218941,1.725697
14.170000,0.424329,0.043304,-1.161283
14.175000,-0.717219,-0.232190,-0.485352
14.180000,-0.304654,0.220248,0.266564
14.185000,1.069795,0.306787,-0.386780
14.190000,0.420560,-0.850738,-0.477887
14.195000,-2.031802,-0.544053,-0.414797
14.200000,-1.204491,-1.157748,0.129867
14.205000,0.746264,0.822087,0.874996
14.210000,0.476662,-0.241497,0.110644
14.215000,-0.655707,-0.981341,-1.162965
14.220000,-0.140901,-1.790729,-0.158401
14.225000,-1.097461,-0.820414,0.765134
14.230000,-0.100845,-0.173148,-0.716387
14.235000,-0.359587,-0.721451,-0.807507
14.240000,-1.026369,0.039634,0.461675
14.245000,0.397441,0.724239,0.049879
14.250000,0.424760,-1.422255,-0.279919
14.255000,0.106411,-0.838874,-0.486251
14.260000,-0.524072,-0.907126,-0.529551
14.265000,0.352344,0.501434,0.713811
14.270000,-0.728267,-0.919130,-0.128123
14.275000,0.093658,0.201446,-0.615184
14.280000,0.822137,-0.226992,0.419481
14.285000,0.108384,-0.246895,-0.393672
14.290000,1.130783,-0.692940,1.213188
14.295000,-0.260720,0.789264,-1.428706
14.300000,-1.796127,0.873257,0.773178
14.305000,-1.058866,0.348812,-0.695254
14.310000,0.256555,0.201955,0.239368
14.315000,2.380785,-0.023457,0.272218
14.320000,-0.145938,-0.091602,0.344620
14.325000,-0.781458,1.001658,1.999950
14.330000,-0.755258,-0.114012,0.845735
14.335000,-0.249659,-0.496002,-0.820620
14.340000,0.900555,-0.699204,0.810400
14.345000,-0.102035,0.653284,0.528297
14.350000,0.733215,0.880961,0.261308
14.355000,0.051392,-0.118042,-0.698883
14.360000,-1.689509,-0.068388,0.053430
14.365000,0.962347,0.491228,0.386156
14.370000,-0.154859,0.616374,-0.021763
14.375000,0.775744,-1.181665,-1.525718
14.380000,-0.517076,-0.137327,0.534310
14.385000,0.337495,-0.050498,-0.778825
14.390000,0.349183,-0.203132,0.962547
14.395000,-0.288661,-0.720438,-0.712057
14.400000,0.034913,0.629605,-0.610449
14.405000,0.286092,-0.152640,-0.851564
14.410000,1.048648,0.069683,-0.970746
14.415000,-1.306258,-0.953313,-0.447708
14.420000,-1.896169,0.249705,0.252221
14.425000,0.069991,0.542708,0.541702
14.430000,0.714874,0.094515,-0.546168
14.435000,-1.151279,-0.879461,-0.715069
14.440000,0.584596,-0.365627,-0.473756
14.445000,1.681489,1.397681,0.592312
14.450000,0.048043,-0.080720,0.590453
14.455000,-0.192270,-0.478356,-0.990633
14.460000,-0.717781,-1.227182,1.288793
14.465000,-0.441731,-0.028351,-0.153989
14.470000,1.782979,0.018154,-0.331080
14.475000,-0.140821,-1.191081,-1.023161
14.480000,0.745020,-0.281854,-0.710632
14.485000,-1.028235,-0.593034,1.468814
14.490000,0.795519,-1.141139,0.268133
14.495000,-0.806861,1.075450,-0.944254
14.500000,-0.272681,0.196499,-0.361587
14.505000,0.703347,0.222632,-0.526061
14.510000,0.940935,-0.717923,0.921154
14.515000,-0.328294,-1.299820,-0.357236
14.520000,0.769657,-0.221406,-1.440795
14.525000,-0.542480,-0.891496,1.029521
14.530000,1.334816,-0.738431,-0.581187
14.535000,-0.952242,0.377944,-0.358033
14.540000,0.063089,-0.376978,0.339568
14.545000,0.595860,-0.931562,-0.257164
14.550000,-0.181630,-1.358178,0.380470
14.555000,0.406116,0.286466,-0.422276
14.560000,-2.838284,0.168344,-0.115643
14.565000,-0.431259,-0.122369,-0.408348
14.570000,0.988469,0.346569,0.379407
14.575000,-0.276826,0.168701,0.260863
14.580000,-0.003653,-0.689927,-0.685397
14.585000,-0.653506,0.423556,1.763006
14.590000,-0.049959,-0.423425,0.470633
14.595000,-0.527837,-0.785735,-0.603438
14.600000,-0.021204,-0.756983,-0.276174
14.605000,-0.092281,-0.631442,0.678302
14.610000,0.255721,-0.444592,0.895556
14.615000,1.646742,-0.345046,-0.222507
14.620000,-0.454293,0.989729,1.582575
14.625000,0.951070,-0.532506,0.924734
14.630000,0.353209,-0.616837,-0.506357
14.635000,-1.602390,-1.054802,-0.184177
14.640000,0.906690,0.058672,0.600092
14.645000,0.484126,1.357174,0.358938
14.650000,0.955821,-0.851021,-1.006986
14.655000,-0.447019,-1.414142,0.646479
14.660000,-0.664991,-1.157276,0.254709
14.665000,0.779905,0.749989,1.393138
14.670000,-0.659726,0.109166,0.716703
14.675000,0.796220,-0.382368,-0.915012
14.680000,-0.394171,-0.030680,0.056321
14.685000,0.545929,0.619565,0.488263
14.690000,-0.510741,-0.091989,0.695323
14.695000,0.467636,0.159789,0.831624
14.700000,-1.706316,0.441217,-0.239774
14.705000,-0.311353,0.177235,-0.234452
14.710000,-0.046727,-0.890547,-1.629016
14.715000,-0.720291,-1.010830,-1.832898
14.720000,-0.445672,0.442999,0.109780
14.725000,-0.253480,0.670819,0.396902
14.730000,0.641538,0.038991,-0.409940
14.735000,-0.609587,0.429811,-0.797231
14.740000,-1.610302,-0.112856,0.794570
14.745000,0.253277,-0.309027,0.936732
14.750000,0.213504,1.350504,0.825720
14.755000,-1.145857,-0.968961,-0.719949
14.760000,0.992326,1.045214,-0.279402
14.765000,-0.711211,-0.230187,0.103597
14.770000,1.022961,0.481884,0.082429
14.775000,-0.134018,-0.204883,-0.820248
14.780000,-1.309172,-0.407888,-0.395166
14.785000,0.538986,0.540761,0.075127
14.790000,-0.062641,0.116405,0.770203
14.795000,-0.924769,-0.812692,-1.395561
14.800000,0.434439,0.353560,-0.223741
14.805000,0.389363,-1.178625,1.034254
14.810000,0.047503,0.491350,-0.767120
14.815000,-1.113527,-0.772881,-0.586681
14.820000,-0.488865,0.778950,0.237368
14.825000,0.135816,0.122824,-0.939163
14.830000,0.824037,0.288745,0.186286
14.835000,-0.715057,0.134099,-1.020985
14.840000,0.451382,0.104932,0.067760
14.845000,-0.261888,0.645089,0.386094
14.850000,-0.187414,-0.875368,0.122697
14.855000,0.039618,-0.010646,-0.144840
14.860000,-0.394461,0.492454,0.469553
14.865000,0.678526,1.031603,0.039840
14.870000,2.019601,1.270724,-0.458268
14.875000,0.428204,-0.285906,-0.710897
14.880000,0.290731,-0.968519,0.667059
14.885000,0.656174,0.969051,0.711026
14.890000,1.630927,-0.120077,-0.431424
14.895000,0.296738,0.016214,-0.950028
14.900000,-1.418259,-0.501962,-0.880061
14.905000,0.021618,1.508291,0.423077
14.910000,0.807291,0.908665,0.168399
14.915000,0.391948,-1.856928,0.432453
14.920000,0.591258,-0.081195,0.374194
14.925000,-0.247580,1.037760,1.447051
14.930000,-0.174701,0.058009,-1.787831
14.935000,-1.647900,-0.694950,-1.358102
14.940000,-0.379944,-0.065873,0.985327
14.945000,0.931565,0.654304,-0.152499
14.950000,-1.709332,-0.204312,0.112129
14.955000,-0.596463,1.238686,-0.098658
14.960000,-0.372473,-0.550520,0.612646
14.965000,0.353516,1.256154,0.870735
14.970000,-0.167132,-0.891899,1.112942
14.975000,0.368047,-1.855456,-0.114424
14.980000,-0.169285,-0.945099,-0.225153
14.985000,-0.372047,1.114559,-0.154724
14.990000,1.309555,0.709810,-0.658518
14.995000,-0.390713,-0.932803,-1.865814
15.000000,0.464201,-0.242099,0.564210
15.005000,-0.369064,1.814204,0.876003
15.010000,0.281974,-0.500537,-0.342810
15.015000,0.125318,0.420834,-1.746080
15.020000,-0.300247,-0.670803,0.619543
15.025000,1.254480,0.151858,-0.333165
15.030000,0.820047,-0.113619,-0.033939
15.035000,-0.098607,0.128470,-0.200458
15.040000,-0.217171,-0.256411,0.209808
15.045000,0.640349,0.105554,0.297179
15.050000,0.500903,-1.216741,-0.244893
15.055000,-0.519671,-0.952023,0.356390
15.060000,-1.146611,-0.531562,-0.745040
15.065000,-0.852556,0.869425,-0.453644
15.070000,0.522792,0.099194,-0.565150
15.075000,-0.828003,0.385982,-0.359893
15.080000,-0.698690,0.712336,0.258279
15.085000,0.629343,-0.199398,-0.121380
15.090000,-0.206719,0.896314,-0.191920
15.095000,0.814190,0.092213,0.204909
15.100000,0.920733,0.004982,-0.189973
15.105000,-0.160560,1.601666,0.948886
15.110000,-0.332783,-0.387484,-0.668195
15.115000,-0.182008,-0.766591,0.986495
15.120000,2.165838,1.258260,-0.777075
15.125000,-0.448979,-0.527528,0.473572
15.130000,-0.620187,1.514925,1.153526
15.135000,-1.122850,0.444747,1.043770
15.140000,-0.714896,-1.649720,-1.138590
15.145000,0.352169,0.890212,-0.396796
15.150000,-0.012909,-0.497557,0.376468
15.155000,-0.771054,-0.689422,-2.054003
15.160000,-0.103001,-0.435290,1.105065
15.165000,-1.214155,0.323097,0.345619
15.170000,0.376648,-0.966979,0.334916
15.175000,0.886921,0.175139,-0.784068
15.180000,0.467610,1.367731,0.467027
15.185000,0.342112,0.520068,0.536010
15.190000,0.113615,0.520119,1.618260
15.195000,0.475231,-0.063139,-0.009274
15.200000,0.020307,-0.405501,0.678838
15.205000,-0.372717,-0.113813,0.341586
15.210000,-1.003256,0.371206,0.547859
15.215000,0.317493,0.600764,-0.906795
15.220000,-0.369135,-0.422963,-0.247664
15.225000,0.281290,0.120114,0.926571
15.230000,0.063854,-1.713934,-1.318318
15.235000,-2.340495,-0.447627,0.100353
15.240000,0.429728,0.755184,0.078293
15.245000,-0.098060,0.401011,1.155915
15.250000,-0.037539,-0.679835,0.265408
15.255000,0.747663,-1.927293,-1.752770
15.260000,0.351526,-0.335170,-0.049049
15.265000,0.928340,1.092576,-0.020419
15.270000,0.299988,-0.631529,-0.634026
15.275000,-0.526278,-0.144073,-0.436050
15.280000,-0.434121,0.358612,-0.495845
15.285000,-1.045383,-0.423115,0.805291
15.290000,-1.274765,0.652589,0.138831
15.295000,-0.126000,-0.110449,-0.644597
15.300000,0.054486,0.084711,0.703601
15.305000,-1.155976,0.794904,-0.143537
15.310000,-0.305950,0.050245,-0.889326
15.315000,-0.127242,-1.575633,0.001711
15.320000,-0.062308,-0.198896,-0.125052
15.325000,2.280865,-0.854546,0.379237
15.330000,0.275001,-0.908927,-1.501546
15.335000,-1.616628,-0.924098,0.041695
15.340000,0.921687,0.164053,0.045974
15.345000,0.710526,-0.693850,-0.038006
15.350000,1.038801,-1.448995,-0.054288
15.355000,0.521993,0.134420,0.590089
15.360000,0.359224,-0.653896,-0.065258
15.365000,0.559350,-0.629026,0.372043
15.370000,-0.338916,-0.882676,-1.722378
15.375000,-0.226147,0.695807,-1.607862
15.380000,-0.471456,0.175843,-0.665298
15.385000,-0.205868,-0.123961,0.383885
15.390000,1.595161,-0.194746,-1.896501
15.395000,0.288719,-0.302311,0.603820
15.400000,-0.202501,0.364724,0.249494
15.405000,0.695384,1.111978,1.848261
15.410000,-0.326910,-1.102278,-0.621972
15.415000,0.138644,-0.878221,-0.136014
15.420000,-1.402019,-0.375862,1.823421
15.425000,0.908508,-0.098592,-0.070726
15.430000,-0.663026,0.632649,0.756310
15.435000,0.882534,0.503196,-1.337175
15.440000,-1.059665,0.411835,0.620722
15.445000,0.185766,0.836631,0.387470
15.450000,0.917278,0.887187,-1.040206
15.455000,1.010533,0.459126,-0.985565
15.460000,0.109521,-0.333552,1.300549
15.465000,0.242274,0.551072,1.173327
15.470000,1.142794,1.144062,-0.172601
15.475000,0.200711,-0.262140,-1.207559
15.480000,-0.190889,0.555973,0.214782
15.485000,0.581648,-0.694522,0.507274
15.490000,-1.132161,-1.086591,-0.735798
15.495000,-0.099440,-1.658600,-0.258994
15.500000,0.398555,-0.545445,0.296208
15.505000,-0.851860,1.460014,-0.776833
15.510000,1.479426,-0.759854,-0.911966
15.515000,0.542917,-0.393529,0.320078
15.520000,0.105016,0.207208,0.562418
15.525000,0.001361,-0.155952,-0.027747
15.530000,-0.743195,0.989222,0.450628
15.535000,-0.024304,-0.788712,-0.814980
15.540000,0.190466,0.487506,0.227129
15.545000,2.780840,-0.925642,0.800234
15.550000,-0.354062,-1.618916,-0.512855
15.555000,-0.739031,-1.107448,-0.906391
15.560000,1.335184,0.392661,-0.031643
15.565000,0.462641,0.612450,0.574940
15.570000,-0.562909,-1.250266,-0.053595
15.575000,0.452370,0.369205,-0.288075
15.580000,0.011896,-0.934630,-0.177831
15.585000,0.800893,0.901905,0.053225
15.590000,-1.323483,-0.525582,-0.958949
15.595000,-0.675820,-1.338830,0.394825
15.600000,0.769270,0.400256,-0.632904
15.605000,-0.330871,0.900753,0.341406
15.610000,0.078881,-0.319954,-0.611978
15.615000,-1.461133,-1.684827,-0.640897
15.620000,1.120342,0.128281,-0.598817
15.625000,0.350406,1.766659,-0.239640
15.630000,-0.288698,-0.155975,0.282297
15.635000,0.134441,-0.598313,-1.281126
15.640000,0.117729,1.192577,0.570379
15.645000,0.370681,0.224167,-0.453944
15.650000,-0.801639,-0.770598,0.143417
15.655000,-0.278437,-0.210401,-0.248622
15.660000,0.748008,0.245140,-0.625545
15.665000,0.635645,0.408781,0.460135
15.670000,-0.844343,0.590817,0.157071
15.675000,0.842179,-0.016772,-0.765263
15.680000,0.625170,0.654214,-0.314094
15.685000,1.029196,-0.008002,0.463189
15.690000,0.929968,-0.699964,-0.225070
15.695000,-0.453496,0.157809,0.910567
15.700000,0.111872,0.316425,2.450623
15.705000,-0.358477,-0.342543,0.384231
15.710000,0.044322,0.397133,-0.371412
15.715000,-0.241836,-0.758783,-0.004863
15.720000,1.068219,-0.439612,0.663570
15.725000,1.606835,1.312995,-1.432186
15.730000,0.506158,-0.477932,-0.268347
15.735000,0.899606,-0.646329,-0.823143
15.740000,0.375048,0.327187,0.352615
15.745000,-0.341674,-0.606103,0.334687
15.750000,0.045989,-0.403325,-0.104570
15.755000,0.584800,-0.636302,0.511682
15.760000,0.823763,0.117517,1.116334
15.765000,1.095872,1.691943,1.809699
15.770000,-0.258675,-0.971741,0.592101
15.775000,-1.171198,-0.403965,0.369470
15.780000,0.359007,-0.073828,-0.522646
15.785000,-0.491878,-0.050487,0.443650
15.790000,0.655640,0.303078,-0.065700
15.795000,-0.624768,-0.947291,-0.049340
15.800000,-0.165683,0.445999,0.317718
15.805000,-0.084548,1.424205,0.764139
15.810000,1.061606,-0.521189,-0.447848
15.815000,0.923014,-0.903345,-1.587030
15.820000,0.142494,0.132852,0.920474
15.825000,0.092326,0.673466,0.525969
15.830000,1.394097,-0.081601,-0.891860
15.835000,0.553785,-0.026695,-0.794997
15.840000,0.924906,-0.094369,0.938299
15.845000,0.349377,-1.081787,0.058929
15.850000,-0.227231,0.573915,-0.625198
15.855000,-0.642675,-1.164478,-1.425467
15.860000,0.307638,-0.787845,-0.866835
15.865000,0.642579,0.491591,0.304070
15.870000,-0.453509,-0.674654,0.454479
15.875000,-0.543750,-0.254381,0.098212
15.880000,0.336274,-0.109759,0.275744
15.885000,0.043482,-1.564304,-0.054192
15.890000,-0.375533,0.569040,-0.763390
15.895000,0.384465,0.186680,-2.457239
15.900000,-0.163692,0.397777,0.582076
15.905000,-0.444737,-0.491792,-0.837218
15.910000,-0.815350,-0.873479,-1.201476
15.915000,-0.158900,-0.818527,-0.546547
15.920000,-0.057227,-0.871693,0.855311
15.925000,0.649567,-0.143806,0.460103
15.930000,-0.802259,0.136514,0.043188
15.935000,-1.381920,-0.147169,0.051236
15.940000,-1.925984,1.194131,-0.349168
15.945000,0.279395,-0.213830,0.096726
15.950000,0.329481,-0.444710,-0.866725
15.955000,-1.597712,-0.675453,-0.552764
15.960000,1.027962,0.181255,-1.483058
15.965000,-0.282860,-0.325513,0.360849
15.970000,0.438881,0.639328,0.329724
15.975000,-0.246294,-0.706805,0.753333
15.980000,-0.965777,-0.226093,1.310798
15.985000,-0.060516,0.052741,0.494062
15.990000,-0.619296,0.442277,0.437216
15.995000,-0.911563,-0.709422,-0.667000
16.000000,0.264248,-0.861187,-0.740852
16.005000,0.253642,1.440144,1.295405
16.010000,-0.489285,-2.015688,0.839069
16.015000,0.389428,-0.979349,-1.144096
16.020000,-1.563907,-0.620865,0.395444
16.025000,0.472199,0.348156,-0.358277
16.030000,0.026444,-1.582816,-0.973948
16.035000,0.556409,-1.533470,-0.393675
16.040000,0.470907,0.087760,0.458027
16.045000,0.847217,1.002358,0.545411
16.050000,-0.165524,-0.917661,-0.148017
16.055000,-1.263170,-0.627042,0.452026
16.060000,0.237415,0.221807,0.521087
16.065000,-0.234274,-0.652996,1.307860
16.070000,-0.403968,0.079400,-0.575496
16.075000,-1.279719,-1.199765,-0.843319
16.080000,-1.071396,0.359346,-0.169193
16.085000,0.263849,0.980520,0.051476
16.090000,-0.619396,0.451860,-1.335571
16.095000,-2.119532,-1.399447,-0.400120
16.100000,0.412716,-0.226736,-0.114505
16.105000,-0.413043,-0.005325,2.320007
16.110000,-0.116747,-0.959670,0.346863
16.115000,-1.186026,-0.487291,-1.161387
16.120000,-0.098697,-0.118812,-0.058066
16.125000,1.400972,2.186097,-0.019139
16.130000,-0.332111,0.448778,0.326842
16.135000,-1.609074,-0.783110,-0.185640
16.140000,-0.084224,-0.038541,0.283921
16.145000,0.630585,1.513619,0.778691
16.150000,-0.459991,-0.768471,-0.225729
16.155000,-0.580756,0.382499,0.455144
16.160000,-0.259334,-0.177052,0.489824
16.165000,0.539915,2.058717,1.951216
16.170000,-0.866578,-0.131724,-1.534100
16.175000,0.094353,-1.088551,-0.191208
16.180000,-0.350739,0.128140,0.284980
16.185000,0.122256,-0.108163,1.759713
16.190000,-0.420389,-0.975834,0.904007
16.195000,-1.416818,-0.496405,-0.911624
16.200000,0.374215,-0.019718,-0.244678
16.205000,0.226279,-0.318759,0.305669
16.210000,0.369327,0.047152,-1.237226
16.215000,0.029572,-0.632342,0.810278
16.220000,-0.890268,-0.265952,1.111817
16.225000,0.466602,0.546184,1.412061
16.230000,-0.930922,-0.374726,-0.846596
16.235000,-1.055710,0.952903,-0.279561
16.240000,-0.429771,0.835741,0.759983
16.245000,1.814621,0.339600,-0.640067
16.250000,1.069415,0.235337,-0.313557
16.255000,-1.052883,-1.695274,-0.934722
16.260000,0.572109,0.031563,0.511496
16.265000,1.738158,-0.667362,0.103266
16.270000,0.923938,-0.460269,-0.198869
16.275000,-1.211855,-0.390325,-0.176894
16.280000,-0.591839,-0.580548,-0.943410
16.285000,0.299136,-0.490189,0.138917
16.290000,0.996877,-1.577442,0.983246
16.295000,-0.395222,1.336334,0.345669
16.300000,-0.330798,-0.566239,0.268168
16.305000,-0.351609,-0.084555,-0.194908
16.310000,-1.075241,-0.924821,-0.734265
16.315000,-0.726269,-0.817200,-0.650961
16.320000,-0.183491,-0.049883,0.241908
16.325000,0.434585,-0.189786,-0.663596
16.330000,0.536370,-0.678262,-0.847866
16.335000,-0.152919,-1.316466,-1.058659
16.340000,0.203488,1.322227,0.127727
16.345000,1.193217,0.929323,-0.240473
16.350000,-0.110828,0.246649,-0.354558
16.355000,0.444667,-0.670620,0.819214
16.360000,0.613411,-0.767348,0.498582
16.365000,1.512151,-0.594295,0.194454
16.370000,0.200337,0.954397,1.254176
16.375000,-0.711029,-0.738182,-0.991645
16.380000,-0.143058,-0.072330,1.026982
16.385000,0.556495,-0.364506,0.082332
16.390000,-0.840266,1.190161,0.075377
16.395000,-1.047082,-0.122511,0.103853
16.400000,-0.369283,-0.583020,-0.692665
16.405000,0.883889,0.187905,-0.495230
16.410000,0.003627,0.028467,-1.411948
16.415000,-0.136622,0.369989,-0.180807
16.420000,-1.373670,-0.185177,1.510902
16.425000,-0.360911,0.025642,0.106104
16.430000,0.048144,0.359649,0.817443
16.435000,-1.694202,-1.803969,-1.505458
16.440000,-0.420962,-0.467893,-0.567097
16.445000,-0.444520,-0.402818,-0.424532
16.450000,-1.027883,-0.596608,1.151038
16.455000,0.022038,-0.373254,-0.954256
16.460000,-0.052231,0.668180,-0.689834
16.465000,0.445543,1.335521,0.406716
16.470000,-0.905255,0.032044,0.930737
16.475000,-0.636871,-2.245154,0.415163
16.480000,-1.429776,-1.187197,1.024395
16.485000,1.036242,1.401282,0.291272
16.490000,0.497135,1.007785,-1.439125
16.495000,-0.374366,-1.096819,-0.779340
16.500000,-1.042240,0.038671,-0.068607
16.505000,0.554154,0.964086,0.414476
16.510000,1.101474,-0.542044,-0.789662
16.515000,-0.050264,-1.299791,-0.871547
16.520000,0.299742,-0.029085,0.572591
16.525000,-0.154021,-0.688807,1.454762
16.530000,0.191978,0.942010,-1.882851
16.535000,0.116449,-0.430504,0.715077
16.540000,-0.755752,0.444320,0.018955
16.545000,1.659391,0.111297,-0.280505
16.550000,-0.440109,-0.209136,-0.540903
16.555000,-2.027159,-0.252428,-0.818819
16.560000,0.775612,0.314515,-0.401364
16.565000,0.519048,-0.185135,0.397663
16.570000,-0.205807,0.132526,-0.918042
16.575000,0.250976,-0.668696,0.194566
16.580000,-1.640777,0.029217,0.818447
16.585000,0.151749,0.324910,-0.754030
16.590000,-0.398009,0.387849,0.456209
16.595000,0.206177,-1.471553,-0.193612
16.600000,-0.288063,-0.428114,0.174096
16.605000,-0.366829,1.780416,1.167321
16.610000,-1.315458,-0.813940,-0.573449
16.615000,1.589577,0.036170,-1.380370
16.620000,-0.086783,0.102227,-0.401052
16.625000,-0.151520,-0.968219,0.273614
16.630000,0.452835,-0.623247,-0.118932
16.635000,-0.871254,-0.966144,-0.464166
16.640000,0.510333,0.174271,0.153631
16.645000,-0.935141,0.024653,0.315038
16.650000,0.210239,-0.457338,-0.155596
16.655000,0.750588,-0.676454,-0.190484
16.660000,-0.351017,0.182394,0.720950
16.665000,-0.490500,0.664562,0.619562
16.670000,1.670074,0.026805,-0.066726
16.675000,0.150252,-0.117494,0.716828
16.680000,0.082369,1.389688,0.395797
16.685000,0.404795,-0.149815,1.599041
16.690000,-0.374488,0.537057,-2.163240
16.695000,-0.321616,1.429270,0.006775
16.700000,-0.831117,0.679688,0.384428
16.705000,0.390977,0.944353,-0.137581
16.710000,-0.279441,-0.625049,0.834115
16.715000,-0.253119,-0.139087,0.033202
16.720000,-0.598800,0.625350,-0.581733
16.725000,0.513801,0.361326,0.879827
16.730000,-0.784498,0.199538,0.250194
16.735000,-1.337886,-0.400522,-1.573014
16.740000,-0.289184,0.608123,0.070858
16.745000,-0.084613,0.342433,-0.140550
16.750000,-0.843627,0.090841,0.816668
16.755000,-0.656372,-0.711046,-0.215841
16.760000,1.385218,1.507227,0.374051
16.765000,0.492307,0.094051,0.610144
16.770000,-0.247051,-0.323533,-1.300818
16.775000,0.008939,-0.103516,0.537401
16.780000,-0.356079,0.849632,-0.488124
16.785000,0.778944,0.226843,1.205723
16.790000,1.396434,-0.710788,-0.889400
16.795000,-0.954342,1.617927,-0.094387
16.800000,1.627974,1.176200,1.187693
16.805000,0.299969,1.389606,-0.215418
16.810000,0.119620,-2.154959,0.770311
16.815000,-0.181940,-2.524735,-2.087763
16.820000,-0.117781,0.802487,2.808998
16.825000,0.001346,0.844536,0.004578
16.830000,-0.154824,-0.477606,-0.446693
16.835000,-0.226989,-0.839253,1.251099
16.840000,0.032325,0.538936,0.609616
16.845000,1.076590,-0.389883,-0.462576
16.850000,0.593733,-0.000381,-0.143490
16.855000,-1.469886,-0.289407,0.296124
16.860000,0.477909,-0.197439,1.115949
16.865000,0.384145,0.508257,1.152044
16.870000,-0.427339,-0.019410,0.216826
16.875000,0.055673,-0.226720,-0.631827
16.880000,-0.219897,-0.084134,-0.913678
16.885000,0.535955,1.291753,0.351669
16.890000,0.318201,1.107081,-0.130997
16.895000,0.338942,-1.380200,0.012056
16.900000,0.913361,0.827628,0.106506
16.905000,0.873556,-0.213512,0.414616
16.910000,-0.568416,-0.181056,0.185338
16.915000,-1.136138,-0.464638,-1.631579
16.920000,-0.216208,0.732492,0.048157
16.925000,1.613105,0.211924,0.841557
16.930000,-0.452615,1.120365,0.865656
16.935000,-0.162231,0.606842,-0.323145
16.940000,0.403413,-0.109042,1.470459
16.945000,-0.296761,1.201713,0.289715
16.950000,1.026378,-0.353404,-0.180100
16.955000,-0.788226,-0.009725,-0.680917
16.960000,0.464142,-1.108154,-0.100189
16.965000,1.426138,0.981760,-0.020548
16.970000,0.585648,-0.542576,0.055592
16.975000,0.885475,-1.146257,0.189597
16.980000,0.824035,1.127420,0.749672
16.985000,0.844565,0.416485,0.261417
16.990000,0.242292,0.594242,0.347637
16.995000,-0.923181,-0.268821,1.243886
17.000000,-0.601770,0.156374,0.581537
17.005000,0.614006,0.703030,1.190781
17.010000,-0.047667,1.060185,0.676490
17.015000,-1.387087,-1.257774,0.704735
17.020000,0.899535,1.129414,0.394088
17.025000,2.010714,1.309379,-0.474340
17.030000,0.395654,-0.059711,-0.113204
17.035000,-0.417155,-0.172813,0.597799
17.040000,0.908721,-0.071490,-0.084714
17.045000,0.576550,0.232685,0.449337
17.050000,-1.178774,0.893340,-0.061411
17.055000,-0.444601,1.014651,-1.275816
17.060000,0.438117,-0.264981,0.533548
17.065000,-0.526582,0.116601,0.561086
17.070000,0.264860,-0.137103,-0.708077
17.075000,0.449626,-1.223546,0.062216
17.080000,-0.375145,-0.233564,1.626959
17.085000,0.499681,0.387690,0.444423
17.090000,-0.269596,-0.683286,0.706288
17.095000,-0.109540,-0.968206,-0.762461
17.100000,-1.202994,-0.610241,0.829678
17.105000,0.012686,1.980079,-0.285550
17.110000,-0.437428,-0.738729,-0.881591
17.115000,-0.373328,-0.264028,1.304094
17.120000,0.098703,-0.042005,-0.002250
17.125000,1.546691,0.661485,-0.621808
17.130000,-0.718765,-0.860009,-0.353076
17.135000,-0.790933,1.050936,-0.900160
17.140000,-0.043104,-0.885618,-0.365865
17.145000,1.095032,0.686758,0.893517
17.150000,-0.226164,1.590599,-0.350336
17.155000,-1.659519,1.051817,0.129668
17.160000,0.118256,-1.019366,-0.760538
17.165000,-0.012349,1.872678,0.456281
17.170000,-0.256267,-0.469643,-0.322294
17.175000,-0.843975,-0.361204,1.260215
17.180000,0.612648,1.678481,-0.235965
17.185000,-0.047390,1.610813,1.310973
17.190000,-0.249264,-0.601936,-1.469340
17.195000,-0.350488,0.043973,-0.070135
17.200000,-0.100563,-1.694424,-0.014909
17.205000,0.189910,-0.466561,-0.327705
17.210000,0.520535,0.688460,0.496879
17.215000,-0.670487,0.241321,-0.311403
17.220000,-0.275596,0.009332,0.301709
17.225000,0.004797,0.324006,1.133339
17.230000,0.189888,-0.674424,0.572991
17.235000,-0.973699,0.964853,-0.105640
17.240000,0.541594,0.985963,0.737436
17.245000,-0.397900,0.359492,0.890659
17.250000,-0.358253,-0.350658,-0.608633
17.255000,0.386701,-0.482469,-0.897510
17.260000,-1.183765,-0.605923,0.230672
17.265000,0.557328,0.166408,-0.249061
17.270000,0.963397,-1.060292,-0.050460
17.275000,-0.716060,0.170960,0.577833
17.280000,0.327332,0.981679,0.001894
17.285000,0.570980,0.061081,-0.947952
17.290000,0.678984,0.080609,-0.508636
17.295000,-0.602061,-0.873281,-0.253630
17.300000,0.024763,1.136524,-1.373629
17.305000,0.377865,1.391352,0.196823
17.310000,-0.540174,-0.947903,-0.530251
17.315000,-1.155429,-1.204132,-1.547173
17.320000,0.777465,1.453218,0.626777
17.325000,0.719217,0.079424,1.800732
17.330000,-0.123803,0.115104,-0.100902
17.335000,-0.085973,-0.903687,0.462485
17.340000,-0.697814,0.389727,1.293842
17.345000,-0.410563,-0.087767,-0.192767
17.350000,0.377210,-0.831474,-0.142522
17.355000,-1.390021,-1.528915,0.787419
17.360000,0.976071,-0.028583,-0.062639
17.365000,1.099868,-0.728502,0.583353
17.370000,-0.107274,-2.051444,-1.517062
17.375000,-0.424333,-0.007851,0.355558
17.380000,-0.081933,-0.436960,0.852490
17.385000,0.359697,1.328516,-0.125928
17.390000,-0.259915,-0.158858,-0.296996
17.395000,-0.424157,-0.890405,-0.276309
17.400000,-0.263070,0.043658,0.740921
17.405000,0.195167,-0.797462,0.770245
17.410000,-1.031537,-0.553835,-0.443682
17.415000,-1.460748,-1.059885,0.023995
17.420000,-0.527515,0.158855,1.911613
17.425000,0.406533,0.501513,0.110790
17.430000,1.332450,0.887939,0.205322
17.435000,0.174013,0.163749,1.160461
17.440000,0.787645,-0.438177,0.190359
17.445000,-0.778397,0.868628,1.318142
17.450000,-0.060613,-0.360130,0.593876
17.455000,0.034617,-1.230322,0.638323
17.460000,1.295280,0.345777,0.331426
17.465000,0.661290,0.818698,-0.046005
17.470000,0.359652,-0.956743,0.663943
17.475000,0.340687,-1.030805,-0.803517
17.480000,1.064648,0.831417,0.823698
17.485000,0.425922,0.955245,1.061172
17.490000,0.360534,-0.888197,-0.353064
17.495000,-1.989602,0.295246,-0.965613
17.500000,-0.785582,1.377486,-0.100899
17.505000,0.509670,-0.478252,0.221383
17.510000,0.142765,-0.452160,-0.539675
17.515000,-0.384203,0.700436,-0.207048
17.520000,-1.013254,0.389413,-0.160018
17.525000,0.983974,-1.396437,1.534834
17.530000,-0.517431,-1.208871,-0.401611
17.535000,-1.735646,-0.414895,0.008757
17.540000,-1.265280,-1.168014,0.025258
17.545000,0.196982,0.430439,-1.816136
17.550000,-0.446914,-0.124131,-0.342596
17.555000,0.734893,-1.559427,-0.962515
17.560000,0.389486,-0.707203,0.719824
17.565000,0.720313,1.777342,0.491921
17.570000,-0.404749,-0.601592,0.864943
17.575000,-0.710536,-0.487394,0.220960
17.580000,-0.210111,-0.338707,-0.313343
17.585000,-0.122548,1.277074,-0.593772
17.590000,-0.506446,-0.632995,1.227287
17.595000,-0.927037,-0.602540,0.773927
17.600000,-0.375017,-0.527538,-0.598667
17.605000,-0.500604,0.380979,1.262527
17.610000,0.383545,-0.690441,-0.944513
17.615000,0.737695,0.028314,0.046093
17.620000,-0.192481,-0.516008,1.082439
17.625000,-0.051592,0.836520,0.768702
17.630000,0.894493,0.083816,-0.216971
17.635000,-0.995523,-0.521724,-0.777990
17.640000,0.197211,-0.777425,-0.076880
17.645000,0.016279,0.572071,0.277613
17.650000,0.289379,0.477463,0.906010
17.655000,-0.205897,0.227156,-0.068878
17.660000,0.784518,0.417414,-0.401695
17.665000,-0.106202,0.305349,0.871685
17.670000,-0.274253,-0.260430,-0.807177
17.675000,-1.139561,0.267152,-0.846449
17.680000,1.399045,0.242228,0.661109
17.685000,0.175875,0.008471,0.742018
17.690000,-0.490950,-1.247909,0.840144
17.695000,-0.310843,-0.982725,-0.582389
17.700000,-0.715328,0.392946,0.340857
17.705000,0.129274,0.481765,0.330690
17.710000,-0.716738,-0.371516,-0.597180
17.715000,0.612624,-0.111933,0.526487
17.720000,0.000596,0.305841,0.341420
17.725000,-0.403998,-0.085810,-0.333394
17.730000,1.291048,-0.189084,1.319914
17.735000,-0.230049,0.041805,-1.293104
17.740000,0.720066,0.419760,-0.041576
17.745000,0.290764,0.560842,-0.332486
17.750000,0.597792,-1.036733,-0.541897
17.755000,-1.021967,-0.184983,-1.971058
17.760000,1.363595,-0.474016,1.045099
17.765000,0.992581,0.922625,-0.855490
17.770000,-0.206124,-0.469661,1.062693
17.775000,0.112516,-1.162383,-0.522239
17.780000,-0.378186,0.867703,0.240737
17.785000,0.544036,0.135387,-0.953475
17.790000,-1.199443,-1.546363,1.510531
17.795000,-0.248052,0.671580,-0.055857
17.800000,-0.936741,-0.686985,-0.170932
17.805000,0.401075,1.053417,1.176386
17.810000,-0.243463,-0.312877,0.224259
17.815000,-0.783525,-0.630718,0.374733
17.820000,-0.298237,-0.994096,-0.273711
17.825000,0.882958,0.689527,-0.534266
17.830000,0.104467,-0.061699,0.419468
17.835000,-0.520555,-0.865773,-0.406572
17.840000,0.359484,0.107211,0.189149
17.845000,1.451158,-0.510693,0.432963
17.850000,-0.325304,1.086984,-0.097668
17.855000,0.455761,0.366656,-1.017191
17.860000,0.217622,0.983456,1.574509
17.865000,0.194342,0.674050,-0.265205
17.870000,-1.318297,-0.047321,0.418301
17.875000,-1.335386,-1.287981,-1.027466
17.880000,-0.711752,0.639957,0.387854
17.885000,0.214239,-0.227545,-0.071362
17.890000,-0.139170,-0.577583,-0.353971
17.895000,-0.136304,1.586059,0.126315
17.900000,-0.709471,-0.233588,-0.135529
17.905000,1.200570,0.416162,0.415981
17.910000,0.238297,-0.837561,0.338019
17.915000,0.238909,-1.680606,-0.948366
17.920000,0.968464,-0.481959,-0.708225
17.925000,0.201860,1.050614,0.673703
17.930000,0.352147,-0.895828,-0.509913
17.935000,-0.979535,0.321917,0.514595
17.940000,-0.397995,0.550351,-0.383491
17.945000,0.698024,0.538780,1.052502
17.950000,0.678575,0.036397,-1.443313
17.955000,-0.945299,0.997223,-0.930135
17.960000,-0.104124,1.349583,-0.110089
17.965000,-0.828059,0.417477,0.288495
17.970000,-0.468881,0.742970,0.353784
17.975000,-1.641694,-0.668530,-0.634480
17.980000,-0.563791,-0.088250,-0.479163
17.985000,0.131518,0.634519,0.131679
17.990000,-0.648800,0.108088,-0.770536
17.995000,0.474534,0.072006,-0.759769
18.000000,0.262877,1.124736,-1.051402
18.005000,0.043417,-0.026471,0.896182
18.010000,0.537532,1.231594,-0.861951
18.015000,0.141532,-1.284351,0.404054
18.020000,0.146683,-1.292145,0.103282
18.025000,0.914859,0.167175,0.092007
18.030000,0.068139,-0.418916,-1.331986
18.035000,-1.045603,-1.707488,0.927169
18.040000,-0.007229,-2.042132,-0.797869
18.045000,1.045188,1.290605,-1.450273
18.050000,0.226340,0.211451,-0.578618
18.055000,-0.910833,-1.673782,0.496846
18.060000,0.420536,0.394123,1.348159
18.065000,-0.893942,-0.794759,-0.225340
18.070000,0.132481,-0.265693,-0.366045
18.075000,-0.978262,-0.853686,-0.246127
18.080000,-0.055413,0.936407,-0.246281
18.085000,0.473741,1.463896,0.474695
18.090000,0.393555,-0.229781,1.852523
18.095000,-0.792208,-0.948045,-1.487266
18.100000,0.030050,0.567047,-0.323112
18.105000,0.957680,1.935719,0.529145
18.110000,-0.544566,0.228577,-0.466827
18.115000,-0.813526,-0.321451,0.458589
18.120000,0.900742,0.644830,0.459817
18.125000,1.097308,-0.693968,0.862957
18.130000,0.025929,-0.058749,-0.659681
18.135000,-0.330589,0.432751,-0.772501
18.140000,0.117101,1.778391,0.669606
18.145000,0.583321,0.460432,1.155380
18.150000,0.328057,-0.997554,-0.466063
18.155000,-1.307670,-0.033744,0.907685
18.160000,0.273876,0.419318,-0.677914
18.165000,-0.458338,0.164796,0.835510
18.170000,0.165928,-1.185778,1.062733
18.175000,0.465787,-0.595131,-0.607925
18.180000,-0.309166,1.410582,1.688781
18.185000,0.215702,0.565302,0.546893
18.190000,-0.104188,-0.642138,-0.402327
18.195000,-0.325704,-0.571206,-0.577543
18.200000,0.502606,-0.125395,0.725841
18.205000,0.545630,0.150692,-0.028174
18.210000,1.110802,-0.243572,0.020452
18.215000,-0.607286,-0.356276,-0.996790
18.220000,-0.821103,0.063211,0.417742
18.225000,0.227359,0.669811,0.399952
18.230000,0.021236,0.700911,-0.574064
18.235000,-0.201641,-0.857123,0.766418
18.240000,0.646965,0.516774,-0.880817
18.245000,0.398173,0.921062,0.160879
18.250000,0.425099,0.781459,-0.724175
18.255000,-0.451222,0.390518,-0.409108
18.260000,-0.916917,0.344061,1.759710
18.265000,0.854684,0.219887,0.904631
18.270000,-0.320600,-0.892728,-0.106034
18.275000,0.257537,-0.315054,1.232222
18.280000,-0.764181,-0.573652,-0.906117
18.285000,0.727138,0.807619,0.753602
18.290000,-1.441060,-0.631075,-1.336911
18.295000,0.652075,-1.291341,-0.837479
18.300000,0.371363,0.493622,0.496285
18.305000,-0.793169,1.062821,-0.340654
18.310000,-0.330697,-0.648378,-0.562982
18.315000,-0.082629,-1.894023,0.270743
18.320000,0.824706,0.027901,-0.298830
18.325000,-0.374961,1.207286,0.198828
18.330000,0.000075,-0.006638,-1.068216
18.335000,-1.263890,-0.497483,-1.560268
18.340000,0.874773,0.268031,0.330687
18.345000,-0.491132,0.609511,0.367802
18.350000,-0.420621,-0.281010,-0.282456
18.355000,-0.984506,0.035235,-0.617081
18.360000,0.453089,-0.296083,0.860495
18.365000,0.420441,0.355704,0.583960
18.370000,-0.988081,0.105820,-0.554389
18.375000,-1.427775,-0.772005,0.247410
18.380000,0.433990,1.629859,-0.662665
18.385000,1.291736,0.087853,0.357578
18.390000,0.282408,0.916783,-1.212255
18.395000,-0.541776,1.492128,-0.263195
18.400000,-0.709814,0.852150,0.782652
18.405000,0.100328,0.741188,0.375182
18.410000,-0.479462,0.325564,-0.070577
18.415000,-0.616598,-1.085206,-0.120036
18.420000,0.714644,0.947880,-0.657960
18.425000,0.965256,1.331467,-0.157361
18.430000,-0.526971,-0.131010,0.294875
18.435000,-0.537431,-0.628982,-0.330978
18.440000,0.696182,-0.344750,0.730873
18.445000,0.207795,-0.497958,-0.594567
18.450000,-0.682932,0.803679,0.320604
18.455000,0.344415,-2.098000,0.865678
18.460000,-0.202867,-0.042618,-0.276525
18.465000,0.861459,0.232437,0.360792
18.470000,-0.199662,0.229158,-1.182174
18.475000,1.182752,0.351582,-0.803087
18.480000,-0.689529,0.942922,1.626907
18.485000,-0.262212,0.221613,0.433489
18.490000,0.046831,-0.413444,-0.157373
18.495000,-0.157115,0.457072,-1.396085
18.500000,-0.363693,-0.208172,0.130256
18.505000,0.751876,1.076350,0.875778
18.510000,-0.708668,0.317175,-0.030984
18.515000,-0.127907,-0.131061,-0.165241
18.520000,1.575503,0.089313,1.209770
18.525000,-0.352453,-0.266925,0.925005
18.530000,-0.790087,-0.085436,0.365338
18.535000,-0.578638,-1.408780,0.895946
18.540000,-1.020843,0.089355,0.112408
18.545000,-0.122383,0.209551,0.421665
18.550000,1.756784,-0.060814,-0.506248
18.555000,-0.300475,-0.654211,-0.211716
18.560000,0.919541,0.185157,0.559952
18.565000,-1.033368,-1.093154,0.556541
18.570000,-0.763610,-0.361446,-0.841351
18.575000,-0.622351,0.192169,-1.559820
18.580000,0.609239,-1.366507,0.194012
18.585000,0.044981,0.180022,0.905235
18.590000,0.714781,-0.629194,0.691246
18.595000,-1.689112,-0.428140,0.614771
18.600000,-0.311050,2.249204,1.338241
18.605000,-0.645147,-0.627398,1.487290
18.610000,0.124669,0.722550,1.046786
18.615000,1.087866,-0.320335,-1.523503
18.620000,0.498206,0.589955,-0.931194
18.625000,1.107767,0.202996,-0.904094
18.630000,-0.198215,-0.505029,-0.097371
18.635000,-0.921287,-0.220285,0.544260
18.640000,-0.092480,-0.378076,-0.255741
18.645000,0.304785,0.088715,0.434321
18.650000,-1.910334,0.077592,-0.061103
18.655000,-0.960207,-0.951968,-0.446413
18.660000,-1.286506,-1.535573,0.482848
18.665000,0.511070,0.613339,0.096581
18.670000,0.096649,1.165420,-0.600854
18.675000,-1.538435,-0.063325,-0.651303
18.680000,-0.276152,0.861358,0.116907
18.685000,0.327901,0.933571,0.426755
18.690000,-1.148859,-0.158905,-0.547800
18.695000,0.028244,-0.775450,0.638822
18.700000,1.381475,-1.348363,0.085608
18.705000,1.437255,0.809243,-0.360726
18.710000,-1.119353,-0.038222,0.135378
18.715000,0.720147,-0.030473,-2.403729
18.720000,0.450016,0.112929,0.801984
18.725000,0.591790,-0.599669,0.690402
18.730000,-1.443100,-0.220497,-0.073991
18.735000,0.866181,0.235455,-1.147713
18.740000,0.540499,-0.060479,-0.888892
18.745000,0.577469,0.443038,0.967673
18.750000,0.169995,-0.458673,0.027715
18.755000,-0.618097,0.730500,-0.172864
18.760000,2.527910,0.182853,0.324484
18.765000,0.874132,0.585754,-0.516199
18.770000,-0.698243,-0.864783,-0.620663
18.775000,-0.205728,-1.900167,-1.297115
18.780000,0.884990,0.271181,0.194703
18.785000,1.002444,1.182477,1.487330
18.790000,-1.166125,0.352749,0.939621
18.795000,-0.172305,0.454413,-0.495371
18.800000,0.684757,0.792211,-1.036893
18.805000,1.237661,0.206683,1.540634
18.810000,-0.121875,1.713807,0.138168
18.815000,0.296562,-0.855188,-0.526200
18.820000,-1.244870,-0.930423,-0.846710
18.825000,1.953449,0.568951,0.149220
18.830000,0.508870,0.136935,0.441261
18.835000,-1.111855,0.265181,-0.266774
18.840000,0.122263,0.906711,0.059542
18.845000,0.520495,0.577243,-0.317863
18.850000,-1.209304,0.371955,0.483490
18.855000,0.500682,0.679884,-0.292502
18.860000,0.355051,-0.398795,0.086709
18.865000,0.802847,-0.678612,-0.695069
18.870000,-1.120956,-0.752309,1.152623
18.875000,-0.427682,0.441492,-0.589116
18.880000,-0.804863,0.258002,0.651890
18.885000,-0.765446,0.026048,-0.350106
18.890000,0.525497,1.171870,0.191676
18.895000,0.017636,0.280580,-1.648929
18.900000,0.019804,1.172618,0.372436
18.905000,0.696287,0.765816,0.580489
18.910000,-0.019090,-0.499074,-0.345175
18.915000,-0.629907,-1.209965,-1.253735
18.920000,0.060737,0.130782,0.534089
18.925000,1.149512,0.440280,0.357181
18.930000,0.950034,-0.206159,1.163982
18.935000,-0.649354,-1.012290,-1.893547
18.940000,-0.935997,0.219490,0.587928
18.945000,-0.037586,1.055412,1.494592
18.950000,0.465468,-0.300040,-0.950912
18.955000,0.223791,-0.963512,0.019906
18.960000,-1.147692,0.626863,-0.303296
18.965000,0.773014,-0.013765,-0.083924
18.970000,1.254492,0.316460,-1.705934
18.975000,-0.851295,0.485000,-0.440878
18.980000,-1.041293,0.292361,0.360169
18.985000,1.759003,-0.443337,0.236372
18.990000,-0.767064,-0.535095,-0.602326
18.995000,0.162294,-0.200334,0.261662
19.000000,-0.291406,-0.089617,-0.858320
19.005000,1.195124,0.085252,0.918584
19.010000,-0.667150,0.096871,-0.142091
19.015000,-1.077884,-0.944988,0.623799
19.020000,0.648898,0.466964,-0.292772
19.025000,1.048852,0.262792,-0.520227
19.030000,-0.408554,0.253263,0.203226
19.035000,-0.251594,-1.076328,-1.175083
19.040000,0.712359,0.298876,-0.587339
19.045000,0.344793,0.245635,0.840445
19.050000,-0.699905,-0.897186,0.107380
19.055000,-1.003143,-0.234023,-0.475501
19.060000,1.013690,0.019071,0.539631
19.065000,1.029114,-0.105839,-0.134506
19.070000,-0.739410,-0.013176,-0.495283
19.075000,-0.402974,1.047600,-0.336923
19.080000,-0.984196,-0.494554,0.749953
19.085000,0.062018,0.670595,-0.877848
19.090000,0.480097,1.412325,0.087881
19.095000,0.372226,-0.450393,-0.310632
19.100000,0.234948,-0.312793,-0.357167
19.105000,1.383979,-1.239916,-0.244548
19.110000,-0.962918,1.407412,-0.240047
19.115000,-1.308256,-1.353802,-0.315402
19.120000,-0.544428,0.255171,0.163591
19.125000,-0.028660,0.584520,-0.360279
19.130000,-1.095617,-0.761772,0.463346
19.135000,0.637977,-1.052467,-1.268910
19.140000,-0.919312,0.185935,-0.865525
19.145000,0.308891,0.313202,0.088017
19.150000,-0.999836,0.301573,0.290994
19.155000,-0.042743,-1.533707,-0.257421
19.160000,0.883370,1.680983,0.013146
19.165000,1.445404,0.259545,0.834375
19.170000,0.939282,0.649282,-0.240242
19.175000,-0.140358,-0.712250,-0.161357
19.180000,-0.570841,0.387456,0.094978
19.185000,0.190614,1.200221,0.118311
19.190000,-0.932153,0.209415,0.397572
19.195000,0.372031,-0.094551,-0.675693
19.200000,1.739088,-0.887830,1.206384
19.205000,1.074795,1.061231,-0.339365
19.210000,-1.471188,0.376594,-0.343821
19.215000,-0.050363,0.556526,0.545142
19.220000,0.301283,1.398708,-0.485821
19.225000,0.332399,0.016835,0.493459
19.230000,-1.179683,-0.312914,-0.144159
19.235000,-0.051465,0.185606,0.253283
19.240000,0.230866,-0.023953,-1.041495
19.245000,0.592250,0.774566,1.740076
19.250000,-0.362231,-0.743663,-0.248768
19.255000,0.009823,-0.500716,-1.319032
19.260000,-0.968324,0.059634,-0.755687
19.265000,-0.496232,0.032234,-0.537489
19.270000,0.380504,0.267330,-0.860549
19.275000,-0.802016,0.168460,-1.940768
19.280000,0.379420,0.579834,-0.339965
19.285000,1.027773,0.776638,1.614215
19.290000,-0.187856,-0.469616,-0.778589
19.295000,0.895055,-0.316565,0.085828
19.300000,-0.107250,0.747809,-0.880857
19.305000,1.574426,0.588101,0.597536
19.310000,-0.881440,0.634675,0.939652
19.315000,-0.888553,-0.267325,-0.254037
19.320000,0.517043,0.202703,-0.098956
19.325000,1.755130,0.006648,1.918536
19.330000,-2.210302,1.494943,-0.756791
19.335000,0.939713,0.772266,0.311241
19.340000,0.549367,0.155417,-0.529371
19.345000,-0.091557,0.864978,0.891423
19.350000,-0.126402,-0.060983,0.297213
19.355000,0.307133,0.478682,0.238727
19.360000,2.298371,1.159057,0.739606
19.365000,-0.159652,0.295305,0.383565
19.370000,-0.330478,0.633271,0.972846
19.375000,-0.767074,0.443439,0.292038
19.380000,0.033631,0.339026,-0.453205
19.385000,0.228644,-0.277841,1.482700
19.390000,0.713795,-0.016220,-0.835975
19.395000,-0.209390,-0.157069,1.197939
19.400000,0.946256,-0.170760,1.626501
19.405000,0.996603,1.521152,0.680196
19.410000,-0.248539,-1.525524,-0.353104
19.415000,0.652733,0.967520,-0.379348
19.420000,0.391317,0.412350,-1.197586
19.425000,-1.433203,-0.448379,-0.305754
19.430000,-0.868930,0.565438,0.448910
19.435000,-0.291385,-1.057431,-0.392171
19.440000,1.235775,-0.664204,-0.413160
19.445000,0.322888,0.145962,0.607486
19.450000,-0.097315,-0.893609,0.304062
19.455000,-1.571559,-0.082766,0.241000
19.460000,0.051734,0.525552,-0.063289
19.465000,0.517448,0.957671,0.238218
19.470000,-0.444392,-0.367702,0.972003
19.475000,0.313202,-0.256854,-0.551718
19.480000,0.413016,0.217124,-0.717745
19.485000,-0.356800,-0.526037,-0.425057
19.490000,0.212912,-0.132179,0.778476
19.495000,-0.665300,-0.031225,1.070002
19.500000,-0.536202,0.987224,-1.075086
19.505000,-0.224077,-0.676343,0.115657
19.510000,-0.460486,-0.745726,-0.273116
19.515000,-0.155843,-0.497454,-0.681516
19.520000,-0.266514,-0.329155,-1.089751
19.525000,-0.272785,1.359193,-0.863875
19.530000,1.018020,0.006499,0.307975
19.535000,-0.024363,0.197821,-1.685440
19.540000,-0.299876,0.524415,1.055803
19.545000,0.528235,0.142181,0.781304
19.550000,0.296689,-0.674494,-0.844907
19.555000,0.242044,0.274027,-1.362743
19.560000,-1.793411,-0.300924,-0.957773
19.565000,0.807002,1.053723,0.271417
19.570000,0.537654,0.802518,-0.043214
19.575000,-1.019017,1.269089,-0.092976
19.580000,0.983824,0.442395,-0.068845
19.585000,0.456650,0.287430,0.431337
19.590000,-0.599911,-0.151289,-0.397125
19.595000,-0.855043,-0.810448,-1.258143
19.600000,0.171958,1.011660,-0.498865
19.605000,-0.366334,0.774006,0.895209
19.610000,0.461073,0.221017,0.152999
19.615000,-0.007065,1.072326,-1.177361
19.620000,0.397806,0.239982,-0.225740
19.625000,0.272141,-0.105800,0.375236
19.630000,-0.334087,0.812464,0.924532
19.635000,-0.787605,-0.864825,0.097789
19.640000,0.708801,0.730595,0.498490
19.645000,-0.766002,0.621241,-0.229997
19.650000,-0.928679,0.649406,0.534212
19.655000,-1.650779,-1.004604,-0.228623
19.660000,-0.765253,0.262523,-0.373610
19.665000,-0.190361,0.727519,0.999685
19.670000,-0.398842,0.184218,0.116778
19.675000,0.112907,-1.256383,1.171613
19.680000,0.062998,1.068785,-0.199125
19.685000,0.145138,-0.171735,0.386719
19.690000,-0.728130,-0.561046,-0.617941
19.695000,-0.751622,-0.287766,-0.215758
19.700000,-0.173996,-0.904632,0.658456
19.705000,0.886642,0.850658,-1.878350
19.710000,-0.818607,0.732069,-0.299110
19.715000,-0.714405,-0.631127,0.242687
19.720000,-0.059029,0.141348,0.645152
19.725000,2.834875,-0.919676,-0.229361
19.730000,-0.732053,1.243646,0.402824
19.735000,-1.199477,0.188227,-0.653847
19.740000,0.064980,0.071039,0.298291
19.745000,0.370620,0.892868,-1.550236
19.750000,0.102809,0.801999,1.090245
19.755000,-2.168330,-0.543312,-0.711781
19.760000,0.426094,0.047783,0.665390
19.765000,0.650300,-0.479642,-0.033283
19.770000,1.113056,-0.065317,0.333579
19.775000,0.352537,-2.366249,-0.326677
19.780000,-1.165393,-0.390619,0.232775
19.785000,0.229171,0.903173,-0.671330
19.790000,0.329629,0.400117,0.171598
19.795000,0.239029,-0.362619,0.498245
19.800000,0.567742,0.476327,0.337917
19.805000,-0.102150,-0.270563,0.050879
19.810000,-1.081361,0.147955,0.388494
19.815000,-1.259981,-0.281559,-0.505819
19.820000,0.538605,-0.595606,0.688457
19.825000,0.437828,0.819354,0.063957
19.830000,1.314621,-0.066880,-0.581857
19.835000,-0.103587,-0.093615,-0.888733
19.840000,0.820650,-0.883918,-0.242648
19.845000,-0.018719,1.262032,-0.023701
19.850000,-0.970766,0.346693,-0.029352
19.855000,0.062610,-0.539159,-0.297627
19.860000,1.398003,0.625027,0.441960
19.865000,2.334693,-0.360445,0.618290
19.870000,-0.744434,0.164363,0.526248
19.875000,-0.194915,-0.847556,-0.414168
19.880000,-1.229604,-0.279776,-0.015999
19.885000,1.218378,0.259255,0.564176
19.890000,0.170457,0.661879,-0.799258
19.895000,-0.648577,0.042650,-0.892495
19.900000,-0.854920,0.523604,-0.007476
19.905000,0.672229,0.807766,-0.448068
19.910000,-1.276453,-0.028417,-0.110145
19.915000,-1.244834,-0.292033,0.070689
19.920000,0.104594,1.146083,-0.462667
19.925000,0.879888,-0.024840,-0.849948
19.930000,0.146643,-0.881564,0.465080
19.935000,0.039498,-0.147929,-0.392848
19.940000,2.015559,-1.163141,-0.390793
19.945000,1.399855,0.563229,-0.148459
19.950000,0.134054,-1.509549,0.084857
19.955000,-0.807373,-2.140539,-0.065445
19.960000,0.622059,0.233928,0.476993
19.965000,-0.221214,0.067407,-0.599688
19.970000,0.302202,0.321455,0.828429
19.975000,-0.157218,0.185995,-0.181445
19.980000,0.206593,1.674870,0.330217
19.985000,0.184527,-0.555983,1.864937
19.990000,-0.114689,0.165222,-0.099894
19.995000,-0.930276,-0.743646,0.975591
20.000000,0.536329,-1.654964,-0.515109
20.005000,0.262319,0.048448,-0.062154
20.010000,0.121040,-0.775305,0.235032
20.015000,0.752342,-0.265966,-1.854504
20.020000,-0.592030,0.601382,-0.191370
20.025000,1.085530,1.689396,-0.603135
20.030000,0.359304,-0.187833,0.215592
20.035000,1.054298,-0.403845,-0.722073
20.040000,0.037832,-0.931112,0.154726
20.045000,0.876114,0.012230,0.173800
20.050000,-0.624830,-0.995457,0.102185
20.055000,-0.454112,0.238810,-1.270781
20.060000,0.207943,0.450960,-0.209567
20.065000,0.512983,-0.456976,0.086003
20.070000,-0.417721,-0.244071,-1.351967
20.075000,-0.236796,-0.617020,-0.705418
20.080000,0.938394,-0.936739,-0.468968
20.085000,-0.096970,0.131471,-0.266605
20.090000,0.076435,-0.356015,1.008264
20.095000,-0.158236,0.629904,0.337742
20.100000,0.152094,0.520477,0.691342
20.105000,-0.310888,0.865667,0.297142
20.110000,-0.141124,-1.885391,-0.291034
20.115000,-0.317195,-0.129453,-0.263691
20.120000,0.671135,-0.254933,0.257820
20.125000,1.341713,1.689108,-0.199031
20.130000,-0.063699,-0.053214,0.331128
20.135000,-0.315564,0.073064,0.132352
20.140000,0.551346,0.248975,-0.661190
20.145000,0.386837,0.927544,0.477615
20.150000,-0.495736,0.725844,1.388824
20.155000,0.610385,-0.541577,0.124095
20.160000,-0.971218,0.225758,0.232234
20.165000,0.192859,0.794462,-0.079453
20.170000,0.952424,0.562035,-0.519626
20.175000,-1.051712,-0.110978,-0.602275
20.180000,-2.217848,-0.700539,-0.708855
20.185000,0.577387,0.932421,-0.294174
20.190000,-1.257804,-0.623363,1.424154
20.195000,-0.186746,-0.445896,-1.177858
20.200000,-0.289267,0.759750,-0.645358
20.205000,-1.378520,0.878951,1.744214
20.210000,-0.075613,0.373194,0.805671
20.215000,0.011883,0.368972,0.107261
20.220000,0.504095,-0.381015,0.706791
20.225000,2.141826,0.414070,-0.561275
20.230000,-2.258953,0.450061,0.339700
20.235000,-0.180169,0.315555,0.285022
20.240000,0.354663,-0.534415,-0.398274
20.245000,0.390558,0.136873,-1.243812
20.250000,-0.197272,-0.211164,0.678372
20.255000,-0.332168,-0.158177,-0.152326
20.260000,0.349057,-1.732108,0.578443
20.265000,0.538661,-0.312194,0.104058
20.270000,-0.265326,-0.390652,-0.258090
20.275000,-0.073856,-0.700283,-0.545539
20.280000,-0.123694,0.522609,0.022583
20.285000,-0.609902,-0.425981,-0.236613
20.290000,-0.575759,-0.586005,0.935744
20.295000,-0.108007,-1.833376,0.944911
20.300000,0.816175,-0.011273,-0.765741
20.305000,-0.271483,-0.243077,-0.598454
20.310000,-0.603266,-1.445422,1.147247
20.315000,0.136127,-0.779268,0.018084
20.320000,-0.637522,1.601285,0.190051
20.325000,0.664693,-0.126225,-0.409403
20.330000,-0.703964,0.620186,0.220364
20.335000,0.112799,-0.016487,-0.748540
20.340000,-0.552905,-0.170445,-0.491114
20.345000,-1.083763,0.086513,0.713371
20.350000,-0.415671,0.266183,1.473763
20.355000,-0.016260,0.122830,-0.216890
20.360000,-0.292842,0.009058,-1.813312
20.365000,-0.588982,0.415446,1.048400
20.370000,-0.362369,0.151775,0.626347
20.375000,-0.391228,0.381143,-0.198950
20.380000,0.098611,1.014999,0.117655
20.385000,-0.481222,-0.486892,-0.841731
20.390000,-0.320721,0.361746,-1.681992
20.395000,-0.180520,-0.449584,0.012936
20.400000,0.705893,0.678452,-0.831467
20.405000,0.197373,0.008624,-0.041724
20.410000,0.491954,0.844523,-0.241717
20.415000,0.992562,-0.715715,-0.955206
20.420000,0.897785,0.901458,-0.426907
20.425000,-0.626450,-1.323445,0.897198
20.430000,-0.849067,1.045882,0.005585
20.435000,0.350376,0.448628,-0.793749
20.440000,0.764215,-0.448248,1.242377
20.445000,0.692650,-0.083146,1.032198
20.450000,-0.360933,-0.406283,0.123841
20.455000,-0.461134,0.303120,0.446328
20.460000,0.219408,-0.218726,-0.271955
20.465000,-0.041847,0.918238,-0.482045
20.470000,0.283333,0.154282,0.593766
20.475000,-1.490954,0.584390,0.858510
20.480000,0.351403,0.279341,0.236073
20.485000,0.282640,-1.036422,0.364172
20.490000,0.612304,0.554000,0.069905
20.495000,0.041836,0.499428,-0.769626
20.500000,0.662408,0.458392,0.536312
20.505000,0.402889,0.024704,-0.801909
20.510000,0.001163,-0.797417,0.796826
20.515000,0.150652,-1.321832,0.242658
20.520000,0.346096,-1.026151,0.161469
20.525000,0.643318,0.590790,0.254837
20.530000,-0.539041,-0.732464,1.587610
20.535000,-0.900893,-0.338632,-1.242735
20.540000,0.807923,-0.734352,-0.889128
20.545000,1.379686,1.654955,0.902835
20.550000,-1.534414,-1.180818,0.300252
20.555000,-0.359093,-0.875852,-0.254151
20.560000,0.853138,1.776515,0.104357
20.565000,2.179288,1.533560,-0.410897
20.570000,-0.829201,-0.263102,-0.264907
20.575000,-1.287178,-1.239162,-0.243295
20.580000,-0.340062,-0.629850,0.620266
20.585000,0.674064,-0.192437,-0.168586
20.590000,-1.534283,0.607191,-0.688708
20.595000,0.197025,0.012859,-0.021608
20.600000,0.157202,0.692564,-0.270117
20.605000,0.433041,-0.117088,1.174763
20.610000,-0.388541,-0.527572,0.534322
20.615000,0.568124,0.353724,0.565220
20.620000,1.406419,0.707757,-0.272128
20.625000,0.313064,-0.375355,-0.449868
20.630000,-0.207856,0.175339,-0.262268
20.635000,-0.401614,0.695376,-0.367896
20.640000,0.796254,-0.288296,0.741651
20.645000,0.269200,1.343667,0.467450
20.650000,0.722791,-0.538421,0.017501
20.655000,-0.408034,-0.382661,0.236874
20.660000,0.158250,1.005679,-0.100012
20.665000,1.124847,0.117240,0.122377
20.670000,0.246411,-0.378661,-0.678007
20.675000,-1.191319,-0.035547,-0.739745
20.680000,-0.483357,1.467541,-0.359370
20.685000,0.656394,-0.006284,-0.087773
20.690000,-1.028023,-0.940842,1.203316
20.695000,0.312492,-0.588824,-0.279843
20.700000,0.902753,0.595507,-0.222432
20.705000,0.692350,-1.036900,0.865069
20.710000,-0.304492,0.418008,0.539728
20.715000,0.241149,-1.307235,0.115884
20.720000,0.349718,-0.150092,0.523816
20.725000,0.612182,-1.424104,0.101395
20.730000,0.286627,0.468488,-1.309895
20.735000,-0.806468,-0.235008,-1.005771
20.740000,1.201400,0.727864,-0.624027
20.745000,0.093301,0.252442,0.232501
20.750000,1.039827,0.343928,1.010935
20.755000,0.010073,-0.056695,-0.867899
20.760000,0.033494,0.274750,-0.091825
20.765000,0.249037,-2.031729,1.566331
20.770000,1.274258,0.891862,0.606460
20.775000,-2.537385,0.117783,-0.504578
20.780000,0.049399,-0.214022,0.143953
20.785000,0.937979,-0.611094,1.337575
20.790000,-0.474867,-0.738745,0.543452
20.795000,-0.906848,-1.837602,-0.027415
20.800000,1.115210,0.751270,0.013754
20.805000,1.066702,0.307229,0.717975
20.810000,-0.984438,-0.461348,-1.261550
20.815000,-1.436557,-0.700189,-0.831413
20.820000,0.068594,-0.974134,0.325235
20.825000,-0.200452,1.403878,-0.757571
20.830000,-0.849730,-1.026316,-0.597095
20.835000,0.684588,0.210931,-0.811140
20.840000,0.302714,-0.700861,0.673527
20.845000,1.860350,-0.979270,0.857350
20.850000,-0.574058,-0.893225,0.922168
20.855000,-0.459855,-1.734351,0.600091
20.860000,0.069157,0.436805,-0.733158
20.865000,0.996898,1.298785,0.391723
20.870000,-1.160649,0.983820,0.594375
20.875000,-0.868440,-0.315190,-0.354787
20.880000,-0.154655,0.282960,1.340723
20.885000,-0.316278,0.039607,1.560281
20.890000,0.511908,-0.478235,0.114630
20.895000,-0.730961,0.404177,0.742784
20.900000,0.790497,0.991097,-0.504790
20.905000,0.160342,0.106401,0.256357
20.910000,-1.006010,-1.097598,-0.263467
20.915000,-2.010760,-0.591221,0.766083
20.920000,0.564080,-0.060729,-0.152583
20.925000,0.506370,1.177362,0.031449
20.930000,0.147564,0.274703,0.107845
20.935000,-0.409422,0.577788,-0.655749
20.940000,0.159663,0.095213,0.080919
20.945000,1.238521,0.659110,1.439806
20.950000,-0.491674,0.339146,-0.758000
20.955000,0.714654,-1.675217,-0.416581
20.960000,0.915781,1.334841,0.417698
20.965000,2.068926,-1.265105,0.670980
20.970000,-0.740203,0.422639,0.646164
20.975000,-0.682712,-0.449456,-1.981006
20.980000,0.289281,0.215111,0.327108
20.985000,0.822161,0.260735,0.854637
20.990000,-0.701121,-1.433305,0.433805
20.995000,-0.005009,-1.095167,-0.227078
21.000000,-1.201443,1.024642,1.104088
21.005000,0.700975,0.798420,1.206578
21.010000,0.661860,-0.763859,-1.998839
21.015000,0.614952,-1.031009,-0.674039
21.020000,0.065921,1.778715,0.184343
21.025000,1.074804,0.750398,1.134124
21.030000,-0.275883,-1.205769,-0.163611
21.035000,-1.182984,-0.746715,1.003840
21.040000,-0.173623,-0.164174,0.131291
21.045000,-0.063219,1.107652,0.255589
21.050000,-0.121308,-0.455480,0.217349
21.055000,-1.624871,-0.319530,-0.945331
21.060000,0.384648,-0.449290,-0.265773
21.065000,1.846516,-0.029976,-0.141682
21.070000,0.721644,-0.129722,0.596135
21.075000,-0.533319,-0.550994,-1.154717
21.080000,-0.758514,0.170303,-0.936350
21.085000,0.149984,1.659023,0.670673
21.090000,0.562575,1.472737,-0.298925
21.095000,-0.682093,0.548583,0.448714
21.100000,0.622922,-0.072807,-0.506452
21.105000,0.129696,-0.548336,-0.737709
21.110000,-0.023525,-1.084167,-0.067346
21.115000,-0.166793,-0.076628,0.331010
21.120000,0.504545,0.043009,-0.565012
21.125000,0.015628,-0.011593,0.033321
21.130000,-0.086636,0.491073,0.160045
21.135000,-1.022387,-0.313553,-0.222382
21.140000,0.257414,-0.180269,-1.408089
21.145000,-0.602279,1.572308,-0.767862
21.150000,-0.218329,-1.203457,0.745259
21.155000,-0.278853,0.762629,-0.265048
21.160000,0.239667,0.034371,-0.764087
21.165000,0.035129,-0.086781,-0.395292
21.170000,0.659406,0.958933,0.163847
21.175000,0.297520,-1.545030,-0.270641
21.180000,0.598570,-0.593194,0.192247
21.185000,0.935068,-0.018399,0.194516
21.190000,-0.757514,0.908796,-0.370870
21.195000,-1.338153,-0.512588,-0.063695
21.200000,0.762738,0.317693,0.151580
21.205000,1.704466,-0.219735,-1.017281
21.210000,-1.277570,0.495802,0.364229
21.215000,0.448652,-0.929187,-0.569017
21.220000,-0.400966,1.078623,-0.129480
21.225000,-0.260188,1.693277,1.579847
21.230000,-0.046290,-0.836409,0.280746
21.235000,-0.724472,-1.230657,-1.071951
21.240000,-0.606681,0.074155,-0.585081
21.245000,-0.415405,0.402089,-0.255032
21.250000,-0.140174,-1.065111,0.117916
21.255000,-0.572973,-0.911822,-0.560833
21.260000,1.685845,-0.147460,-1.346879
21.265000,-0.396796,0.740925,-0.045255
21.270000,-1.772313,-0.139054,-0.575930
21.275000,-0.160855,-1.336944,0.150600
21.280000,-0.620847,-0.584380,0.256505
21.285000,0.911754,1.752737,0.299711
21.290000,-0.146964,-0.566927,-1.101906
21.295000,-0.579801,-0.047248,0.010135
21.300000,0.205014,0.124077,1.136973
21.305000,0.578632,0.732490,0.420569
21.310000,-1.733538,-0.478804,0.279638
21.315000,-1.268355,-0.723231,-0.262233
21.320000,-0.078604,-0.876337,-0.179002
21.325000,0.436728,1.384818,1.051789
21.330000,-1.080355,-0.142041,-0.206803
21.335000,-1.415423,0.456529,-0.308472
21.340000,-0.643902,0.049939,1.159411
21.345000,-0.176861,-0.380327,0.675438
21.350000,0.135660,-0.595529,0.514518
21.355000,-0.716987,-0.712871,0.169701
21.360000,0.445883,-0.027728,1.121765
21.365000,1.104723,0.290222,0.430817
21.370000,-0.673162,-0.205294,1.012489
21.375000,1.158524,0.007716,-0.354683
21.380000,-0.160726,-1.323127,0.639572
21.385000,0.929108,0.452554,0.349444
21.390000,0.386372,0.569226,1.587276
21.395000,0.094176,-0.379876,-0.989135
21.400000,0.511048,0.467535,-0.222127
21.405000,0.784237,0.957607,1.167884
21.410000,0.516069,-0.669890,-0.164876
21.415000,-0.326424,-0.866845,0.012922
21.420000,0.038872,-0.341616,0.584665
21.425000,0.918575,0.987050,-0.153577
21.430000,-0.564770,0.469795,-1.009472
21.435000,-1.165050,-0.309537,-0.615785
21.440000,0.567625,-0.139365,0.993339
21.445000,0.444693,1.005222,0.956224
21.450000,-0.136936,-0.575957,0.571005
21.455000,-1.598889,-0.889794,0.588888
21.460000,1.111246,0.251233,0.846188
21.465000,1.449146,0.857221,0.872048
21.470000,-0.999013,-0.646970,-0.033776
21.475000,0.080324,0.169684,-0.587406
21.480000,1.048791,1.049058,-0.559819
21.485000,-0.068710,0.084747,-1.052060
21.490000,0.416014,1.081064,0.206832
21.495000,-0.355336,-1.703621,-0.821404
21.500000,0.720184,0.048984,0.619294
21.505000,0.915489,-1.368831,-0.340679
21.510000,0.393683,-1.297161,0.532611
21.515000,1.048041,0.182385,-0.438901
21.520000,-0.972502,-0.784066,-0.671549
21.525000,0.677901,0.324645,0.440544
21.530000,-0.136977,0.128555,-0.016003
21.535000,0.570837,-1.316433,-0.995497
21.540000,-0.618282,-0.623776,-0.313923
21.545000,0.215686,0.544950,-0.021419
21.550000,1.149955,-0.475120,1.811495
21.555000,-1.063192,-0.878757,0.125649
21.560000,-1.082964,-0.706734,-0.066613
21.565000,-0.918522,-0.182934,-0.121647
21.570000,0.395254,1.215784,-0.367740
21.575000,-0.640544,-0.253086,-0.089778
21.580000,-0.178550,-0.388305,-1.205295
21.585000,-0.114784,-0.325271,0.715363
21.590000,0.356339,-0.194249,0.103913
21.595000,-0.485523,-1.333660,-0.421567
21.600000,-0.010133,-0.019373,0.151131
21.605000,-0.036587,0.892299,0.358477
21.610000,0.334741,1.013656,0.658356
21.615000,-0.505955,-0.393037,1.581571
21.620000,-0.752770,-1.062119,0.055409
21.625000,0.298948,0.074679,-0.959996
21.630000,-0.612672,0.529923,1.249415
21.635000,-0.567845,0.035310,-0.223940
21.640000,-0.933653,-0.244924,-0.225096
21.645000,0.915167,0.666382,1.135392
21.650000,-1.272289,0.509777,-0.429498
21.655000,-0.539074,-1.443511,0.080371
21.660000,0.560144,0.104548,-0.280137
21.665000,1.153235,0.449061,1.388302
21.670000,-0.686126,0.241397,-1.310678
21.675000,0.109405,-0.628659,0.508655
21.680000,-0.589478,-0.062299,-0.352163
21.685000,0.693891,-0.955830,0.423037
21.690000,-0.292589,-0.410757,-0.406692
21.695000,-0.579568,-0.169115,-1.015074
21.700000,-0.749081,-0.449657,-1.704741
21.705000,1.017549,-0.159388,0.385965
21.710000,0.323277,-0.791882,0.334331
21.715000,0.289560,0.342344,-0.251565
21.720000,0.230824,-0.939737,0.056771
21.725000,1.304640,1.604921,0.834349
21.730000,-0.418310,0.836728,0.201061
21.735000,-0.558202,0.564258,-0.157098
21.740000,0.599459,-0.403356,0.771431
21.745000,0.658219,1.270103,0.469933
21.750000,-1.397079,0.646600,-0.093834
21.755000,-0.361734,0.106732,0.117860
21.760000,0.052364,-0.144861,0.255708
21.765000,0.355178,-0.353978,0.785257
21.770000,-0.937420,0.446643,-0.138762
21.775000,-0.560363,-0.716979,-0.822306
21.780000,0.307321,0.058504,1.122401
21.785000,-1.137840,0.748577,0.626444
21.790000,-0.637487,-0.006278,0.252359
21.795000,0.365628,-0.153644,-0.404791
21.800000,0.848410,-0.274848,-0.171349
21.805000,0.944107,-0.655356,-0.532634
21.810000,0.569337,-0.554137,0.295081
21.815000,-0.018329,-0.494190,0.395254
21.820000,-0.003981,-0.024773,0.878420
21.825000,0.366502,-0.595916,0.583401
21.830000,-0.579089,-2.138092,0.429326
21.835000,0.678707,-0.785277,-0.466192
21.840000,0.423262,-0.693579,-0.722438
21.845000,0.310676,0.171156,0.108078
21.850000,0.328309,-0.368225,0.315914
21.855000,-0.508512,-0.117040,-0.821303
21.860000,1.269814,-0.097544,0.279212
21.865000,0.675168,0.290302,-0.414357
21.870000,-0.838038,0.020447,-1.618597
21.875000,-0.289848,0.341038,-0.604932
21.880000,-0.450587,0.411311,-0.268617
21.885000,-0.711029,0.619446,-0.843525
21.890000,0.065234,-1.192682,-0.240772
21.895000,-0.629864,-0.922166,-0.698105
21.900000,1.132753,-1.240881,-0.187386
21.905000,-0.047396,-0.220802,1.206819
21.910000,-0.458295,-0.271490,0.817688
21.915000,0.360540,-0.536800,-0.289630
21.920000,0.075597,0.020853,-0.568035
21.925000,0.847371,0.676251,0.323308
21.930000,-1.303641,-0.704279,1.501465
21.935000,-0.574731,-0.185712,-1.093137
21.940000,0.451738,-0.553832,-0.812703
21.945000,0.927602,0.645455,0.424693
21.950000,-0.454221,0.396756,0.691247
21.955000,-0.310067,-1.258252,0.219391
21.960000,0.656908,0.157053,0.410518
21.965000,0.825993,-0.760040,-0.798208
21.970000,-0.195437,0.013722,1.707128
21.975000,-0.090819,0.835265,0.794606
21.980000,-0.216543,-0.281134,0.406399
21.985000,0.556466,0.533434,0.143310
21.990000,1.509154,0.816004,0.686401
21.995000,-0.695891,-0.099766,-0.536054
22.000000,-0.095800,0.791963,0.613888
22.005000,-0.116180,0.124903,1.320860
22.010000,-0.315600,0.006282,0.576576
22.015000,-0.487514,0.812981,0.970823
22.020000,0.373619,0.788758,-1.329105
22.025000,1.192876,-0.649254,-0.487508
22.030000,-0.086393,0.106868,2.067006
22.035000,-0.436480,-0.548719,1.296340
22.040000,0.255283,0.261926,0.336212
22.045000,0.043540,-0.169307,-0.216483
22.050000,-0.644187,-0.269909,1.389941
22.055000,-0.996499,-0.760174,0.550444
22.060000,-0.320287,-0.745350,0.326652
22.065000,-0.926731,1.381337,0.011195
22.070000,-1.186502,0.340606,-0.474257
22.075000,-0.661976,-0.099968,-1.231750
22.080000,0.697771,-1.848252,0.443138
22.085000,0.575935,0.283077,0.599087
22.090000,0.252790,0.431967,0.525372
22.095000,-0.452679,-0.674451,-0.291220
22.100000,2.106629,-0.358421,0.040710
22.105000,1.800191,1.152847,-1.007046
22.110000,-0.677804,0.079396,-0.967485
22.115000,-0.123986,-0.175283,-1.036029
22.120000,-0.416541,-0.282732,-0.407796
22.125000,0.443780,0.160807,0.456238
22.130000,-0.837131,0.029607,0.853077
22.135000,-1.337213,-0.079679,-0.181157
22.140000,-0.699710,-0.459372,0.413999
22.145000,1.042025,0.668248,0.949601
22.150000,-0.189809,1.765241,0.495225
22.155000,0.915368,-0.380738,-0.023154
22.160000,-0.083691,-1.111648,-0.362775
22.165000,-0.190291,-0.050009,1.579153
22.170000,-1.312387,-0.113940,0.281745
22.175000,-1.581528,-0.035230,-0.980356
22.180000,-0.954657,0.297510,0.997699
22.185000,0.721631,0.861310,0.012656
22.190000,0.132207,-1.134377,-0.319912
22.195000,-1.039980,0.065985,1.385172
22.200000,-0.549638,0.117938,-0.860676
22.205000,0.878670,0.505610,-0.425123
22.210000,-0.196652,-0.436540,0.452189
22.215000,-0.250633,0.174511,-0.537062
22.220000,-0.380453,0.587242,0.174057
22.225000,1.283950,0.004530,0.764811
22.230000,-0.336799,-0.736641,-0.695985
22.235000,-0.075802,0.031932,-0.351409
22.240000,0.202947,1.350714,-0.764431
22.245000,-0.065951,0.959360,-0.912060
22.250000,-0.828568,-0.326362,0.587982
22.255000,1.611441,0.321834,-1.761743
22.260000,-0.082946,1.178776,-1.460669
22.265000,-0.474012,-0.525316,1.344904
22.270000,0.163949,0.428745,0.132074
22.275000,-1.015094,-0.329612,0.497343
22.280000,1.817854,-0.025793,-0.306869
22.285000,0.522654,0.438154,0.153600
22.290000,-0.157209,0.568846,0.936686
22.295000,0.336581,-0.409425,-0.820296
22.300000,-0.259625,-0.521221,0.674812
22.305000,0.600407,0.003440,1.544099
22.310000,0.358759,-0.045688,0.064932
22.315000,0.348677,-0.458856,-0.250489
22.320000,0.366698,1.009763,-1.201865
22.325000,1.078971,-0.240065,0.481453
22.330000,-0.371347,0.038610,-0.110798
22.335000,-0.152430,-0.784682,0.087492
22.340000,-0.640443,-0.046666,0.132377
22.345000,0.406434,2.089795,0.841273
22.350000,-0.088370,0.308059,-0.875997
22.355000,-0.422625,-0.393487,-1.838527
22.360000,-0.418896,0.128305,0.002367
22.365000,0.534041,0.445421,0.769310
22.370000,-0.099135,0.639812,-0.919336
22.375000,0.147031,0.690816,-0.839828
22.380000,-0.981717,0.301783,-1.010467
22.385000,0.586080,0.958988,-0.883008
22.390000,1.565863,-1.314830,0.969294
22.395000,0.653496,-0.536024,0.658921
22.400000,-0.401328,-0.238926,-0.879077
22.405000,0.813401,0.241752,0.770375
22.410000,-0.369834,-0.267683,0.989120
22.415000,-0.533683,-0.616303,-1.039264
22.420000,-0.193300,0.069789,0.088546
22.425000,0.086949,1.035467,0.904371
22.430000,-0.969423,0.095463,-0.321699
22.435000,-0.067202,-0.537619,-0.513035
22.440000,-1.438791,0.549987,1.306028
22.445000,1.068313,-0.046652,1.030640
22.450000,0.312870,0.659801,-0.169447
22.455000,-1.378887,-0.660415,-0.799248
22.460000,0.293306,0.850391,-0.963669
22.465000,0.010780,-0.011165,0.625400
22.470000,-0.533755,0.355262,-0.045704
22.475000,0.534176,-1.089394,-1.281250
22.480000,0.143596,0.979767,0.287667
22.485000,0.368562,0.678528,-0.303111
22.490000,0.430672,0.166961,-1.690108
22.495000,-0.673026,0.115757,-0.219276
22.500000,-1.831105,0.936069,-0.576051
22.505000,0.723030,1.045926,0.344528
22.510000,-0.649896,0.001619,0.158365
22.515000,-0.928124,-0.655200,0.286151
22.520000,-0.829355,0.483950,-0.456265
22.525000,0.751452,1.128129,-0.027546
22.530000,-0.011169,-1.123699,-0.475817
22.535000,-0.665050,0.769583,1.521110
22.540000,0.950821,0.941370,0.489047
22.545000,1.559613,0.041930,-0.597933
22.550000,-0.480970,-0.105901,-0.569509
22.555000,-0.035957,0.001368,0.525147
22.560000,0.481923,-0.820092,-0.368623
22.565000,1.130277,0.601373,0.726882
22.570000,-1.660343,-1.356415,0.321896
22.575000,0.043155,-1.201264,-0.613467
22.580000,0.211115,0.981672,1.297402
22.585000,-0.041907,0.401208,-0.114321
22.590000,0.502241,-0.827226,-0.939614
22.595000,0.085437,-0.825686,-1.034473
22.600000,0.160028,-1.238125,-0.198532
22.605000,1.009507,-0.815750,0.068060
22.610000,-1.418789,-0.219208,-0.269567
22.615000,-0.370146,-0.559982,-0.095986
22.620000,0.255428,-0.169904,-0.836666
22.625000,0.615632,-0.144810,-0.531404
22.630000,1.079807,-0.749477,-0.038809
22.635000,-1.573544,-0.922604,-0.099004
22.640000,0.823837,-0.054684,-1.722213
22.645000,-0.299933,1.719652,0.632575
22.650000,-0.092222,0.622981,1.331588
22.655000,-0.724343,-0.917930,-0.697081
22.660000,1.507953,1.788776,-0.603870
22.665000,1.587598,2.216423,-1.859836
22.670000,-1.170896,0.805880,-0.039191
22.675000,-0.129006,0.556526,0.695423
22.680000,-0.107995,-0.440620,-0.801886
22.685000,-0.245453,0.664303,1.609536
22.690000,-0.442584,-0.004579,0.914920
22.695000,-1.064891,-0.794818,0.061656
22.700000,0.234364,-0.035814,-0.405727
22.705000,1.702910,-0.342638,0.092764
22.710000,-0.066810,-0.431077,-0.545389
22.715000,-0.436388,-1.076842,-0.295932
22.720000,-0.305713,-0.159694,-0.359444
22.725000,-0.119133,1.189394,-0.025079
22.730000,-0.252198,-0.801808,0.144324
22.735000,0.441010,-0.260702,-0.641908
22.740000,-0.365741,0.604222,0.775355
22.745000,1.000077,1.153730,-0.051766
22.750000,-0.812042,-0.785816,0.079325
22.755000,0.114871,-0.078355,-0.037454
22.760000,1.249320,-0.539249,0.540241
22.765000,0.397240,0.207713,-0.145035
22.770000,-1.245146,0.623775,-0.797427
22.775000,0.683702,-0.249663,-0.352665
22.780000,0.507455,0.311882,-1.330229
22.785000,-0.617272,0.790347,-1.067117
22.790000,0.470260,0.927888,-0.071401
22.795000,-0.949752,-0.916531,-0.814010
22.800000,0.650728,0.356785,0.044054
22.805000,-0.224547,2.256293,1.309483
22.810000,0.725023,-0.235510,-0.793727
22.815000,-0.504224,-0.373021,0.809821
22.820000,1.448551,0.710430,-0.243587
22.825000,-0.155049,0.520162,0.024761
22.830000,0.121472,0.846220,-0.110065
22.835000,-0.581108,-0.104464,-0.587650
22.840000,0.257140,-0.375565,0.617765
22.845000,0.178168,-0.366013,0.689395
22.850000,-0.495842,-0.655349,-0.327252
22.855000,0.398877,0.717606,0.179847
22.860000,0.745989,1.038154,0.136854
22.865000,0.451923,-0.492487,0.689793
22.870000,-0.724058,-0.881076,0.809094
22.875000,-0.116677,-1.141026,-1.069533
22.880000,-0.277271,1.649487,0.166944
22.885000,1.180869,1.232799,1.369695
22.890000,-1.446618,-1.730720,-1.917819
22.895000,-0.098266,-0.455529,-0.994689
22.900000,-0.460429,-0.193465,-0.397703
22.905000,1.518847,1.182437,0.945959
22.910000,-0.554605,0.061087,0.061104
22.915000,-1.535016,0.750267,-1.160736
22.920000,-1.894689,0.876928,0.859829
22.925000,0.175840,0.548051,1.207781
22.930000,-0.481190,-1.151311,-0.130045
22.935000,-0.793989,1.895503,-0.198437
22.940000,0.867834,0.175848,0.796673
22.945000,1.794175,-0.556737,1.575031
22.950000,-0.293594,0.054246,-0.673464
22.955000,-0.302631,0.756024,-1.621353
22.960000,1.397846,1.000957,1.348729
22.965000,0.862252,0.121507,0.743098
22.970000,-0.123048,1.291763,-0.172407
22.975000,-0.074579,-0.685520,0.776263
22.980000,1.321351,0.060614,0.447788
22.985000,1.298875,0.574603,0.140027
22.990000,1.332747,-1.885259,-0.794274
22.995000,0.938315,-1.064787,-1.306150
23.000000,0.234879,-1.201951,-0.943671
23.005000,-0.192585,1.069721,-0.077575
23.010000,-0.734554,-1.047764,-0.206799
23.015000,0.403050,0.788384,-0.748033
23.020000,0.403433,0.536020,0.426859
23.025000,-0.090422,0.865929,0.898166
23.030000,-0.499722,-0.785749,-0.927659
23.035000,0.304358,-0.103412,-0.770045
23.040000,-0.343597,0.030939,-0.327792
23.045000,-0.257616,0.265620,0.324530
23.050000,-1.862188,-0.597348,0.326774
23.055000,-0.182382,0.151829,0.781309
23.060000,0.537068,-0.295120,1.044511
23.065000,1.205891,0.690116,0.305076
23.070000,0.104315,-1.097093,0.591601
23.075000,0.065398,0.604955,-0.091630
23.080000,0.579330,-0.870455,0.322772
23.085000,1.468587,-1.033074,-0.111247
23.090000,0.313063,-0.024779,0.373544
23.095000,-0.532064,0.322843,0.454785
23.100000,1.142615,0.440295,1.046953
23.105000,-1.221478,-0.094961,0.090480
23.110000,-0.627874,0.048513,1.178316
23.115000,-0.619187,0.427070,0.375899
23.120000,-0.221380,0.273701,0.603560
23.125000,0.628628,1.804966,0.407196
23.130000,-0.136826,-0.927656,-0.566531
23.135000,-0.709819,-1.434768,0.350502
23.140000,0.687344,0.136052,0.389430
23.145000,0.441772,-0.490560,-1.073253
23.150000,-0.726386,-0.864214,-1.280161
23.155000,0.018693,1.045219,-0.513415
23.160000,-0.763799,-0.251329,-0.839642
23.165000,0.333916,-0.011371,1.248487
23.170000,0.069763,-1.731434,0.520678
23.175000,0.054816,-1.078455,-0.135308
23.180000,0.679754,0.856212,-0.730531
23.185000,0.152777,0.293329,-0.974408
23.190000,0.797054,0.567013,0.435497
23.195000,-0.370395,0.179262,0.186182
23.200000,-0.418632,0.479307,0.163617
23.205000,-1.044531,0.273392,-0.059163
23.210000,-0.392545,-1.842244,0.765877
23.215000,-0.512554,-0.220952,1.374460
23.220000,0.624351,1.055286,-0.066532
23.225000,1.732874,0.579710,0.887098
23.230000,0.244060,-0.296656,-1.114871
23.235000,-0.415370,-0.067419,-0.367004
23.240000,-0.350098,0.098469,1.091847
23.245000,0.561450,0.942139,0.424655
23.250000,-0.537509,-0.688414,-0.598337
23.255000,-0.804029,-1.621807,-0.278667
23.260000,0.016065,0.387176,-0.249179
23.265000,0.904773,0.132677,0.854716
23.270000,-0.452665,-0.787742,0.155030
23.275000,-0.127715,-1.067935,-0.713940
23.280000,0.857162,-0.305199,0.166731
23.285000,-1.158977,-0.274415,0.382822
23.290000,-0.721616,-0.619733,0.945922
23.295000,-1.128316,-0.582374,-0.680058
23.300000,0.964613,-0.754679,-0.052775
23.305000,0.291096,2.140216,0.781179
23.310000,0.144925,0.518603,0.540631
23.315000,-1.051303,-0.131464,-0.373924
23.320000,1.419277,0.454705,0.482882
23.325000,0.204339,1.434887,-0.533781
23.330000,0.254775,-1.556854,0.310675
23.335000,-0.410820,0.101556,-0.368875
23.340000,0.997426,0.287670,0.623515
23.345000,-0.336580,1.933855,-0.102023
23.350000,-0.391764,-0.512890,1.277055
23.355000,-1.044633,-0.290107,-0.984225
23.360000,-0.837867,-0.241570,0.650278
23.365000,1.330501,0.045435,-0.029426
23.370000,-0.383532,-0.322216,0.236575
23.375000,-0.361776,-1.174968,-0.949217
23.380000,0.558611,1.861455,-0.423704
23.385000,1.021040,0.866933,0.939784
23.390000,-0.151701,-0.243849,-0.665033
23.395000,-0.104922,0.547570,0.104933
23.400000,1.823498,-0.703589,0.108579
23.405000,0.448735,0.740834,-0.302561
23.410000,-1.911454,0.610763,-0.733246
23.415000,-0.858398,-0.601534,-0.311280
23.420000,0.041101,0.137463,0.243711
23.425000,0.847210,0.725425,1.208316
23.430000,-0.865097,-1.330147,-1.661543
23.435000,-0.682567,-0.299969,0.629852
23.440000,-0.574382,0.779655,0.542345
23.445000,0.320559,0.517078,1.666375
23.450000,-0.967409,-0.054411,-1.098881
23.455000,-0.864462,-0.961628,-0.159414
23.460000,0.493441,-0.047897,-1.102518
23.465000,1.114554,0.116924,0.230042
23.470000,-0.729399,-0.738515,0.483636
23.475000,-1.000837,0.028165,0.760664
23.480000,0.271056,-0.510782,-0.310279
23.485000,0.000311,0.412733,1.433674
23.490000,-0.155851,0.218210,-0.310149
23.495000,-0.674427,0.102245,-0.296827
23.500000,-0.996915,0.447018,-0.401687
23.505000,0.292152,2.272288,0.406234
23.510000,-0.454804,-0.585738,0.323876
23.515000,-0.015783,-0.484038,-0.360915
23.520000,0.592835,1.381975,-0.154004
23.525000,0.942217,-0.730397,1.554841
23.530000,-0.062397,0.606946,-0.265460
23.535000,-0.763711,0.136972,-0.034423
23.540000,0.466194,-0.750664,0.521145
23.545000,1.219083,0.395239,0.460621
23.550000,-0.118537,0.477093,0.550007
23.555000,-1.104433,-0.633254,1.493270
23.560000,0.483110,-0.319511,0.464190
23.565000,-0.684629,0.316610,1.038760
23.570000,-0.726336,-0.374725,0.689336
23.575000,-0.030155,-1.119207,0.192477
23.580000,0.267177,1.060228,0.232410
23.585000,-0.028741,1.271270,-1.220057
23.590000,-1.429515,-0.425144,-0.489697
23.595000,-0.429105,-0.163509,-1.608981
23.600000,0.860842,0.646029,0.521101
23.605000,-1.275716,0.415663,0.155594
23.610000,-0.856808,-0.294245,1.322969
23.615000,0.693407,-1.206451,-0.930665
23.620000,0.792832,0.411447,-0.481263
23.625000,1.114029,-0.730616,0.570893
23.630000,0.280881,0.371452,-0.655465
23.635000,-0.401772,1.240225,-0.410898
23.640000,0.610646,0.745487,-0.077290
23.645000,0.895915,0.303268,1.144340
23.650000,-0.581004,-1.044458,0.006969
23.655000,-0.828904,-0.785875,-1.637549
23.660000,0.085871,-0.012987,-0.345504
23.665000,-0.353340,1.054219,0.109587
23.670000,-1.416431,-0.004929,-0.041489
23.675000,-0.454516,-0.072192,-0.578526
23.680000,0.659827,0.254748,0.230456
23.685000,0.192875,1.308757,-0.622623
23.690000,1.031364,0.557999,-0.365940
23.695000,0.294652,-0.907279,-1.306732
23.700000,0.341173,0.531606,0.994952
23.705000,0.180665,0.049128,0.361971
23.710000,0.906183,-1.366049,0.204035
23.715000,-0.733425,-0.294463,-0.136878
23.720000,0.171994,-1.111297,0.261377
23.725000,0.088907,1.007204,1.289732
23.730000,-1.039938,0.481950,-1.330555
23.735000,0.363231,-1.285202,-1.828502
23.740000,0.514493,0.392653,-0.616003
23.745000,0.430866,1.084039,1.823503
23.750000,0.006077,-0.098068,-0.555645
23.755000,-0.852561,-1.539954,0.478136
23.760000,-0.212326,-0.547887,-0.242835
23.765000,-0.566668,1.443824,-0.496639
23.770000,0.887354,-0.606387,-0.579333
23.775000,-1.286690,-0.210389,0.245605
23.780000,0.640898,0.100129,-0.722636
23.785000,1.472651,0.722302,0.277803
23.790000,0.152311,-0.437342,0.739145
23.795000,-0.329321,0.842721,-1.629160
23.800000,0.666694,0.118219,-0.296758
23.805000,-0.003005,1.365495,0.335913
23.810000,1.217537,0.454921,-0.519028
23.815000,-0.461726,-0.074732,-0.101031
23.820000,1.004449,0.582685,0.065272
23.825000,0.716578,0.338103,0.114573
23.830000,1.253908,-0.796682,0.055724
23.835000,-0.551952,-0.896273,-1.037920
23.840000,-0.597046,1.517131,-0.094858
23.845000,0.514806,-0.221007,-0.179552
23.850000,0.751173,0.699666,-0.063247
23.855000,-0.648762,1.255228,-0.841678
23.860000,1.471233,0.251840,0.754942
23.865000,0.509546,-0.189540,0.431969
23.870000,0.088667,-1.064420,-1.541570
23.875000,-0.491889,-0.563166,1.173379
23.880000,0.343993,0.010862,-0.580142
23.885000,1.353941,0.053287,-0.448957
23.890000,-1.123056,0.344657,-1.232217
23.895000,0.114834,-1.012433,-0.513951
23.900000,0.335709,0.601526,-0.022525
23.905000,0.546077,0.456927,0.245233
23.910000,-1.034327,-0.749350,0.694309
23.915000,1.352087,-1.115473,-0.087473
23.920000,-0.214839,0.440604,0.283942
23.925000,0.163751,1.654263,0.041532
23.930000,-0.275412,0.080555,0.202681
23.935000,-1.252468,-1.160319,-0.635423
23.940000,0.256356,0.133541,0.781329
23.945000,0.250151,0.572897,-0.097726
23.950000,-0.328105,-1.371533,-0.430228
23.955000,-0.539519,-0.582509,-1.166489
23.960000,0.958579,-0.183688,0.868671
23.965000,-0.560929,0.313671,-0.525186
23.970000,-0.037752,1.044980,0.334410
23.975000,-1.355871,-0.785630,1.257316
23.980000,0.347413,-0.491980,-0.346880
23.985000,1.032742,0.067685,0.502018
23.990000,0.083730,-1.120986,-0.781136
23.995000,0.403469,-0.947344,-0.463675
24.000000,-0.496425,0.387374,-0.281306
24.005000,1.330324,1.790769,0.729916
24.010000,-0.668580,-1.256515,-0.294357
24.015000,-0.309084,-0.853289,0.258152
24.020000,0.024816,-0.461506,-1.079979
24.025000,0.628530,0.483919,0.506859
24.030000,0.147321,-0.818818,-0.798655
24.035000,0.171978,0.126024,0.734824
24.040000,1.128992,-0.008677,-0.108107
24.045000,-0.456909,1.210973,0.129101
24.050000,-0.703096,-0.206588,-0.890400
24.055000,-0.138475,-0.508878,-1.921587
24.060000,-0.351552,-1.035240,-0.049758
24.065000,0.352006,1.218285,0.905345
24.070000,0.604488,-0.910538,0.086855
24.075000,-0.262616,-1.350774,-0.393886
24.080000,-0.083076,-0.626628,0.262595
24.085000,0.973661,0.829126,0.435367
24.090000,1.084474,0.901096,0.126287
24.095000,-0.030579,-2.562364,-0.284065
24.100000,0.287695,-1.040334,0.434166
24.105000,-0.659174,-0.325275,1.228075
24.110000,1.124882,-0.681000,-0.233072
24.115000,-1.417582,-0.527926,0.396351
24.120000,0.501992,0.483558,-0.485270
24.125000,1.692803,1.686746,1.387270
24.130000,-0.162688,0.528991,-1.473843
24.135000,-0.422785,0.287236,-0.480269
24.140000,-0.355754,1.512772,0.114615
24.145000,-0.054593,1.364658,0.660123
24.150000,-0.037436,-0.993250,0.540452
24.155000,0.185419,-1.516775,-1.455045
24.160000,-0.331077,-0.124052,0.550909
24.165000,0.700011,0.998933,0.441237
24.170000,0.951543,-0.291821,-1.088085
24.175000,-0.623090,0.203671,-0.776228
24.180000,0.974689,0.436977,0.468147
24.185000,0.229133,0.740597,-0.635284
24.190000,-0.273664,0.195439,-0.439323
24.195000,-0.328993,-0.370257,-0.579452
24.200000,1.166667,-0.453278,1.247339
24.205000,0.581026,0.505476,0.062706
24.210000,0.540148,1.144616,0.649372
24.215000,-0.128273,0.243510,-0.674118
24.220000,-0.402644,-0.147279,0.899690
24.225000,0.424301,-0.196847,0.563427
24.230000,0.627345,-0.049653,1.493926
24.235000,0.471170,-1.157841,-0.316627
24.240000,-0.588605,-0.553973,0.366179
24.245000,0.633661,0.394142,-0.559951
24.250000,0.163420,0.382661,-0.140342
24.255000,0.136355,-1.185431,1.175746
24.260000,0.024453,-0.921771,-0.370213
24.265000,-0.265304,1.177311,0.559468
24.270000,0.034459,1.298890,-0.196030
24.275000,0.607414,-0.468203,-1.347714
24.280000,-1.322975,1.686296,0.150898
24.285000,-0.113377,1.344844,0.556680
24.290000,-2.085375,1.021358,0.319726
24.295000,-0.555022,-1.491836,0.523052
24.300000,0.508383,0.564736,0.757948
24.305000,0.591530,1.639292,0.280679
24.310000,0.474558,-0.603415,-1.123009
24.315000,0.718206,-0.246896,0.453833
24.320000,-1.017834,-0.703597,-0.050384
24.325000,1.403948,-0.026048,0.666068
24.330000,0.691450,-0.705823,-0.489145
24.335000,-1.219043,-0.083984,0.194427
24.340000,-0.094704,1.765204,-0.990923
24.345000,-0.941416,0.380164,1.794109
24.350000,-0.454291,-0.935604,1.035139
24.355000,-1.101491,-0.812012,-1.111857
24.360000,0.439751,0.861641,-0.874464
24.365000,-0.293449,1.317540,0.086551
24.370000,-1.098965,-0.760114,-0.713089
24.375000,0.215444,-0.582184,0.411118
24.380000,0.611928,-0.293528,0.231737
24.385000,0.623374,0.308884,0.656093
24.390000,-1.002710,0.776031,-0.273138
24.395000,-0.345437,0.119114,-0.841349
24.400000,-0.714510,0.208670,-0.331146
24.405000,0.027464,0.162149,1.023874
24.410000,0.082573,-0.984225,-0.801347
24.415000,0.547629,-0.239920,-0.529002
24.420000,-0.869427,-0.807061,-0.347461
24.425000,0.960740,-0.129346,0.078271
24.430000,-0.724399,-1.012727,-0.394131
24.435000,-0.392074,-0.546511,-0.105665
24.440000,0.250641,0.281951,0.411866
24.445000,0.593979,0.317784,0.314644
24.450000,-0.082963,-0.220132,1.025806
24.455000,0.147341,0.039926,-1.102509
24.460000,0.629360,0.294462,0.762703
24.465000,-0.236274,0.971354,0.697833
24.470000,-0.171171,0.444935,1.363524
24.475000,0.303164,-0.923463,-1.074801
24.480000,0.113434,0.399867,0.010794
24.485000,2.225335,1.669059,-0.259707
24.490000,-0.016334,-1.031151,1.858681
24.495000,-1.035098,-0.662813,-0.351051
24.500000,-0.628537,-0.503765,0.466321
24.505000,1.308580,1.752371,1.914934
24.510000,0.560071,-0.577522,0.614841
24.515000,0.464437,-0.952822,-0.455512
24.520000,-0.162289,-0.298000,-0.118417
24.525000,-0.589570,0.064674,-0.408902
24.530000,0.032472,0.274064,-0.407607
24.535000,0.368777,-1.805889,-0.073005
24.540000,-0.963961,0.981294,0.035819
24.545000,0.210083,-0.219457,0.619809
24.550000,0.948469,0.718899,0.955198
24.555000,0.263757,-0.399436,-0.287104
24.560000,-0.437776,1.232833,-1.199941
24.565000,-0.656555,0.557696,0.060681
24.570000,0.598114,-0.883945,-1.301985
24.575000,-0.007814,-0.949202,-1.800237
24.580000,0.224058,-0.961383,-0.514720
24.585000,1.737270,0.632722,-0.571933
24.590000,-0.386275,-0.749124,-0.352448
24.595000,-0.469408,-0.619098,-0.555018
24.600000,1.901911,-0.178234,0.740823
24.605000,0.529194,-0.050271,1.523315
24.610000,-0.491467,-0.997412,0.215996
24.615000,0.028290,-0.832640,-0.857247
24.620000,0.406835,-0.970401,0.055096
24.625000,0.685471,0.733162,0.969959
24.630000,-0.691190,-0.125898,-0.613905
24.635000,-0.309896,-0.174291,0.789252
24.640000,0.422527,-0.857390,1.338103
24.645000,0.285048,0.993776,2.018070
24.650000,-0.406006,0.848518,0.747944
24.655000,-1.581839,-0.976118,-0.031574
24.660000,0.564262,0.409391,1.220808
24.665000,0.511637,0.316294,-0.051827
24.670000,-0.677987,0.405704,-0.734825
24.675000,-0.092832,-1.225091,-0.355469
24.680000,0.673055,-0.078510,-0.072374
24.685000,-0.217829,-0.729448,0.087293
24.690000,0.068706,-0.006629,0.071659
24.695000,-0.201903,-0.224707,-0.385859
24.700000,-0.370972,-0.167155,0.157401
24.705000,-0.058605,1.510271,0.850647
24.710000,-0.734324,0.250162,-0.774429
24.715000,-0.146138,0.720898,0.624546
24.720000,0.977807,0.767706,-0.034293
24.725000,0.895979,1.025919,-0.263340
24.730000,-0.759222,0.544232,-0.488455
24.735000,-0.495472,-0.327261,-0.956167
24.740000,0.107535,0.381683,0.883190
24.745000,1.324696,-0.010596,1.135242
24.750000,-0.666167,-0.776394,-0.730926
24.755000,-0.541398,-0.694826,-1.460900
24.760000,1.219000,0.266983,-0.586961
24.765000,0.733439,0.683914,2.090959
24.770000,1.160012,-0.992584,-0.271013
24.775000,-0.252883,-0.166143,-0.148783
24.780000,0.312907,-0.766575,0.321559
24.785000,0.909846,-0.513803,-0.592146
24.790000,0.597223,-0.821586,-1.005921
24.795000,-1.079377,-0.037874,-0.663542
24.800000,1.346391,-0.239331,1.066703
24.805000,0.963048,1.309932,0.056310
24.810000,0.138835,0.155008,-0.466629
24.815000,-1.556391,-0.257085,-0.474171
24.820000,0.951908,0.622983,1.641117
24.825000,-0.325271,-0.004673,0.332014
24.830000,-0.020738,0.231809,-1.041452
24.835000,0.611101,-1.546533,-0.278312
24.840000,0.560017,0.031655,-0.507117
24.845000,0.593394,1.851117,0.405336
24.850000,-0.183670,-0.166134,-0.360620
24.855000,0.103160,-0.608752,-0.248008
24.860000,1.274900,0.542934,0.477845
24.865000,1.107346,0.503847,0.704990
24.870000,-0.261179,0.575828,-0.742185
24.875000,0.319776,0.184671,-0.311739
24.880000,1.119915,1.059976,-1.299908
24.885000,0.056046,-0.149207,-1.021992
24.890000,-0.691456,-0.911046,-1.786016
24.895000,-0.693737,-0.619556,0.789824
24.900000,0.542990,-0.578033,0.387429
24.905000,1.226951,1.091443,-0.455528
24.910000,-1.012659,-0.148840,-0.328354
24.915000,-0.640299,-0.753417,-0.850355
24.920000,-0.311316,-0.013532,0.002326
24.925000,1.246066,1.761759,0.379783
24.930000,0.438490,0.018759,0.011391
24.935000,-0.106450,0.767117,-0.356337
24.940000,-0.617181,0.075966,0.402185
24.945000,1.190408,0.726576,-0.298939
24.950000,-0.435693,-0.598048,-2.130531
24.955000,-0.292902,0.082737,0.173645
24.960000,0.176194,0.067993,-1.055126
24.965000,1.229727,0.113898,1.168767
24.970000,-0.417912,-1.651296,-0.403221
24.975000,0.437333,-0.818088,0.023782
24.980000,-0.552148,-1.296098,-0.168910
24.985000,0.640444,1.553139,-0.040328
24.990000,0.840071,-0.543196,-0.714045
24.995000,-0.240027,-0.009349,0.064098
25.000000,0.130141,0.212400,-0.741592
25.005000,0.650476,1.632500,0.683130
25.010000,-0.259754,0.428979,-0.931237
25.015000,-0.046672,-1.518751,-1.013522
25.020000,-0.201858,0.077532,-0.007758
25.025000,1.261680,-0.813485,0.349785
25.030000,0.341738,-1.234164,0.051598
25.035000,-0.485036,-0.047761,-0.566906
25.040000,-0.775295,1.144108,-0.806359
25.045000,-0.181548,0.105842,-0.211360
25.050000,0.067925,0.718344,-0.723476
25.055000,-0.226665,-0.641246,-0.097182
25.060000,-0.087636,0.700162,1.310505
25.065000,0.468616,0.156529,0.229979
25.070000,-0.275298,-0.572399,-0.180523
25.075000,-0.054221,-0.092064,0.104086
25.080000,-0.210688,0.043685,-0.301061
25.085000,-0.991652,0.704254,1.018502
25.090000,1.182562,0.768139,0.619298
25.095000,-0.516381,0.476636,-2.259653
25.100000,0.966832,-0.718147,1.321795
25.105000,-0.212516,-0.547304,0.225102
25.110000,-0.312806,0.552114,0.312544
25.115000,-1.477783,-1.171422,-0.975902
25.120000,-0.472594,0.429833,-0.776672
25.125000,-0.540416,-0.703521,1.544355
25.130000,0.317821,-0.568871,0.867962
25.135000,-0.496630,-1.400262,-0.618616
25.140000,-0.540512,0.154954,0.023480
25.145000,0.642317,-0.284656,-0.317777
25.150000,0.222514,-1.082387,-0.676582
25.155000,-1.893436,-0.250878,0.251124
25.160000,0.375856,-0.365408,0.311900
25.165000,0.419024,1.805327,0.400982
25.170000,-0.308097,0.227611,0.354536
25.175000,-0.128061,0.643828,-2.541373
25.180000,-0.423937,-0.362773,0.933401
25.185000,0.612128,-0.507920,0.478347
25.190000,-0.856385,-1.185154,0.437689
25.195000,-0.150832,-0.091120,-0.978968
25.200000,-0.854835,0.418628,0.953468
25.205000,0.501099,-0.213719,1.163531
25.210000,1.227333,0.689287,-0.932599
25.215000,0.605779,-0.917121,-1.113286
25.220000,1.030926,-0.739682,1.532832
25.225000,-0.287494,0.155538,-0.563996
25.230000,0.266267,-1.111178,-0.262227
25.235000,0.216420,-0.168591,-0.850428
25.240000,0.902400,-0.619210,-0.163303
25.245000,-0.973650,-0.269629,0.134119
25.250000,0.256373,-0.728436,-0.237493
25.255000,-0.337524,0.082860,-0.089349
25.260000,-0.509447,0.800973,-1.281644
25.265000,-0.988220,-0.481900,0.647231
25.270000,-0.330243,0.009114,-0.343245
25.275000,0.695310,-0.856758,-1.145050
25.280000,0.008840,-1.156735,-0.983387
25.285000,1.875622,1.399220,-0.065149
25.290000,-1.072638,0.734437,-1.133831
25.295000,-0.705359,-1.065172,0.765109
25.300000,0.021211,1.601558,-0.005640
25.305000,0.423037,0.347685,1.213179
25.310000,0.522436,-0.794113,-0.031656
25.315000,0.886135,-0.549204,-1.195518
25.320000,0.191351,-0.307731,-0.841464
25.325000,-0.222476,-0.819494,0.246613
25.330000,0.516988,0.213618,0.418549
25.335000,-0.183100,-0.144159,-0.392938
25.340000,-0.179299,0.032306,0.490117
25.345000,0.315481,0.057006,1.547212
25.350000,0.186936,0.330705,-0.727959
25.355000,0.993472,-0.807708,0.042092
25.360000,-0.144389,0.154462,1.003365
25.365000,-0.223547,0.807066,0.320682
25.370000,0.220192,0.283414,0.099951
25.375000,-0.224596,-0.192196,0.623094
25.380000,0.175083,0.298829,-0.761941
25.385000,-1.026412,-0.154871,0.569931
25.390000,0.803678,-0.163229,-0.257107
25.395000,0.843401,0.377933,-1.038589
25.400000,-0.003771,0.345969,0.649761
25.405000,1.092746,0.236549,0.325709
25.410000,0.320218,-0.437490,0.440594
25.415000,-0.501140,-0.197870,-0.352330
25.420000,-0.273920,-0.704964,-0.961175
25.425000,0.586091,-0.280380,0.106672
25.430000,0.070405,-0.257256,-0.213105
25.435000,0.747377,-0.148983,0.012771
25.440000,-0.158832,-0.318039,0.258986
25.445000,0.085320,0.418386,0.173401
25.450000,-0.754164,0.122215,-0.890765
25.455000,-0.876381,-0.781420,-1.191079
25.460000,-0.270407,0.107587,-0.286043
25.465000,0.303864,-0.701155,0.164525
25.470000,1.108740,-0.701231,-0.331501
25.475000,-0.289222,0.187519,0.646097
25.480000,-0.619297,0.927660,0.177526
25.485000,1.265047,-1.503927,0.292671
25.490000,0.416700,-0.188260,-0.637090
25.495000,-0.037911,-0.525140,-0.110434
25.500000,0.176701,0.235825,-0.343142
25.505000,0.410861,1.216706,0.262148
25.510000,0.134485,-0.235119,0.896391
25.515000,-0.198799,-0.789283,0.320235
25.520000,-0.268537,-0.325926,-0.674660
25.525000,-0.122697,-1.077844,1.133666
25.530000,0.230073,0.363833,0.043687
25.535000,0.300916,-0.934763,-0.932571
25.540000,0.083524,-0.345182,0.336369
25.545000,0.234818,0.573387,0.485352
25.550000,0.595490,0.712867,0.748941
25.555000,-1.179931,-1.000863,-0.158955
25.560000,-0.282686,-0.304123,-1.392857
25.565000,-0.591221,-0.419661,1.125096
25.570000,-0.868672,-0.623365,0.276488
25.575000,-0.098257,0.647135,-0.222426
25.580000,-0.166361,0.396337,1.144314
25.585000,1.270907,-0.655291,0.608194
25.590000,0.209256,-0.075296,0.267288
25.595000,0.551137,-0.638448,-0.264054
25.600000,-0.167110,-0.674818,0.670923
25.605000,0.261681,1.292517,-0.100994
25.610000,-0.950470,0.344057,-0.150976
25.615000,-0.815754,-0.858228,0.369608
25.620000,0.336321,0.559318,-0.435100
25.625000,1.425561,-1.419344,0.044613
25.630000,0.708470,0.135694,-1.246015
25.635000,-0.562669,0.429766,-0.101718
25.640000,-0.649885,0.729293,1.124276
25.645000,1.363936,0.952123,-0.709559
25.650000,0.453789,-0.704530,-0.624037
25.655000,-0.241065,0.585827,-0.560200
25.660000,-0.542087,0.906813,-0.020436
25.665000,1.897420,0.662605,-0.070648
25.670000,0.213666,-0.992405,-1.561094
25.675000,1.197618,-0.913994,0.408066
25.680000,-0.151037,0.846269,-0.402549
25.685000,0.639567,0.564214,-0.548893
25.690000,-0.204614,-0.075889,-0.554263
25.695000,-0.160801,-0.500744,0.396210
25.700000,-0.497072,-0.332924,0.923645
25.705000,0.061275,0.376207,-0.340594
25.710000,0.529322,0.499781,-0.680614
25.715000,0.496485,-0.156648,0.369012
25.720000,-0.508438,1.400267,-0.058034
25.725000,1.343394,0.767218,0.659187
25.730000,-1.268812,0.256529,0.637965
25.735000,0.088858,-0.224004,-1.044921
25.740000,0.615210,-0.035651,1.419737
25.745000,1.328842,1.589754,-0.447090
25.750000,-0.225441,0.012878,-0.067668
25.755000,-0.786393,-1.209112,-0.190975
25.760000,0.377671,0.059939,1.117629
25.765000,0.538772,0.323779,0.417998
25.770000,-0.535154,-0.129539,-0.202594
25.775000,0.110035,-0.642265,-0.843677
25.780000,0.011340,-1.163996,-0.331957
25.785000,0.857781,-1.092564,0.892543
25.790000,-0.485199,-0.796641,-0.626610
25.795000,-0.152828,0.434785,-1.109006
25.800000,0.497357,1.807170,0.859615
25.805000,0.710410,1.171232,0.670758
25.810000,0.527585,-0.628390,0.275652
25.815000,-0.529342,0.354551,-0.801829
25.820000,0.226837,-0.001585,-0.100323
25.825000,0.204907,0.638049,-1.721866
25.830000,-0.360769,-1.065796,0.000713
25.835000,0.196315,-0.623577,0.370657
25.840000,0.415318,-0.283134,-0.141135
25.845000,0.663113,-0.033523,-0.028745
25.850000,1.113597,0.535430,-0.453151
25.855000,-0.180337,-0.020768,0.733102
25.860000,-0.058132,1.412244,0.749751
25.865000,-0.647480,-0.162498,0.928520
25.870000,-0.979148,-1.485395,-0.570690
25.875000,0.367263,-0.541771,-0.652037
25.880000,-1.040013,-0.453015,0.038832
25.885000,0.249484,0.890009,-0.604499
25.890000,0.201382,0.087365,-0.725910
25.895000,-0.570441,-0.037772,-1.765781
25.900000,1.446844,0.979593,-0.142635
25.905000,-0.057027,0.434916,0.732315
25.910000,1.057519,-0.397370,0.610154
25.915000,-0.562268,-1.168679,-0.794682
25.920000,0.390414,0.456206,0.530083
25.925000,0.629580,0.990762,0.859299
25.930000,-0.852167,-0.432589,-1.091249
25.935000,-0.524202,0.412179,-1.407463
25.940000,-0.873609,-0.731690,1.275697
25.945000,-0.310214,0.552438,0.415048
25.950000,0.271584,0.291753,-1.138956
25.955000,-0.217901,-1.022669,0.194765
25.960000,0.131091,-0.588635,-0.848218
25.965000,1.028309,1.001915,0.102638
25.970000,0.589906,-0.946473,0.456050
25.975000,-1.001740,1.201022,-0.944219
25.980000,0.878940,-0.449829,-0.317320
25.985000,1.874041,0.642009,1.436559
25.990000,0.586551,0.412128,-0.216286
25.995000,-1.056903,-0.343619,-0.658885
26.000000,-0.812560,1.183857,-0.257453
26.005000,0.334481,1.354469,0.643190
26.010000,-0.222116,0.628835,-0.590103
26.015000,-0.315115,-0.220957,0.004204
26.020000,0.068694,0.572909,0.194707
26.025000,-0.355920,-0.432525,0.265377
26.030000,-0.377796,-0.321475,-1.361254
26.035000,-0.965768,-0.742844,-0.867353
26.040000,0.803270,0.785508,0.435039
26.045000,-0.032252,1.615809,0.056997
26.050000,0.163233,-0.980748,-0.684348
26.055000,0.060343,0.003601,-1.014043
26.060000,-0.764481,0.825836,1.179431
26.065000,0.393383,-0.426915,-0.333905
26.070000,0.461114,0.121459,0.009248
26.075000,0.539296,-0.876396,-1.034182
26.080000,-0.761132,0.728726,-0.139990
26.085000,0.862690,-0.248641,-1.186357
26.090000,0.616601,-0.394195,0.295692
26.095000,-1.392838,0.049155,-1.462127
26.100000,0.214381,-1.053085,-1.434874
26.105000,0.216461,0.184612,0.319599
26.110000,-0.147046,0.057009,0.483558
26.115000,-0.383806,1.298233,-0.842811
26.120000,0.903770,-0.694573,0.202528
26.125000,0.325529,0.504266,-0.184088
26.130000,-0.413911,-0.224823,0.324450
26.135000,-0.043284,-0.523381,-0.444456
26.140000,0.767857,0.701086,-0.270808
26.145000,-0.680581,0.102502,0.856639
26.150000,0.573413,-0.232048,-0.614504
26.155000,-1.658806,-0.174038,0.116032
26.160000,0.597827,2.055687,0.234394
26.165000,0.854715,-0.225847,0.339310
26.170000,-0.691047,0.433672,-0.758118
26.175000,0.593641,-0.750868,-0.426801
26.180000,0.382354,-0.067172,0.111636
26.185000,0.683310,1.122339,-0.062460
26.190000,-0.091071,1.104813,0.435337
26.195000,-0.387676,-0.340468,-0.328999
26.200000,-1.029118,0.585127,1.311670
26.205000,0.715917,0.012830,-0.295922
26.210000,-0.269515,-0.535464,-1.336004
26.215000,0.179782,-0.917536,1.430618
26.220000,-0.449917,-0.093777,-0.801865
26.225000,0.539122,0.269889,2.596482
26.230000,0.480622,-1.112741,0.677660
26.235000,-2.010257,-0.681902,0.259046
26.240000,-0.318881,-0.071320,1.225519
26.245000,0.101714,2.476527,1.132393
26.250000,-0.525781,-1.555170,-1.031623
26.255000,0.213003,-0.137748,-1.212800
26.260000,-0.680558,-0.197525,0.031138
26.265000,1.414713,-0.030417,0.651787
26.270000,-1.357926,0.548112,0.646236
26.275000,-1.636836,-0.155767,0.018371
26.280000,1.008727,0.616842,0.720328
26.285000,0.626570,-0.937938,0.152341
26.290000,0.711528,-1.106671,-0.470522
26.295000,-1.330944,-0.367655,-0.965389
26.300000,-0.699477,0.734940,-0.361483
26.305000,0.067208,0.460778,-0.274709
26.310000,-0.454684,-0.450636,0.815295
26.315000,0.262313,0.593210,-0.817258
26.320000,0.597111,0.099402,0.658671
26.325000,1.039684,0.371715,0.457935
26.330000,-1.049257,0.734116,-0.127299
26.335000,0.250130,-0.709435,-0.918941
26.340000,-0.646056,0.194329,0.402286
26.345000,-1.459668,0.626425,-0.021896
26.350000,-0.661142,0.383368,-0.737010
26.355000,-0.170058,-0.703818,-0.795726
26.360000,0.471001,0.137925,-0.759420
26.365000,1.315495,0.963497,-0.153884
26.370000,0.432796,-1.502436,-1.060306
26.375000,1.247345,-0.402046,-0.673470
26.380000,0.943331,0.680984,-0.454372
26.385000,-0.320053,0.605135,0.895562
26.390000,-0.886984,-0.171767,-0.948502
26.395000,0.299980,-0.452549,-0.036012
26.400000,-0.190573,-0.430033,-0.031650
26.405000,0.443663,1.500021,1.873465
26.410000,0.123299,-1.207207,-0.066291
26.415000,-0.035616,0.047265,0.327871
26.420000,-0.715289,-0.739361,-0.359730
26.425000,0.656690,-0.689623,-0.069476
26.430000,-0.040013,-0.194549,-0.114660
26.435000,-0.168787,-1.543319,-0.205740
26.440000,-0.046683,0.149370,-0.030276
26.445000,1.337879,0.144636,0.228854
26.450000,0.847921,-0.968292,-0.739318
26.455000,-0.928035,0.086378,-0.258160
26.460000,0.339490,-0.312057,2.232614
26.465000,0.385617,0.866456,1.239003
26.470000,-0.756688,-0.346471,-1.587107
26.475000,-0.340613,0.077169,-0.752312
26.480000,-0.240994,1.448898,-0.460651
26.485000,1.726915,-0.193791,0.100141
26.490000,-0.259394,0.004148,0.803564
26.495000,-0.011360,-1.755297,0.424250
26.500000,-0.521613,-0.220407,-0.440570
26.505000,0.813856,1.615935,0.822866
26.510000,0.989515,0.074799,0.178589
26.515000,-1.091204,0.356980,0.640197
26.520000,1.052912,-0.201322,0.093739
26.525000,0.588124,1.016319,0.615952
26.530000,-0.999402,-0.695563,-0.043349
26.535000,0.421016,-1.099622,0.708375
26.540000,0.236138,0.169472,0.087764
26.545000,0.738254,0.684660,0.121830
26.550000,-0.081880,-0.521784,-1.357329
26.555000,-0.851031,0.577319,-0.422632
26.560000,0.873467,-0.896744,1.995953
26.565000,0.364149,0.719672,-1.053207
26.570000,0.043435,-0.875207,-0.007130
26.575000,-1.039138,-0.834333,0.428707
26.580000,0.881430,-0.125789,-0.328931
26.585000,0.123102,0.441601,0.200379
26.590000,-0.754119,-1.021021,0.455387
26.595000,-0.782624,1.065297,-0.817123
26.600000,-0.200317,0.273027,0.636747
26.605000,0.440019,0.969593,-0.798298
26.610000,0.529895,0.097053,-1.971783
26.615000,1.113434,0.143007,-0.827954
26.620000,0.108888,0.400364,0.335242
26.625000,1.083478,0.263710,-0.754421
26.630000,-0.667819,0.402727,-0.981762
26.635000,-0.899844,-1.230073,-0.482157
26.640000,1.079097,0.314478,0.397926
26.645000,0.648603,-0.015296,1.468917
26.650000,0.208967,-1.157429,0.674018
26.655000,-0.775145,-0.216463,-0.797038
26.660000,-0.888852,-0.291176,-0.628852
26.665000,1.927215,1.899119,-1.187209
26.670000,0.693246,-0.457874,-0.592542
26.675000,-1.217701,-0.701878,-0.065413
26.680000,-0.670135,-0.635880,1.190815
26.685000,0.070601,0.630351,-0.157443
26.690000,0.837052,-1.454397,-0.084262
26.695000,0.090845,-1.886885,-1.248451
26.700000,-0.846065,-0.528928,-0.045684
26.705000,1.005716,-0.653321,0.578138
26.710000,-0.106266,0.873276,-0.054443
26.715000,-0.389052,-0.296262,-0.667973
26.720000,0.103534,-0.540356,0.076043
26.725000,1.465940,0.252971,0.082895
26.730000,0.261718,0.713091,0.716381
26.735000,-0.269071,-0.012055,-0.153811
26.740000,0.074592,-0.347438,-0.902177
26.745000,0.755450,0.362114,0.515828
26.750000,0.155120,1.168094,-0.686007
26.755000,0.547185,-0.461532,-0.635741
26.760000,0.156396,-0.953403,0.902740
26.765000,-0.282732,0.433734,-0.418254
26.770000,-0.320230,-0.228716,0.657151
26.775000,1.023982,-1.165405,-0.337481
26.780000,0.194277,-0.742453,1.136860
26.785000,0.313589,0.189754,-0.072828
26.790000,-1.041852,-0.358445,-0.769089
26.795000,0.280962,-0.950643,-0.999719
26.800000,0.758618,-0.550265,0.536704
26.805000,1.203789,0.398102,0.536865
26.810000,-0.358873,0.680895,-1.121265
26.815000,-0.499260,-0.035793,-0.984867
26.820000,-0.039010,-0.242881,0.475638
26.825000,0.197781,0.136360,-0.969918
26.830000,0.285908,-1.230747,0.679183
26.835000,-0.303523,-0.358544,-0.177936
26.840000,1.282237,-0.292222,0.089608
26.845000,1.631308,-0.491711,-0.053118
26.850000,0.089494,-0.528764,-0.212458
26.855000,0.193650,-1.133190,-1.605500
26.860000,-0.921114,-0.572568,0.367146
26.865000,-0.429069,-0.334771,0.668094
26.870000,-0.181303,-0.974299,-0.956743
26.875000,-1.381487,0.214422,-0.483739
26.880000,1.311816,-0.640539,-0.257553
26.885000,-0.359998,0.057310,0.413782
26.890000,-1.115672,1.422863,0.145785
26.895000,0.535184,-0.297425,-1.239332
26.900000,-0.244910,-0.297925,1.626116
26.905000,0.087913,0.567140,-0.930251
26.910000,0.511790,-0.110253,0.116493
26.915000,-0.253722,0.064045,-1.725799
26.920000,-0.794127,0.108392,0.558142
26.925000,0.333238,1.265709,0.018211
26.930000,0.718740,-0.576266,-0.305725
26.935000,-0.992501,-2.070153,-0.445999
26.940000,0.232916,1.186439,-0.439536
26.945000,0.635810,1.638917,0.738625
26.950000,-0.253856,0.864265,0.360405
26.955000,-0.530702,-0.253590,-0.584410
26.960000,-0.680639,0.155429,0.926109
26.965000,-0.191149,0.201617,-0.184840
26.970000,0.689305,-0.448452,-0.173448
26.975000,0.910525,-0.297846,-0.160580
26.980000,-0.237604,0.725052,0.773629
26.985000,1.183520,0.684285,1.388341
26.990000,1.835085,-0.305269,-0.723330
26.995000,-0.835952,-0.413838,0.426013
27.000000,0.524208,-0.500729,0.468191
27.005000,1.925061,-0.105295,0.472037
27.010000,0.859525,-0.777920,0.251855
27.015000,-1.375783,0.602486,-0.430145
27.020000,-0.828512,0.454762,0.369066
27.025000,1.501072,-0.494201,0.167302
27.030000,1.068244,0.032104,0.682604
27.035000,-0.517932,-1.014121,-0.874483
27.040000,0.349996,-0.201206,-0.074686
27.045000,0.498712,0.987313,0.664434
27.050000,0.231694,-0.879670,0.977232
27.055000,-1.192850,0.814120,-0.322584
27.060000,-0.070909,-1.207476,-0.438706
27.065000,-0.710680,-0.343080,0.963030
27.070000,0.540311,-0.201565,-0.524338
27.075000,-0.480915,0.069915,-1.390515
27.080000,0.449020,-0.386578,-0.351501
27.085000,0.630731,0.787593,0.073832
27.090000,-1.456602,0.336019,-0.957085
27.095000,0.030549,0.108234,-0.035404
27.100000,-0.761046,-0.112777,-0.245051
27.105000,-0.404247,-0.291814,0.519656
27.110000,0.258488,-1.188824,0.005513
27.115000,-0.376060,-0.826699,-0.807849
27.120000,-0.027384,0.046283,-0.514270
27.125000,0.013075,0.243696,1.061987
27.130000,-0.178501,-1.629827,-0.230148
27.135000,0.836203,0.155474,0.577322
27.140000,-1.484672,1.073811,-0.231154
27.145000,0.420826,0.142488,0.828680
27.150000,0.991165,-0.358642,-0.455210
27.155000,-1.020414,-0.890888,-0.402358
27.160000,-0.622691,-0.004502,-0.137015
27.165000,0.126296,0.564394,0.122770
27.170000,-1.235126,-0.674939,-0.102534
27.175000,-0.218060,0.526374,-0.502610
27.180000,-0.945475,1.844225,0.080871
27.185000,0.252439,0.354774,1.649451
27.190000,0.735956,0.834287,0.340941
27.195000,-1.371382,-0.242041,-1.489582
27.200000,-0.049683,-0.288434,0.186250
27.205000,-0.907929,0.238935,0.078362
27.210000,0.669204,-0.430953,-0.215546
27.215000,-0.286885,-0.690044,-1.474760
27.220000,0.900147,-0.180178,1.433590
27.225000,1.060407,-0.590279,-0.036460
27.230000,-0.940359,-0.690929,0.188072
27.235000,0.734009,-0.160092,1.070302
27.240000,0.298323,-0.431609,0.135338
27.245000,1.241194,0.262775,1.683830
27.250000,0.052990,-0.626951,-1.532230
27.255000,-0.404543,-1.315881,-0.020164
27.260000,0.268199,-0.118415,1.464123
27.265000,0.064290,1.869171,0.775652
27.270000,-0.451855,0.599522,-0.400762
27.275000,-1.429718,-1.476272,-0.381443
27.280000,1.518956,0.092798,0.214070
27.285000,1.022003,0.506946,0.695669
27.290000,-0.668062,1.280430,-1.242483
27.295000,-1.179158,-0.393640,-0.799051
27.300000,0.240794,-0.122528,0.317610
27.305000,0.469556,0.271787,0.764968
27.310000,-1.071299,-0.807023,-0.731998
27.315000,-0.353503,0.241519,-0.352543
27.320000,-0.794372,0.346321,-0.169689
27.325000,0.539692,0.395798,0.643971
27.330000,-0.074656,-1.953996,-0.235490
27.335000,1.094172,-1.644527,-0.894269
27.340000,0.633217,-0.009106,0.215548
27.345000,-1.085882,0.313932,0.533464
27.350000,0.619254,-0.843400,-0.962426
27.355000,0.988855,0.276026,-1.089175
27.360000,-0.923492,0.996937,1.367391
27.365000,-0.180024,0.039868,0.858514
27.370000,-0.212149,0.345364,0.128416
27.375000,-0.881916,0.057142,-1.062090
27.380000,-0.552977,0.830839,-0.154619
27.385000,0.706241,2.011051,-0.354149
27.390000,0.742511,0.423745,-0.841302
27.395000,0.650659,-1.503517,-0.480585
27.400000,-0.432520,0.901085,0.068418
27.405000,-0.259614,0.051217,-1.452381
27.410000,1.029567,0.860529,-1.415242
27.415000,-0.083356,-0.069249,0.102803
27.420000,0.362239,0.732148,0.730615
27.425000,0.010762,1.244847,1.739296
27.430000,-1.040832,0.077304,-0.389812
27.435000,-0.913766,0.288947,-1.232576
27.440000,0.105938,1.065059,0.159918
27.445000,-1.187954,0.496913,0.409624
27.450000,1.004904,-0.162174,0.234796
27.455000,0.166268,-0.462586,0.141593
27.460000,-0.336102,0.361399,1.285777
27.465000,-0.140070,0.082233,0.602649
27.470000,-2.410378,-0.498425,0.506494
27.475000,-0.634789,-0.818320,-0.856346
27.480000,0.165212,-0.136796,0.293034
27.485000,1.408620,0.301334,0.780374
27.490000,-0.367716,0.518178,0.981402
27.495000,-0.860652,-0.775504,-1.573616
27.500000,-1.291645,0.128042,-0.547622
27.505000,1.339748,0.723989,-0.247363
27.510000,0.174006,-0.568889,-0.131022
27.515000,1.062425,-0.345770,-0.861507
27.520000,-0.216901,0.067532,0.375631
27.525000,0.364533,0.722966,-0.297201
27.530000,0.738290,-1.490607,1.002765
27.535000,0.183381,-1.074204,-0.328463
27.540000,-0.701881,-1.076760,0.169671
27.545000,1.046786,0.635295,0.834066
27.550000,0.398330,-1.181077,-0.544193
27.555000,-0.703028,-0.945398,-1.233439
27.560000,-0.398039,-0.348682,0.646742
27.565000,0.653034,0.593227,1.289559
27.570000,-0.618431,-0.135575,-0.370141
27.575000,-0.079982,-0.310527,-0.026938
27.580000,0.079129,-0.761009,0.082168
27.585000,3.321651,0.883529,1.129833
27.590000,-0.659792,-0.187193,-0.394153
27.595000,-1.803316,-0.395073,-1.121735
27.600000,-0.894176,-0.608867,2.430120
27.605000,1.240354,0.840485,1.104261
27.610000,-0.379965,-0.735652,0.809731
27.615000,-0.317171,0.725738,-1.022149
27.620000,0.688627,-0.758133,-0.485974
27.625000,0.250944,0.072275,-0.275099
27.630000,0.347530,0.470172,-0.321802
27.635000,-0.945635,-1.558468,-0.930079
27.640000,0.769760,-0.585833,-0.553166
27.645000,0.564386,0.345250,0.417675
27.650000,1.080698,0.648369,-0.616260
27.655000,-0.054963,-1.023774,0.049300
27.660000,0.814376,-1.008246,0.135229
27.665000,0.000469,-0.261661,0.240090
27.670000,0.472114,-0.712896,0.533403
27.675000,-0.176206,0.141203,0.612027
27.680000,0.203553,0.223992,0.569274
27.685000,1.487688,0.613222,1.213183
27.690000,0.420983,0.074424,-0.894538
27.695000,-0.860935,0.474786,-0.205897
27.700000,0.035777,-0.736254,0.241200
27.705000,-0.220575,0.546403,0.975792
27.710000,0.781027,1.073987,0.909818
27.715000,1.005138,-0.952546,-0.052186
27.720000,-0.605149,-1.217570,0.174532
27.725000,0.301186,0.884709,-0.607242
27.730000,0.028586,-0.104511,-0.727809
27.735000,-0.094942,0.491503,-1.378565
27.740000,0.471394,0.297374,-1.016567
27.745000,-0.258082,-0.356973,0.780947
27.750000,0.111054,-1.377532,-0.136281
27.755000,-0.145619,-0.709275,-1.777494
27.760000,-0.835743,-1.216055,-1.200832
27.765000,0.006104,0.925383,-0.201541
27.770000,1.332443,0.788078,-0.762616
27.775000,0.592342,-0.388547,-0.576368
27.780000,-0.655256,1.076262,-0.675672
27.785000,-0.431095,0.970431,0.730278
27.790000,-0.098180,0.735150,-0.027248
27.795000,0.447341,-1.182405,0.131694
27.800000,0.814056,0.236865,0.511413
27.805000,1.678588,0.883608,-0.275317
27.810000,-0.715848,0.477905,-0.878160
27.815000,-0.615043,0.753862,0.600478
27.820000,0.272291,-0.929491,-0.446034
27.825000,0.208807,1.623185,-0.816682
27.830000,0.774048,0.470759,0.656743
27.835000,-0.612983,-0.046940,-0.271937
27.840000,1.090695,0.487398,0.369582
27.845000,-1.411504,1.236155,-0.162598
27.850000,-0.216541,-0.298220,-0.768003
27.855000,-1.078063,-0.624893,-0.153138
27.860000,0.956513,0.361913,-0.112457
27.865000,-0.101567,-0.127609,-0.278816
27.870000,-1.175554,-0.542542,-1.251582
27.875000,-0.616804,0.487553,-0.714701
27.880000,-0.759633,1.153012,-0.184862
27.885000,1.173977,0.952276,0.651070
27.890000,0.346157,-0.702012,-0.098023
27.895000,0.531373,-0.789514,-1.618340
27.900000,-0.040051,1.097822,-0.062428
27.905000,-0.738733,-0.222065,1.045789
27.910000,-0.339672,-0.114845,-0.370976
27.915000,-0.353268,-0.228849,-0.846852
27.920000,-1.214009,-0.882128,0.700528
27.925000,0.414466,1.350617,0.935395
27.930000,0.071764,-0.804912,0.880071
27.935000,-0.059022,0.400600,-0.691042
27.940000,-0.404706,0.247719,0.766111
27.945000,0.144577,-0.386089,0.470201
27.950000,-1.067592,0.153789,0.823484
27.955000,-0.641523,1.264274,0.272880
27.960000,0.745503,1.755119,-0.574740
27.965000,-0.589670,0.512944,-0.495529
27.970000,-0.004562,-0.942356,-1.276204
27.975000,0.800963,-0.136243,0.489627
27.980000,0.450735,-0.648103,-0.229295
27.985000,0.181983,-0.796325,0.609141
27.990000,0.125952,-0.784164,1.206613
27.995000,0.284656,-0.137246,-0.094217
28.000000,-0.127315,0.714927,0.359430
28.005000,0.435878,0.409363,0.306963
28.010000,-0.003279,1.154548,-0.902001
28.015000,-1.093276,-1.055417,-0.113305
28.020000,0.451642,0.391479,0.492678
28.025000,0.720766,0.926330,0.215204
28.030000,0.638629,-0.335755,-1.291913
28.035000,-1.142294,1.185028,-0.183248
28.040000,0.375363,-0.449365,-0.904496
28.045000,1.163129,-1.187368,0.639019
28.050000,0.428451,-0.579589,-0.799089
28.055000,-0.574632,-0.110700,0.341819
28.060000,-0.100925,-0.741531,-0.655175
28.065000,-0.579832,0.220210,1.313617
28.070000,-0.266422,0.085540,-1.125301
28.075000,-1.474036,-0.289532,0.301593
28.080000,-0.083867,-0.855303,1.678135
28.085000,0.243965,-0.876567,0.114654
28.090000,-0.354020,0.527731,-0.332474
28.095000,-1.170766,0.311820,-0.691067
28.100000,0.470546,1.059704,0.994256
28.105000,-0.551628,-2.015849,-0.401678
28.110000,-0.389703,-1.208770,-0.208549
28.115000,-0.847938,-0.912912,0.201336
28.120000,1.183556,0.737446,0.552333
28.125000,0.485148,2.104534,0.985639
28.130000,-0.051391,-0.037556,-0.566948
28.135000,0.422644,0.643186,-0.413919
28.140000,-0.992406,0.195515,1.229879
28.145000,0.831224,1.433530,1.096686
28.150000,0.565576,-0.191784,-0.449885
28.155000,-0.407470,-0.185936,0.234416
28.160000,-1.304795,-0.364640,0.031075
28.165000,0.276099,-1.969293,1.558526
28.170000,-0.507542,-1.095592,-0.729296
28.175000,0.170224,-0.007842,-1.411112
28.180000,-0.262249,-0.627610,0.601794
28.185000,0.647203,0.845190,-0.167140
28.190000,0.912722,-0.747208,-1.348323
28.195000,-0.630804,0.061072,-0.860823
28.200000,0.329121,0.602539,1.275126
28.205000,-1.242320,1.293947,0.775973
28.210000,0.489671,0.475490,-0.289149
28.215000,-0.017125,-1.695448,-0.312332
28.220000,0.341922,-0.383945,0.806703
28.225000,0.605278,0.092303,-0.249277
28.230000,-0.857754,-1.123090,-0.351938
28.235000,-0.954937,-0.341334,-0.429503
28.240000,0.049616,0.483074,-0.209849
28.245000,1.268224,-1.470481,-0.610784
28.250000,-0.272941,-0.724106,-0.609678
28.255000,-0.216207,-0.328095,-0.072928
28.260000,-0.323273,0.987218,0.852513
28.265000,0.401468,0.625704,0.197516
28.270000,1.094279,-0.153482,0.127996
28.275000,-0.293355,-0.975150,-0.415776
28.280000,-0.808286,-0.489977,-0.806154
28.285000,-0.217388,1.368761,0.020205
28.290000,-0.596017,-1.108658,-0.639233
28.295000,-0.657364,0.679582,0.919489
28.300000,-0.544201,-0.097421,0.586796
28.305000,0.565057,0.028731,-0.793669
28.310000,1.027055,0.474789,0.831888
28.315000,-0.766871,-0.891543,-0.892071
28.320000,-0.184682,-0.129662,0.301318
28.325000,0.728881,0.577035,0.202021
28.330000,-0.703783,0.245408,0.252889
28.335000,-0.999028,0.024139,0.224577
28.340000,-0.740493,0.091128,0.806986
28.345000,0.220370,0.229835,0.342928
28.350000,-1.818823,-0.021226,0.566689
28.355000,-0.274100,-0.341196,-0.754852
28.360000,-1.008099,-0.828276,1.405484
28.365000,-0.075850,0.712762,-0.166417
28.370000,-0.885576,-0.622221,-0.559710
28.375000,-1.029380,-0.471197,-0.155962
28.380000,1.250515,0.384602,0.256267
28.385000,0.926241,0.469886,-0.003396
28.390000,0.494376,-1.142611,-0.546836
28.395000,-1.481408,-0.475844,-0.514326
28.400000,0.376580,-0.158837,0.537016
28.405000,0.894597,0.203610,1.339417
28.410000,-1.262256,0.810817,0.988614
28.415000,0.802030,-0.256232,-0.359304
28.420000,-0.499033,-0.426305,-1.493048
28.425000,0.718869,0.451447,0.005375
28.430000,-0.681734,-0.787777,0.269046
28.435000,-1.284784,-0.919892,0.051564
28.440000,-0.960030,0.144646,-0.333433
28.445000,-0.562379,0.243911,-0.049616
28.450000,-0.681337,-1.865310,0.209859
28.455000,-1.277370,0.429194,0.137755
28.460000,0.163572,1.620044,-1.508313
28.465000,0.869437,0.571112,0.085041
28.470000,0.065821,-1.270528,-0.725245
28.475000,0.435897,0.583039,-0.579789
28.480000,-1.114270,-0.333861,0.378118
28.485000,1.038515,0.583252,-1.127072
28.490000,1.296092,-0.656224,-0.155029
28.495000,-1.094328,-0.723303,-1.386272
28.500000,-1.019384,-0.128119,0.072505
28.505000,-0.123475,0.966360,-0.011518
28.510000,0.091963,-0.187981,-0.489240
28.515000,-0.716325,0.463689,-0.427499
28.520000,-1.335883,0.752235,-0.035315
28.525000,1.536885,-0.602613,-0.218921
28.530000,0.144827,-0.318884,0.170731
28.535000,0.206608,0.229727,-0.687180
28.540000,-0.508031,1.130462,-0.860670
28.545000,0.579053,0.581411,0.623855
28.550000,-0.171131,-1.902191,-1.057630
28.555000,0.330700,-0.501217,-0.382482
28.560000,-0.333250,0.788575,0.651940
28.565000,0.867005,0.963004,-1.988188
28.570000,-0.350012,0.384428,0.054822
28.575000,1.238337,-0.383988,0.546161
28.580000,0.330902,0.420937,-0.274702
28.585000,-0.033154,0.417391,0.315562
28.590000,-0.462310,-0.057966,-0.611664
28.595000,0.419244,0.087849,-0.103079
28.600000,-0.214080,0.970696,-0.521309
28.605000,1.947416,0.217141,-0.089231
28.610000,-0.556052,0.570811,-0.389354
28.615000,-0.994033,-0.325743,-1.088768
28.620000,1.472388,-0.071846,-0.284312
28.625000,0.502556,0.590704,0.125564
28.630000,-0.375089,-0.360291,0.069412
28.635000,0.521081,-0.824195,-0.413288
28.640000,0.150355,0.060678,-0.079062
28.645000,1.832217,0.666376,0.521505
28.650000,-0.586633,0.112478,-0.770768
28.655000,-1.553640,0.370231,-0.238969
28.660000,-0.447944,0.852352,0.718578
28.665000,1.577325,-0.737365,-0.377493
28.670000,-0.337566,0.898202,-0.337967
28.675000,-0.794467,-0.756186,-0.733569
28.680000,1.190138,0.597277,-0.639851
28.685000,0.332518,0.492345,-0.776382
28.690000,-1.358704,0.278389,-0.365063
28.695000,0.178942,0.521207,1.147267
28.700000,0.450168,-0.427520,-0.052062
28.705000,1.380624,-0.242411,0.468619
28.710000,-1.295120,-0.291783,-0.653604
28.715000,-0.966752,-0.044209,-0.451939
28.720000,-0.265650,0.009977,0.681222
28.725000,0.894611,0.322841,0.884734
28.730000,-0.864778,-0.940325,0.213170
28.735000,0.142015,-0.313785,0.074536
28.740000,-0.124431,-0.511922,-0.273207
28.745000,0.334372,-0.523206,1.360939
28.750000,0.590207,-0.273979,1.166366
28.755000,-0.838425,0.426749,-0.035526
28.760000,-0.718550,0.639747,0.484458
28.765000,0.972091,-0.481740,-0.508650
28.770000,-0.572587,-0.309219,-0.757302
28.775000,-1.354420,0.592158,0.034710
28.780000,0.340691,0.254103,-0.645192
28.785000,0.058519,-0.225158,0.885350
28.790000,-0.513492,-0.817252,0.153857
28.795000,-0.655649,-0.969655,-0.531374
28.800000,1.217969,-0.534221,0.672542
28.805000,-0.238724,0.302271,0.960690
28.810000,-0.463745,0.583185,-0.229419
28.815000,-0.921471,-0.532571,-0.840506
28.820000,1.226863,-0.467936,0.758970
28.825000,-0.168460,-0.431715,0.836108
28.830000,-0.616425,0.567114,0.320089
28.835000,-1.431352,-0.110735,-0.305834
28.840000,0.899503,-0.595611,-0.849104
28.845000,1.368615,0.960693,-0.006842
28.850000,-0.031878,-1.172660,-0.973000
28.855000,0.748436,-0.729674,-0.994902
28.860000,0.586913,0.550316,0.608881
28.865000,0.709766,1.422139,0.507214
28.870000,-0.532519,-0.414565,-0.840123
28.875000,-1.298680,0.091292,-0.368250
28.880000,-0.905365,0.872237,-0.095305
28.885000,-0.067418,0.967973,0.610712
28.890000,-0.592393,0.207987,-0.070402
28.895000,-1.275059,-1.890424,0.802548
28.900000,-0.595008,0.646522,-0.503975
28.905000,0.889736,-0.125536,-0.493297
28.910000,-0.387472,0.681433,-0.666266
28.915000,0.167657,0.392679,1.338583
28.920000,-0.217255,-0.644260,0.280239
28.925000,0.230703,0.008672,0.359336
28.930000,-0.275578,-0.703992,0.009743
28.935000,-0.742008,-0.522030,-0.854958
28.940000,0.662317,0.092977,0.152138
28.945000,0.892973,0.251175,0.713069
28.950000,0.664028,-0.061361,-0.043646
28.955000,-0.255747,-0.710916,-0.272024
28.960000,0.104206,0.691862,-0.332708
28.965000,0.207131,-0.443072,0.163272
28.970000,-0.553943,-0.228150,-0.891149
28.975000,-0.187522,-0.423900,-0.612693
28.980000,0.503496,1.192395,0.263639
28.985000,0.688945,0.266615,0.599254
28.990000,-0.040913,-0.052079,-0.854037
28.995000,-1.330445,-0.149126,-0.481054
29.000000,-0.306349,-0.606574,-0.123752
29.005000,-0.637585,0.237777,1.812453
29.010000,0.207880,-0.152973,-0.509520
29.015000,-0.701738,0.618020,0.107009
29.020000,-0.183934,-0.836857,1.403607
29.025000,0.652233,0.846606,-0.430882
29.030000,-1.082033,0.396449,-1.743277
29.035000,0.892554,-0.483582,-0.142164
29.040000,-0.744079,-0.700991,0.133168
29.045000,-0.082170,0.900946,1.395974
29.050000,-0.720906,0.795391,-0.291969
29.055000,-2.046145,-0.019924,-0.359664
29.060000,0.898768,-0.596483,0.026126
29.065000,0.451805,2.325089,1.024722
29.070000,0.234870,0.010833,0.257628
29.075000,-0.533953,1.109134,-0.351926
29.080000,0.858541,0.173496,-1.147741
29.085000,-0.101767,0.339556,-0.127160
29.090000,-0.107691,0.384065,-0.225496
29.095000,0.280553,-1.372347,-1.581305
29.100000,0.725917,-0.400735,-1.874870
29.105000,0.469443,1.408890,0.560098
29.110000,0.732189,0.936056,-0.507809
29.115000,0.725903,0.200284,0.720038
29.120000,0.672734,-0.075617,-0.993702
29.125000,0.339841,1.014729,0.614602
29.130000,-0.617146,-0.620074,-0.503778
29.135000,-0.265806,0.092778,-0.690907
29.140000,1.060026,0.096104,0.763377
29.145000,0.575120,0.138197,1.247628
29.150000,0.475706,-0.833977,-0.106067
29.155000,-1.129976,-0.329102,0.278519
29.160000,-0.336620,-0.897133,-0.638663
29.165000,0.068019,-0.783494,0.342772
29.170000,-0.148622,0.030338,0.911993
29.175000,-0.579792,-0.144027,-1.267574
29.180000,0.334986,-0.324975,0.969744
29.185000,0.368644,0.687245,0.642940
29.190000,0.884424,1.387283,0.826948
29.195000,-0.879411,-0.721908,-0.746470
29.200000,-0.991168,-0.576206,0.767462
29.205000,-0.097742,1.056736,1.020617
29.210000,-1.136971,-0.586940,-0.082099
29.215000,-0.398181,-1.521328,-0.120557
29.220000,0.365299,-0.094260,0.212141
29.225000,0.223744,0.911827,-0.451526
29.230000,-0.815916,-0.734608,0.206805
29.235000,-0.503275,-0.248147,-0.979404
29.240000,1.251578,0.886271,1.030995
29.245000,-0.376641,0.076078,-0.042997
29.250000,1.246897,-0.535672,1.162726
29.255000,-1.180573,-0.775392,-0.508883
29.260000,-0.580849,0.494367,0.157977
29.265000,-0.190293,1.349838,1.880481
29.270000,0.174086,-0.266141,0.330349
29.275000,0.420465,-0.855834,-0.349724
29.280000,0.668156,1.355046,0.658155
29.285000,-0.124688,-0.236391,0.551690
29.290000,-0.129643,-0.121775,0.185921
29.295000,-0.372839,-0.178437,0.145256
29.300000,0.822168,-0.417560,-0.148259
29.305000,-0.998705,0.319152,0.114215
29.310000,-0.197606,-0.453254,0.119178
29.315000,0.792590,0.031660,0.083947
29.320000,-0.050770,0.905281,0.334428
29.325000,1.120667,-0.905375,1.621608
29.330000,-1.812606,-0.287164,0.620056
29.335000,0.148492,-1.430555,-0.428166
29.340000,-0.492924,-0.098954,-0.437542
29.345000,-0.145217,-0.301962,0.370662
29.350000,0.134685,-0.429211,0.460997
29.355000,-1.018049,-0.411758,-0.232373
29.360000,-1.280710,1.166703,-0.654833
29.365000,0.213604,1.372155,1.702267
29.370000,-0.327491,-0.417573,-0.199694
29.375000,0.606335,0.365851,0.389583
29.380000,0.206201,-0.252945,0.671642
29.385000,-0.150143,-0.032646,0.126727
29.390000,0.103829,0.040865,-0.101840
29.395000,0.184581,-1.126401,-0.690819
29.400000,-0.530180,0.787957,-1.086673
29.405000,1.808281,1.135052,-0.051940
29.410000,-1.394049,-0.247876,0.240302
29.415000,-0.771370,-0.228519,-0.460512
29.420000,-0.520048,0.196167,-0.185622
29.425000,1.063562,1.960619,1.125603
29.430000,-0.105501,0.540833,-0.090147
29.435000,-0.296785,0.153652,0.116522
29.440000,1.150436,-0.365520,0.523095
29.445000,0.369943,0.720842,-0.040142
29.450000,-0.603690,-0.101961,-0.091491
29.455000,0.037527,-0.037978,-1.031006
29.460000,0.414343,0.591461,-0.495260
29.465000,0.740087,1.298272,0.051900
29.470000,0.441830,-0.996947,-1.231240
29.475000,-0.438529,0.593354,-0.484900
29.480000,0.397116,-0.575650,0.278641
29.485000,0.500615,0.659335,1.410688
29.490000,0.129905,-0.345957,-0.664771
29.495000,0.614683,-0.123188,0.768709
29.500000,0.218965,-1.596772,-0.100675
29.505000,0.254594,-0.257617,-0.157955
29.510000,-0.807862,-0.864710,-1.917907
29.515000,-0.802608,-0.887913,0.200812
29.520000,-0.208674,-0.011973,0.234358
29.525000,0.340409,0.001554,0.017151
29.530000,0.672029,0.913510,0.467607
29.535000,-0.514413,0.758124,-1.239268
29.540000,0.637837,-0.398072,0.839384
29.545000,0.577933,0.660863,0.995763
29.550000,0.957124,-0.510952,-0.079186
29.555000,-0.889245,-0.592511,0.144409
29.560000,-0.751823,-0.774987,0.635409
29.565000,0.828246,0.350079,0.472001
29.570000,-0.520248,-1.056674,1.166206
29.575000,-0.483517,0.261092,-1.466802
29.580000,0.854617,0.056018,-0.758125
29.585000,0.411199,0.450886,-0.082123
29.590000,-0.224756,-1.067247,0.773868
29.595000,-0.643451,-0.564115,-1.183176
29.600000,-0.876626,0.772236,0.635396
29.605000,0.479396,0.014346,0.963063
29.610000,-0.216021,-0.640405,0.865817
29.615000,-0.763242,0.865115,-1.663219
29.620000,0.625175,-0.553286,0.293505
29.625000,1.312194,-1.272522,0.512221
29.630000,-0.329654,-1.097320,0.452432
29.635000,0.263405,0.956093,-0.253863
29.640000,-0.980123,-0.454613,0.770604
29.645000,0.128972,0.822369,1.864813
29.650000,0.907394,0.426277,-0.207372
29.655000,0.029864,0.292358,0.584342
29.660000,-0.378547,0.623114,-0.711953
29.665000,0.450542,1.234148,0.223042
29.670000,-0.958989,-0.840581,1.103530
29.675000,-0.630589,-0.343202,-0.553775
29.680000,1.918298,0.349055,-0.374487
29.685000,0.368399,1.830159,0.576457
29.690000,0.417450,-0.992571,0.660586
29.695000,0.029153,0.257920,-0.457543
29.700000,-0.027022,1.703080,0.604416
29.705000,0.867184,-0.406533,-1.221943
29.710000,-0.346098,0.178506,-0.308263
29.715000,-0.399789,-1.376629,-0.596474
29.720000,0.076168,0.145108,0.620479
29.725000,-0.235171,-0.014946,0.880669
29.730000,0.572771,-0.624490,-0.377512
29.735000,-0.302369,-0.058648,0.503758
29.740000,0.739417,0.286846,0.102591
29.745000,-0.461927,0.535101,0.644213
29.750000,-1.150465,-0.774093,0.268146
29.755000,-0.571942,0.112520,-0.774272
29.760000,0.753900,0.534032,-0.251553
29.765000,-0.290456,-1.232866,0.561289
29.770000,-0.456161,0.293668,0.446160
29.775000,-0.899719,-0.408255,0.499521
29.780000,-0.160123,1.051433,1.360244
29.785000,0.822977,0.664069,0.706136
29.790000,0.085718,-0.384884,-0.403921
29.795000,0.226723,-0.314040,-0.299118
29.800000,-0.537837,0.084482,-0.706300
29.805000,0.633696,-0.580695,1.495110
29.810000,-0.885412,0.495462,0.630237
29.815000,-1.309778,-0.095825,-1.165092
29.820000,0.234413,0.687927,-0.504856
29.825000,1.687930,1.439153,0.640563
29.830000,-0.802813,0.223971,0.307589
29.835000,-0.982127,-1.531814,0.547500
29.840000,-0.690600,0.732613,-1.887314
29.845000,1.158972,-1.709460,0.681656
29.850000,1.186128,0.970836,0.401433
29.855000,0.727677,0.343240,0.129258
29.860000,1.294990,-0.952757,-0.137575
29.865000,-0.578609,0.395228,2.091698
29.870000,-0.306600,-0.328411,0.182237
29.875000,-0.728987,-1.117051,0.659010
29.880000,-0.178194,0.506023,-0.951272
29.885000,0.769511,0.141509,-0.179088
29.890000,-0.689600,0.390896,0.981824
29.895000,-0.173886,-1.383849,-0.237072
29.900000,0.554765,1.125182,-0.027699
29.905000,0.291725,0.568250,0.238644
29.910000,0.246818,0.017161,-1.435628
29.915000,0.176395,0.206643,0.356285
29.920000,1.423360,0.848756,-0.283973
29.925000,-0.500793,0.635887,0.644882
29.930000,0.066266,0.422397,-0.077960
29.935000,-0.713572,-0.745393,-0.643041
29.940000,-0.070764,-1.239040,0.593445
29.945000,-0.442386,1.038856,-0.290594
29.950000,-0.510102,0.177293,-0.526355
29.955000,-1.113537,-0.724001,-0.551477
29.960000,-0.434483,-0.064122,0.139084
29.965000,1.872111,0.075412,1.161055
29.970000,0.860715,-0.393704,-1.433540
29.975000,-0.784766,0.259151,-1.665942
29.980000,-0.850091,1.174761,1.093036
29.985000,1.478112,1.050679,0.491909
29.990000,0.124622,-1.268965,0.343874
29.995000,0.001750,0.183108,-0.447632
30.000000,0.521413,0.437219,0.322967
30.005000,1.041133,-0.561042,0.422531
30.010000,-0.397864,0.838908,0.066154
30.015000,0.061841,0.542409,0.380852
30.020000,0.893434,1.043608,0.289693
30.025000,-0.418908,-1.333638,1.629773
30.030000,0.451084,-0.316550,0.259559
30.035000,-3.106595,-1.544316,-0.195706
30.040000,-0.631553,0.453232,-0.007119
30.045000,-0.023149,0.961626,1.298345
30.050000,-0.147566,-0.797078,0.162495
30.055000,-0.707174,-0.039512,-0.521277
30.060000,-0.778750,-0.613613,0.676242
30.065000,0.421249,1.364883,0.564456
30.070000,-0.357650,-0.796767,0.190481
30.075000,1.692900,0.120076,-0.934480
30.080000,0.582208,0.465046,-0.224921
30.085000,-0.312412,0.306203,0.625989
30.090000,0.114152,-0.735719,0.502306
30.095000,-0.193652,-0.596066,-1.509570
30.100000,0.424133,0.175316,-1.310885
30.105000,0.465476,1.002034,0.724608
30.110000,0.893255,0.823416,-0.763204
30.115000,0.054642,0.681139,-0.804706
30.120000,1.285489,0.449340,1.091293
30.125000,0.279437,1.293352,0.059118
30.130000,-0.509732,0.769451,-0.117440
30.135000,-0.286440,0.110434,0.068146
30.140000,0.507040,-1.260018,0.326744
30.145000,-0.972489,-0.071072,0.674536
30.150000,0.626872,0.304008,-0.579042
30.155000,-0.429183,1.011968,-1.191951
30.160000,-1.148787,-0.247818,-0.207966
30.165000,1.528451,0.335112,-0.122197
30.170000,-0.164330,0.539237,0.598288
30.175000,-1.050049,-0.599588,0.713712
30.180000,-0.097226,0.312027,-1.189920
30.185000,0.051524,0.002742,0.398711
30.190000,0.602033,-0.450174,0.754738
30.195000,-0.659061,-0.373571,-0.808325
30.200000,0.306848,0.522708,-0.303797
30.205000,0.399182,1.585779,0.559329
30.210000,0.561403,0.381700,-0.646827
30.215000,0.419236,-0.203191,0.436639
30.220000,0.485926,-0.301344,0.878853
30.225000,1.849557,-0.766459,1.298468
30.230000,-1.056786,0.560046,0.197517
30.235000,0.502094,-1.912655,-1.226045
30.240000,-0.805830,1.251633,0.042577
30.245000,0.190307,0.231972,0.684145
30.250000,0.128979,0.322709,0.240795
30.255000,-0.784473,-0.753206,-0.176626
30.260000,0.491052,-0.119450,-1.161574
30.265000,0.403246,0.752021,0.444268
30.270000,-0.327582,1.680850,-0.481121
30.275000,-0.333031,-0.335237,0.346873
30.280000,0.506092,0.281561,0.022487
30.285000,0.424362,1.108636,1.095163
30.290000,-0.681467,-1.554514,-0.588781
30.295000,-0.542218,-0.503627,1.186411
30.300000,0.693098,0.289413,-0.942730
30.305000,0.931240,-0.201341,1.544792
30.310000,-0.285385,-1.180053,-0.450100
30.315000,-0.403926,-0.595151,-0.790142
30.320000,-0.083081,1.185545,0.363701
30.325000,1.295719,0.504611,1.381508
30.330000,-1.190760,-0.221863,1.122994
30.335000,-0.911711,0.815997,-0.882297
30.340000,0.738091,1.145513,1.254843
30.345000,0.233820,-0.384299,1.001859
30.350000,1.366952,-0.895871,0.026528
30.355000,-0.317552,-0.982232,0.069443
30.360000,-1.030996,0.396781,0.436409
30.365000,1.921753,1.191421,-0.149240
30.370000,-0.125276,-0.462271,-0.887609
30.375000,0.475402,0.622555,-1.365595
30.380000,-0.791732,-1.016242,0.310311
30.385000,0.009028,1.756601,0.951029
30.390000,-0.202791,-0.923692,-0.239759
30.395000,-0.724536,-0.251896,-1.525659
30.400000,-0.563383,0.568066,0.582998
30.405000,0.086909,0.201048,0.017269
30.410000,1.488875,-0.784408,0.136040
30.415000,0.062981,0.286367,-0.574202
30.420000,0.196825,0.531596,1.055163
30.425000,0.669109,0.879078,-0.072188
30.430000,0.231866,-0.263615,-0.018531
30.435000,0.616457,-0.777231,0.771059
30.440000,-0.702568,0.257898,0.814953
30.445000,0.041903,0.060432,1.209029
30.450000,-0.599556,0.752278,0.465135
30.455000,0.347482,-1.940867,-0.222015
30.460000,0.672611,-0.397787,0.285055
30.465000,0.654101,-0.743021,-0.481105
30.470000,0.272325,-0.097182,0.171402
30.475000,-1.310490,0.997205,0.914075
30.480000,0.046654,0.355884,0.061831
30.485000,0.208049,0.689677,-0.422316
30.490000,-0.213346,-0.542498,-0.051827
30.495000,-0.062761,0.021143,-0.111869
30.500000,1.352936,0.225908,0.195578
30.505000,0.895401,-0.915674,-0.557459
30.510000,-0.282496,-0.283626,0.088098
30.515000,0.950816,0.900382,-1.570439
30.520000,0.609641,-0.256733,-0.152484
30.525000,0.110504,-0.020964,1.448875
30.530000,-0.474804,-0.424894,-1.555973
30.535000,-1.058034,0.614536,-0.880420
30.540000,-0.195001,1.180335,-0.752188
30.545000,0.588931,-0.412915,0.889792
30.550000,-1.639847,-0.633805,-1.012960
30.555000,-1.270468,0.952200,-0.959740
30.560000,-0.387348,0.828489,-0.492814
30.565000,0.127815,0.161213,1.518660
30.570000,0.010000,0.006552,0.013808
30.575000,0.818210,0.087590,-1.533151
30.580000,-0.698659,0.242563,0.109844
30.585000,0.360066,0.564733,0.546369
30.590000,-1.358544,-1.059127,-0.252154
30.595000,0.673652,0.528042,-0.020555
30.600000,-0.318352,-0.751762,-0.000263
30.605000,0.583277,0.473532,-0.370796
30.610000,0.326944,0.256314,0.082583
30.615000,0.091300,0.260200,0.204606
30.620000,0.019321,-0.193480,-0.979958
30.625000,0.581930,0.738672,0.002564
30.630000,-0.656514,0.347851,-0.612298
30.635000,0.481137,-0.939650,0.255469
30.640000,-0.399733,0.985426,1.330550
30.645000,-0.407590,1.441525,0.780886
30.650000,0.310315,-1.608204,0.075756
30.655000,-0.855410,-0.396881,0.238853
30.660000,0.031978,-0.074159,-0.525689
30.665000,0.295480,-0.203600,0.544625
30.670000,-0.095501,0.264498,0.007227
30.675000,0.374002,-1.466210,-0.289746
30.680000,-1.780834,-0.691019,1.008768
30.685000,-0.534674,-0.176094,1.570927
30.690000,-0.117351,0.520807,-0.902546
30.695000,0.341300,-0.497863,0.054916
30.700000,-0.335435,-0.277049,0.851290
30.705000,0.803894,0.562498,1.399400
30.710000,0.909180,-1.081048,0.107912
30.715000,0.723497,-1.469207,-0.113632
30.720000,0.972288,-0.401202,0.089838
30.725000,0.444446,-0.542490,0.061170
30.730000,-1.153268,1.607919,0.607769
30.735000,0.105464,0.085756,-0.481722
30.740000,1.153354,-0.923580,0.494315
30.745000,0.544903,0.969900,-0.880676
30.750000,0.136606,-0.434945,-1.015656
30.755000,-0.253237,-0.908515,-0.309228
30.760000,0.309047,-0.253178,0.157914
30.765000,1.314736,-0.352982,1.427254
30.770000,-0.876913,-0.806381,0.017101
30.775000,-0.900786,-0.444669,-0.242680
30.780000,-1.170894,-0.432979,0.169982
30.785000,-0.658943,0.904827,1.206537
30.790000,0.388139,0.150431,-1.621129
30.795000,0.630881,-1.118014,-0.384704
30.800000,-0.253293,-0.786662,0.866455
30.805000,-1.128636,0.638002,1.171278
30.810000,1.161685,-0.524377,0.130279
30.815000,-0.449908,0.265331,-0.407414
30.820000,-0.310901,-0.239416,0.097839
30.825000,1.147290,1.037869,0.867613
30.830000,-0.674005,-0.783154,-0.818519
30.835000,-1.556913,-0.350117,-1.008816
30.840000,0.161259,-0.253072,0.898130
30.845000,-0.651859,0.036964,1.421736
30.850000,-0.732851,0.776816,-0.994739
30.855000,1.009430,0.102163,0.166743
30.860000,-0.492974,0.235324,0.842094
30.865000,0.619649,1.056164,1.385267
30.870000,-0.204699,-0.835553,-0.285886
30.875000,-1.434979,0.914226,-0.243177
30.880000,1.173738,-0.134257,0.133401
30.885000,-0.762484,0.924445,1.934903
30.890000,0.145320,-0.127367,-0.079426
30.895000,-0.711449,0.463839,-0.267253
30.900000,-1.341745,0.299974,-1.387239
30.905000,0.618042,0.420642,0.931825
30.910000,-0.897819,1.102632,-1.154804
30.915000,-1.130470,-0.348034,-0.758876
30.920000,0.114404,0.188385,-0.193874
30.925000,1.028220,-0.162437,0.589770
30.930000,-0.477947,0.016424,-0.098661
30.935000,0.021178,-1.170607,-0.554966
30.940000,0.602881,-0.823303,-1.136368
30.945000,0.418252,0.639036,0.741164
30.950000,-0.398643,-0.310186,-0.402163
30.955000,-0.720143,-0.052109,0.184615
30.960000,1.780245,-0.017467,0.666031
30.965000,0.656164,1.602108,0.248174
30.970000,-0.330639,-2.373082,-0.053744
30.975000,-0.906333,-1.378742,-0.435154
30.980000,0.842596,0.750547,0.090202
30.985000,-0.565364,1.123645,-0.426469
30.990000,-1.031435,0.152743,-0.433041
30.995000,0.124359,-0.141828,-0.427647
31.000000,-0.419882,1.891953,-0.037199
31.005000,-0.810672,-0.009664,0.824078
31.010000,-0.240779,-0.861212,-1.028650
31.015000,0.289211,-1.592539,-0.255582
31.020000,-0.775292,1.061580,-0.316841
31.025000,0.569206,0.232176,0.127441
31.030000,0.026907,0.182524,-0.877330
31.035000,0.358808,-0.911294,-1.236637
31.040000,0.068918,0.489315,0.453884
31.045000,0.668076,0.521320,-0.240008
31.050000,0.574073,0.006205,0.305450
31.055000,-1.072814,-0.969340,-0.924388
31.060000,-0.139301,-0.003369,0.710854
31.065000,0.746183,0.495975,2.027889
31.070000,-0.500321,-0.792772,-1.287561
31.075000,0.082176,-0.829299,-0.591737
31.080000,0.552524,0.429301,-0.595725
31.085000,0.219712,0.112789,0.670253
31.090000,-0.136357,-0.349413,-1.407757
31.095000,-0.968589,-0.451945,-0.341586
31.100000,0.137564,-0.047146,0.633727
31.105000,-0.498278,0.803132,0.744148
31.110000,-0.558715,0.982235,-0.560491
31.115000,0.325921,-0.753559,0.152752
31.120000,-0.496518,0.325081,0.395436
31.125000,0.411453,0.570458,0.151771
31.130000,-0.861230,-0.113074,-1.979755
31.135000,0.179728,-0.565734,0.126731
31.140000,-0.802671,0.105565,0.061538
31.145000,1.769397,-0.560353,1.226286
31.150000,0.259365,-0.202735,-1.023583
31.155000,-0.484988,0.753457,-0.845565
31.160000,-1.003653,1.289374,0.743418
31.165000,1.188598,-0.199250,0.578262
31.170000,-0.071388,-0.107069,-1.688893
31.175000,0.644374,-0.340559,0.165489
31.180000,1.566814,0.698329,0.498737
31.185000,0.984663,0.930696,0.914709
31.190000,0.158524,0.063039,-0.203265
31.195000,-0.595369,-0.871535,-0.432133
31.200000,-0.238201,1.466025,0.813185
31.205000,-0.140190,0.307369,0.627365
31.210000,0.184209,1.542507,0.915316
31.215000,-0.147000,-0.834015,0.076348
31.220000,0.077150,-0.356226,1.218387
31.225000,0.577626,0.123470,0.177569
31.230000,0.682776,-0.395978,-1.090689
31.235000,-0.679299,-0.423282,-0.799714
31.240000,-1.175888,0.373281,0.846260
31.245000,0.302657,0.769858,0.259876
31.250000,0.184857,1.073874,-1.227377
31.255000,0.060042,1.794124,-0.270941
31.260000,-1.235212,0.870050,-0.360268
31.265000,0.973145,0.908879,0.755336
31.270000,-0.624064,0.146811,-1.016834
31.275000,-0.457501,-0.969375,-0.741781
31.280000,-0.695492,0.408264,1.200605
31.285000,-0.067085,-0.258587,-0.657128
31.290000,0.359622,-0.510061,-0.623601
31.295000,-1.386259,0.144640,-0.162195
31.300000,-1.005536,0.457545,-1.122840
31.305000,0.298266,3.021238,0.896058
31.310000,-1.170679,-0.461986,-0.196949
31.315000,-1.688201,0.037355,0.090094
31.320000,1.060135,-1.016096,-0.338987
31.325000,-0.170738,0.399573,1.648023
31.330000,0.936912,0.052981,-2.671262
31.335000,0.043916,0.472573,0.890236
31.340000,-0.036778,-0.385733,0.386857
31.345000,-1.152332,0.630758,2.265900
31.350000,0.656414,-1.282143,-0.666070
31.355000,-0.074116,-0.989792,-1.497135
31.360000,-0.169019,-0.257005,0.806535
31.365000,-0.398890,-0.117934,-0.098268
31.370000,0.292038,0.013340,0.345968
31.375000,-0.182289,-0.347972,-0.756739
31.380000,-1.775105,0.388051,0.952359
31.385000,0.323938,0.207087,1.359960
31.390000,-0.636055,-0.447529,-1.511799
31.395000,0.122352,-1.929651,-1.518153
31.400000,-0.588182,-1.479418,-0.514581
31.405000,0.539829,0.400754,1.952724
31.410000,-1.409250,-0.134495,-0.574249
31.415000,-1.052334,-0.282909,0.488089
31.420000,1.025494,0.187888,0.160373
31.425000,-0.112286,0.735481,1.545967
31.430000,1.306674,-0.953522,1.307690
31.435000,-0.014340,-0.973602,0.521356
31.440000,-0.358184,-0.630458,0.164086
31.445000,0.665124,1.383825,-2.201103
31.450000,0.486372,0.193364,-0.244471
31.455000,0.291192,-0.920130,0.023992
31.460000,0.040779,-0.620375,1.126057
31.465000,0.130071,0.254472,0.561258
31.470000,0.280841,1.294231,-0.651284
31.475000,-0.807815,0.040333,-0.125801
31.480000,-0.237950,-0.292617,0.706909
31.485000,-0.060923,0.582658,0.458775
31.490000,1.523925,0.311076,0.837597
31.495000,-1.241416,0.106465,-1.271243
31.500000,-0.049258,0.220264,-1.011551
31.505000,1.113630,0.635555,0.482664
31.510000,-0.689159,0.396935,-0.713134
31.515000,-0.977953,-1.058107,-0.264226
31.520000,1.088413,-0.178687,-0.867626
31.525000,-0.739040,-0.042940,0.331692
31.530000,0.747878,-0.266354,0.427957
31.535000,0.614826,-0.602115,-0.959530
31.540000,-0.250807,0.879876,-0.176637
31.545000,-0.419745,0.773387,0.652287
31.550000,0.354245,-0.570568,-0.583166
31.555000,0.325567,-0.342874,-0.778581
31.560000,0.140393,-0.040421,0.815662
31.565000,0.095334,-0.068030,-0.600646
31.570000,0.019730,1.460101,0.928525
31.575000,-0.463693,-0.889211,-0.422866
31.580000,0.312812,-0.748357,0.837251
31.585000,0.342563,-0.413887,0.726604
31.590000,1.452627,-0.439393,-0.193617
31.595000,-1.679650,-0.548479,0.080504
31.600000,-0.348534,-0.466097,-0.063512
31.605000,-0.746651,0.400918,0.378236
31.610000,0.461660,-0.671167,-0.176188
31.615000,1.406853,-0.198318,-0.086833
31.620000,1.126254,0.417591,0.683483
31.625000,-1.437334,0.725117,0.431419
31.630000,0.478473,0.183522,0.843220
31.635000,1.075605,-0.553239,0.310337
31.640000,-0.380689,1.840872,-0.039991
31.645000,0.741268,-0.224567,0.431948
31.650000,0.518935,1.575511,0.416617
31.655000,0.009292,-0.469466,-0.344714
31.660000,-0.244919,2.306386,1.708457
31.665000,-0.984728,0.015063,-0.605639
31.670000,0.122415,0.573784,-0.498082
31.675000,-1.016543,-0.551986,-0.104135
31.680000,-0.252986,-0.919853,0.440689
31.685000,0.493934,-0.174134,0.102867
31.690000,-0.057890,-0.642041,-0.877605
31.695000,-0.460537,-0.491535,0.384205
31.700000,0.126405,0.664203,0.080283
31.705000,-0.670837,-0.203217,0.537268
31.710000,0.406672,0.738950,-0.500154
31.715000,1.404047,-1.013568,-0.457186
31.720000,1.595155,0.771121,0.716362
31.725000,0.054236,0.695226,0.675049
31.730000,-0.344405,-0.295238,0.268981
31.735000,-0.917302,0.580120,0.334173
31.740000,0.192942,0.339030,-0.126390
31.745000,1.088256,-0.439066,-0.060708
31.750000,0.563760,0.122400,-0.138617
31.755000,-0.041729,-0.354774,-1.065280
31.760000,-0.435003,-0.626307,0.493606
31.765000,-0.003847,0.311634,0.160466
31.770000,0.421328,-0.256154,-0.964496
31.775000,-1.399369,0.068113,-1.550038
31.780000,-0.882710,-0.005176,0.056734
31.785000,0.319069,0.752831,-1.047824
31.790000,0.581916,0.764578,0.223843
31.795000,0.717785,-1.177039,-1.709679
31.800000,-0.556061,-0.188425,-0.164608
31.805000,0.219411,0.145011,1.119416
31.810000,0.587524,-0.279047,0.244164
31.815000,-0.545174,0.984751,-1.474252
31.820000,0.788746,0.202971,0.223001
31.825000,0.682479,0.869743,0.046542
31.830000,-0.956656,-0.540618,1.032253
31.835000,0.031834,1.052491,0.096321
31.840000,-1.318110,0.240328,-0.244764
31.845000,0.653875,0.154023,0.770944
31.850000,0.759562,1.017940,0.139794
31.855000,0.424682,-0.223022,1.303995
31.860000,0.193151,0.168707,1.121392
31.865000,-0.667482,0.999600,1.829851
31.870000,0.491228,0.548787,0.848879
31.875000,-0.582540,0.148089,-0.445246
31.880000,-0.148815,-0.361660,0.685546
31.885000,0.624693,0.001342,0.950671
31.890000,0.242863,-0.637423,0.028654
31.895000,-1.165639,-0.476649,-1.510159
31.900000,0.399582,-1.166077,0.695461
31.905000,0.178607,0.284823,0.645253
31.910000,-0.126474,1.017392,0.160274
31.915000,0.683576,0.633711,-0.689248
31.920000,0.517275,0.348356,-0.024547
31.925000,0.387807,0.160191,-0.050256
31.930000,0.431124,-0.761132,-0.690445
31.935000,-0.430285,0.061117,-0.874027
31.940000,0.039667,-0.434192,1.120173
31.945000,-0.080841,0.020848,-0.580715
31.950000,1.909615,0.381731,0.145510
31.955000,-0.706556,0.512629,0.651462
31.960000,-1.440457,0.219991,1.322450
31.965000,1.194352,0.779785,-0.285583
31.970000,0.098640,0.157834,-0.328191
31.975000,-0.074355,0.495701,0.827711
31.980000,0.363677,-0.407227,0.867973
31.985000,0.426535,0.866665,0.276400
31.990000,0.156136,1.133502,1.212768
31.995000,-0.145152,-0.163151,-0.983395
32.000000,1.382859,0.828885,-0.143188
32.005000,-0.149422,0.219254,0.095820
32.010000,1.979889,0.383206,0.568726
32.015000,0.904866,1.350771,-0.631662
32.020000,-0.945653,-0.160202,-0.424120
32.025000,0.439068,0.502641,-0.005846
32.030000,0.255925,1.610039,0.200547
32.035000,0.006067,-1.365973,-0.925246
32.040000,-1.315753,-0.023791,-0.501550
32.045000,-0.237454,0.184553,-1.079012
32.050000,-0.097094,1.026375,-1.657771
32.055000,-0.182461,-0.960352,-0.552857
32.060000,0.442571,-0.538920,0.843796
32.065000,0.151352,0.174019,0.855454
32.070000,0.677440,-0.588784,0.499092
32.075000,0.539732,-2.076241,-0.699467
32.080000,0.339400,0.261154,1.422680
32.085000,0.921772,0.982877,0.087827
32.090000,-0.142727,0.305874,-0.622541
32.095000,0.216904,0.107241,-0.077717
32.100000,-1.358547,1.097513,0.569806
32.105000,0.249653,-0.219307,-0.349451
32.110000,0.180899,0.874524,-0.236306
32.115000,-0.055723,0.183627,-0.066097
32.120000,0.555416,-0.595722,-0.349746
32.125000,-1.038922,0.711203,1.249962
32.130000,-1.036480,-0.126768,0.670577
32.135000,0.920115,-0.494650,-0.156536
32.140000,0.799975,-0.743557,-0.094979
32.145000,-0.146247,1.461021,1.129108
32.150000,0.710129,0.317542,-0.476315
32.155000,-0.523185,-0.773230,-1.938280
32.160000,0.680226,0.567236,-0.403378
32.165000,0.810017,1.385070,-0.423501
32.170000,-0.119991,0.061610,-0.261792
32.175000,0.174153,-1.466432,0.320789
32.180000,0.047425,-0.580820,0.547394
32.185000,-0.189736,0.038850,1.312847
32.190000,-0.615110,1.028052,-0.187537
32.195000,-1.435551,-0.177467,0.312475
32.200000,0.614534,-1.313160,0.409119
32.205000,0.654552,-0.316645,-0.177912
32.210000,-0.676320,0.655326,0.140063
32.215000,0.535855,-0.710472,0.439218
32.220000,0.381693,-0.256147,0.510337
32.225000,-0.070916,0.609652,0.733085
32.230000,1.250492,0.999884,-0.406093
32.235000,0.423918,-0.747467,0.013397
32.240000,0.399854,-0.238327,0.414122
32.245000,-0.329839,-0.552873,0.102674
32.250000,0.770423,-0.367576,-1.892576
32.255000,0.141270,-2.582385,-0.805235
32.260000,-1.761909,0.778098,-0.366094
32.265000,-0.385921,1.073068,0.476526
32.270000,-1.698132,0.333145,-0.348082
32.275000,-0.993013,-0.399660,-0.496506
32.280000,0.592078,0.251413,0.622118
32.285000,0.789105,-0.490251,-0.056265
32.290000,0.972872,0.173134,0.086997
32.295000,0.417021,-0.358449,-0.312195
32.300000,-0.029780,0.106449,0.287947
32.305000,0.718139,0.205796,-0.057738
32.310000,-0.412178,0.486573,-0.367970
32.315000,0.856534,-0.162473,-0.597742
32.320000,-0.447112,-0.459740,-0.214483
32.325000,-1.233158,-0.161748,-0.926774
32.330000,0.721893,-0.701941,-0.763614
32.335000,-1.419377,-0.811851,-1.708718
32.340000,-0.758465,-0.372594,-0.065374
32.345000,0.354444,0.630252,1.065655
32.350000,1.821323,-0.022021,-0.474609
32.355000,-0.035038,-0.336341,-0.291009
32.360000,0.581644,-0.018125,0.011664
32.365000,0.635657,0.298180,0.866813
32.370000,-0.682569,0.316601,0.937489
32.375000,0.640108,-1.225472,-0.440480
32.380000,-0.068432,-0.257073,1.000117
32.385000,2.616614,0.454806,1.092329
32.390000,-0.169846,0.352517,-0.118245
32.395000,-1.394501,-1.207123,0.608046
32.400000,-1.433934,-0.788131,0.249133
32.405000,0.064351,1.153927,1.340427
32.410000,1.611171,0.863105,-0.092612
32.415000,0.370481,-1.135412,-0.865884
32.420000,-0.738604,0.285015,-0.394570
32.425000,0.166560,-0.033438,-0.387677
32.430000,0.988333,-0.959146,0.881367
32.435000,-0.828008,-1.512102,-0.711548
32.440000,0.016171,-0.239683,0.488581
32.445000,-1.023078,-0.613346,0.818015
32.450000,0.500526,1.054745,-0.779518
32.455000,-1.340041,-1.001765,-1.298827
32.460000,0.104616,-0.155763,-0.030017
32.465000,0.681828,0.723153,0.503826
32.470000,-0.393634,-0.163609,0.799221
32.475000,0.277200,-0.469848,-0.447171
32.480000,-0.746240,-0.959354,0.533768
32.485000,0.021643,0.332220,0.928677
32.490000,-0.310735,-1.345360,0.600100
32.495000,-0.598489,0.236085,-1.371098
32.500000,0.895814,-0.006405,-0.085178
32.505000,0.332360,1.404842,0.366133
32.510000,0.694931,1.252592,0.019741
32.515000,-0.436114,-0.030774,-0.178753
32.520000,-0.711744,0.481286,1.711029
32.525000,0.904174,0.628296,0.755855
32.530000,-0.807698,0.140784,-0.245331
32.535000,-0.259848,-0.766279,-0.540453
32.540000,-0.559814,0.206480,0.469555
32.545000,-0.089686,1.673375,1.725814
32.550000,1.571641,0.318066,0.219148
32.555000,-0.719621,0.246938,0.199357
32.560000,-0.465781,0.255718,0.629027
32.565000,-0.898134,-0.132947,0.940279
32.570000,1.186892,0.132614,0.107167
32.575000,-0.879167,0.458840,-0.388697
32.580000,-0.183968,0.606535,-0.107397
32.585000,0.937281,0.912411,0.033879
32.590000,0.079915,0.772181,0.413431
32.595000,0.466982,-1.146755,0.151761
32.600000,-0.812168,0.282737,0.753143
32.605000,0.654989,0.034205,-0.014613
32.610000,0.771284,-0.601238,0.612774
32.615000,-0.555837,-0.718486,0.094756
32.620000,-0.139337,-0.430288,-0.047794
32.625000,0.185777,-0.245196,0.333768
32.630000,0.034762,0.350458,0.014229
32.635000,0.063384,0.283121,0.187945
32.640000,0.820359,-0.488059,-0.274112
32.645000,-0.072361,0.047303,-0.494328
32.650000,0.960276,0.752259,0.041794
32.655000,1.030100,-1.451504,-0.123824
32.660000,-0.212375,1.990658,-0.024104
32.665000,0.307288,0.003514,0.925161
32.670000,-0.007740,0.023262,-1.600137
32.675000,-0.139178,-0.227497,-0.716180
32.680000,-0.426963,0.787042,0.761334
32.685000,0.930483,1.228532,0.963443
32.690000,0.427784,0.622490,-1.334069
32.695000,-1.227167,-0.259099,-0.517830
32.700000,-1.733318,0.465015,-0.056392
32.705000,0.235867,1.356406,1.080701
32.710000,0.496928,1.463543,1.039301
32.715000,0.819633,1.020190,-0.272472
32.720000,-0.820459,0.907463,-0.862963
32.725000,-0.377446,0.088917,0.391297
32.730000,0.733120,-0.098664,0.207923
32.735000,-1.669897,-0.251022,-0.197891
32.740000,0.326755,0.825444,1.854704
32.745000,0.769601,0.213303,0.485336
32.750000,1.576663,-0.747511,-0.263290
32.755000,1.725272,0.559938,-0.454276
32.760000,-0.262333,-0.126442,-0.283989
32.765000,-0.320327,0.695682,2.385511
32.770000,-0.251946,1.182392,-1.022153
32.775000,0.020344,-0.565917,-1.184066
32.780000,-0.192388,-0.813804,-0.688488
32.785000,1.075229,0.981313,0.961164
32.790000,0.057378,0.532036,-0.330082
32.795000,-1.286792,0.158871,-0.703959
32.800000,-0.273217,-0.262286,1.278678
32.805000,-1.190535,0.356541,-1.313101
32.810000,0.414652,0.296068,-1.564761
32.815000,1.111555,-1.125001,0.076585
32.820000,-0.323549,0.419460,0.381437
32.825000,-1.722381,-0.533734,0.505791
32.830000,-0.263385,0.691218,0.840990
32.835000,0.083717,-0.361862,-1.066991
32.840000,-0.853485,-0.796533,1.025588
32.845000,1.007298,1.189002,0.217658
32.850000,-0.828635,1.426864,0.645756
32.855000,0.075789,0.336627,0.579962
32.860000,-0.166938,-1.247430,-0.827914
32.865000,-0.684921,0.237045,0.651204
32.870000,0.787445,-0.819164,0.016226
32.875000,-0.533889,-0.123400,-1.235004
32.880000,-0.108055,-1.255159,-0.642617
32.885000,0.761255,-0.388356,0.634483
32.890000,-0.421185,-0.133432,0.722312
32.895000,0.311610,0.038179,-0.206707
32.900000,-0.406154,-0.840756,0.924243
32.905000,0.382818,1.024303,0.908303
32.910000,-1.065294,0.032197,-0.205852
32.915000,0.213905,0.163765,0.108954
32.920000,0.451487,-0.696222,0.394336
32.925000,0.073410,0.313223,0.972558
32.930000,1.370770,1.006204,0.703591
32.935000,-1.418612,0.168839,0.559801
32.940000,-0.941977,0.859647,0.585808
32.945000,-0.210032,0.399681,-0.169853
32.950000,1.396701,-0.352135,0.927266
32.955000,-0.291062,-0.904424,-0.128478
32.960000,-0.382598,0.145845,-0.232417
32.965000,-0.440509,-0.104123,0.453076
32.970000,0.383344,0.990921,0.338078
32.975000,2.020144,-0.926367,0.146082
32.980000,-1.139673,-0.940401,0.445210
32.985000,-0.328350,-0.657647,0.330104
32.990000,0.051062,-0.375633,0.207898
32.995000,-0.281031,-0.611901,-1.188902
33.000000,-0.161771,0.086078,1.264329
33.005000,1.235052,0.997109,1.125885
33.010000,0.181357,0.004173,1.090903
33.015000,0.586492,-0.597789,-0.873526
33.020000,-1.182702,0.106731,-0.641203
33.025000,0.575939,0.601384,0.249753
33.030000,1.716403,0.766367,0.043066
33.035000,-0.212333,-0.210973,-0.090428
33.040000,-1.412115,-0.772448,0.518740
33.045000,-0.747179,1.315491,0.766938
33.050000,0.260883,1.012176,0.597062
33.055000,0.974710,0.512730,0.864101
33.060000,-1.678450,-0.149601,1.574523
33.065000,-0.663116,1.102885,0.990498
33.070000,0.144541,0.442573,-0.985269
33.075000,0.838897,0.065825,0.033895
33.080000,-0.423403,0.082481,0.905619
33.085000,1.072535,0.696313,-0.056089
33.090000,0.353588,-0.759910,1.222704
33.095000,-0.504544,-0.788589,-0.603626
33.100000,-0.595383,0.248740,-0.151229
33.105000,-0.115606,0.423584,1.106129
33.110000,0.804289,0.630373,-0.482953
33.115000,-0.509785,-0.203215,-1.894515
33.120000,-1.304701,0.568580,-1.020399
33.125000,0.451513,0.021368,-0.465857
33.130000,-0.118542,0.076195,0.154040
33.135000,0.130914,-0.057423,-0.953869
33.140000,-0.050102,-0.091469,0.210066
33.145000,-0.076179,1.838760,0.416003
33.150000,-0.454968,-0.450656,-0.273374
33.155000,0.459955,-0.755849,-1.671488
33.160000,-0.219544,-1.227620,0.869209
33.165000,0.688182,-0.331875,0.853529
33.170000,0.447672,-0.021206,-0.764803
33.175000,-0.354467,-0.726099,-1.132857
33.180000,-0.244227,-0.391285,-0.662858
33.185000,-1.217575,0.619595,1.206684
33.190000,-0.532843,-1.070743,-0.216139
33.195000,0.119110,0.035152,-0.271825
33.200000,-0.867164,0.253954,0.414712
33.205000,0.472747,-0.087805,-0.378931
33.210000,-0.899274,0.180539,-0.701465
33.215000,0.938180,-1.769461,-0.940934
33.220000,-0.381971,-0.554392,0.023441
33.225000,-0.200854,0.754963,0.170458
33.230000,-0.279025,0.804013,-1.090512
33.235000,-0.622584,-0.637949,-0.383814
33.240000,0.429417,0.221544,0.227557
33.245000,-0.604603,0.540232,-0.431912
33.250000,-0.942144,0.038930,-0.524930
33.255000,-0.640278,-1.087619,-0.072313
33.260000,-0.486365,-0.417090,-0.923938
33.265000,1.326730,0.073161,0.550875
33.270000,-0.723326,-1.077142,-0.318923
33.275000,1.263630,-0.203315,-0.417171
33.280000,1.166199,-1.233882,0.747664
33.285000,0.446798,0.446473,-0.251839
33.290000,0.894759,-0.049453,0.062421
33.295000,-1.305878,-0.658724,-1.069861
33.300000,-0.046770,-0.714605,0.363412
33.305000,0.326025,0.575296,0.282702
33.310000,0.795272,0.355451,-0.373687
33.315000,-1.167849,-1.060513,-0.587851
33.320000,0.198767,-0.548356,-0.837587
33.325000,0.787740,2.175193,-0.599649
33.330000,-0.549024,0.677290,0.494907
33.335000,0.120677,-1.786837,-0.583939
33.340000,-0.755696,-0.135004,0.705447
33.345000,0.755540,0.074292,-0.170240
33.350000,-0.172315,-0.480197,0.584206
33.355000,-0.383484,-0.192848,1.394800
33.360000,-1.425872,-0.191201,-0.814316
33.365000,0.559724,-0.403227,0.811799
33.370000,-0.220449,0.017290,-1.057253
33.375000,-0.451248,0.543239,0.762349
33.380000,0.388068,0.409581,0.006557
33.385000,1.370108,0.463630,0.966442
33.390000,0.752041,-0.349495,0.144753
33.395000,0.887821,-1.041605,-0.162394
33.400000,-1.287745,0.530595,-0.568733
33.405000,0.395702,-0.549511,-0.216499
33.410000,0.561575,0.668309,0.277872
33.415000,-0.039198,-0.292172,-0.559545
33.420000,-0.750057,-0.563592,0.273920
33.425000,-0.302520,-1.299365,0.553135
33.430000,0.652205,-0.432568,-0.012108
33.435000,-1.188762,-0.102622,1.128240
33.440000,-1.681448,0.486998,-0.187166
33.445000,0.951075,0.854174,-0.044487
33.450000,1.472349,-1.324428,-0.637966
33.455000,-0.443584,-0.122888,0.059097
33.460000,-0.715176,0.058053,0.580970
33.465000,1.214564,1.322226,1.997659
33.470000,0.753086,-2.096836,0.205445
33.475000,0.473970,-0.051797,-0.017640
33.480000,0.116730,-0.287820,1.091593
33.485000,0.353248,-1.049297,0.152858
33.490000,-0.271494,-0.040102,0.325413
33.495000,-1.083611,-0.521183,-0.177023
33.500000,0.341358,-1.031209,0.954839
33.505000,-0.965163,2.336579,0.710496
33.510000,0.520923,0.934161,0.440330
33.515000,-0.716797,0.504560,0.639106
33.520000,-0.309042,-0.685868,-0.332977
33.525000,-0.675098,0.930550,0.394949
33.530000,-0.011668,0.582753,-0.628598
33.535000,0.776327,0.417490,-0.166805
33.540000,-0.095624,0.723080,-0.094775
33.545000,-0.091881,0.744200,0.378041
33.550000,0.147586,0.501916,-0.703866
33.555000,0.134094,-1.151976,-0.375801
33.560000,-0.801316,0.565513,0.361880
33.565000,1.122159,-0.272194,-0.306750
33.570000,0.602593,0.350976,0.537251
33.575000,-0.154479,0.050296,-0.541794
33.580000,-1.229582,0.276362,-0.364657
33.585000,0.347086,-0.108447,1.129667
33.590000,0.141531,-0.029102,0.315804
33.595000,-0.106069,0.712581,-0.818776
33.600000,-0.081221,-0.936682,-0.666461
33.605000,0.800008,0.627162,1.392393
33.610000,-0.495814,-1.163725,0.632612
33.615000,-0.007251,0.116268,-0.022566
33.620000,-1.045558,0.515106,0.512176
33.625000,-1.009824,1.105253,0.314868
33.630000,-2.105189,1.599267,-0.485193
33.635000,0.380643,-0.710840,0.096556
33.640000,0.441375,0.556608,-1.117418
33.645000,0.640464,0.092757,2.002946
33.650000,1.734249,1.051163,-0.566465
33.655000,0.051173,-0.609894,-0.488884
33.660000,0.476396,0.050709,-1.391020
33.665000,0.024580,1.452615,-0.505914
33.670000,0.448758,1.058316,-0.826632
33.675000,0.762806,-0.779571,-0.111268
33.680000,-0.227332,1.573848,0.834427
33.685000,1.427669,-0.301371,0.106082
33.690000,1.189808,0.392636,-0.705697
33.695000,-0.395639,0.264557,-0.530525
33.700000,-0.186684,0.289550,-0.040559
33.705000,-0.770862,0.671123,0.805948
33.710000,1.592326,-0.097450,0.062685
33.715000,-0.946726,-0.322735,-0.288528
33.720000,-1.045766,-0.382673,-0.740862
33.725000,0.687991,0.486425,0.129964
33.730000,-0.848443,-0.714175,-1.509576
33.735000,-1.168127,-0.719373,-1.715020
33.740000,0.556834,-0.526394,-0.237088
33.745000,-0.013582,1.650222,0.097775
33.750000,0.380811,-0.042852,0.680297
33.755000,0.332866,-0.486645,-0.412988
33.760000,-0.448393,0.055822,0.900162
33.765000,0.719440,-0.234883,0.839843
33.770000,-0.372981,-0.452607,0.500543
33.775000,-1.032592,0.907478,0.564936
33.780000,-0.105680,-0.645852,-0.785931
33.785000,1.036829,0.028329,0.694761
33.790000,-0.500842,-0.967797,0.134294
33.795000,-0.221051,-0.285580,-0.389638
33.800000,0.310324,-0.262985,-0.307366
33.805000,0.904761,0.966558,0.272829
33.810000,-0.491457,0.345033,-0.501334
33.815000,-1.322438,-1.483663,-0.688539
33.820000,-0.227398,1.756233,0.409438
33.825000,0.814845,0.088402,1.837944
33.830000,-0.133742,0.292597,0.249213
33.835000,0.115461,-0.651062,0.432136
33.840000,-0.290775,0.531214,0.758937
33.845000,-0.205610,0.796638,0.526620
33.850000,-0.318078,-0.011384,-0.590747
33.855000,-0.275299,-0.250398,-1.062534
33.860000,1.124912,0.007760,-0.188643
33.865000,-0.207530,0.527033,-0.400361
33.870000,0.554982,-0.220762,-0.778350
33.875000,-0.487702,-1.142359,-0.378427
33.880000,-0.162501,-0.601967,0.208974
33.885000,-0.756817,0.438269,0.244835
33.890000,0.225712,-0.063867,-1.018775
33.895000,-0.217825,-1.156349,-1.850162
33.900000,0.200957,0.848021,-0.051963
33.905000,0.659754,-0.340590,0.748730
33.910000,1.490941,1.062801,-0.346401
33.915000,-1.565537,0.626785,-0.447963
33.920000,-0.791136,-0.573530,1.140639
33.925000,0.150821,0.732737,0.812057
33.930000,-0.446642,-1.092385,-1.151581
33.935000,1.449794,-1.120984,0.866602
33.940000,-0.638772,0.964511,0.302008
33.945000,1.128290,0.206766,-0.500295
33.950000,1.082775,-0.812298,0.269758
33.955000,1.290741,-0.244129,-1.091201
33.960000,0.331516,-0.307010,-1.060063
33.965000,-0.426751,-0.026492,0.921973
33.970000,-0.450934,-0.407965,-1.178031
33.975000,-0.514958,-1.230073,-0.576467
33.980000,0.580024,0.986666,0.650553
33.985000,-0.042269,0.655823,-0.351438
33.990000,-0.003074,0.034000,-0.340239
33.995000,-0.450057,-0.085328,1.181129
34.000000,-0.611699,-0.884040,-0.736102
34.005000,-0.256392,1.248279,1.815491
34.010000,-0.291097,0.012301,-0.094101
34.015000,-0.624562,0.064985,-0.359260
34.020000,-1.037510,-1.302036,0.101759
34.025000,0.481169,-0.524940,0.299816
34.030000,-0.026637,0.224840,0.160033
34.035000,-0.938906,0.252264,-1.500108
34.040000,0.249570,0.163781,0.107929
34.045000,0.645408,-0.165115,2.125814
34.050000,0.524404,0.566778,-0.469405
34.055000,0.388988,-0.066757,0.078491
34.060000,-0.854160,-0.044923,0.116845
34.065000,1.173516,-0.055800,0.308821
34.070000,0.414290,1.173914,0.976629
34.075000,0.572967,-1.297480,-0.904397
34.080000,0.099720,0.795542,-0.095097
34.085000,-1.135737,0.347912,0.642770
34.090000,1.198641,-0.015728,0.051125
34.095000,-0.346049,0.496804,0.289108
34.100000,0.546962,0.171688,-0.056186
34.105000,1.608926,0.621615,0.467121
34.110000,1.160942,0.609794,-1.614277
34.115000,-0.126537,0.302296,0.017431
34.120000,-1.297590,-0.147469,-0.942374
34.125000,0.664810,0.309953,-0.094557
34.130000,-0.970298,0.639223,-2.089309
34.135000,0.089566,-0.686804,-0.449845
34.140000,0.010466,1.074750,0.664249
34.145000,2.121360,0.698043,0.490665
34.150000,1.058347,-0.495041,0.002657
34.155000,-0.899677,-1.549067,0.606747
34.160000,-1.421710,0.618597,-0.353199
34.165000,0.173907,0.419070,-0.201400
34.170000,0.551422,2.341322,-0.066618
34.175000,-0.188931,0.052381,0.928651
34.180000,-1.562505,-1.193064,0.011023
34.185000,-0.049854,0.272327,-0.008454
34.190000,0.471571,-0.898840,0.399567
34.195000,0.023040,-0.159654,-0.037841
34.200000,0.586418,-0.903519,-0.450630
34.205000,-0.094861,-0.097770,1.011978
34.210000,-0.147130,-0.467015,-0.761466
34.215000,-1.648984,-1.244852,0.473356
34.220000,0.163494,0.385490,-0.222677
34.225000,0.751454,1.369763,0.739097
34.230000,-0.096770,-0.253447,-0.341490
34.235000,0.033613,-0.033445,0.634359
34.240000,0.393809,-0.045894,0.215899
34.245000,0.091096,0.792470,0.742804
34.250000,-1.031408,0.417462,0.662122
34.255000,-0.232519,-1.156664,0.238682
34.260000,-0.082315,-0.040283,0.800458
34.265000,-0.430434,1.202936,-1.140235
34.270000,-0.169716,-1.794616,-1.141287
34.275000,-0.768701,1.050542,0.862247
34.280000,-0.189843,1.284287,-0.205718
34.285000,0.692560,-0.707992,-0.704978
34.290000,0.536168,-0.740153,-0.015075
34.295000,0.745978,-1.069529,-0.306741
34.300000,-1.311817,0.268189,0.539020
34.305000,0.500031,0.332399,-0.631340
34.310000,1.007311,-0.443246,-1.011358
34.315000,0.351304,0.242347,-0.691414
34.320000,0.386681,-0.077894,2.075872
34.325000,1.022489,1.516266,0.508011
34.330000,0.518157,0.425776,0.657916
34.335000,-0.151695,-1.539757,-0.073435
34.340000,-0.332990,-0.372896,-0.862814
34.345000,0.933394,0.344913,-0.867674
34.350000,0.215848,-0.042559,-2.287380
34.355000,0.027693,-0.253288,0.198560
34.360000,-0.676457,0.166700,0.209584
34.365000,0.932858,-0.019209,0.381504
34.370000,0.807449,0.445972,-0.410631
34.375000,-0.517306,0.247359,-0.883128
34.380000,-0.068164,0.832999,-0.957165
34.385000,0.289600,0.211139,1.490695
34.390000,0.516793,0.757131,-0.122547
34.395000,0.058781,-0.627310,-0.937985
34.400000,-0.757387,-1.006128,-0.572328
34.405000,1.049349,0.420940,0.703982
34.410000,0.013167,-0.234943,-1.058406
34.415000,-0.480675,-0.533284,-0.117329
34.420000,0.108274,-0.347581,-0.953550
34.425000,-0.635823,0.172136,0.808483
34.430000,0.272333,-0.446301,-0.201261
34.435000,-0.581217,-0.292120,-0.855078
34.440000,0.355489,0.798507,0.354883
34.445000,-0.131012,1.482901,-0.407938
34.450000,0.909383,0.447023,-0.859952
34.455000,-1.717523,0.587695,-0.296546
34.460000,-1.597501,-1.305888,0.370692
34.465000,0.310635,0.029478,0.952486
34.470000,0.374696,0.787858,0.332293
34.475000,-0.739136,-0.697897,-1.329995
34.480000,-0.125966,0.207847,0.225429
34.485000,-0.378367,0.887306,0.685077
34.490000,0.892847,-0.013884,-0.550652
34.495000,-0.839991,-0.134140,-0.134670
34.500000,-0.018960,-0.144676,0.784941
34.505000,-0.051543,0.071084,0.385759
34.510000,0.282538,-0.315223,0.006962
34.515000,-0.749012,0.134624,0.463910
34.520000,-0.574858,0.037429,0.431474
34.525000,0.358069,0.304474,-0.630659
34.530000,0.009711,-0.536428,-1.371716
34.535000,-0.414648,0.454416,0.084158
34.540000,-0.515397,0.515991,-0.071523
34.545000,0.254508,0.143073,0.012260
34.550000,-0.796875,-0.089747,0.250620
34.555000,-0.028696,-0.287483,-1.143490
34.560000,-0.996009,0.084413,0.816708
34.565000,2.038535,0.792656,-0.180323
34.570000,0.090804,-0.569226,-0.264175
34.575000,-1.177291,0.848801,0.669212
34.580000,-0.615719,-0.407634,-0.037848
34.585000,1.233476,-0.320259,0.002275
34.590000,1.056583,-0.213581,-0.567046
34.595000,1.099639,-0.059888,-0.566606
34.600000,0.233683,1.955077,0.261556
34.605000,-0.725972,0.490974,0.578489
34.610000,0.474856,0.189759,0.342660
34.615000,0.971001,0.177609,-0.315373
34.620000,-1.224039,-1.203166,0.156689
34.625000,0.484852,1.310291,-0.222391
34.630000,0.580273,-0.706599,0.188411
34.635000,0.151426,-0.877823,-1.013977
34.640000,-1.037023,-1.413727,0.517758
34.645000,-1.500633,-0.321602,-0.336912
34.650000,-0.640952,-0.757710,-0.736898
34.655000,0.508148,-1.314451,-0.181976
34.660000,0.000779,-0.772822,0.728727
34.665000,0.078152,0.578669,0.938738
34.670000,0.355469,0.693374,-0.906539
34.675000,0.673094,-0.685058,-0.155796
34.680000,-0.395365,0.466500,1.398902
34.685000,0.178118,1.476142,-0.232949
34.690000,0.608390,0.862302,0.107601
34.695000,-0.068265,1.303071,-0.316658
34.700000,-0.280565,-0.414447,0.081495
34.705000,0.053427,1.450316,0.935682
34.710000,-0.804176,0.061851,0.115544
34.715000,-0.071731,1.345484,-2.346764
34.720000,-0.104799,0.896784,0.652350
34.725000,-0.088428,0.926692,0.166726
34.730000,0.084382,0.023453,-0.949086
34.735000,0.662371,0.764416,-0.826435
34.740000,-1.964931,0.058797,0.361726
34.745000,0.501119,1.105474,0.565515
34.750000,-0.072663,-0.459369,-0.316338
34.755000,0.525303,-0.096022,0.861249
34.760000,-0.074896,1.660777,-0.049036
34.765000,2.033942,0.841492,1.052661
34.770000,0.264480,-0.659868,1.415646
34.775000,0.372835,-1.074786,-0.308540
34.780000,0.240319,0.895521,-0.179363
34.785000,0.834535,0.126382,0.100425
34.790000,-0.479945,-0.217369,1.338117
34.795000,0.303623,-0.668814,-0.240665
34.800000,-0.764781,0.165081,-0.430446
34.805000,-0.217855,0.407349,-0.393058
34.810000,-0.162193,0.178867,0.005789
34.815000,0.361278,-0.822941,-0.088365
34.820000,-0.515034,-0.258867,-0.048975
34.825000,1.302742,-0.077079,0.457767
34.830000,0.611299,-0.484228,-1.051865
34.835000,-0.420177,-0.717051,-1.413835
34.840000,-1.283475,-0.433634,-0.063048
34.845000,-0.327105,-0.468180,0.806638
34.850000,0.366663,-0.355111,0.656325
34.855000,-0.679000,-1.793158,-0.359942
34.860000,-0.443614,-0.080373,0.006977
34.865000,0.124044,0.947489,0.041470
34.870000,0.219728,1.016885,-1.641910
34.875000,0.604952,-0.398967,-1.297410
34.880000,1.098033,-0.412884,-0.349490
34.885000,0.370218,0.292603,1.193082
34.890000,-1.267194,0.343968,-0.880885
34.895000,-0.127086,0.940471,-1.466537
34.900000,-0.016034,0.408130,-2.284621
34.905000,0.498139,1.625823,0.685874
34.910000,0.593454,0.848000,0.234251
34.915000,1.291784,-0.568145,-0.879294
34.920000,-1.000983,-0.091505,0.787395
34.925000,-0.350970,0.330782,0.048249
34.930000,-0.179453,0.002697,0.204216
34.935000,0.196503,-0.483418,-0.305116
34.940000,-1.169990,0.906494,0.037594
34.945000,0.418316,0.281448,0.758006
34.950000,1.473183,-0.584386,0.523550
34.955000,-0.796435,0.219980,-0.423048
34.960000,0.670618,0.500272,0.986357
34.965000,1.031057,-0.732778,-1.064279
34.970000,-0.192841,0.882449,0.808271
34.975000,0.777625,0.487982,0.339161
34.980000,0.089158,-1.081555,1.447716
34.985000,0.464468,1.252976,1.388874
34.990000,0.243986,0.337690,0.965913
34.995000,-0.094494,-0.647695,0.677993
35.000000,-0.032920,0.696802,0.873201
35.005000,0.331909,-0.375194,-0.059216
35.010000,0.415069,0.508215,0.220016
35.015000,-0.634718,0.153048,-1.342824
35.020000,-0.835097,-1.670275,-0.058843
35.025000,-0.055510,0.634496,0.952855
35.030000,0.502476,0.263976,0.514125
35.035000,0.432944,-0.205301,0.188480
35.040000,-0.030598,1.291432,0.621143
35.045000,0.132694,0.722996,0.350841
35.050000,0.388746,-0.317157,-0.448280
35.055000,-0.561423,-0.923175,1.195290
35.060000,-0.446543,0.578099,-0.095067
35.065000,-0.992549,0.523071,0.326845
35.070000,-0.926072,-0.609883,1.133152
35.075000,0.610969,-0.785034,-0.297042
35.080000,-1.185269,-0.141047,-0.638884
35.085000,-0.403263,0.049865,1.186940
35.090000,1.164346,-1.601448,-0.736379
35.095000,-0.472691,0.008838,-0.362398
35.100000,0.245577,0.103015,1.368773
35.105000,0.608214,-0.116940,0.834785
35.110000,0.135028,-1.131951,0.662658
35.115000,-0.600625,0.082166,0.677117
35.120000,-1.329654,-0.537424,0.375337
35.125000,0.781637,-1.488731,0.013460
35.130000,1.390388,0.277851,0.618053
35.135000,-0.495513,-1.128050,0.727307
35.140000,0.142954,0.931208,1.738268
35.145000,-0.906138,0.381459,0.236989
35.150000,0.445210,-0.331005,-0.628129
35.155000,-0.483568,-1.421016,0.729388
35.160000,0.353658,0.210957,0.516763
35.165000,0.875935,-0.133096,0.559887
35.170000,1.129360,0.480982,-1.128491
35.175000,-0.570426,-1.634875,-1.514252
35.180000,0.500493,-0.623548,-0.096616
35.185000,0.033767,-0.285930,0.924053
35.190000,0.965330,0.218300,0.151359
35.195000,-0.827680,-0.731348,-0.381185
35.200000,0.664712,1.468699,-0.106109
35.205000,0.241006,-0.392667,-0.263466
35.210000,1.537132,-0.196903,1.084678
35.215000,0.841674,-0.124285,1.032931
35.220000,-0.293149,-0.661756,-0.967938
35.225000,1.265058,0.008119,0.747749
35.230000,0.409765,-0.652891,-1.970013
35.235000,-0.011505,1.664137,0.004672
35.240000,-0.933620,0.226604,1.114627
35.245000,0.054373,0.257866,0.268647
35.250000,-0.349543,1.188196,0.473255
35.255000,0.055529,-0.403581,-0.487105
35.260000,0.589527,0.627253,-0.950771
35.265000,0.859126,-0.044252,0.055665
35.270000,0.964395,-0.106198,-2.081434
35.275000,-0.019328,-1.177460,0.186642
35.280000,-0.171182,1.586276,-1.199559
35.285000,0.458200,0.910606,-0.558674
35.290000,0.080256,-0.237048,-0.011216
35.295000,0.122939,-1.610805,-1.111150
35.300000,1.629523,0.134973,1.002639
35.305000,0.540627,0.664698,-0.609629
35.310000,0.353796,0.222714,-0.342314
35.315000,-0.209399,0.762177,-1.199033
35.320000,-0.337551,0.722234,0.278291
35.325000,1.546887,-0.059325,0.811240
35.330000,0.384722,0.847453,0.146659
35.335000,-0.072158,-0.927593,-1.698865
35.340000,0.290094,0.020681,-1.252469
35.345000,0.729813,-0.703719,0.775094
35.350000,0.181436,-0.700793,-0.442376
35.355000,-0.309660,-0.900779,0.018923
35.360000,0.158118,-0.053719,0.251383
35.365000,-0.955116,-0.225259,1.393487
35.370000,-0.044662,-1.207936,-1.935730
35.375000,0.203084,-0.958183,-0.370189
35.380000,-0.906370,-0.562800,0.197422
35.385000,-0.595863,0.887668,2.004009
35.390000,0.058577,-0.471199,-0.257996
35.395000,-0.083093,-0.932735,-0.945513
35.400000,-1.220754,-0.474095,-1.696274
35.405000,1.965257,-0.105161,-0.154374
35.410000,0.719767,1.271709,-0.724241
35.415000,-1.327986,-0.856429,0.099071
35.420000,-1.312370,1.237601,0.236674
35.425000,0.180190,0.292451,1.646042
35.430000,-0.166930,-0.034930,0.326927
35.435000,-0.727067,0.144224,-0.028867
35.440000,0.256654,0.446620,0.256944
35.445000,1.338112,-0.006376,1.045066
35.450000,1.040084,-1.014767,-0.073092
35.455000,0.160679,-0.319619,0.043461
35.460000,-0.137700,0.423946,1.097471
35.465000,1.198182,-0.152613,-0.373593
35.470000,-0.758083,0.415775,0.412219
35.475000,0.093775,0.110582,-0.106495
35.480000,-1.066747,-0.064257,-0.191372
35.485000,0.371229,0.809808,0.443087
35.490000,0.028474,1.761001,-0.333714
35.495000,1.011256,-0.414595,0.143304
35.500000,-0.541838,0.566975,1.273492
35.505000,1.290233,0.680061,0.686844
35.510000,-0.833308,0.120720,-0.434158
35.515000,0.005776,-0.708562,-1.464651
35.520000,-0.527197,-0.217029,0.759947
35.525000,0.302514,1.101979,0.304802
35.530000,0.351620,0.421258,-1.076945
35.535000,-0.039199,0.043972,-0.947121
35.540000,0.271734,0.347060,1.190588
35.545000,-0.287574,0.800270,0.185119
35.550000,0.058917,-0.097439,0.729132
35.555000,-0.512030,-0.596175,1.856262
35.560000,-0.309871,0.331869,1.424134
35.565000,0.365689,1.088496,-0.475059
35.570000,-0.909275,-0.292426,-0.407244
35.575000,-0.039625,-0.665980,0.405560
35.580000,0.342466,0.103202,-0.729924
35.585000,0.917796,0.762504,0.893479
35.590000,-0.320095,0.167229,-2.007551
35.595000,0.723321,-1.878397,-0.472894
35.600000,-1.039504,-0.497785,0.473942
35.605000,-1.386478,-0.024569,-0.091951
35.610000,-0.490375,0.325119,-0.544029
35.615000,1.243140,-0.562887,-0.064508
35.620000,0.019453,0.754904,0.221136
35.625000,0.623119,0.405756,0.351550
35.630000,0.067440,-0.435881,-0.385672
35.635000,-0.627062,-1.453482,-0.734452
35.640000,-0.966894,0.593161,1.511931
35.645000,0.379931,-0.303534,0.952593
35.650000,0.716658,0.076782,0.924229
35.655000,-0.170278,-0.889346,-0.600829
35.660000,-0.067373,0.975159,0.624760
35.665000,-0.524114,1.372014,0.651196
35.670000,1.076976,-0.078967,-0.391932
35.675000,0.304280,0.446061,-0.385910
35.680000,-0.453020,-0.718987,0.781314
35.685000,0.085421,0.355914,-0.323294
35.690000,-0.340954,0.350627,0.175405
35.695000,-0.584199,-0.798010,0.262743
35.700000,0.154449,-0.477116,0.200748
35.705000,-0.351964,0.355725,0.495552
35.710000,0.197551,0.947274,-0.248309
35.715000,-1.127073,-1.425352,-1.652027
35.720000,-0.846808,0.934268,-0.525437
35.725000,0.384637,0.761150,0.849110
35.730000,0.227127,0.188937,-0.605181
35.735000,0.290894,-1.234536,-1.142096
35.740000,-0.111653,-0.873256,-0.198213
35.745000,0.632708,-0.345878,1.575652
35.750000,-0.024109,0.374479,-0.062148
35.755000,-1.108688,0.210655,-0.919660
35.760000,-0.569557,-1.616967,-0.048501
35.765000,0.053886,-0.641569,1.471792
35.770000,1.050588,0.818461,-1.383174
35.775000,-1.366857,-0.427416,-0.465905
35.780000,-1.129592,-0.285440,0.533069
35.785000,-0.015619,0.826914,-1.076932
35.790000,-0.324390,-0.676341,0.372432
35.795000,0.571631,-0.797947,-0.836535
35.800000,0.804993,0.824500,1.312213
35.805000,-0.105931,-0.299027,0.785449
35.810000,2.169704,-1.432765,0.062825
35.815000,-0.243007,0.321622,-1.065239
35.820000,-0.608679,0.191917,0.627773
35.825000,-0.140810,0.720860,1.009713
35.830000,-0.846858,-0.498590,0.597412
35.835000,-0.861594,-0.277364,0.056221
35.840000,0.930235,0.205607,0.690712
35.845000,0.588243,0.695382,-0.853256
35.850000,-0.604360,-1.174606,0.114340
35.855000,0.720636,0.081437,-0.393648
35.860000,-0.387541,0.050435,1.360478
35.865000,0.717917,0.427118,0.227617
35.870000,-0.254315,1.041186,-0.500643
35.875000,-0.218595,-0.181097,-0.154037
35.880000,-0.321770,-0.095810,1.101321
35.885000,0.066755,-0.418559,0.720105
35.890000,1.110022,0.358438,-0.816575
35.895000,0.601765,0.749081,-0.906416
35.900000,0.175984,-0.366894,0.756926
35.905000,0.009260,0.216394,-0.257116
35.910000,0.076786,-0.502297,-0.744643
35.915000,0.110603,-0.311363,0.164693
35.920000,-1.564612,-0.200802,-1.307241
35.925000,-0.563551,0.512252,0.628132
35.930000,1.223270,-0.997100,-0.134102
35.935000,-1.921101,-0.241460,1.009144
35.940000,0.348787,0.583547,0.275739
35.945000,-0.498063,0.038036,0.233350
35.950000,1.050953,-0.263506,-1.319624
35.955000,-0.677555,-1.666865,-1.280855
35.960000,-0.708639,-0.447138,-0.492759
35.965000,1.516661,0.402118,-0.210064
35.970000,-0.195884,-0.716872,-0.220989
35.975000,1.330254,0.574309,-0.494885
35.980000,-0.789819,0.557586,0.397771
35.985000,0.786518,0.528821,-0.019637
35.990000,0.748722,0.286301,-0.502282
35.995000,-0.279334,-1.670681,-0.162814
36.000000,1.140562,1.011429,0.863046
36.005000,0.959467,0.309068,1.607025
36.010000,0.556484,0.416254,-0.538913
36.015000,-0.122125,0.500683,-1.130370
36.020000,0.338424,0.926269,0.751005
36.025000,0.361805,-0.022400,-0.215050
36.030000,0.363886,0.614089,-0.180273
36.035000,0.231864,0.570243,-0.103973
36.040000,-0.298177,0.290241,0.140030
36.045000,1.040786,0.347149,-0.585640
36.050000,0.394072,-0.523026,0.031738
36.055000,-0.467863,-0.434808,-0.281081
36.060000,-0.919751,-0.299501,-0.024818
36.065000,0.312610,1.347270,-0.573757
36.070000,0.360006,0.062330,-0.176189
36.075000,-0.862314,-0.312550,-0.699705
36.080000,-0.855243,0.564646,0.087947
36.085000,0.496950,0.786470,0.016465
36.090000,0.246796,1.277904,-0.943586
36.095000,-1.623212,-0.004297,0.343644
36.100000,-0.002213,-0.269026,0.156279
36.105000,-0.716556,1.219230,-0.277079
36.110000,0.359109,0.067975,-0.576940
36.115000,-0.521586,-0.189658,0.393704
36.120000,-0.792133,-0.530594,1.481584
36.125000,0.063361,2.155256,0.976776
36.130000,0.339201,0.091718,0.041959
36.135000,-0.778764,-0.137060,-0.029872
36.140000,0.017389,-0.222152,-0.738986
36.145000,-1.146678,-0.268568,0.801985
36.150000,0.678170,-0.270094,0.809665
36.155000,0.026084,-0.351448,-0.114954
36.160000,-1.266417,-0.207905,0.735012
36.165000,0.915498,0.220774,0.706591
36.170000,0.631400,0.018546,-1.374507
36.175000,-1.116157,-1.253537,-0.253001
36.180000,0.087499,-0.089796,1.097234
36.185000,0.794804,0.661199,0.134335
36.190000,1.015816,0.314532,-0.562472
36.195000,0.341055,-1.326120,-0.194752
36.200000,-0.252432,-0.165829,0.162043
36.205000,0.501262,1.012501,0.060380
36.210000,0.977274,-0.060311,-0.857640
36.215000,-1.129879,0.121329,-0.750364
36.220000,-0.209790,0.376429,1.114880
36.225000,0.670912,0.427700,-0.489288
36.230000,-0.898047,-0.686893,-1.127052
36.235000,-0.378457,-0.188779,-0.068634
36.240000,-0.567098,-0.224474,0.097478
36.245000,0.578932,-0.765021,0.573793
36.250000,1.167309,-0.068240,-0.680283
36.255000,0.278965,-1.587000,0.407647
36.260000,-0.111152,0.330472,-0.455846
36.265000,-0.602238,0.102822,0.858730
36.270000,0.618466,-0.828021,-0.845300
36.275000,0.311555,-1.223402,-0.452439
36.280000,-1.848950,-0.823180,0.920351
36.285000,0.101354,1.061354,1.093590
36.290000,1.242624,-0.433709,-0.190041
36.295000,-0.715714,0.479230,0.073194
36.300000,0.531089,0.237437,-0.985630
36.305000,1.566777,0.455703,0.111120
36.310000,1.481926,-0.090574,-0.409775
36.315000,-1.133151,-0.136990,-1.456327
36.320000,0.087290,-0.045397,0.476355
36.325000,-0.126135,1.725967,-0.690771
36.330000,1.003479,1.170693,-0.184057
36.335000,0.529918,-0.783009,-1.147486
36.340000,-0.355450,0.148291,-0.360181
36.345000,0.980289,0.202417,0.008755
36.350000,0.834637,0.748419,-0.437830
36.355000,-0.938008,-1.448029,-0.492027
36.360000,-0.428722,0.255252,1.661911
36.365000,0.099857,0.738762,1.231116
36.370000,0.633560,0.253909,-0.704361
36.375000,-1.451368,-0.920623,0.777828
36.380000,0.837602,-1.133678,0.317733
36.385000,-0.357156,0.374506,0.180095
36.390000,0.692583,0.844296,-0.211614
36.395000,0.629379,-0.493478,0.175246
36.400000,-0.611543,-1.897784,0.603773
36.405000,0.297762,0.372528,0.207094
36.410000,0.599015,1.008831,-0.012608
36.415000,-0.375005,0.511213,-0.792584
36.420000,0.161663,-0.762328,1.053843
36.425000,1.486936,0.588067,1.816562
36.430000,0.373390,0.587968,-0.603864
36.435000,-0.023873,-0.459456,-1.693988
36.440000,-0.701143,-0.687251,0.108632
36.445000,0.094624,0.330831,0.648331
36.450000,-0.070214,0.044016,-0.465634
36.455000,-0.708887,0.005421,-0.280240
36.460000,-1.185313,-0.491702,0.208615
36.465000,-0.391362,-0.336330,-0.357629
36.470000,-0.543683,0.046263,-0.525776
36.475000,-0.417163,-0.857839,0.961131
36.480000,-0.895565,1.083025,1.224877
36.485000,0.817792,-0.298190,0.507911
36.490000,0.338242,-0.372264,-0.595090
36.495000,-0.509234,0.505174,-1.776930
36.500000,-1.197059,-0.249077,0.659799
36.505000,0.453384,0.762137,0.214983
36.510000,1.098217,0.269923,0.500169
36.515000,-0.628243,-1.127858,-0.434561
36.520000,-0.494402,-0.433911,-0.674528
36.525000,1.009936,0.594275,0.636452
36.530000,0.293989,-0.452734,0.188135
36.535000,0.183685,-0.038266,-0.442495
36.540000,-1.120714,-0.275482,0.269148
36.545000,0.258578,1.514904,0.632031
36.550000,-0.702317,-0.015812,-1.750710
36.555000,-1.537261,-0.924239,-1.541763
36.560000,0.263672,-0.523236,0.161337
36.565000,1.192762,-0.661647,0.833795
36.570000,0.573154,1.235954,-0.079983
36.575000,-0.544121,-0.883923,0.371983
36.580000,-0.054748,1.350609,0.153201
36.585000,0.313784,0.068844,0.019414
36.590000,0.737568,-0.170378,-0.510608
36.595000,0.932657,-0.890349,-0.160364
36.600000,0.169091,1.933115,0.340165
36.605000,-0.944457,-0.308760,0.809645
36.610000,0.310743,0.011594,-0.556130
36.615000,-0.506812,-0.952380,-0.738619
36.620000,-0.575027,0.332688,0.835614
36.625000,-0.828201,-0.277071,-0.177223
36.630000,-0.933255,-1.408715,0.228108
36.635000,-1.618750,-1.338736,-1.236462
36.640000,1.061074,0.919838,0.692115
36.645000,-1.176690,-0.632866,0.208439
36.650000,1.171804,0.707118,0.675326
36.655000,-0.379664,-0.551877,0.284716
36.660000,0.364902,-0.439415,0.366089
36.665000,0.092303,0.277600,0.797099
36.670000,-1.022194,0.154587,0.419873
36.675000,-0.938559,0.646651,1.157268
36.680000,-0.749415,0.688087,0.769603
36.685000,0.216657,1.202770,0.858669
36.690000,0.634411,-2.218955,-1.465554
36.695000,-0.115622,-1.543546,-0.535686
36.700000,0.123391,1.160179,0.145399
36.705000,0.668032,0.606407,0.322527
36.710000,0.238193,-0.641303,0.243368
36.715000,0.197283,-0.508203,-0.656893
36.720000,0.316382,-0.114886,-0.426855
36.725000,0.456919,0.205200,0.606652
36.730000,-0.403329,-0.612976,-0.141233
36.735000,0.276427,-0.643090,-0.415116
36.740000,-1.548599,0.560636,1.353744
36.745000,-0.890349,0.400136,1.012320
36.750000,0.062014,-0.088451,1.171644
36.755000,-0.190536,1.875762,-0.176564
36.760000,-0.428568,-0.335802,0.755529
36.765000,0.715686,-0.431533,0.757396
36.770000,0.888421,-0.650076,-0.084199
36.775000,0.116702,0.398307,-1.199635
36.780000,-0.309109,0.019023,-0.404728
36.785000,-0.745612,-0.477092,1.403867
36.790000,0.179638,0.643980,0.407586
36.795000,-0.029195,0.049527,-0.117495
36.800000,-0.665685,1.256873,1.981675
36.805000,-1.087016,-0.478645,0.421041
36.810000,-0.288966,0.777588,0.043378
36.815000,-1.200228,0.805342,-1.436211
36.820000,-0.112329,-0.642817,0.844191
36.825000,-0.342510,1.158093,-0.456747
36.830000,-0.158948,0.818565,0.961564
36.835000,-1.044470,-1.350671,0.559112
36.840000,0.723502,1.363726,0.075686
36.845000,-0.474465,-0.879960,-0.306666
36.850000,0.196246,0.100994,-1.079536
36.855000,0.278003,-0.112364,-0.683592
36.860000,-0.975552,-0.063975,-0.508053
36.865000,1.959329,1.672149,0.615805
36.870000,-0.068583,0.136555,0.083933
36.875000,0.124131,-1.476617,-0.245328
36.880000,1.726496,1.499604,0.936526
36.885000,1.057689,0.519161,0.132869
36.890000,1.015857,-0.346974,-1.112484
36.895000,0.522911,-0.883073,-0.847368
36.900000,0.184951,0.092044,-0.300094
36.905000,0.119077,0.774796,-0.461590
36.910000,0.441264,0.355577,0.773628
36.915000,0.294066,-0.532816,0.153472
36.920000,-0.044123,0.531573,1.152535
36.925000,-0.685407,-0.699649,0.199145
36.930000,-0.714835,0.628688,-0.997237
36.935000,-0.486833,-1.085905,-0.225339
36.940000,-1.667688,1.126312,0.552532
36.945000,0.113641,0.931020,0.218336
36.950000,-0.587537,-0.055846,-1.038526
36.955000,-0.123927,-0.534988,-0.736543
36.960000,0.536407,0.533563,-0.137827
36.965000,1.093354,1.694555,-0.047840
36.970000,0.504498,-0.226042,-0.199969
36.975000,-0.445028,0.391280,-1.336509
36.980000,-1.365702,0.584172,0.373491
36.985000,0.736909,-0.017272,0.518040
36.990000,1.259751,0.097641,-0.326057
36.995000,-0.569522,-1.170834,-1.188124
37.000000,0.051417,0.997459,-0.881502
37.005000,0.554311,0.548999,-0.326050
37.010000,-0.860176,0.377316,0.011971
37.015000,-0.381000,-0.785969,0.136437
37.020000,0.336064,-1.080021,0.027063
37.025000,-0.811594,0.196046,0.699336
37.030000,0.186344,0.286767,-1.069667
37.035000,-0.205056,0.477515,-1.721599
37.040000,0.328103,0.049582,0.130507
37.045000,-0.396584,0.465419,0.142426
37.050000,-0.313525,-0.722154,-1.316468
37.055000,-0.787119,0.379305,-0.872423
37.060000,0.784279,0.396772,-0.946705
37.065000,0.269584,0.196554,0.223685
37.070000,0.863911,0.040667,0.034892
37.075000,0.788240,0.219871,-1.050275
37.080000,0.035949,-0.114179,-0.872672
37.085000,-1.127742,0.907762,0.173091
37.090000,0.427555,0.602505,-0.475970
37.095000,0.584191,-0.080794,-0.624567
37.100000,-0.432431,0.283763,0.470392
37.105000,1.351121,0.686301,1.232770
37.110000,0.847559,0.165865,-1.769292
37.115000,-1.032628,-0.383743,-0.034405
37.120000,-0.062976,1.183386,-1.118400
37.125000,0.700189,0.709610,1.776094
37.130000,0.082645,0.589490,0.366218
37.135000,-1.393266,-0.173839,-0.560768
37.140000,-0.374116,-0.316845,-0.392550
37.145000,0.244112,0.525430,0.746885
37.150000,-0.859846,-0.381987,-0.403613
37.155000,0.076312,-0.066456,0.591638
37.160000,0.869967,0.565451,0.743854
37.165000,0.515676,1.294631,-0.217561
37.170000,0.684231,-0.362684,-0.903337
37.175000,-0.691692,0.208845,-0.702392
37.180000,-0.868174,-0.282408,0.497583
37.185000,-0.319310,1.659740,0.270158
37.190000,-1.607864,0.091948,-1.495174
37.195000,0.128895,0.763828,-0.833992
37.200000,-0.343077,0.334799,0.639326
37.205000,1.098559,1.417034,0.796686
37.210000,-0.837525,-1.391735,0.099268
37.215000,-0.392227,0.895174,0.225697
37.220000,-0.158595,0.188803,1.460149
37.225000,-0.224848,-0.388957,0.270684
37.230000,-0.204817,-1.204196,0.732639
37.235000,0.175506,-1.057167,-1.086683
37.240000,-0.467883,-0.428498,0.353407
37.245000,0.985837,0.547147,0.433922
37.250000,-0.637700,1.488847,-1.056739
37.255000,-0.871143,-0.721419,-0.511234
37.260000,-0.796388,0.147690,0.525985
37.265000,-0.725907,0.343283,-0.216208
37.270000,0.481880,-1.949126,0.357571
37.275000,0.226660,-1.154904,-0.441784
37.280000,0.915182,1.308853,-0.292049
37.285000,-0.440028,0.574950,-0.608579
37.290000,0.369293,-1.323238,0.196758
37.295000,0.258441,0.494682,0.585626
37.300000,-0.431537,0.604813,0.086398
37.305000,0.440830,0.379591,-0.488612
37.310000,0.437452,-0.096798,1.025920
37.315000,-1.167152,-1.261534,-1.039041
37.320000,1.433393,-1.010000,-0.217974
37.325000,-0.003859,-0.901288,-0.337636
37.330000,0.567452,0.032822,-1.017978
37.335000,-0.163784,0.183113,-1.206371
37.340000,-0.594285,0.241674,0.994865
37.345000,-0.451181,0.470598,-1.317689
37.350000,1.296284,0.134674,0.701049
37.355000,-1.143843,0.488308,-0.942041
37.360000,-0.709329,-0.202879,0.857383
37.365000,0.921829,-0.069120,-0.433085
37.370000,2.036035,-0.025097,0.476154
37.375000,0.201318,0.743841,-0.547949
37.380000,0.555988,-0.865664,0.551045
37.385000,0.261018,1.549955,0.219048
37.390000,1.288086,-0.069036,0.706380
37.395000,-0.004342,0.411876,-1.264369
37.400000,-0.938924,-0.525529,-0.042411
37.405000,1.038145,1.425487,0.055214
37.410000,0.724796,-1.046058,-0.218630
37.415000,-0.054218,0.267299,0.054019
37.420000,0.304056,0.159759,-0.436413
37.425000,2.157643,-0.209546,0.108783
37.430000,0.739972,-0.416839,-0.395419
37.435000,-1.123534,-0.824648,-0.967865
37.440000,0.528580,0.875651,-0.551861
37.445000,-0.817052,-0.965809,0.031064
37.450000,-0.200825,-1.150851,-0.688688
37.455000,-1.254261,0.436534,-0.701361
37.460000,-0.436281,0.009058,-0.621977
37.465000,-0.175329,0.247453,0.371177
37.470000,0.001064,0.302914,-1.055623
37.475000,-1.990306,-0.492621,-0.269197
37.480000,-0.796854,0.713682,-0.333017
37.485000,1.696172,0.977794,-0.146857
37.490000,-0.204492,0.628751,-1.395042
37.495000,0.098472,1.895111,-0.847768
37.500000,-0.081014,0.948925,0.067644
37.505000,-0.363187,-0.111976,0.488715
37.510000,-0.102355,-0.172378,-1.684501
37.515000,-2.085262,-1.228346,-0.278696
37.520000,0.013732,0.609062,0.427909
37.525000,-0.051470,1.282770,-0.485749
37.530000,0.351503,0.585520,0.239497
37.535000,-1.106736,0.042407,-0.575354
37.540000,0.545537,-1.019165,-0.909363
37.545000,0.112442,0.463792,0.751133
37.550000,0.134682,-0.192671,1.787688
37.555000,-0.078389,0.209700,0.477371
37.560000,-0.873176,0.332882,-0.337175
37.565000,0.231815,0.079907,0.407734
37.570000,0.062675,-0.069509,0.593691
37.575000,-0.298397,-1.793165,0.534585
37.580000,0.809896,-0.756989,0.592019
37.585000,0.752180,1.096237,-1.029500
37.590000,-0.003466,-0.301251,0.351412
37.595000,-0.422386,0.368954,-0.139114
37.600000,0.299160,0.522677,1.357518
37.605000,0.237620,0.047274,0.121077
37.610000,-1.324251,-0.440957,0.143160
37.615000,-1.270593,-0.838733,-0.669846
37.620000,1.710866,0.049799,0.169242
37.625000,0.083804,0.760194,-0.029084
37.630000,0.292875,-0.025852,-0.098807
37.635000,0.650995,-0.170838,0.947282
37.640000,0.723381,-0.444784,0.302627
37.645000,2.324321,0.034959,0.225118
37.650000,-0.079746,-0.719484,-1.201555
37.655000,-0.329776,-0.251807,-1.263631
37.660000,-0.723627,0.138002,-0.354228
37.665000,0.093159,0.493736,0.932835
37.670000,-1.253835,-0.601262,-0.330532
37.675000,-0.032113,0.120460,0.209146
37.680000,0.649967,-0.394927,-0.684812
37.685000,0.333520,0.683254,1.322050
37.690000,-1.364323,-1.132389,0.856547
37.695000,-1.334248,-0.621203,-0.018786
37.700000,-0.004208,0.877022,2.043827
37.705000,0.300437,0.772727,0.726126
37.710000,-0.162259,0.610642,-1.008618
37.715000,-0.471150,0.242618,1.699324
37.720000,-0.073472,1.191883,0.443163
37.725000,1.013067,0.156552,-0.069767
37.730000,0.005850,-0.138957,1.213647
37.735000,-0.535822,-1.387887,-1.301827
37.740000,0.418427,-0.085223,0.235802
37.745000,0.040403,1.050166,1.028604
37.750000,0.039237,-0.418340,-0.370847
37.755000,-1.013922,-0.568844,-0.987567
37.760000,0.108566,-0.750020,1.471491
37.765000,0.627670,0.104543,0.553045
37.770000,0.173162,-1.141729,0.271942
37.775000,-0.991962,-1.067642,-1.725367
37.780000,-0.242451,0.984533,1.638063
37.785000,-0.061279,0.758277,-0.464696
37.790000,0.767201,-0.203324,-0.014818
37.795000,0.182605,-0.659396,-1.152314
37.800000,-0.590795,-1.240791,-0.046552
37.805000,1.225824,0.188845,0.821983
37.810000,-0.458703,-0.128070,1.177950
37.815000,-1.009532,-0.215381,0.421825
37.820000,1.264222,-1.003847,0.266210
37.825000,0.415588,-0.097532,-0.720890
37.830000,-0.048768,1.035601,-0.157692
37.835000,-0.717672,-0.512716,-0.194560
37.840000,0.967417,-0.541413,0.559207
37.845000,1.112209,-0.150683,0.862708
37.850000,-0.097835,-0.765938,0.120264
37.855000,-0.249070,0.002087,-0.724168
37.860000,-1.312903,0.996612,0.907127
37.865000,0.710531,0.488765,1.333900
37.870000,0.699714,-0.171076,0.241830
37.875000,-0.535685,-1.789925,-1.737371
37.880000,0.924143,-0.117979,0.202700
37.885000,0.281393,1.159942,0.633726
37.890000,-0.032764,-0.664448,1.673636
37.895000,-1.108666,-1.252030,-0.747584
37.900000,0.098455,-0.276799,-0.261914
37.905000,0.726371,-0.458846,0.830864
37.910000,-1.083016,-0.428131,-0.335954
37.915000,-0.498255,0.016900,-0.964797
37.920000,0.960558,-0.370800,1.036053
37.925000,1.168918,0.185387,0.103698
37.930000,0.407640,-0.162349,0.207308
37.935000,-0.281417,-0.688349,-1.591796
37.940000,0.440660,0.754440,-0.077890
37.945000,0.824737,0.949448,0.081898
37.950000,-0.184762,0.343436,0.345376
37.955000,-0.910318,-0.537848,-1.308437
37.960000,-1.398919,0.273861,0.110176
37.965000,0.780171,-1.595055,0.583617
37.970000,0.151602,-1.689751,0.245201
37.975000,-0.972820,-0.585873,0.475142
37.980000,-0.062463,0.012664,1.104943
37.985000,1.835906,1.092435,1.065133
37.990000,-1.337050,0.185493,-0.181969
37.995000,-1.335968,-0.547628,-0.157474
38.000000,1.143646,-0.217721,-0.209221
38.005000,-0.513973,1.161091,-0.469015
38.010000,0.465218,-0.845447,-0.247329
38.015000,-0.899055,0.312426,-1.272537
38.020000,0.182758,0.428883,-0.166575
38.025000,-0.296199,0.288816,0.223400
38.030000,-0.293586,-1.414281,-0.657691
38.035000,-0.225695,-1.101625,0.336402
38.040000,0.444276,0.446295,0.432827
38.045000,0.929280,0.327288,1.017595
38.050000,0.881265,0.229676,0.828569
38.055000,-1.580292,-0.050932,0.732753
38.060000,-0.659458,-0.548997,0.194580
38.065000,-0.423543,-0.103837,1.297211
38.070000,1.026090,0.445040,-1.079219
38.075000,-0.418866,0.039090,0.275293
38.080000,0.016135,0.106362,0.878923
38.085000,0.447569,0.489258,-0.678108
38.090000,-0.234279,-0.517242,0.011896
38.095000,0.480697,-0.646482,-0.336905
38.100000,-0.273498,0.741302,0.241148
38.105000,-0.061685,1.506929,0.163843
38.110000,0.753278,0.627100,0.771130
38.115000,-0.142554,-0.664629,1.058932
38.120000,1.245713,0.910742,0.527104
38.125000,0.235243,0.229903,-0.538421
38.130000,-0.424557,-0.019996,-0.383674
38.135000,-0.784110,-0.998768,0.120286
38.140000,-0.452579,0.317910,0.485062
38.145000,0.778400,-0.065906,0.183419
38.150000,0.904186,0.322584,-0.159394
38.155000,-0.216639,0.057218,0.201792
38.160000,1.260826,0.697288,-0.787749
38.165000,0.877844,0.690270,1.115234
38.170000,0.426629,-1.356120,0.891790
38.175000,-0.401330,-1.233428,-1.797958
38.180000,-0.149514,1.562826,0.332179
38.185000,0.088138,0.604884,0.277921
38.190000,0.164214,0.725279,-0.177984
38.195000,-1.101958,0.349344,0.718074
38.200000,0.103069,0.928205,-0.622035
38.205000,-1.062202,1.090448,1.221123
38.210000,-0.111951,-0.274979,-0.448123
38.215000,-0.935611,-1.550762,-0.109030
38.220000,0.582823,-0.774750,1.023508
38.225000,0.288398,0.201400,-0.903479
38.230000,0.175718,-0.303307,0.713678
38.235000,0.305701,-1.134412,-1.675061
38.240000,-0.027175,-0.372748,-0.801527
38.245000,0.976383,-0.621768,-0.039862
38.250000,0.124591,-0.281621,-0.564475
38.255000,-1.506340,-0.854603,0.574316
38.260000,-0.858732,-0.252597,0.046048
38.265000,-0.363291,0.464861,-0.572602
38.270000,0.447006,-0.472457,-0.484644
38.275000,0.870399,-0.894144,-0.201636
38.280000,-0.684016,-0.367829,0.217103
38.285000,-1.280371,1.026029,-0.086485
38.290000,-0.773959,-0.726402,-0.883585
38.295000,0.560059,0.560885,0.720611
38.300000,-0.882784,0.337532,-0.970515
38.305000,0.282848,0.511640,-0.834249
38.310000,-1.307418,-0.242714,0.821543
38.315000,-0.507020,-0.339850,-0.666946
38.320000,-0.174947,-0.255899,-0.156631
38.325000,-0.886165,1.031159,-0.145423
38.330000,-0.992714,0.782044,0.511856
38.335000,0.128680,-0.225812,-1.040599
38.340000,0.898536,1.569003,0.478816
38.345000,1.000217,0.180311,-0.287406
38.350000,0.259243,0.341006,-0.040983
38.355000,-1.272381,-1.771899,-0.390416
38.360000,0.540528,-0.812326,0.846398
38.365000,0.063766,0.471975,0.676821
38.370000,0.410520,-1.226783,0.368678
38.375000,-1.255898,-0.168797,-0.555052
38.380000,0.498111,-0.538377,-1.076683
38.385000,-0.436842,1.250055,0.862901
38.390000,-0.319922,0.879728,-0.738347
38.395000,-0.402328,1.097093,-0.907806
38.400000,0.454663,-1.006323,0.155535
38.405000,-0.477375,0.359176,1.738043
38.410000,0.786026,-0.267701,0.198312
38.415000,-0.384479,-1.233211,-1.062557
38.420000,-1.036923,0.882520,0.179959
38.425000,0.571937,-0.567041,-0.156737
38.430000,-0.117697,0.367635,0.219371
38.435000,0.365654,-0.564829,0.956180
38.440000,-0.739265,1.027696,-0.671037
38.445000,-0.306450,0.885883,-0.547857
38.450000,0.307484,0.031972,-1.057045
38.455000,-1.352162,-0.995926,-1.512139
38.460000,0.088870,1.947420,0.468875
38.465000,0.793984,-0.134726,-0.126427
38.470000,1.023997,-0.373937,1.035049
38.475000,-0.876246,-0.307801,-0.859075
38.480000,0.987749,0.817104,1.488975
38.485000,1.173930,0.717397,0.912768
38.490000,-0.065109,-0.573849,-0.909324
38.495000,-0.190755,-1.108152,-0.633792
38.500000,0.393474,-0.062461,1.280035
38.505000,-0.389431,2.393312,-0.050159
38.510000,0.001542,-0.096672,-0.218672
38.515000,1.007662,-0.957584,-0.550946
38.520000,1.073380,0.168422,-0.743030
38.525000,0.606857,1.943102,2.207886
38.530000,0.906900,-0.165105,-1.193200
38.535000,-1.204199,-0.233128,-0.387792
38.540000,1.307407,0.112364,-0.530061
38.545000,-0.860216,-0.193131,1.353062
38.550000,0.536151,0.049075,0.385116
38.555000,0.242623,-0.097087,-1.174439
38.560000,-0.042947,-0.501867,0.236841
38.565000,0.821943,1.399820,0.114701
38.570000,0.904858,-1.356670,0.866376
38.575000,-0.398769,-0.283810,-0.108504
38.580000,1.459342,-0.261786,0.539120
38.585000,0.860118,0.269607,0.193619
38.590000,-1.675184,-0.140931,0.648693
38.595000,-1.893339,-0.756084,-0.655909
38.600000,0.462214,0.065897,1.141830
38.605000,0.789321,-0.036527,-0.084362
38.610000,0.279220,0.283297,0.512338
38.615000,-0.793789,-0.270660,0.132128
38.620000,-0.243796,-0.504272,0.550758
38.625000,-0.569281,0.801427,-0.001233
38.630000,-0.568047,0.360529,0.563960
38.635000,-0.294044,-1.089032,-0.815115
38.640000,-0.916517,-0.257728,-0.343743
38.645000,1.012275,1.012906,0.153061
38.650000,-1.390510,-0.155405,-0.154719
38.655000,0.083922,-0.201188,0.462857
38.660000,0.566790,1.103890,-0.272944
38.665000,0.165428,1.945230,0.437840
38.670000,0.271812,0.489899,0.361907
38.675000,0.187883,0.502940,-0.208213
38.680000,1.174970,-0.505142,0.264879
38.685000,0.471446,1.115969,1.030496
38.690000,-0.920290,-0.648480,0.165644
38.695000,-0.151715,-0.924058,-0.691551
38.700000,-0.158597,-0.092215,0.301454
38.705000,0.583640,-0.335441,-0.636306
38.710000,-0.600073,-0.767128,0.014205
38.715000,0.206856,0.100661,-0.577273
38.720000,0.181054,1.249552,0.964080
38.725000,0.185295,1.077958,-0.749257
38.730000,-0.497725,0.802344,1.176103
38.735000,-0.487314,-0.469556,-1.284842
38.740000,0.415579,-0.061501,-0.347371
38.745000,2.179094,0.211625,0.776028
38.750000,-0.164180,-0.123866,0.338900
38.755000,-0.717484,-0.208959,-0.267065
38.760000,0.621283,-0.688145,0.187210
38.765000,0.908232,1.158363,-0.144318
38.770000,-0.439891,-0.483016,2.651570
38.775000,-0.522011,0.392808,-1.260939
38.780000,-1.228956,-0.175289,0.630773
38.785000,0.808092,0.307033,-0.257176
38.790000,-0.374009,-0.507132,-0.335424
38.795000,-0.176326,-1.696317,0.151823
38.800000,-1.033908,-0.327190,1.104145
38.805000,-0.358807,1.491567,-0.492140
38.810000,-1.042152,0.154582,-0.579582
38.815000,0.477291,0.665025,-1.174374
38.820000,-1.042731,-0.858927,-0.325433
38.825000,0.592388,-0.193165,0.236294
38.830000,-0.477485,0.271647,-1.673370
38.835000,-0.979178,-0.237844,-0.770584
38.840000,-0.569039,0.407486,-0.882311
38.845000,-1.122717,-0.202575,1.840493
38.850000,-0.178285,-0.368130,-0.531540
38.855000,-0.668758,-0.795747,-1.426911
38.860000,-0.321977,-0.310538,0.641155
38.865000,1.254018,0.594004,-0.151308
38.870000,0.989714,-1.235815,0.543031
38.875000,1.029527,0.162413,-0.885544
38.880000,-0.198826,-0.367290,0.122037
38.885000,-0.944640,0.736759,0.027428
38.890000,0.168324,-0.827987,-0.286499
38.895000,-0.838074,-0.173336,-0.415156
38.900000,-0.720720,-0.936406,1.047548
38.905000,-0.629368,1.274418,1.214429
38.910000,-0.606179,-0.255600,-0.787506
38.915000,-0.210359,-0.336152,-1.522215
38.920000,0.226685,-0.078659,-0.266491
38.925000,1.001835,1.053169,0.677659
38.930000,0.880721,-0.883694,-1.053200
38.935000,-0.060965,0.111102,-1.854853
38.940000,0.999706,-0.290086,-0.964742
38.945000,0.697539,0.784933,0.344696
38.950000,0.904448,-0.638406,1.184500
38.955000,-0.345452,-0.878244,0.158606
38.960000,-0.278345,0.456384,0.690860
38.965000,0.826559,-0.747178,0.550940
38.970000,-0.564351,1.575947,-0.840564
38.975000,-0.106427,0.322887,-0.824323
38.980000,0.568646,0.233669,-0.488840
38.985000,0.390344,-0.132749,0.589620
38.990000,-0.040316,-0.746982,0.027762
38.995000,0.312994,-0.906628,-0.296759
39.000000,0.371193,-0.864555,-0.032863
39.005000,-0.039530,0.263414,-0.452321
39.010000,0.544366,0.484323,0.889437
39.015000,-1.423993,-0.227559,0.538970
39.020000,-0.752489,-0.008418,-0.125305
39.025000,2.404360,-0.243845,0.214867
39.030000,-0.529967,-0.063884,0.140176
39.035000,-1.460560,0.265873,-0.755744
39.040000,-0.160789,0.290945,-1.006791
39.045000,1.504379,0.802761,0.777884
39.050000,-0.816157,-0.580849,-0.596988
39.055000,0.371282,-1.144761,-1.727235
39.060000,-0.615927,-0.321917,0.352985
39.065000,0.142906,0.667656,0.066497
39.070000,-0.709581,-0.461324,-1.060161
39.075000,-0.534342,-1.298215,0.862475
39.080000,-0.831754,0.623439,-0.830934
39.085000,1.408776,1.133845,1.068398
39.090000,0.108044,-0.200431,0.255520
39.095000,0.282705,0.590374,-1.115059
39.100000,-0.983699,0.629212,-0.051475
39.105000,0.797209,-0.395832,0.842813
39.110000,-0.055965,0.117817,-0.238918
39.115000,-0.710996,-0.999110,-0.237627
39.120000,0.557330,1.133818,0.937674
39.125000,-0.485286,0.704552,-1.023667
39.130000,0.983933,-0.617663,-0.608346
39.135000,-0.647976,-1.247930,-0.833220
39.140000,-0.342851,0.721605,-0.693005
39.145000,-0.449764,0.698032,0.883692
39.150000,-0.382691,-0.222901,-1.569768
39.155000,-1.385045,0.476966,-0.197508
39.160000,-0.323241,0.674830,0.484365
39.165000,1.064830,-0.059992,0.835962
39.170000,0.559830,-0.771801,0.643828
39.175000,-0.226573,-0.409529,-0.680663
39.180000,0.569246,1.948089,1.101292
39.185000,0.759382,0.171683,0.553083
39.190000,-0.165825,-0.890405,0.121078
39.195000,-0.270334,-0.121729,-1.037332
39.200000,0.463222,0.510195,0.441549
39.205000,0.170274,1.644002,1.103169
39.210000,-0.881724,0.439556,-0.546613
39.215000,-0.369248,0.150908,-0.374659
39.220000,0.150884,0.494537,0.072187
39.225000,0.356443,1.295475,0.194572
39.230000,0.617319,-1.246697,-0.614435
39.235000,-0.457333,-0.727615,-0.989020
39.240000,-0.187299,-0.815911,-0.216437
39.245000,-0.174831,1.001275,0.447153
39.250000,-0.832189,-0.879166,1.000187
39.255000,-0.529944,-0.315875,-0.449065
39.260000,0.648815,0.569420,1.158703
39.265000,1.108378,-0.296859,-0.103682
39.270000,-0.047195,-1.498790,-0.442324
39.275000,-0.081467,-2.171274,-0.415192
39.280000,0.177921,-0.616210,-0.349037
39.285000,0.879423,0.272749,0.592850
39.290000,0.051489,-0.400828,0.120803
39.295000,-1.729652,-0.746690,0.121818
39.300000,0.337668,-0.243111,-0.435211
39.305000,0.066416,-0.351171,-0.032471
39.310000,0.066592,-1.054160,-0.576093
39.315000,-0.356870,0.562796,-0.207828
39.320000,-0.267814,0.371539,-0.270393
39.325000,0.819042,0.777301,0.394182
39.330000,0.253094,-0.818988,0.407519
39.335000,0.101291,-2.053116,-0.857375
39.340000,-0.289610,-0.567713,-0.959314
39.345000,-0.821881,-0.266210,-0.274447
39.350000,-0.626616,-0.472976,-0.156163
39.355000,-1.728092,-0.368395,-0.416390
39.360000,1.378163,-0.183999,0.094091
39.365000,0.191091,0.734279,0.058984
39.370000,-0.420612,-0.787501,0.855280
39.375000,0.454754,-0.710728,-0.314348
39.380000,0.373652,1.456191,-0.862090
39.385000,1.463846,0.498510,-0.969769
39.390000,-0.729489,-0.019357,-0.345040
39.395000,-0.587440,0.629770,-1.024284
39.400000,-0.351711,0.138728,0.580694
39.405000,0.794389,0.798926,0.379726
39.410000,-0.206329,-1.506235,-0.613763
39.415000,-0.481525,-0.304233,0.131354
39.420000,-0.006508,0.703866,0.034165
39.425000,0.241937,0.167370,1.735475
39.430000,0.761482,-0.444384,-1.201756
39.435000,-0.165054,-1.147730,-0.184777
39.440000,-0.456072,-0.390289,1.379621
39.445000,0.076810,-0.693636,1.861859
39.450000,1.332547,-0.396987,-0.651793
39.455000,-0.747281,-0.046331,0.614851
39.460000,0.295520,-1.450820,-0.080879
39.465000,-1.116024,0.042717,1.101885
39.470000,-1.393216,0.353430,-0.931264
39.475000,-1.032925,-0.283610,0.138255
39.480000,0.457993,1.913925,0.729789
39.485000,-0.157915,0.834214,1.120945
39.490000,0.150799,0.185113,0.104242
39.495000,-1.843082,-1.581932,-1.188623
39.500000,0.285121,0.082625,0.977579
39.505000,0.869837,0.991039,0.184420
39.510000,0.823866,0.455415,-2.077887
39.515000,-1.134374,0.816846,-1.049759
39.520000,0.420181,-0.271972,0.333432
39.525000,-0.357366,0.443462,-0.677020
39.530000,0.209357,-1.066784,0.927675
39.535000,0.025502,-1.144727,-0.027663
39.540000,-1.556394,1.000325,1.326210
39.545000,0.299155,0.405694,-0.788882
39.550000,-0.957627,-0.252759,-0.105463
39.555000,0.189625,-0.878136,0.425845
39.560000,-0.122307,1.225760,-1.069211
39.565000,-0.344588,0.139660,1.492442
39.570000,-0.345003,-0.437742,-0.082765
39.575000,0.103083,-0.154578,0.165917
39.580000,-0.232574,-0.939370,0.828645
39.585000,0.863710,0.075948,0.043325
39.590000,-0.245943,-0.923190,-0.670990
39.595000,0.618919,0.017254,0.362077
39.600000,0.767117,0.065626,-0.227485
39.605000,0.885253,-0.632706,0.368326
39.610000,-0.952438,0.475730,0.352160
39.615000,-0.178315,-0.743299,0.055439
39.620000,1.504330,-0.134072,-0.396530
39.625000,0.472808,0.508104,0.716662
39.630000,0.632824,-0.922239,0.408509
39.635000,-1.412892,-0.831919,-0.020679
39.640000,-0.183346,-0.159349,-0.011475
39.645000,-0.088439,0.754152,-0.390254
39.650000,-0.062957,-0.565516,0.860857
39.655000,-0.438804,-0.545938,0.433747
39.660000,-0.160903,0.287573,1.286793
39.665000,-0.113411,0.783690,-0.438362
39.670000,0.839395,0.058098,-0.084746
39.675000,-0.136780,-0.225265,-0.491861
39.680000,-0.048104,-0.776755,0.006708
39.685000,-0.407412,-0.447700,0.138755
39.690000,-1.214772,-0.470637,0.508534
39.695000,-0.357197,-0.148122,-0.637784
39.700000,-0.192203,-0.897956,-0.137606
39.705000,0.856671,-0.826218,0.928665
39.710000,1.528727,0.328188,0.098685
39.715000,-0.644554,-0.204066,-0.903637
39.720000,0.743852,1.151033,0.297850
39.725000,0.036577,0.199453,0.103389
39.730000,-0.092463,0.294838,-0.979021
39.735000,-1.049577,-0.895243,0.511896
39.740000,-0.716333,0.147336,0.969845
39.745000,0.713073,-0.937558,1.436171
39.750000,-0.141194,-0.831617,-1.341586
39.755000,-0.342014,-1.437738,-0.649864
39.760000,-0.212686,0.691611,0.301226
39.765000,0.417987,0.301244,1.355884
39.770000,-0.919326,0.751246,1.532393
39.775000,0.220846,-0.616682,-0.001418
39.780000,-0.419158,1.139926,-0.444913
39.785000,-1.464358,1.118865,1.503424
39.790000,-0.653931,0.558357,-1.150400
39.795000,0.811526,-0.605397,-0.983999
39.800000,-0.229614,-0.720045,-1.630238
39.805000,1.232424,0.049402,-0.575757
39.810000,0.455753,0.813977,-1.170859
39.815000,-0.776361,-0.707398,-0.075051
39.820000,0.043768,0.216038,-0.708840
39.825000,-0.440621,0.519190,-0.269217
39.830000,0.178142,-0.538220,-0.183634
39.835000,0.384177,-1.731421,-0.473869
39.840000,1.659345,1.695054,-0.029239
39.845000,0.176848,0.146601,0.312412
39.850000,0.120767,-0.356273,-1.004429
39.855000,1.172002,-0.410163,0.290095
39.860000,1.037424,0.387785,-0.745860
39.865000,0.346018,0.345112,-0.224894
39.870000,1.553574,0.045438,0.203712
39.875000,-1.472949,-0.030244,-0.592271
39.880000,-1.298803,-0.450244,-0.264680
39.885000,1.205136,-0.469805,1.048355
39.890000,-0.368366,-0.551097,-0.882558
39.895000,-0.318570,-0.230520,-0.471174
39.900000,-1.580101,-0.198518,0.448782
39.905000,0.496142,-1.245725,1.046909
39.910000,-0.931852,-1.117496,-1.179815
39.915000,-1.383683,-0.818851,-0.061126
39.920000,-0.408052,-0.281989,-0.492807
39.925000,0.604517,0.820424,0.508051
39.930000,0.607502,0.440119,0.181093
39.935000,-0.539946,1.075025,0.581993
39.940000,1.282762,0.662933,-1.501709
39.945000,-0.135177,-0.586838,-0.069344
39.950000,0.207542,-1.687338,0.372431
39.955000,-1.815783,-0.322670,-1.225143
39.960000,0.379898,0.245189,-1.017464
39.965000,-0.033001,0.962043,0.561003
39.970000,0.912349,0.614087,-1.064631
39.975000,-0.224712,-1.750333,-0.144328
39.980000,0.648033,-0.123037,0.372161
39.985000,0.525552,-0.426811,-0.126114
39.990000,0.126102,-0.545522,0.874453
39.995000,-1.451710,-0.582887,0.371792
40.000000,-0.579813,1.034517,1.166361
40.005000,0.664220,1.468335,0.269170
40.010000,-0.041430,0.025001,1.260257
40.015000,-1.268143,0.923720,-1.372491
40.020000,0.628162,0.014837,-0.248595
40.025000,-0.662655,0.382892,0.201831
40.030000,0.294833,-0.332809,-0.640745
40.035000,-1.471110,-0.634747,-0.516551
40.040000,0.329900,0.387587,0.403496
40.045000,0.578580,-0.104431,0.966708
40.050000,-0.841671,1.172218,-0.501150
40.055000,-1.240868,0.342381,-1.143104
40.060000,0.615513,0.597558,0.400467
40.065000,0.705581,1.200324,0.530501
40.070000,-0.423894,-0.317711,0.046128
40.075000,-0.091349,0.134255,0.395906
40.080000,0.037902,0.412630,1.468048
40.085000,-0.697857,0.803047,-0.521246
40.090000,0.241180,-0.069470,0.925609
40.095000,-0.842298,0.227394,0.092315
40.100000,0.116139,0.252496,-0.296654
40.105000,1.574495,0.329840,0.252483
40.110000,0.170039,1.000416,-0.751679
40.115000,-0.686747,0.670010,0.444293
40.120000,-0.154531,0.407987,-0.201930
40.125000,-0.361716,1.269048,1.777170
40.130000,-0.355643,0.186058,-0.203641
40.135000,-1.047104,-0.312875,-0.558812
40.140000,1.467352,0.992276,1.929122
40.145000,0.512613,-0.203695,-0.418545
40.150000,-0.306088,0.035650,-0.358018
40.155000,-0.419806,0.073618,-0.220947
40.160000,0.680441,-0.357761,0.858893
40.165000,-0.582504,1.658221,0.091270
40.170000,0.430809,-1.690290,-0.384126
40.175000,-0.248326,0.054478,-0.256893
40.180000,0.960627,0.697930,-0.088273
40.185000,0.584885,0.889839,0.872419
40.190000,0.609560,0.521793,0.742077
40.195000,-0.386747,-0.097517,-0.214221
40.200000,-1.032693,-0.985640,0.257821
40.205000,-0.833357,0.467806,-0.109632
40.210000,-0.349078,0.673529,-0.847135
40.215000,-1.064540,-0.865912,-0.610787
40.220000,0.912898,0.291297,0.279597
40.225000,1.169889,-0.168855,-0.435420
40.230000,-0.017917,-0.408289,-1.675672
40.235000,0.625667,-0.264682,0.266506
40.240000,-0.429994,1.061813,-0.375814
40.245000,0.595617,-0.108168,0.579386
40.250000,-0.104814,-0.266884,1.554291
40.255000,-0.416119,-0.186909,0.142810
40.260000,-0.273329,0.260129,0.017619
40.265000,0.844065,-0.100294,0.759848
40.270000,-0.558822,-0.032144,0.164747
40.275000,-0.848572,-0.213851,-0.063713
40.280000,0.659853,0.560734,0.663773
40.285000,1.303004,1.179430,0.349547
40.290000,-1.214036,-0.443639,-0.531380
40.295000,-0.173556,1.305784,-1.221863
40.300000,-0.471283,1.965814,-0.509665
40.305000,-0.074529,1.012694,-0.210893
40.310000,0.994881,1.593190,0.961581
40.315000,-0.120477,-1.068806,-0.826085
40.320000,0.014210,0.420780,1.154354
40.325000,0.226665,0.212813,-1.258351
40.330000,-0.026802,-1.113619,-0.165614
40.335000,-0.221547,-1.518567,-0.948192
40.340000,-0.303774,0.067866,-1.086669
40.345000,1.055747,-0.364260,0.271758
40.350000,-1.035600,-1.650823,0.824766
40.355000,-0.296162,-0.356041,0.013948
40.360000,0.968935,0.370941,1.204598
40.365000,1.107640,0.677658,1.412103
40.370000,-1.097640,0.200384,0.381062
40.375000,-1.955887,-0.121330,-0.804605
40.380000,1.768063,-0.316989,0.955499
40.385000,0.468838,-2.004310,-0.078692
40.390000,0.884755,-0.863635,-0.097739
40.395000,-0.870462,-0.565911,1.059360
40.400000,-0.444676,-0.148946,-1.369865
40.405000,-0.368615,0.259585,1.068460
40.410000,-0.018222,-0.260414,-0.132739
40.415000,-1.024377,-1.041003,-0.449144
40.420000,0.207121,0.144911,0.403316
40.425000,0.493687,-0.261067,1.671773
40.430000,0.975925,0.129508,0.330692
40.435000,0.935869,0.854661,-0.359441
40.440000,0.314335,-0.420723,0.569083
40.445000,0.783537,0.599015,0.059444
40.450000,-0.474968,0.395282,0.565482
40.455000,-0.849611,-0.362366,-0.307191
40.460000,1.294564,1.258942,0.138909
40.465000,1.254916,0.367682,1.261022
40.470000,-1.213078,-0.042969,0.054279
40.475000,-1.557824,-0.714772,0.928556
40.480000,0.865822,-1.071431,0.089938
40.485000,-0.298634,1.237558,0.749876
40.490000,-0.262784,-0.183702,-0.244432
40.495000,-0.029399,0.464256,-0.787291
40.500000,0.615006,0.121133,0.774316
40.505000,0.095281,0.564537,0.514411
40.510000,-1.291821,-1.185966,-0.005302
40.515000,-1.224415,1.262587,-0.674709
40.520000,-0.370935,1.372657,0.310198
40.525000,0.802722,2.024547,-1.016173
40.530000,0.063719,-0.318321,-0.256339
40.535000,1.108314,0.244105,-1.198347
40.540000,0.325088,0.033626,-0.530886
40.545000,-0.381510,2.267202,0.130160
40.550000,0.845310,-0.528155,0.208760
40.555000,-0.809112,-0.074338,-0.493996
40.560000,-0.145261,0.167528,0.270396
40.565000,-0.206465,-0.264671,0.647790
40.570000,0.617121,-1.650425,0.649403
40.575000,-0.962573,0.284321,-1.347401
40.580000,-0.571350,1.256611,-0.833288
40.585000,0.840630,0.609108,0.162434
40.590000,0.106586,-0.422167,-1.186663
40.595000,-0.622235,-0.270959,-0.699790
40.600000,0.545011,2.199519,1.142368
40.605000,-0.130020,1.633582,0.547036
40.610000,-0.388861,-0.611793,-0.296318
40.615000,-0.270638,-0.592236,-0.818792
40.620000,0.315075,-0.571966,-1.812330
40.625000,0.884574,1.205747,-0.138079
40.630000,0.204107,-0.357006,-0.147387
40.635000,0.342811,-0.554159,0.083794
40.640000,0.363802,0.521309,0.472252
40.645000,0.865806,0.828743,-1.152921
40.650000,0.733887,0.001389,-0.298210
40.655000,0.010813,-0.484474,-0.088921
40.660000,0.595130,0.404250,-0.834898
40.665000,0.841759,-0.356851,1.917056
40.670000,-1.232733,-0.092471,0.478994
40.675000,-0.800129,-0.520268,-0.004580
40.680000,-0.743265,1.697523,-0.403425
40.685000,-0.000206,1.013220,0.588989
40.690000,0.371965,0.256008,-1.949094
40.695000,-0.524990,0.131923,0.051668
40.700000,-0.255037,-0.263297,-0.462420
40.705000,0.071810,0.902801,-0.513876
40.710000,0.251798,0.079301,0.377661
40.715000,-1.083045,-0.526415,-0.722306
40.720000,-0.142778,0.968036,0.344386
40.725000,0.910639,0.842932,2.131759
40.730000,-0.179286,-1.114013,0.219877
40.735000,0.085511,-0.762448,-0.308015
40.740000,0.099470,-0.537278,-0.680565
40.745000,1.687989,1.134655,-0.162664
40.750000,-0.397669,-0.401124,-0.955822
40.755000,-0.080248,-0.388767,-0.775314
40.760000,-0.765529,1.209725,-0.306887
40.765000,-0.036646,0.043564,1.414404
40.770000,0.682815,-0.838440,-0.748333
40.775000,-0.752415,0.352861,-1.490086
40.780000,-0.021218,-1.051145,-0.300123
40.785000,1.257358,0.265284,-0.087018
40.790000,-0.367459,0.283275,-0.418951
40.795000,-0.235408,0.043020,-0.951653
40.800000,0.913798,-0.504598,0.471169
40.805000,-0.435956,-1.017842,0.494072
40.810000,-0.188887,-0.399351,-0.409295
40.815000,-0.218703,-1.219468,0.137691
40.820000,0.232230,0.703947,0.878486
40.825000,0.783328,-0.414123,-0.266006
40.830000,1.013779,-0.589702,-0.185823
40.835000,-1.025525,-1.436965,-0.902359
40.840000,0.332150,-0.257975,-0.532972
40.845000,0.247405,1.715384,-0.128338
40.850000,-0.383946,-0.237761,0.314609
40.855000,0.041208,0.640966,-0.576716
40.860000,0.292030,-1.892827,0.275306
40.865000,0.915755,0.345604,1.192470
40.870000,-0.810097,0.050392,-0.082586
40.875000,-0.050732,-0.623173,-0.470350
40.880000,0.040114,0.563305,0.626403
40.885000,-0.945265,-0.210917,0.208907
40.890000,0.084584,-0.099692,-0.792189
40.895000,0.329385,-0.026921,0.954057
40.900000,-0.187459,0.854097,0.736991
40.905000,0.273062,0.024642,-0.553985
40.910000,-0.506693,0.576221,0.296489
40.915000,-0.374846,-0.552739,-0.518638
40.920000,0.641258,-0.718175,-0.276745
40.925000,1.671196,1.305604,0.590828
40.930000,-0.371366,-0.861500,-0.455254
40.935000,0.706555,-0.243942,-0.245090
40.940000,1.011999,1.412669,-0.657713
40.945000,1.066259,0.623517,1.005143
40.950000,0.523017,0.564733,-0.191660
40.955000,0.333530,-0.267298,-0.089073
40.960000,0.009687,0.490576,-1.004696
40.965000,-0.341432,0.493105,-0.044223
40.970000,-0.740562,-0.456568,0.684825
40.975000,-0.867856,-1.166827,0.904125
40.980000,-0.902752,0.205154,-0.015983
40.985000,-0.226670,-0.625546,1.130280
40.990000,-0.784100,-0.686083,0.642378
40.995000,0.919347,-0.796687,-0.657845
41.000000,0.585254,0.080385,0.205450
41.005000,-0.600175,0.088383,-0.244415
41.010000,-0.049291,0.085381,-0.914746
41.015000,0.274192,0.477676,1.016764
41.020000,0.532807,0.590651,0.639179
41.025000,0.787236,1.097976,1.168399
41.030000,0.875191,0.318847,1.872886
41.035000,0.160602,0.140733,-0.918419
41.040000,-0.495480,0.424512,0.759302
41.045000,-0.055713,-1.444034,-0.375225
41.050000,-0.643738,-1.916947,-1.214669
41.055000,-0.185581,0.539668,-0.624134
41.060000,0.689095,-0.389658,0.001965
41.065000,0.592187,-0.071324,0.069573
41.070000,-0.551940,-0.446060,-1.518608
41.075000,-0.238299,-1.385422,-0.689021
41.080000,0.699244,0.188841,0.504340
41.085000,1.383038,0.144545,-0.182521
41.090000,-0.295511,-0.024804,-1.818802
41.095000,0.200060,-0.078638,-1.043856
41.100000,-0.792915,-0.018819,-0.820777
41.105000,0.062169,-0.553200,-0.343593
41.110000,-0.598770,0.492623,-1.418956
41.115000,0.309380,-1.439777,-0.760796
41.120000,0.466932,-0.718179,-0.583415
41.125000,1.069173,1.827985,0.746909
41.130000,-0.831478,0.484234,0.968306
41.135000,-1.087297,-0.994267,-1.221074
41.140000,-0.777237,1.315179,0.753929
41.145000,-0.132480,-0.552706,0.264632
41.150000,-1.044543,-0.510219,-1.621361
41.155000,-0.109438,-0.409983,-1.139334
41.160000,0.089254,0.656788,-0.324698
41.165000,0.589370,-1.038019,0.504400
41.170000,-0.513061,-0.187860,0.036462
41.175000,-0.214925,-0.206282,0.204170
41.180000,0.732354,0.101036,-1.552934
41.185000,0.348025,0.628143,0.357156
41.190000,0.414511,0.009674,0.529024
41.195000,-0.803040,0.145504,-0.112994
41.200000,1.054918,0.529826,-0.850257
41.205000,0.471781,0.073075,0.987834
41.210000,-0.668073,-0.389125,-0.626073
41.215000,-0.533308,-0.503122,0.567356
41.220000,-0.189675,1.186503,-0.086885
41.225000,-0.482032,0.835340,-0.038992
41.230000,0.020819,-0.562990,-1.439164
41.235000,0.235739,-0.101221,-0.117204
41.240000,-1.158090,1.142565,1.155308
41.245000,-0.395904,0.324584,0.749339
41.250000,0.260139,-0.274017,-0.706637
41.255000,1.486981,-0.680788,-0.323617
41.260000,-0.299035,0.492223,1.892446
41.265000,0.848800,0.835933,0.507246
41.270000,-0.933752,0.317919,0.079601
41.275000,-0.998886,-0.881589,-1.429425
41.280000,0.643765,1.367128,-0.830940
41.285000,-1.323808,0.501243,-0.561918
41.290000,-0.229017,0.352222,0.821153
41.295000,-1.324675,-0.893388,0.275842
41.300000,-1.095908,1.056914,0.415439
41.305000,-0.269861,0.505985,0.230972
41.310000,-0.298205,-0.217082,-0.350153
41.315000,-1.252856,0.242248,-0.526964
41.320000,-0.119479,-0.619226,0.720167
41.325000,-0.480045,0.364995,0.397365
41.330000,-0.720515,-0.356113,-0.679535
41.335000,0.233929,1.279633,-0.498679
41.340000,0.638355,0.344168,0.369927
41.345000,-0.054274,0.628438,0.245102
41.350000,-0.060375,0.421659,-0.541317
41.355000,0.375352,-1.056191,-0.224171
41.360000,-0.102407,0.264793,0.558139
41.365000,0.708569,0.483973,-0.576201
41.370000,1.247833,0.249502,0.970118
41.375000,-0.910440,0.437518,-0.663635
41.380000,0.290448,-0.072765,-0.592632
41.385000,0.661321,1.931200,-0.586189
41.390000,-0.294385,0.005722,-0.577280
41.395000,-1.132455,-0.349352,-0.066926
41.400000,0.366084,-0.729330,-0.051749
41.405000,0.428637,0.879186,0.028059
41.410000,-0.338781,0.183067,0.349672
41.415000,0.142512,0.435778,-0.088850
41.420000,1.182492,0.613606,-0.637469
41.425000,1.735500,-0.052437,0.308440
41.430000,-0.455921,0.509774,-1.089075
41.435000,-0.111728,0.434632,-0.772828
41.440000,-0.779118,-0.002823,-0.870836
41.445000,0.057905,0.289206,1.180292
41.450000,-0.237514,0.677733,-0.321991
41.455000,0.292001,-0.124777,0.041882
41.460000,-0.365227,0.878064,-0.200717
41.465000,0.945383,-0.237767,1.268171
41.470000,0.987918,-0.568508,0.209575
41.475000,-0.730344,-0.778492,-1.427644
41.480000,0.728706,0.421848,0.850573
41.485000,-0.111359,0.865342,-0.113264
41.490000,0.062912,0.627118,0.988228
41.495000,-1.237881,-0.083951,-1.109659
41.500000,0.776240,-0.170169,1.180301
41.505000,0.229626,1.971352,1.029036
41.510000,-0.341226,0.620851,-0.032904
41.515000,-1.563106,-1.478858,1.135834
41.520000,-0.333900,1.635574,0.236632
41.525000,1.457697,0.800187,1.325570
41.530000,-0.220797,-1.441746,-0.712158
41.535000,1.310171,-0.354852,-0.365121
41.540000,0.740661,-0.303517,1.220698
41.545000,-0.669268,0.474487,0.400168
41.550000,0.904925,-0.407545,0.335245
41.555000,-0.464232,-1.176871,-1.401213
41.560000,-0.737332,-0.551154,1.092787
41.565000,1.853272,-0.559845,0.470572
41.570000,-0.269946,-0.140307,-0.516018
41.575000,-1.621723,1.253624,0.430367
41.580000,1.148989,0.139596,0.176269
41.585000,0.302627,0.692850,-0.537688
41.590000,0.040629,0.298195,-0.931689
41.595000,-0.030767,-1.878047,-0.181649
41.600000,-0.061234,-0.622996,0.624487
41.605000,-0.816609,0.350453,-0.081085
41.610000,0.289994,-1.805943,-0.215947
41.615000,-0.094404,-0.103759,-0.260705
41.620000,0.021151,-0.296419,0.370774
41.625000,1.228180,0.599718,0.085066
41.630000,-0.023495,-0.699499,-0.218940
41.635000,-1.172159,-0.608790,0.747507
41.640000,0.089472,1.112432,0.271281
41.645000,0.155759,-0.621253,-0.030471
41.650000,0.634636,0.058996,-0.586414
41.655000,0.069521,-1.750723,-0.282958
41.660000,-0.051964,0.068140,1.166118
41.665000,-0.004548,1.143021,-1.180603
41.670000,1.177710,-0.689145,-1.382797
41.675000,-1.769472,1.141253,-0.469944
41.680000,0.448985,0.626862,-0.678529
41.685000,-0.592216,0.669724,0.523642
41.690000,-0.384910,-1.367625,0.881286
41.695000,0.162828,-0.547441,-0.692261
41.700000,0.642495,0.861680,1.649041
41.705000,0.748844,0.312196,0.864176
41.710000,-0.694525,0.516174,-0.289432
41.715000,0.985225,-0.243945,-0.230689
41.720000,-0.371702,1.941397,-0.613797
41.725000,0.858612,0.526537,1.184288
41.730000,1.203921,-0.242625,0.800509
41.735000,1.579262,-0.172554,0.136892
41.740000,0.179038,-0.548948,-0.858346
41.745000,0.673314,0.938116,1.088124
41.750000,1.101303,-0.563721,-0.319807
41.755000,-0.410673,-0.612884,-1.392752
41.760000,-0.975124,0.312644,-0.578008
41.765000,0.913485,0.775952,0.914910
41.770000,0.126884,1.317763,0.701699
41.775000,-0.334340,-0.185193,-0.876481
41.780000,-0.294513,0.019555,0.358193
41.785000,0.738335,0.981932,1.439852
41.790000,-1.013820,0.301919,0.065747
41.795000,1.774228,-0.686898,-0.338554
41.800000,-0.011017,1.400897,0.530305
41.805000,0.486742,0.493008,0.504847
41.810000,0.243373,-0.814599,0.670794
41.815000,-1.722877,-0.698541,-0.625966
41.820000,0.482162,0.171608,0.765794
41.825000,0.155582,0.360248,0.464887
41.830000,-1.114453,0.622739,-0.468473
41.835000,-0.247443,-0.704551,-0.214772
41.840000,1.019060,0.100227,1.146378
41.845000,0.122673,1.061795,-0.099365
41.850000,0.282651,0.331534,-0.416808
41.855000,0.249516,-0.093419,0.099469
41.860000,-0.512777,0.705350,1.286869
41.865000,0.054828,2.065845,0.467376
41.870000,-0.659879,0.567972,-0.110307
41.875000,-0.093230,-0.352841,-0.798615
41.880000,-0.307317,-0.168911,0.375054
41.885000,1.531078,-0.655720,0.348476
41.890000,0.006256,0.637555,0.415331
41.895000,0.132871,0.133362,0.352470
41.900000,-0.824966,0.340395,0.347059
41.905000,-0.663404,0.735279,-0.078084
41.910000,-0.331113,-0.113902,1.877115
41.915000,-0.281758,0.766481,-0.196218
41.920000,1.233933,-0.678064,0.062217
41.925000,-0.038549,-0.686346,0.367109
41.930000,1.114209,-0.684171,-0.550900
41.935000,-0.597419,-0.103017,0.527413
41.940000,-0.025319,-0.003826,0.617069
41.945000,0.735847,-0.405707,0.716069
41.950000,-1.118939,-1.146295,-0.067268
41.955000,-0.491928,0.284332,-0.686498
41.960000,0.873676,0.009746,-0.503272
41.965000,-0.327386,0.708971,-0.809622
41.970000,-1.312498,0.423094,0.592181
41.975000,-0.359872,0.151881,0.116807
41.980000,0.982929,-0.392112,-0.427239
41.985000,-0.266185,0.670491,0.821415
41.990000,0.804203,0.474165,0.418725
41.995000,0.343835,-1.860519,-0.655667
42.000000,0.545973,-0.540323,0.938376
42.005000,-0.541896,0.612400,0.890883
42.010000,0.395840,-0.697625,0.431771
42.015000,-0.356009,-0.925622,-0.365884
42.020000,-0.488433,-0.064767,0.257662
42.025000,0.094963,-0.583945,1.149310
42.030000,0.692781,0.379025,0.217218
42.035000,-0.119652,0.093023,-0.770953
42.040000,0.424084,0.127938,1.259368
42.045000,2.264904,0.936988,-0.356662
42.050000,-0.422219,-0.084632,0.324553
42.055000,-0.239260,-1.703515,-0.758189
42.060000,0.031186,0.540433,0.065026
42.065000,0.785676,0.457503,0.859735
42.070000,-0.153570,1.383079,0.051773
42.075000,-0.439107,-1.243316,-1.130647
42.080000,0.104743,-0.023764,0.894792
42.085000,-0.848274,-0.296429,1.781035
42.090000,0.612402,-0.391063,0.442283
42.095000,-1.294487,0.787916,-1.108468
42.100000,2.173856,0.077067,-0.093581
42.105000,-0.142010,-0.868438,0.115748
42.110000,1.273899,0.357393,-1.239903
42.115000,-0.642319,-0.178659,-0.221155
42.120000,0.147433,-0.053631,0.221486
42.125000,0.066177,-0.126484,0.168683
42.130000,-0.059875,0.724081,-0.254387
42.135000,0.184242,-0.253242,-0.370218
42.140000,0.259208,0.277990,0.791796
42.145000,-0.226994,0.545426,-0.594029
42.150000,-0.008316,0.051918,-0.263746
42.155000,0.318612,-1.618052,-0.832791
42.160000,-0.401139,0.635723,-0.115775
42.165000,1.012261,0.371108,0.234821
42.170000,0.519721,-1.425526,1.164380
42.175000,-1.222844,-0.438922,-0.544036
42.180000,-0.188792,-0.119484,1.054795
42.185000,-0.393750,-0.441639,1.087111
42.190000,-0.647923,-0.862002,-0.133507
42.195000,-0.226616,0.633018,-0.390987
42.200000,-1.375132,0.085868,-0.151676
42.205000,-0.414969,-0.495787,0.254231
42.210000,-0.237403,0.222374,0.507677
42.215000,0.281154,-1.132798,-0.236168
42.220000,0.369191,-0.399446,0.835952
42.225000,1.480404,0.558700,0.449223
42.230000,-0.715836,0.266854,-0.633395
42.235000,0.084390,-0.434966,-0.495773
42.240000,-0.271346,0.668371,-0.066735
42.245000,0.077839,1.510580,-1.227929
42.250000,0.127361,0.937251,-0.373948
42.255000,0.304048,-0.614032,0.178284
42.260000,-0.211039,-0.176681,-0.600162
42.265000,0.333274,1.272181,0.733213
42.270000,1.364669,0.331400,-0.148215
42.275000,-1.649832,-0.182774,0.356777
42.280000,0.452649,-0.764928,-0.181263
42.285000,-0.158401,0.050335,0.028493
42.290000,1.500014,-0.413070,0.291378
42.295000,0.224349,-0.173815,0.120401
42.300000,-0.802525,1.318576,0.364686
42.305000,1.545655,-0.224222,0.628406
42.310000,0.610379,0.152277,-0.773497
42.315000,-0.603240,-1.630617,-0.373732
42.320000,-1.176639,-1.205766,0.822641
42.325000,-0.115521,-0.190567,1.072302
42.330000,-0.678616,-0.487254,0.081974
42.335000,0.230951,0.144190,-1.026602
42.340000,-0.540862,-0.490952,0.655167
42.345000,0.177893,0.652212,0.145881
42.350000,0.278588,-0.592956,-0.062339
42.355000,1.358104,-0.442324,-0.366412
42.360000,0.627907,0.953026,0.341977
42.365000,-0.303351,1.216103,-0.676719
42.370000,-0.140272,-0.951110,-1.266387
42.375000,0.332975,-0.931889,-0.659895
42.380000,0.838124,0.213343,-0.464431
42.385000,0.617732,-0.075871,-0.696856
42.390000,0.312576,0.294455,-0.513315
42.395000,0.270237,0.304760,-0.055102
42.400000,-0.053380,-0.459900,0.139006
42.405000,-0.494596,0.366162,-0.647115
42.410000,0.121310,-0.106005,0.167300
42.415000,-0.430388,0.456098,-1.058168
42.420000,1.182251,0.004486,-1.441460
42.425000,0.796730,0.577118,1.025172
42.430000,0.111908,-0.579601,-1.488411
42.435000,-0.728771,-1.140871,-1.142375
42.440000,-0.664129,0.329948,0.151222
42.445000,-0.788252,1.057102,0.503046
42.450000,0.105908,-0.059465,-0.259079
42.455000,-1.039673,0.178382,0.196874
42.460000,-0.190714,0.862778,0.262080
42.465000,0.292292,0.158933,0.198143
42.470000,0.374754,-0.042439,-0.030649
42.475000,0.228068,-0.375400,0.884241
42.480000,-0.808756,0.099336,0.194127
42.485000,0.075881,0.025195,0.684352
42.490000,1.188259,0.220188,-0.949455
42.495000,-0.723843,-0.366521,0.566539
42.500000,-0.364710,2.027292,0.209568
42.505000,-0.077928,-0.602432,1.125062
42.510000,-0.324885,-0.317419,-0.494854
42.515000,0.151651,-1.552914,-0.323988
42.520000,-0.877899,-0.909283,-0.485571
42.525000,0.084685,1.022265,0.941539
42.530000,-0.401974,-0.088484,-1.018153
42.535000,-0.341577,-1.009893,-1.102166
42.540000,0.669843,-0.626139,-0.101759
42.545000,-0.216424,0.048959,-0.102055
42.550000,0.968316,-0.172205,0.136173
42.555000,0.161015,-0.511422,-0.541079
42.560000,-0.556987,-0.280131,-1.013595
42.565000,1.116755,0.134701,0.505647
42.570000,1.112627,-1.997804,0.008513
42.575000,0.351301,-2.142942,-0.343139
42.580000,0.594884,0.196776,-0.311582
42.585000,1.399199,0.211032,1.503627
42.590000,1.343742,-0.230323,-0.898279
42.595000,0.341389,-1.409317,0.024382
42.600000,0.512474,-1.282080,-0.449326
42.605000,-0.051180,0.794260,0.426392
42.610000,-0.518804,1.122371,0.026410
42.615000,-1.087699,-0.880369,-0.765740
42.620000,-1.282914,1.336174,0.883476
42.625000,0.352627,0.288177,0.139750
42.630000,1.509024,-2.022276,0.923168
42.635000,-1.243884,0.550635,1.137886
42.640000,-1.284557,-1.073850,0.095303
42.645000,-0.998885,1.652351,1.489335
42.650000,1.173424,0.761744,0.122576
42.655000,0.923659,0.629187,0.640091
42.660000,0.247363,0.667319,0.192680
42.665000,1.132510,1.068172,0.921304
42.670000,-0.167598,-1.367796,0.180167
42.675000,-0.812188,-0.007774,-0.509777
42.680000,-0.539867,0.167988,-0.756336
42.685000,0.675499,-0.172948,1.643126
42.690000,-0.804506,0.488670,-0.932342
42.695000,0.186942,-1.015431,-1.149384
42.700000,0.633834,0.581758,0.317794
42.705000,0.923518,0.297546,1.337306
42.710000,-0.061351,-0.132768,-0.422074
42.715000,0.803613,-0.871473,0.154388
42.720000,-0.206165,0.717685,-0.000218
42.725000,-0.697182,-0.155101,1.664025
42.730000,0.403855,0.325322,-1.179268
42.735000,0.343488,-0.735743,0.178263
42.740000,0.491259,0.153782,1.422781
42.745000,0.742821,0.741072,0.143761
42.750000,0.030017,-0.135469,-0.104213
42.755000,0.064236,-1.216864,1.075966
42.760000,0.556945,-0.218715,0.270046
42.765000,-0.633694,-0.985244,0.087118
42.770000,0.440593,-1.354599,0.795446
42.775000,0.547708,0.212610,-0.231849
42.780000,0.709271,-0.548659,0.224104
42.785000,-0.230465,-0.857010,-0.011722
42.790000,0.177892,-0.880225,0.082518
42.795000,-0.671336,-1.538500,-1.085063
42.800000,0.789351,0.383287,0.675804
42.805000,0.765071,-1.132274,0.358547
42.810000,0.044440,-1.221133,0.152523
42.815000,-1.612044,0.004869,-0.128423
42.820000,-0.652483,0.431482,-0.183557
42.825000,-0.011192,0.646853,0.569943
42.830000,0.208418,1.421622,-0.169744
42.835000,-1.295782,-0.975174,-0.854157
42.840000,-1.079585,-0.601465,-0.510874
42.845000,-0.001144,-0.712144,0.652356
42.850000,-0.777026,-0.763158,-0.522571
42.855000,-2.047203,-0.191773,-0.715121
42.860000,-1.124782,-0.406006,0.252207
42.865000,0.304245,-0.735125,1.704085
42.870000,-0.179648,-1.185589,-0.465210
42.875000,-0.243900,-1.672499,-0.896787
42.880000,0.298649,1.021204,0.822683
42.885000,0.202016,1.207301,0.486027
42.890000,0.435914,-0.187782,-0.251350
42.895000,0.184682,0.171396,-0.598016
42.900000,0.259810,0.753174,-0.762207
42.905000,0.216432,0.648479,-0.760216
42.910000,0.853437,-0.010495,-0.624260
42.915000,-0.388689,-1.473604,0.467667
42.920000,-0.568352,1.034385,0.404993
42.925000,0.620940,-0.335995,-0.146750
42.930000,-0.314743,-0.221130,-0.882607
42.935000,-0.245158,-0.673431,0.771590
42.940000,-0.207553,0.796521,0.263321
42.945000,0.086348,-0.497308,-0.057319
42.950000,0.867289,-1.057427,-0.489556
42.955000,-0.662680,0.135429,-0.794143
42.960000,-1.464010,0.614738,0.146283
42.965000,-0.042605,1.375455,-0.269017
42.970000,-0.016604,0.566059,-0.171232
42.975000,-0.462887,-1.174286,0.128065
42.980000,-0.427576,-0.369494,-0.728667
42.985000,-0.289818,-0.825416,0.678557
42.990000,0.888460,1.071318,0.767208
42.995000,-0.142674,-0.128738,-0.096189
43.000000,-0.126802,0.260184,-0.110991
43.005000,0.876024,0.697070,1.101312
43.010000,0.733572,0.330152,0.447136
43.015000,0.112763,0.079457,0.565339
43.020000,0.186419,0.555538,-1.008641
43.025000,0.367646,1.048049,0.900481
43.030000,-0.201305,-1.010462,-0.202576
43.035000,0.102515,0.202304,-0.468214
43.040000,-0.519732,0.710429,0.152203
43.045000,-0.189943,0.416136,0.771654
43.050000,-0.391021,0.122186,0.286478
43.055000,-0.442090,0.172103,-1.114537
43.060000,-0.130859,0.636875,0.680188
43.065000,0.435918,0.815310,0.591962
43.070000,-0.780823,0.911530,1.298488
43.075000,-0.438998,0.836711,0.841872
43.080000,-1.125504,0.018072,0.572942
43.085000,1.246033,-0.239805,-0.834649
43.090000,-0.148608,0.685983,-0.495542
43.095000,0.151413,-0.673199,-0.544609
43.100000,0.317439,1.061977,0.254238
43.105000,-0.626702,-0.034854,1.088290
43.110000,-0.395675,1.878436,-0.365316
43.115000,-0.727026,-0.360450,2.280482
43.120000,-0.854890,-1.252970,-0.635900
43.125000,2.047898,0.811690,-0.951016
43.130000,-0.677810,-0.788910,-0.260128
43.135000,-0.257679,0.103765,-1.085801
43.140000,-0.188239,0.202826,-0.051603
43.145000,-0.440112,0.777903,1.263451
43.150000,0.330988,0.562397,0.002035
43.155000,1.189778,-0.522880,0.389589
43.160000,-1.361074,0.181436,-0.268952
43.165000,0.116160,-0.192310,0.978991
43.170000,1.029078,0.776495,0.637592
43.175000,-1.071318,0.080011,-0.723108
43.180000,0.267206,-0.111938,-0.700417
43.185000,-0.188536,1.218385,1.039966
43.190000,0.506303,-0.843162,1.362643
43.195000,0.098890,0.024564,0.488735
43.200000,-0.734456,-0.848736,0.690110
43.205000,-0.082889,-0.527358,0.159654
43.210000,-0.389532,-0.092603,-0.632854
43.215000,1.084375,-0.514957,-0.916844
43.220000,-0.285316,0.617003,-0.746762
43.225000,0.413240,0.302565,-0.821674
43.230000,-0.154057,-0.098351,0.010321
43.235000,0.021466,-0.725245,0.956427
43.240000,-1.297523,-0.327836,0.664570
43.245000,0.189791,-0.214052,-1.579485
43.250000,0.285006,-0.564402,-0.975331
43.255000,-1.070239,-0.616780,-0.371496
43.260000,-1.086908,0.637720,-0.827607
43.265000,0.992710,0.420462,-0.482670
43.270000,-0.454321,-0.421158,-0.106547
43.275000,0.495273,-1.009689,0.793110
43.280000,-0.481297,0.361658,1.358996
43.285000,0.180067,0.829245,1.970347
43.290000,0.194396,-0.281828,-0.254348
43.295000,0.466803,-0.675692,-0.352993
43.300000,-0.087081,-0.062370,1.143476
43.305000,0.556462,0.835992,-0.140788
43.310000,1.236560,0.212367,-0.238022
43.315000,-0.769864,0.475916,0.002759
43.320000,-0.659765,-0.480174,0.148971
43.325000,0.636504,0.451334,0.354594
43.330000,1.304617,-0.596708,-0.230143
43.335000,-0.350224,-0.921929,-1.716926
43.340000,0.362921,0.198593,0.633397
43.345000,-0.077219,0.056910,2.150302
43.350000,-0.240261,0.170183,-0.852981
43.355000,0.527330,0.409555,-0.604576
43.360000,0.455606,0.135517,1.107719
43.365000,0.270715,-0.400440,0.114124
43.370000,-0.128206,0.401545,-0.972322
43.375000,0.029275,0.389321,-0.219584
43.380000,-0.566512,-0.577290,0.506896
43.385000,0.230927,0.468826,-0.526343
43.390000,1.033359,0.074870,-0.336231
43.395000,-1.049529,-0.553311,-0.316230
43.400000,0.874721,-0.404185,1.017601
43.405000,0.891892,0.324358,1.193099
43.410000,-0.437272,-1.279146,0.002454
43.415000,-0.487369,-0.272593,-1.069659
43.420000,-1.754034,0.389287,0.650688
43.425000,0.427434,0.544876,-0.339229
43.430000,0.256986,0.331996,-0.959932
43.435000,-0.001093,-0.081694,-0.913371
43.440000,-0.652463,-0.534642,-0.048229
43.445000,0.185628,0.456773,0.177769
43.450000,0.485960,-0.618886,1.193736
43.455000,0.137907,-0.110886,-1.281648
43.460000,-0.092979,0.358782,-0.885221
43.465000,0.597337,0.483970,0.509775
43.470000,-0.654246,0.556696,0.355395
43.475000,-0.239747,0.116488,0.013609
43.480000,-0.448682,0.734466,-0.130246
43.485000,-0.219968,-0.297851,-0.663206
43.490000,-0.157752,-1.188715,0.140109
43.495000,-1.320655,-0.804644,-0.318287
43.500000,-0.363883,-1.243012,-0.616156
43.505000,0.933403,0.144575,0.429403
43.510000,-0.125972,0.077680,-0.341276
43.515000,-0.729499,-0.297019,1.223307
43.520000,-1.051724,-0.844526,0.106240
43.525000,0.713199,0.116821,1.094765
43.530000,-0.925699,-0.514045,-0.120089
43.535000,-0.487703,-0.436333,-1.692979
43.540000,0.855212,-0.214481,0.644103
43.545000,-0.792117,0.341267,-0.465635
43.550000,-0.567522,-0.005069,0.450377
43.555000,1.911739,-0.958368,-1.905840
43.560000,-0.391917,-0.440550,0.196999
43.565000,1.716058,0.085568,0.750555
43.570000,-1.294381,0.490316,-0.721819
43.575000,0.384000,-0.683486,0.400877
43.580000,0.239326,-0.173267,0.764392
43.585000,-0.705444,0.259116,-1.146265
43.590000,-0.153341,0.146214,-1.006839
43.595000,0.890348,-0.726273,-0.543320
43.600000,1.272747,-0.460961,0.044294
43.605000,0.295513,0.361602,-0.334949
43.610000,0.736574,0.141960,0.035090
43.615000,-0.417965,-0.431550,-1.160871
43.620000,-0.504623,-0.775040,1.043137
43.625000,1.875010,1.088353,-0.025715
43.630000,-0.108547,0.182398,0.477898
43.635000,0.584641,0.671397,-0.984633
43.640000,0.476668,0.052194,-0.252441
43.645000,0.089352,0.157063,0.982686
43.650000,0.776236,0.522943,1.322607
43.655000,-0.979650,-0.804172,0.137874
43.660000,-0.881154,0.158087,0.403399
43.665000,1.129502,1.184405,1.629167
43.670000,-0.608212,-1.509756,0.508580
43.675000,-0.892063,-1.642932,-0.265474
43.680000,-0.258526,1.247375,0.407535
43.685000,0.417633,0.909848,-0.604867
43.690000,0.671200,0.799789,0.241672
43.695000,-0.865309,-1.080560,-0.459707
43.700000,-0.574064,0.404449,0.721555
43.705000,1.138576,0.713718,1.341824
43.710000,-0.386782,0.303097,0.138500
43.715000,-0.094620,-0.979731,-0.510906
43.720000,0.181348,-0.950245,0.031900
43.725000,-0.004764,0.181063,-0.269631
43.730000,-0.022263,0.865203,-0.048608
43.735000,0.434091,0.553034,-0.294824
43.740000,1.236300,-0.663968,0.020401
43.745000,0.469390,0.388211,-0.382869
43.750000,-0.094471,-0.679051,0.742272
43.755000,0.721917,-1.188940,-0.769191
43.760000,0.525576,1.193510,-0.417910
43.765000,-0.120102,0.587352,1.021050
43.770000,0.507783,1.378537,0.775575
43.775000,-0.831618,0.062845,0.291571
43.780000,0.277827,-0.398436,0.713621
43.785000,0.469254,1.092818,1.023984
43.790000,0.982208,-0.618888,-0.465203
43.795000,0.533852,0.114869,-0.678882
43.800000,-1.060967,0.078442,0.253142
43.805000,1.005923,-0.045631,0.650002
43.810000,0.132592,0.190511,-1.037377
43.815000,0.060946,0.510931,-0.387569
43.820000,0.973477,0.954675,-0.851217
43.825000,0.445480,0.739286,-0.539570
43.830000,-0.264234,-0.757676,0.635571
43.835000,-1.190566,-0.734631,-0.569588
43.840000,0.452643,-0.029837,-1.313369
43.845000,0.859285,-0.836967,0.179826
43.850000,-0.440514,0.961023,0.025558
43.855000,-0.752709,-0.320863,-0.775558
43.860000,-0.048591,-0.242970,-0.491357
43.865000,0.197247,0.475610,0.058584
43.870000,0.617379,0.715684,-1.423504
43.875000,-0.117892,0.425140,-0.414503
43.880000,-1.441758,-0.433265,0.492555
43.885000,0.958573,0.056485,0.209301
43.890000,1.273269,-1.299221,-0.705892
43.895000,0.239582,-1.090611,-1.069413
43.900000,0.352594,0.957088,-0.744318
43.905000,1.561637,1.097118,0.213932
43.910000,0.013346,0.800020,0.391801
43.915000,0.033779,-0.276907,-1.259816
43.920000,-0.401948,1.522479,0.533742
43.925000,0.328330,0.256935,0.366687
43.930000,1.046808,0.894297,-0.165898
43.935000,0.358671,-0.128029,-0.553188
43.940000,-0.776670,-0.472561,-1.531590
43.945000,0.465673,1.463698,0.422753
43.950000,1.181690,-1.747281,0.034598
43.955000,0.939481,-0.802731,-0.350133
43.960000,-0.449931,-0.427745,-0.534790
43.965000,1.394455,0.346179,-0.318467
43.970000,-1.847733,-0.445052,0.504318
43.975000,-0.646876,-0.171403,-0.433727
43.980000,-1.285464,-0.812432,0.144593
43.985000,1.283531,0.718704,0.270249
43.990000,1.785052,-0.225729,0.201966
43.995000,0.720043,-0.400479,-1.038333
44.000000,0.557387,-0.902993,0.296562
44.005000,-0.052868,0.008023,0.538634
44.010000,1.153499,-0.259975,-0.150954
44.015000,0.218742,-0.782152,-0.375383
44.020000,-0.228633,0.061031,0.091473
44.025000,0.440758,0.428081,0.858223
44.030000,0.487952,0.151643,0.344786
44.035000,-0.453468,-0.646499,-1.239424
44.040000,0.252367,1.542689,-0.336467
44.045000,-0.509079,-0.725388,1.329610
44.050000,0.005245,-0.447967,-0.402026
44.055000,1.141993,-0.085156,-0.992522
44.060000,-0.290752,0.368323,0.086350
44.065000,-0.355134,2.658016,0.791838
44.070000,0.891564,0.265011,-0.607567
44.075000,0.582692,-0.271974,-0.257979
44.080000,-0.856616,0.720347,1.582441
44.085000,-0.794137,0.143722,0.102005
44.090000,0.228950,1.110396,-0.211169
44.095000,1.003834,-0.645942,0.001218
44.100000,0.139862,0.985211,-1.526506
44.105000,0.014151,1.583275,-1.012648
44.110000,-0.066168,-0.099509,-0.414952
44.115000,-1.232648,-0.813371,0.438171
44.120000,-1.192665,-0.342096,0.607128
44.125000,0.195162,0.386932,0.485335
44.130000,0.100389,-0.376976,-0.073995
44.135000,0.273835,-0.636712,-0.045824
44.140000,-1.851014,0.196969,0.125309
44.145000,0.675072,-0.336300,-0.038589
44.150000,0.456512,-0.674154,-1.095184
44.155000,-0.267846,-0.506500,-0.927465
44.160000,-0.551172,0.659527,-0.254982
44.165000,-0.596998,0.150080,0.201891
44.170000,0.942904,0.464194,0.080368
44.175000,1.120544,-0.210072,-1.064962
44.180000,-0.004960,0.159817,-0.161924
44.185000,-0.903489,0.991804,1.838042
44.190000,0.957990,0.837704,0.828660
44.195000,-0.040561,0.624087,0.131735
44.200000,0.393543,-1.662475,0.222685
44.205000,-0.520029,-0.444459,0.734122
44.210000,-1.988695,-0.526308,0.155625
44.215000,0.406548,0.413267,1.391244
44.220000,-0.160626,0.531814,-0.447203
44.225000,0.308908,1.743691,-0.086413
44.230000,-0.265460,-0.420285,-1.109273
44.235000,0.268127,-0.854959,-0.695589
44.240000,0.880184,-0.605238,0.430028
44.245000,0.152697,0.797157,-0.191448
44.250000,0.597461,-0.351733,-1.369694
44.255000,0.517938,-0.868329,-0.055895
44.260000,-2.663748,-0.406915,-0.487180
44.265000,0.605031,-0.094328,-0.403394
44.270000,-0.840390,0.127575,0.094049
44.275000,-0.152607,-0.389892,-1.515596
44.280000,-0.889830,1.028184,0.134611
44.285000,-0.259512,1.122802,0.240391
44.290000,0.134860,-0.650300,-1.240225
44.295000,0.052610,-1.260505,-0.934092
44.300000,-0.530241,0.774589,0.631359
44.305000,0.674310,0.132135,0.996078
44.310000,0.739985,1.019247,-0.348307
44.315000,0.141974,0.740707,-0.830619
44.320000,0.990769,-0.856584,0.486319
44.325000,0.618410,0.310235,-1.863467
44.330000,-1.007810,0.760588,1.479164
44.335000,0.334614,0.499236,-0.535831
44.340000,-1.141474,-0.860092,0.718702
44.345000,-0.338985,0.714223,0.852466
44.350000,-0.134706,-0.149476,0.445463
44.355000,-0.463085,0.279419,-1.227482
44.360000,-1.968896,0.284563,-0.741828
44.365000,-0.848967,0.249158,-1.468471
44.370000,0.263524,0.298425,0.038035
44.375000,0.472396,-0.239993,-1.441847
44.380000,-1.300673,0.236731,-0.388713
44.385000,0.848643,0.376556,1.018746
44.390000,0.488133,0.685389,-0.235608
44.395000,-0.079709,-0.387580,-1.468921
44.400000,-0.394450,0.319823,0.218178
44.405000,0.378160,-0.055293,0.032784
44.410000,-0.653580,0.194024,0.224231
44.415000,-0.382057,-0.209133,0.220236
44.420000,-0.229332,-0.775138,-0.582323
44.425000,2.025418,-0.330810,-0.454152
44.430000,-0.256214,0.559314,0.059657
44.435000,0.428689,0.145558,-0.471846
44.440000,-0.574418,-0.358125,-0.766773
44.445000,0.419821,0.714219,1.303932
44.450000,-0.281620,0.598885,-0.602740
44.455000,0.239366,-0.153673,-1.391577
44.460000,0.224464,0.806755,-0.068939
44.465000,0.309884,1.512462,1.584556
44.470000,-0.505148,-0.774477,-0.483406
44.475000,-0.899354,-0.646335,-0.591210
44.480000,-0.416572,1.161490,0.120827
44.485000,1.655828,0.730566,0.541414
44.490000,-1.038443,-0.173408,-0.915905
44.495000,0.549379,-0.478277,-1.139160
44.500000,0.193656,-0.117870,0.873745
44.505000,0.620515,-0.438296,0.719844
44.510000,-0.148160,0.204382,-0.489796
44.515000,-0.163038,-1.315626,0.323957
44.520000,0.073216,-0.963538,0.182885
44.525000,1.446657,1.185355,0.849706
44.530000,-0.393042,0.002870,-0.163536
44.535000,1.672999,-2.027234,-0.603146
44.540000,-0.687533,-0.004508,0.282000
44.545000,0.219801,0.451116,0.705232
44.550000,-0.031604,-1.297656,0.646696
44.555000,-0.802010,-0.254115,-0.516651
44.560000,0.068708,-0.238974,-0.279528
44.565000,0.043793,0.831676,0.479673
44.570000,0.374838,0.760289,0.362753
44.575000,0.011797,-0.858974,-0.288427
44.580000,-1.513206,0.394258,0.776172
44.585000,1.370273,1.978345,0.844263
44.590000,-0.385562,-0.904302,0.422826
44.595000,1.643734,-0.184704,-1.740272
44.600000,-0.720299,1.004861,0.089041
44.605000,0.233321,-0.560675,-0.448353
44.610000,0.201223,-0.290361,-0.921814
44.615000,-0.101977,0.262590,-0.104890
44.620000,-0.925288,-0.735105,-0.521880
44.625000,0.227237,0.675386,-0.386936
44.630000,1.147720,-0.982371,-0.669770
44.635000,0.614645,0.007889,0.573259
44.640000,0.340300,-0.113037,-0.883308
44.645000,1.732652,-0.259343,0.933911
44.650000,-0.663703,0.046319,-0.302507
44.655000,-0.480563,0.637758,-0.682035
44.660000,0.079869,-0.259319,0.551030
44.665000,0.178171,-0.190346,0.402789
44.670000,0.102582,-0.373496,-1.232440
44.675000,-0.710400,-0.252331,-1.268840
44.680000,-0.115112,1.179558,0.018557
44.685000,-0.090515,0.375910,0.404976
44.690000,-0.918670,-0.192781,-0.322786
44.695000,-1.411596,-0.984120,-0.647163
44.700000,-0.107067,-0.575929,0.162053
44.705000,0.803890,0.395705,-0.802189
44.710000,1.242261,-0.144444,0.646561
44.715000,0.655577,0.811399,-0.196609
44.720000,-0.166740,0.359154,-0.412299
44.725000,0.718030,-0.147125,-0.723614
44.730000,0.009395,-0.069042,-0.902226
44.735000,-0.307110,-0.284113,-1.283437
44.740000,0.023640,-1.100524,-1.313810
44.745000,1.040410,1.226051,-0.037306
44.750000,0.375718,-0.281842,0.000127
44.755000,0.906962,-0.997148,-0.677064
44.760000,0.013331,-0.316289,-0.540886
44.765000,0.492296,1.620914,0.853776
44.770000,0.902431,-0.497828,-0.687321
44.775000,-0.468502,-0.934727,0.588844
44.780000,-0.612542,-0.040727,-0.645359
44.785000,0.641782,0.848255,0.679785
44.790000,-0.303683,-0.404081,-1.640740
44.795000,-1.886518,-0.194354,0.004041
44.800000,-0.521925,-0.683327,0.285835
44.805000,-0.393795,-0.658637,-0.208227
44.810000,2.526261,-0.247508,-0.033939
44.815000,0.664145,-1.751815,-0.269112
44.820000,-0.835945,-0.125122,-0.116814
44.825000,0.078293,0.265022,1.098273
44.830000,0.154072,-0.479626,-0.586832
44.835000,-1.521925,-0.960594,-1.423848
44.840000,-0.315562,-0.890217,0.532112
44.845000,-1.271779,0.687678,0.245403
44.850000,-0.787128,-0.521218,-0.468726
44.855000,0.231586,-0.922242,-0.334838
44.860000,0.182879,-0.202731,-0.087884
44.865000,0.078475,0.620838,-0.021602
44.870000,0.063572,0.512111,0.220012
44.875000,0.403981,-0.674947,-0.975901
44.880000,0.525860,2.118074,-0.477982
44.885000,0.397200,0.135097,0.698321
44.890000,-0.564165,0.852973,0.122986
44.895000,-0.970991,-0.782883,0.307949
44.900000,-0.165381,-0.145952,-0.941826
44.905000,0.383580,0.178902,1.296796
44.910000,0.015247,0.275878,-0.666297
44.915000,-0.333328,-0.959990,0.134995
44.920000,-0.063559,-1.502232,0.010242
44.925000,0.389094,-0.084569,0.594702
44.930000,0.082357,-0.253757,0.365307
44.935000,-1.089568,-0.248872,0.884258
44.940000,0.311906,-0.140864,-0.220358
44.945000,0.344325,-0.630361,-0.958233
44.950000,0.673075,0.258844,0.231013
44.955000,-0.433654,-1.542132,-0.455182
44.960000,-0.248657,0.670304,-0.237163
44.965000,-0.526001,-0.319413,0.324390
44.970000,0.155821,-1.074048,-0.456251
44.975000,0.551360,-0.514967,-0.045467
44.980000,0.399985,-0.143515,0.016295
44.985000,-0.176685,0.251946,0.459345
44.990000,1.050480,0.012802,1.297308
44.995000,-0.086358,-2.796764,-0.521736
45.000000,-0.359389,0.833366,1.130080
45.005000,0.516552,0.409864,0.650739
45.010000,-0.221555,-0.794203,0.029856
45.015000,-0.740000,-0.639798,-0.597145
45.020000,-0.603779,-0.064173,-0.461191
45.025000,-0.071196,1.358734,0.532794
45.030000,0.440341,1.122614,-0.791029
45.035000,-1.258767,0.500211,-0.293756
45.040000,1.392547,1.446664,0.004813
45.045000,0.248492,0.969337,0.324940
45.050000,1.061724,-1.309683,0.165289
45.055000,-0.246676,-0.506706,-1.319952
45.060000,-1.022738,-0.319481,-0.435257
45.065000,0.872194,-1.777166,0.933124
45.070000,0.144136,-0.253913,-0.793004
45.075000,0.406347,-0.347014,-0.734195
45.080000,-0.256073,-0.530977,-0.997852
45.085000,0.225356,0.145779,0.326908
45.090000,0.251891,-0.225283,-0.378496
45.095000,-0.100345,-0.642745,-1.929580
45.100000,-0.828359,0.078495,1.121602
45.105000,-0.294270,0.218014,0.276951
45.110000,0.103898,0.506838,0.086617
45.115000,-0.347588,0.087520,-0.672784
45.120000,-0.704957,0.718001,0.021731
45.125000,-0.499004,-0.179126,0.032818
45.130000,0.006258,-0.317715,-0.656466
45.135000,1.226497,-1.142179,-0.992263
45.140000,-0.474377,-1.045188,-0.272250
45.145000,1.305226,-0.877829,-0.580563
45.150000,0.507816,-0.930205,0.131392
45.155000,-0.338153,0.659217,-0.491263
45.160000,0.316127,1.038037,-0.518221
45.165000,0.643522,0.639667,-0.161170
45.170000,-1.420882,1.065414,-0.397804
45.175000,-1.927174,-0.286404,-0.435809
45.180000,0.398110,0.672491,-0.092976
45.185000,0.012895,0.356201,0.476978
45.190000,-1.012409,0.196281,-0.635886
45.195000,-0.579477,0.119956,0.144524
45.200000,-0.215457,0.448108,0.221234
45.205000,0.146261,0.345380,-0.435792
45.210000,-0.709189,1.363977,-0.060162
45.215000,-0.707116,0.056320,1.006841
45.220000,0.897422,0.844359,0.580370
45.225000,0.007895,-0.088468,1.037870
45.230000,-0.299471,-1.114230,-0.699789
45.235000,-1.229591,-1.334965,-1.047115
45.240000,-0.288147,-0.159159,-1.231217
45.245000,0.789595,0.493360,0.226227
45.250000,-0.709372,-0.649937,0.312778
45.255000,-0.456259,-1.297431,0.884778
45.260000,0.456668,0.913190,0.631903
45.265000,0.657585,-0.282915,0.444423
45.270000,-0.265617,1.764520,-0.556802
45.275000,-0.662818,-1.279906,-0.526591
45.280000,0.563252,0.753777,-0.107391
45.285000,-0.002259,0.044373,0.181647
45.290000,-0.018372,0.871702,-0.352697
45.295000,-0.800327,-0.080257,0.467257
45.300000,-1.615006,0.526434,-0.117367
45.305000,0.036475,-0.750090,-0.699517
45.310000,-0.091414,-0.033419,-0.119660
45.315000,-1.194171,-1.760250,-0.105477
45.320000,-1.017246,0.171962,0.791035
45.325000,-0.792396,0.335193,2.037047
45.330000,1.144639,1.324725,-0.526403
45.335000,-0.623326,0.649629,0.663451
45.340000,-0.802606,-0.244904,0.872509
45.345000,1.013723,-0.793802,1.106086
45.350000,-0.381052,0.894203,0.002496
45.355000,-0.898998,-0.744838,-0.121535
45.360000,1.153358,0.305415,-0.228378
45.365000,-0.692952,-0.076422,-0.749270
45.370000,-1.912187,-0.504794,-1.272675
45.375000,0.389889,-0.019644,-0.676911
45.380000,-0.109088,0.397694,0.454082
45.385000,0.138048,0.112402,1.064477
45.390000,-0.414421,0.456375,0.536915
45.395000,0.050105,-1.232055,0.232182
45.400000,-0.086873,0.255904,1.350652
45.405000,0.331217,2.258171,1.897600
45.410000,1.633626,-1.013710,-0.232928
45.415000,-0.036309,-0.727596,-0.154510
45.420000,0.132435,-0.495066,0.250004
45.425000,-0.565359,0.173866,0.316019
45.430000,1.049812,0.048720,-0.035543
45.435000,-1.894990,-1.457450,-0.872657
45.440000,-0.311527,0.050894,0.522908
45.445000,0.566080,0.537809,0.287556
45.450000,0.135064,0.278267,-0.300457
45.455000,0.400124,0.169067,0.688191
45.460000,-0.435800,-1.022143,-0.918513
45.465000,0.619110,-0.242491,-0.274000
45.470000,0.301959,-0.351433,-0.547608
45.475000,0.140349,-0.232656,-0.428173
45.480000,-0.213978,0.350125,-0.194655
45.485000,0.292379,-0.212558,1.048178
45.490000,1.160208,0.290781,0.179769
45.495000,-1.649835,-0.913955,-0.839922
45.500000,-0.498890,-0.254193,-1.303902
45.505000,-0.482898,-0.384107,0.605013
45.510000,-0.216307,1.253414,0.351015
45.515000,-0.365020,-0.541805,-0.986994
45.520000,0.096119,0.109301,0.688016
45.525000,1.592725,-0.060948,-0.909915
45.530000,-0.297068,-0.288413,-0.833690
45.535000,-1.105632,-0.623292,0.637825
45.540000,-0.595686,-0.448038,-0.159289
45.545000,1.064043,0.593950,0.445963
45.550000,0.582734,0.367355,-0.631252
45.555000,1.562648,-0.019036,0.250474
45.560000,-1.495206,0.480728,1.159006
45.565000,0.273938,0.086907,1.306007
45.570000,-0.298609,-0.547010,-0.482239
45.575000,-1.303726,-0.917522,0.035297
45.580000,0.299993,0.097615,-0.033891
45.585000,0.882495,1.375117,-1.386561
45.590000,-0.437934,-1.611080,0.216721
45.595000,-0.015595,-0.927650,-0.221766
45.600000,-0.076909,0.643962,0.816723
45.605000,-0.015199,-1.129604,-0.846126
45.610000,-0.442656,0.668901,0.679740
45.615000,-0.101329,-0.121403,-0.728146
45.620000,0.440977,0.158888,1.756918
45.625000,0.421934,-1.003856,0.577599
45.630000,1.087176,-0.918957,-0.217535
45.635000,-1.235989,-0.008778,0.674861
45.640000,0.604816,2.400753,-0.274726
45.645000,-0.498197,-0.374166,-0.894928
45.650000,0.750404,0.249519,0.003668
45.655000,-0.225639,-1.307350,0.165118
45.660000,0.663125,0.831275,-0.199397
45.665000,0.614840,-0.563919,0.057137
45.670000,-0.404994,-1.007996,-0.709442
45.675000,-0.150736,-1.208537,0.222884
45.680000,-0.263899,-1.430005,0.852531
45.685000,0.193595,0.170812,1.406947
45.690000,-1.599621,-0.749903,0.861327
45.695000,-1.808014,0.156099,0.001723
45.700000,0.002959,-0.134140,-0.163401
45.705000,0.169811,0.855955,-0.332473
45.710000,0.125204,0.078794,0.725424
45.715000,-0.442837,-0.832757,-0.679093
45.720000,0.253131,0.727183,1.293453
45.725000,-0.023780,1.365923,0.219285
45.730000,1.540338,-0.571013,-0.817468
45.735000,-0.754626,0.302817,-0.572377
45.740000,-0.166598,1.167569,0.111307
45.745000,0.145596,1.210444,0.143373
45.750000,1.114167,-0.598814,-0.962089
45.755000,-0.526583,-0.939010,0.306264
45.760000,0.204411,-0.227663,-0.031725
45.765000,1.020005,0.393147,-0.041942
45.770000,0.588468,0.290589,-0.036339
45.775000,0.255260,0.512908,-0.898551
45.780000,0.208139,0.529936,1.307926
45.785000,-0.025160,1.192613,0.382836
45.790000,0.043915,0.939528,-0.221827
45.795000,0.273773,-0.216937,-0.259344
45.800000,0.358192,0.868740,-0.370078
45.805000,0.325958,1.396406,0.413414
45.810000,-0.049799,-0.537098,-0.487613
45.815000,-0.859755,-1.173947,-0.059877
45.820000,0.418979,0.197869,0.078246
45.825000,-0.278934,0.429023,-0.460291
45.830000,0.893675,0.534864,-0.411725
45.835000,-0.160771,-0.447265,0.237393
45.840000,-1.226583,-0.589872,-0.760752
45.845000,-0.292471,0.724501,0.196992
45.850000,-0.961331,-0.521584,-0.186899
45.855000,0.576780,0.272686,-0.160852
45.860000,0.232282,1.335332,-0.258351
45.865000,-0.421392,0.165137,0.953091
45.870000,0.328902,1.159121,0.582580
45.875000,-0.049844,-1.128963,-0.192143
45.880000,0.326820,-0.415681,-0.204152
45.885000,0.315674,0.489198,0.991113
45.890000,-0.246758,0.235665,-0.852160
45.895000,0.137207,-0.368462,0.207037
45.900000,0.318348,-0.723155,0.348789
45.905000,0.308146,0.986009,0.806033
45.910000,0.333334,-0.619340,0.499943
45.915000,0.444246,-0.381164,0.849765
45.920000,0.595708,-1.979890,0.341680
45.925000,-0.242080,0.239308,-0.266658
45.930000,0.046105,-0.019586,-0.642195
45.935000,-1.481629,-0.000463,-0.108674
45.940000,-0.613871,0.392777,-0.435855
45.945000,0.647399,0.492785,0.346782
45.950000,-1.172154,0.158659,-0.245974
45.955000,-0.478509,-0.201836,-0.752310
45.960000,0.502804,-0.379463,0.709137
45.965000,-0.341113,1.379364,0.033618
45.970000,0.134685,-0.064586,-1.279299
45.975000,0.243694,-0.341883,1.314759
45.980000,0.287282,0.669444,0.457998
45.985000,-0.027201,-0.044159,0.305821
45.990000,-0.845238,-1.509916,0.052020
45.995000,0.212195,-0.264431,-0.871928
46.000000,0.960324,0.647246,0.933085
46.005000,-0.648249,-0.294670,0.744036
46.010000,-0.366523,-0.820279,-0.662360
46.015000,0.327206,0.053819,-0.826861
46.020000,0.129361,-1.339895,0.360178
46.025000,0.664279,-0.063357,1.553913
46.030000,0.592565,-0.134432,-0.925111
46.035000,-0.675291,-1.442956,0.293103
46.040000,0.127255,0.651305,0.447373
46.045000,0.782959,0.414850,0.076316
46.050000,0.097239,-1.612739,-0.346873
46.055000,1.099647,-1.016450,-1.502566
46.060000,-1.415476,-1.590543,-0.278194
46.065000,-0.606833,1.546799,1.690937
46.070000,0.665932,-0.335527,-0.511025
46.075000,0.542049,-0.305781,-0.197549
46.080000,0.068305,0.231041,0.285093
46.085000,-0.302213,0.642306,-0.326363
46.090000,-1.851304,-0.273994,-0.952825
46.095000,-0.441608,-1.230756,-1.474944
46.100000,0.387379,0.383119,0.563584
46.105000,-0.040875,-0.442118,1.261178
46.110000,0.104858,0.106715,-0.380962
46.115000,0.024545,0.700349,0.539279
46.120000,-0.437113,1.821895,0.318110
46.125000,0.741323,-0.651910,1.175704
46.130000,0.019433,-0.847252,-0.204047
46.135000,-0.451713,-1.338579,-0.485375
46.140000,-0.525634,-0.035976,0.788527
46.145000,0.725072,0.123534,0.312539
46.150000,0.770040,0.410643,-0.526797
46.155000,0.069026,-0.000986,-0.426264
46.160000,0.368256,0.043514,0.623977
46.165000,0.605823,-0.118907,0.251545
46.170000,-0.091072,0.039936,-0.184219
46.175000,-0.497213,-0.228710,-0.466983
46.180000,-0.216752,-0.764066,-0.379853
46.185000,0.446325,0.993569,1.348048
46.190000,-0.325473,0.869865,0.094462
46.195000,-0.514780,0.732793,-0.365708
46.200000,0.858652,-0.686780,-0.154414
46.205000,0.766261,0.141418,0.191112
46.210000,-1.029152,-0.230382,-1.251470
46.215000,-0.191114,0.243357,-0.475098
46.220000,0.992781,0.118905,-0.007925
46.225000,0.381099,0.775347,0.657688
46.230000,-0.270916,-0.897100,-0.222221
46.235000,-1.065216,-1.375804,-0.552598
46.240000,0.244556,1.407211,0.035103
46.245000,-0.305712,0.572656,0.221189
46.250000,1.065615,-0.705517,-0.828359
46.255000,0.142426,-0.358275,-1.007454
46.260000,-0.078382,-0.302937,-0.316107
46.265000,0.794101,-1.215304,1.076975
46.270000,-0.556215,-0.419261,-0.397551
46.275000,-0.465934,-0.004504,0.170873
46.280000,0.592447,-0.720246,0.744207
46.285000,-0.454755,0.939064,-0.503533
46.290000,0.569770,0.339129,0.193819
46.295000,-0.716738,-0.798244,-1.090069
46.300000,0.168830,-0.154668,-1.062947
46.305000,0.064020,0.878030,0.359726
46.310000,-0.449345,-0.322061,-1.332556
46.315000,-0.810500,-0.968821,-1.548087
46.320000,-0.784396,-0.487099,-0.030969
46.325000,0.074125,-0.075012,0.569089
46.330000,-0.389286,0.141072,-0.089033
46.335000,-0.833091,0.584735,0.781684
46.340000,0.499772,-0.462979,-0.209577
46.345000,-0.687672,0.601892,0.143935
46.350000,-0.446280,-0.252869,0.188653
46.355000,0.166019,-1.513258,0.260620
46.360000,-0.000092,0.762098,-1.177341
46.365000,-0.471573,0.375134,1.211028
46.370000,0.240831,-0.686784,-0.213409
46.375000,0.242605,0.043140,-1.358419
46.380000,-0.567283,-0.137613,-0.150105
46.385000,0.872545,2.421098,1.169349
46.390000,0.663373,-0.404398,0.098256
46.395000,0.281754,1.606285,-0.320865
46.400000,1.063634,0.626423,0.689094
46.405000,-0.137188,-0.201761,0.658298
46.410000,-1.062110,-1.509111,0.752060
46.415000,-0.024330,-0.415199,-1.779786
46.420000,0.532469,0.992942,0.558091
46.425000,0.490276,1.182535,0.231479
46.430000,0.086848,-0.229813,-0.320294
46.435000,0.273900,0.498043,0.023159
46.440000,0.102038,-0.869207,-0.691445
46.445000,-0.672099,0.489403,1.320923
46.450000,-0.407357,-0.317982,-1.212750
46.455000,-0.959657,0.170721,-0.290584
46.460000,-0.193789,0.486137,1.649821
46.465000,-0.872254,0.010393,0.758882
46.470000,-0.352813,-0.166667,-0.482135
46.475000,-0.600221,-0.600383,0.024708
46.480000,-0.266606,0.396358,0.205370
46.485000,0.155674,0.113323,0.916697
46.490000,-1.694811,1.275767,-0.776459
46.495000,-0.587277,-0.426419,0.600548
46.500000,0.618431,0.450111,-0.356666
46.505000,-0.188732,0.862126,0.436947
46.510000,-0.830364,-0.558332,-1.134464
46.515000,-0.656804,-0.274939,-0.013629
46.520000,0.331834,0.337356,0.893874
46.525000,-0.207777,0.898353,-0.430879
46.530000,-1.494342,-0.235894,-0.971587
46.535000,-0.303106,-0.432641,0.437953
46.540000,-0.027590,-0.319572,-0.839373
46.545000,0.280365,2.210994,-0.237884
46.550000,-1.217996,-0.091997,-0.088800
46.555000,-0.488224,-1.508344,0.570781
46.560000,-0.316109,-0.782393,0.179842
46.565000,0.352757,0.814547,1.193416
46.570000,0.130849,0.032157,-0.284329
46.575000,-2.446652,-0.285768,0.024360
46.580000,0.119350,1.998817,0.315445
46.585000,1.844148,0.858504,-0.287640
46.590000,-1.020703,-0.241259,-0.103183
46.595000,0.784613,-0.331503,0.734734
46.600000,0.156417,-0.142151,0.485451
46.605000,0.332995,0.348498,1.616394
46.610000,-0.743058,-0.949380,-0.634665
46.615000,0.585187,-0.373766,0.400157
46.620000,-0.080093,0.997548,0.507601
46.625000,1.211133,-0.605844,1.264005
46.630000,0.113169,-0.479147,-0.800277
46.635000,0.060660,-0.568634,0.387103
46.640000,1.001750,-0.012028,0.329972
46.645000,0.938396,0.491994,0.984132
46.650000,-0.221425,0.474827,0.155660
46.655000,-0.034089,1.205324,-0.560847
46.660000,0.147350,0.569711,-0.313734
46.665000,1.011321,0.410873,1.802128
46.670000,-0.420966,-1.578776,-0.105062
46.675000,-0.532320,-0.157579,-0.797933
46.680000,0.227383,-0.270852,-0.044129
46.685000,0.983561,0.840420,0.251169
46.690000,-0.712645,-1.543671,0.191141
46.695000,0.353882,-1.156542,-0.658051
46.700000,-0.436880,0.691094,0.626659
46.705000,0.804449,0.901265,1.319169
46.710000,-0.098682,-0.473369,-1.057546
46.715000,-0.335671,-0.487599,-0.319977
46.720000,0.307527,-0.123517,0.958357
46.725000,0.689240,-0.750943,0.896320
46.730000,0.695467,-1.664815,-1.288204
46.735000,-0.634850,-1.196489,-1.430320
46.740000,-0.748257,0.666423,-0.159665
46.745000,0.608721,1.152594,0.850875
46.750000,-0.872636,0.416576,0.556256
46.755000,0.677462,-0.561846,-0.299128
46.760000,0.980330,0.107074,-0.805443
46.765000,0.416514,-0.913368,1.661424
46.770000,0.531678,-0.342796,0.858676
46.775000,0.818935,-0.227376,0.267838
46.780000,0.235419,-0.011518,-0.269214
46.785000,-0.127075,-1.289909,0.583439
46.790000,-0.472301,-1.417579,0.242307
46.795000,-0.366914,-0.399365,1.066429
46.800000,0.210193,-0.752933,1.120018
46.805000,-0.549508,-0.659028,-0.702512
46.810000,0.172446,-0.340087,0.591898
46.815000,0.725379,0.612432,-0.975980
46.820000,0.423584,-0.556915,-0.608700
46.825000,1.215801,0.543702,0.487873
46.830000,-0.040334,-0.866954,-0.923420
46.835000,-0.653389,-1.145542,-0.815086
46.840000,0.857762,1.053598,1.097059
46.845000,1.004437,1.490728,-0.335841
46.850000,0.412227,-0.593036,-0.413628
46.855000,-0.703072,-0.631995,-0.516463
46.860000,1.440572,-0.179232,0.736532
46.865000,-0.727564,-0.956792,-0.554569
46.870000,-0.138070,-1.311324,0.562797
46.875000,-0.131569,-0.095176,-0.768932
46.880000,0.761131,1.589321,-1.743401
46.885000,0.184336,0.885423,-0.866477
46.890000,-0.629666,-0.244567,-0.990336
46.895000,-0.289809,-0.177665,-0.669205
46.900000,-0.457759,-0.438697,-0.577713
46.905000,1.889188,-0.158302,0.851354
46.910000,0.185524,0.484328,0.331447
46.915000,0.198207,-0.994404,-0.811423
46.920000,0.245824,0.809290,0.766569
46.925000,-1.386705,-0.264753,0.764084
46.930000,-0.219190,-0.732953,-0.068501
46.935000,-0.505908,-0.798077,0.040804
46.940000,-1.027403,-0.368179,1.681945
46.945000,-0.720395,1.308387,0.259862
46.950000,-1.232543,-0.006699,-0.287924
46.955000,-0.126017,1.150237,-0.172557
46.960000,-0.074122,-0.837018,0.287423
46.965000,0.650950,-0.493400,0.760700
46.970000,0.717057,0.314968,0.165091
46.975000,0.148259,0.045248,-0.424604
46.980000,0.339519,0.187798,0.168657
46.985000,0.508005,2.016400,0.103592
46.990000,0.140321,-0.174979,-1.157540
46.995000,-0.919012,-0.006932,0.944268
47.000000,0.265977,0.251860,0.415533
47.005000,-0.419832,0.452526,0.142006
47.010000,1.275308,-0.650427,0.052717
47.015000,-0.970301,0.406099,0.849003
47.020000,-0.135754,-0.307084,0.462082
47.025000,-0.278014,1.214683,1.561591
47.030000,0.654979,-0.384143,-1.449554
47.035000,0.039792,0.593820,-0.796590
47.040000,-0.634337,-0.551581,-0.301105
47.045000,0.520881,0.110671,-0.034538
47.050000,-0.980472,-0.338332,-0.845735
47.055000,0.529806,0.963026,-0.721570
47.060000,1.269704,-0.429661,1.624951
47.065000,0.719473,-0.413040,0.716324
47.070000,-0.178643,-0.220340,-0.654581
47.075000,-1.412431,-0.028324,-0.895400
47.080000,0.218082,0.887619,-0.163460
47.085000,0.436782,-0.662920,-0.791705
47.090000,-0.512026,-0.790241,-0.455083
47.095000,-0.366430,0.785745,-0.002064
47.100000,0.772538,1.638620,-1.207962
47.105000,0.741929,0.396565,0.059917
47.110000,0.193760,-1.030321,-0.481955
47.115000,0.678534,-0.297082,-0.717935
47.120000,0.334424,0.192473,0.745823
47.125000,-0.362901,2.230774,-0.023857
47.130000,-0.556888,0.105834,0.161690
47.135000,-1.946656,-0.069617,-0.882667
47.140000,-0.336653,-0.601685,-0.772166
47.145000,0.432217,0.197704,-0.351811
47.150000,-0.578474,0.298910,-0.555142
47.155000,-1.141472,-1.286035,0.010720
47.160000,-0.033205,1.115848,0.122565
47.165000,0.304095,-0.579879,-0.154934
47.170000,-0.485836,0.322352,-0.804358
47.175000,1.206261,-0.933990,-0.518687
47.180000,0.205824,-0.455368,1.105317
47.185000,0.938551,-0.481617,1.492702
47.190000,-1.005768,-1.050283,1.627231
47.195000,1.834012,-0.231689,-0.635775
47.200000,-0.099884,0.666688,-1.489428
47.205000,0.487545,0.027604,0.834019
47.210000,-0.861167,-0.378124,-0.505507
47.215000,-0.963674,-1.524051,-1.335925
47.220000,-0.083453,0.705377,-0.195269
47.225000,-0.188825,-0.348197,1.221559
47.230000,0.199564,-0.651790,-1.314937
47.235000,-0.044860,1.003083,0.069892
47.240000,-0.343610,0.156289,-0.103996
47.245000,0.109995,0.509324,1.604241
47.250000,0.444506,0.239106,-0.440529
47.255000,-0.963396,-0.670312,0.029859
47.260000,0.385507,0.814607,-0.185031
47.265000,0.386536,0.188923,0.117104
47.270000,0.766032,-0.589575,0.369355
47.275000,-0.451581,0.243510,-1.084478
47.280000,0.334957,2.653150,-1.759459
47.285000,1.018387,0.565703,-0.640241
47.290000,-0.685715,-0.074915,-1.446760
47.295000,-1.103081,-1.940810,0.132514
47.300000,0.322086,-0.035159,-0.200642
47.305000,-0.560522,-0.395481,0.613363
47.310000,-1.259517,-0.852526,-0.023785
47.315000,-0.978949,0.039388,-1.799144
47.320000,0.482208,0.295887,-0.866722
47.325000,-0.336459,0.007778,1.121917
47.330000,-1.820915,-0.530136,0.734674
47.335000,0.179458,-0.102428,-1.040121
47.340000,0.689136,1.113767,0.942389
47.345000,0.612534,1.444904,0.829515
47.350000,-0.703320,-0.375278,0.685230
47.355000,-1.332017,-1.085827,-0.626503
47.360000,-0.453918,-0.369764,-0.155293
47.365000,0.635358,0.529008,1.591143
47.370000,0.623618,0.421786,0.439721
47.375000,-0.752403,1.760659,-0.590911
47.380000,0.216948,0.741844,0.441262
47.385000,0.844583,0.535365,-0.051821
47.390000,0.744754,0.505363,0.945328
47.395000,-0.599088,0.478395,-0.716711
47.400000,1.164015,1.547560,0.745868
47.405000,0.938417,1.039881,-0.224344
47.410000,0.618000,-0.534142,-0.613316
47.415000,-0.327735,-1.003673,0.013071
47.420000,0.017092,-0.460885,-0.188044
47.425000,1.099079,1.409876,0.093905
47.430000,-0.270778,0.594123,-0.394666
47.435000,0.041352,0.257127,-0.325866
47.440000,0.829426,0.023197,0.135335
47.445000,0.779476,0.085087,1.101847
47.450000,-0.074734,-0.792263,-0.813969
47.455000,0.668555,-0.411752,0.191957
47.460000,1.184131,0.158191,-0.714698
47.465000,0.638080,1.569818,0.117900
47.470000,0.606460,0.014526,0.202060
47.475000,-0.778899,-0.157861,0.044062
47.480000,-0.522674,0.738497,0.089449
47.485000,0.306818,1.044317,0.543479
47.490000,0.074330,0.456998,0.580065
47.495000,-0.603302,-0.928698,0.524268
47.500000,0.629821,0.588979,-0.365047
47.505000,0.213634,-0.606873,0.397399
47.510000,-0.186716,-1.356907,-1.092781
47.515000,0.344839,-0.116149,-0.093070
47.520000,-1.175059,0.260275,-0.035704
47.525000,0.767980,0.597634,-0.094090
47.530000,-1.177678,0.098696,0.402600
47.535000,-2.452940,0.089470,-0.734527
47.540000,-0.396458,0.046739,1.542664
47.545000,-0.218754,1.079472,0.100840
47.550000,-0.420343,-1.054905,-0.478494
47.555000,0.241513,-0.796469,-1.223935
47.560000,0.422099,0.041853,0.037147
47.565000,0.847074,-0.325236,0.463467
47.570000,-1.048414,1.607960,-0.276431
47.575000,-2.082979,-0.907297,0.410452
47.580000,0.250222,0.657471,-1.172195
47.585000,0.808703,0.949371,-0.450174
47.590000,0.690107,-0.486966,0.344608
47.595000,-0.457158,-0.285138,-1.419386
47.600000,1.053514,1.504481,0.086262
47.605000,-0.584691,-1.043323,0.685756
47.610000,-0.925462,0.167521,0.556641
47.615000,-0.563422,-0.222366,-1.525319
47.620000,0.186223,0.946436,0.123802
47.625000,0.573555,1.784411,0.699539
47.630000,0.488973,-0.963202,-1.834980
47.635000,0.406308,0.185991,-0.286063
47.640000,-0.526801,-0.032933,0.481066
47.645000,0.212650,0.790115,1.610565
47.650000,0.861494,-0.143594,0.278921
47.655000,-1.563394,-0.422621,-0.470060
47.660000,1.506572,0.094172,0.936208
47.665000,0.879431,1.036803,1.171966
47.670000,-1.974261,-0.036419,-0.264468
47.675000,-0.301037,-0.968681,-1.528753
47.680000,-0.241265,0.407098,0.308600
47.685000,0.391250,-0.251882,1.075570
47.690000,0.525213,0.162031,-0.470022
47.695000,0.106590,-0.037397,-0.713116
47.700000,1.320267,1.839534,1.816027
47.705000,1.024701,-1.670590,1.079665
47.710000,-0.246252,0.330385,0.045503
47.715000,-0.263086,-1.316896,0.074973
47.720000,1.506257,0.518918,0.289694
47.725000,0.819193,-0.287924,0.630219
47.730000,0.690407,-0.691559,0.109465
47.735000,-0.539691,-0.495915,-0.146745
47.740000,0.694371,0.573504,0.603859
47.745000,0.361853,0.515025,0.728197
47.750000,-0.303093,-0.176639,0.356234
47.755000,-0.766013,1.223063,0.845019
47.760000,0.511670,0.405426,-0.574778
47.765000,1.597448,-0.241352,0.548029
47.770000,-0.915371,0.135389,1.597169
47.775000,-1.305964,-0.104618,-0.997986
47.780000,0.076929,0.630170,-0.577601
47.785000,0.843280,0.935676,-0.298582
47.790000,-1.107224,0.364114,-0.987762
47.795000,-0.422768,1.019309,-0.719681
47.800000,-0.056355,0.974775,-0.078350
47.805000,0.735876,0.124279,-0.079900
47.810000,0.918348,0.250671,-0.718464
47.815000,0.516637,0.265718,-0.924937
47.820000,0.480177,-0.022335,0.477054
47.825000,0.743200,0.539370,-0.502227
47.830000,-0.659499,-0.028081,-0.186559
47.835000,-0.463845,0.761897,0.235748
47.840000,0.607251,-0.452781,-1.008880
47.845000,1.981084,2.088729,0.302415
47.850000,-0.671290,0.413491,0.130002
47.855000,-0.096361,-0.686792,-0.166669
47.860000,1.630967,0.165367,0.567695
47.865000,-0.473369,0.801733,-0.215036
47.870000,0.683122,0.409978,-1.583698
47.875000,-0.102958,0.048744,-0.367338
47.880000,0.274523,1.882149,0.278300
47.885000,0.948801,0.547339,-0.894991
47.890000,-1.576844,0.782778,0.646330
47.895000,-0.511741,-0.141519,-0.499688
47.900000,0.767271,0.576414,0.488409
47.905000,-0.092069,0.419178,1.009234
47.910000,-0.901312,0.512666,-0.280894
47.915000,0.128041,0.227785,-0.308362
47.920000,0.192488,-0.618791,-0.441042
47.925000,0.829392,1.021701,0.550421
47.930000,0.127187,0.253715,-0.408648
47.935000,0.746614,0.185265,-1.069054
47.940000,-0.297576,0.638199,-0.154051
47.945000,1.173349,0.896053,-0.031342
47.950000,0.807885,-0.090708,0.035617
47.955000,-0.541657,-0.924731,-1.614485
47.960000,-1.057776,-0.502112,-0.698228
47.965000,0.679818,1.723803,0.383113
47.970000,-0.110712,-1.342042,-0.640067
47.975000,-1.717393,-1.790763,-0.361681
47.980000,-0.196425,0.454927,1.032935
47.985000,0.059495,0.835741,0.584434
47.990000,0.112798,-0.864443,-0.241331
47.995000,-0.694356,-0.935280,-0.369094
48.000000,-0.885966,-0.164439,-0.585399
48.005000,-0.188778,0.028921,0.971660
48.010000,0.412609,-0.562337,-1.049320
48.015000,-0.715312,-1.864763,1.352468
48.020000,0.113123,0.160329,-0.247440
48.025000,0.937138,2.426765,-1.414101
48.030000,-0.060384,-1.812838,-0.508151
48.035000,0.043052,-0.803908,-0.351837
48.040000,-0.825682,1.671309,0.189702
48.045000,-0.077650,-0.118279,1.627014
48.050000,0.787784,0.183370,0.630167
48.055000,0.273937,-1.115352,-1.756473
48.060000,-0.094553,0.786023,-0.106701
48.065000,1.506787,0.280116,1.443634
48.070000,-0.013655,0.456907,-0.644623
48.075000,-0.526924,-0.130943,-0.571347
48.080000,1.392851,0.833708,0.953531
48.085000,0.659730,1.632049,-0.176623
48.090000,0.273931,-0.370888,-0.517488
48.095000,-1.234886,-0.798754,-1.366371
48.100000,-0.918983,-0.552127,-0.051597
48.105000,0.067380,-0.567395,1.028702
48.110000,-0.063484,0.306083,0.469417
48.115000,0.074665,-1.008028,1.334729
48.120000,-0.291792,-0.488386,-0.405128
48.125000,1.023356,0.194700,1.218351
48.130000,-0.523590,-0.690403,0.868918
48.135000,-0.489034,-1.368972,-0.315497
48.140000,-0.349953,0.178257,0.229544
48.145000,0.798824,-0.511262,1.180476
48.150000,-0.307640,-1.382823,-0.077490
48.155000,0.948802,0.694681,0.076893
48.160000,-0.301136,0.284295,0.399698
48.165000,1.009078,0.110758,0.312383
48.170000,1.513406,-0.670943,0.307397
48.175000,-1.572247,0.065951,0.674596
48.180000,1.523412,-0.952215,0.582577
48.185000,1.619176,0.865537,-0.539165
48.190000,1.051236,-1.085225,0.329208
48.195000,-0.348530,-0.143916,0.128057
48.200000,0.135091,0.575371,1.158202
48.205000,-0.191850,0.506029,0.080804
48.210000,0.508667,-0.970054,-1.231422
48.215000,-0.003582,-0.522056,0.090628
48.220000,0.152072,-0.404877,-0.126227
48.225000,1.269617,-0.263540,0.726894
48.230000,0.526197,-0.955279,-0.597659
48.235000,-0.392915,-0.724201,0.721026
48.240000,1.590944,-0.297581,-0.261232
48.245000,0.633890,-0.077061,0.981376
48.250000,0.394115,-1.124710,0.738076
48.255000,0.606487,-0.183837,-0.278560
48.260000,0.829308,1.016138,1.263845
48.265000,1.092073,0.301917,1.026207
48.270000,0.719737,-0.141451,0.057695
48.275000,0.129860,-0.108557,0.193278
48.280000,-0.565713,-0.006569,1.260112
48.285000,-0.134284,0.328265,0.596968
48.290000,0.424359,1.225152,-0.249406
48.295000,0.287134,0.548842,-0.140684
48.300000,1.581214,0.245425,-0.950443
48.305000,0.616627,0.509128,-0.489130
48.310000,0.482644,-1.843071,-0.670657
48.315000,0.491384,-0.160108,0.286194
48.320000,0.034669,0.003097,0.143770
48.325000,0.582489,-0.065267,0.472405
48.330000,0.211386,-0.557357,-0.319283
48.335000,-1.261622,-0.428293,-0.664198
48.340000,-0.351090,-0.192185,0.092829
48.345000,0.491245,-0.342826,0.102706
48.350000,0.407097,-0.420754,0.093257
48.355000,-1.703506,-0.918599,0.371034
48.360000,0.722070,0.535515,0.214881
48.365000,0.751621,1.083960,0.379352
48.370000,-0.823220,-1.203635,-1.705329
48.375000,-0.609108,-1.284078,-0.645445
48.380000,0.704974,1.205809,1.094033
48.385000,-0.488849,-0.689189,1.758444
48.390000,-0.233465,-0.133046,-0.364947
48.395000,-0.366282,-0.520213,-0.226690
48.400000,-0.334362,1.183319,0.551781
48.405000,0.492983,1.007119,2.091322
48.410000,-0.476967,0.585783,0.247995
48.415000,-0.689913,1.128340,0.515963
48.420000,1.179591,-0.567321,0.581077
48.425000,1.058406,2.012531,0.996837
48.430000,-0.230258,-0.077069,-0.193054
48.435000,-0.190756,0.629325,-0.713971
48.440000,0.660922,1.380318,-0.308063
48.445000,0.583079,-0.281273,0.589735
48.450000,0.114713,-0.503933,0.780399
48.455000,-1.250465,-1.130443,-0.453607
48.460000,-1.262813,-0.383599,0.687565
48.465000,-0.051939,1.777078,0.475022
48.470000,-0.084650,-0.357036,0.827578
48.475000,-1.650266,-0.183910,0.180459
48.480000,1.006433,0.064041,-0.295901
48.485000,0.179129,1.381221,0.501881
48.490000,0.264930,-0.346052,0.650972
48.495000,-0.478683,-0.732142,-0.078532
48.500000,0.139628,1.258511,-0.355775
48.505000,0.852649,0.681490,0.480747
48.510000,0.451825,0.198473,-0.624701
48.515000,-0.182623,-0.072431,-0.793774
48.520000,1.340475,0.120209,-0.105630
48.525000,1.014852,-0.202863,1.045425
48.530000,-0.190342,-0.238284,-0.872569
48.535000,-0.735636,1.206350,-0.728682
48.540000,-2.145145,-0.285524,0.726315
48.545000,-0.243776,1.311129,-0.014871
48.550000,-0.038217,-0.074563,-0.571149
48.555000,0.791502,-0.579441,-0.281830
48.560000,0.262824,-0.458855,-1.236281
48.565000,0.846051,0.484771,0.455352
48.570000,-0.777712,-1.029192,-0.225699
48.575000,-0.471723,-0.739012,-0.032809
48.580000,-0.127104,-0.367015,-0.534975
48.585000,1.723914,-0.255783,-0.735032
48.590000,-0.674550,-0.871830,-0.143627
48.595000,0.535393,1.241553,0.795928
48.600000,-0.175505,1.531234,-0.134196
48.605000,-0.949242,-0.495738,0.931231
48.610000,-0.276675,0.633250,-0.524082
48.615000,0.496206,-0.346447,-0.937852
48.620000,-0.099391,-0.196629,-0.606915
48.625000,-0.490701,1.121801,-0.201214
48.630000,-0.785177,0.153319,-0.657427
48.635000,-0.535452,-0.444140,-1.041373
48.640000,0.105232,0.338400,-0.481921
48.645000,-0.384562,1.889344,-0.141775
48.650000,-0.114166,-0.766213,-0.630331
48.655000,-0.568677,-0.410835,0.166514
48.660000,-0.500573,1.094560,-0.794397
48.665000,0.954325,-0.457200,0.403272
48.670000,0.807713,0.376674,0.797966
48.675000,-0.639349,-0.143633,1.487188
48.680000,0.447892,0.423518,0.010639
48.685000,0.085406,0.512995,-0.489056
48.690000,-0.209856,0.533780,0.499282
48.695000,-0.125752,-0.914334,0.967876
48.700000,0.115087,-0.290310,-0.393438
48.705000,0.174502,0.372237,-0.538083
48.710000,-0.012291,0.169896,-0.010372
48.715000,-0.042277,0.494137,-0.325099
48.720000,0.319761,-0.099226,-0.974913
48.725000,0.854873,-0.707228,1.235913
48.730000,-0.799724,-0.445736,-0.413292
48.735000,0.515440,-0.821283,0.865198
48.740000,0.467603,0.339802,0.886686
48.745000,0.813687,0.870660,0.396781
48.750000,0.102412,1.559008,0.105332
48.755000,-0.721479,0.582469,0.412207
48.760000,0.027069,0.760673,0.839157
48.765000,-0.379603,0.375047,1.472483
48.770000,-0.371954,0.958092,-0.186164
48.775000,0.486298,-0.980195,-0.745518
48.780000,-0.888914,-0.909744,0.331873
48.785000,0.374470,-0.533869,0.362673
48.790000,0.572442,-0.520729,0.656231
48.795000,-1.655636,-0.028757,-0.354622
48.800000,-0.719473,1.461264,-0.318000
48.805000,1.004819,0.539837,0.051647
48.810000,-0.269924,-0.553313,0.265395
48.815000,0.460652,-0.811061,0.296346
48.820000,-0.267212,-0.485082,0.050171
48.825000,0.136943,0.519112,0.194531
48.830000,0.283507,-1.254270,0.151348
48.835000,-0.297941,-1.903996,-0.416941
48.840000,-0.123104,-1.139983,0.313154
48.845000,1.164861,1.419608,-0.532816
48.850000,-0.381361,-0.674227,0.014408
48.855000,0.173257,-0.722356,-0.323329
48.860000,-0.087589,0.187235,0.531275
48.865000,1.264333,-0.425128,0.338015
48.870000,-0.507297,-1.305336,1.077465
48.875000,0.359555,-0.522002,0.879002
48.880000,0.182775,1.699368,-0.696089
48.885000,0.184930,0.705043,-0.876188
48.890000,0.694302,-0.076900,-0.218079
48.895000,-2.149114,-0.506162,1.648336
48.900000,-0.002300,0.118964,-0.883087
48.905000,-1.105776,-0.428787,0.469187
48.910000,0.728353,-0.536490,-1.648886
48.915000,-0.285904,-0.753364,-0.150999
48.920000,0.432213,0.616556,0.614276
48.925000,-0.515823,-0.189794,0.006539
48.930000,0.592992,1.417592,-1.252501
48.935000,-0.765682,-0.702896,-0.783010
48.940000,0.116525,1.145509,0.317208
48.945000,1.751038,0.082399,-0.275300
48.950000,0.014634,0.910243,1.027793
48.955000,-0.776104,-0.562006,-1.430021
48.960000,-0.562000,1.124479,-0.530958
48.965000,0.536968,0.452639,0.536593
48.970000,-0.749542,0.800013,0.396128
48.975000,-0.702149,-0.490828,-0.579269
48.980000,-0.252090,-0.078309,1.336187
48.985000,-0.769832,0.057128,0.791081
48.990000,0.131894,-0.479795,0.594982
48.995000,-0.398960,-0.718100,0.037567
49.000000,-1.046761,1.253869,0.451981
49.005000,1.027183,0.452975,0.487268
49.010000,-0.158811,-0.084437,-0.392582
49.015000,-0.229202,0.602615,0.909257
49.020000,-0.428843,0.131765,0.163644
49.025000,0.589076,1.099012,0.664290
49.030000,-1.121645,0.727429,-0.892088
49.035000,0.248043,-0.156196,-0.490208
49.040000,0.347302,-1.038776,0.086542
49.045000,0.995693,-0.637369,0.427565
49.050000,-0.552184,-0.043511,-0.058823
49.055000,-0.366830,-0.482350,0.127585
49.060000,0.795612,0.818280,0.132453
49.065000,0.713034,0.303390,-0.394272
49.070000,-0.021771,0.208602,-1.350432
49.075000,-0.398124,-0.599299,-0.612900
49.080000,-0.634853,-0.355511,-0.269083
49.085000,0.176620,0.267899,2.184985
49.090000,-0.726616,0.424207,1.044667
49.095000,-0.189561,-0.077857,-0.313564
49.100000,-0.040456,-0.758466,0.806528
49.105000,0.938853,1.505090,-1.332569
49.110000,-0.517823,-0.033223,1.069032
49.115000,-0.861804,0.308125,0.089946
49.120000,0.724175,1.804983,0.899018
49.125000,1.056411,0.504027,-1.231041
49.130000,-0.911630,-0.403791,0.103021
49.135000,-0.423464,-1.071122,-0.162215
49.140000,-0.099819,-0.022668,-0.331803
49.145000,1.074674,-0.158983,-0.000270
49.150000,0.258824,-0.257166,-1.367665
49.155000,-1.131718,-0.318807,0.764468
49.160000,-0.859104,-0.029970,0.647973
49.165000,-0.927311,0.948939,0.482376
49.170000,1.517305,-2.401209,-1.536630
49.175000,-1.615446,-0.595546,-1.334790
49.180000,0.663622,-0.165643,-0.805056
49.185000,0.397403,-0.365515,1.963776
49.190000,0.258775,1.062603,-0.297887
49.195000,0.119788,0.764448,0.891100
49.200000,0.292361,0.932189,0.685908
49.205000,0.452094,1.574899,-0.202240
49.210000,0.228204,-1.012439,0.079294
49.215000,0.077596,1.183276,-0.212506
49.220000,-0.180967,0.234840,0.374687
49.225000,-0.759744,-0.014249,-0.872583
49.230000,0.230663,0.700448,-0.604905
49.235000,-0.084810,-1.209875,-0.139669
49.240000,0.150076,0.349987,1.355736
49.245000,-0.052074,0.172035,-0.532330
49.250000,0.947284,-0.076934,-1.022046
49.255000,-0.569822,-0.336261,-1.221515
49.260000,0.710177,-0.249754,-0.993409
49.265000,1.656773,0.334339,1.297042
49.270000,0.061619,0.582389,0.370527
49.275000,-0.285225,-0.732107,-1.495320
49.280000,0.152753,-0.256905,-0.829797
49.285000,0.858263,-0.955469,0.569755
49.290000,-0.862054,-0.198210,0.587920
49.295000,0.543701,-0.691612,-0.042270
49.300000,-1.078492,-0.308408,-0.227009
49.305000,0.768118,0.570827,0.318894
49.310000,1.470728,-1.057114,0.088956
49.315000,-1.599631,-0.732239,0.734937
49.320000,-0.184456,0.275837,1.279502
49.325000,0.145328,1.479000,0.039406
49.330000,0.094771,0.060041,-0.293655
49.335000,1.106100,-0.177087,0.503816
49.340000,-0.560166,-0.273883,0.723046
49.345000,0.606753,0.614841,-0.177932
49.350000,-0.846011,-0.562570,-0.893677
49.355000,-0.406775,-1.237058,-0.268141
49.360000,0.307911,-0.295805,-0.115629
49.365000,1.827927,0.066919,0.305348
49.370000,-0.220302,-0.512327,0.588083
49.375000,-0.614085,-0.678191,-0.905567
49.380000,-0.994201,0.246108,-0.450465
49.385000,1.820858,0.106005,1.484770
49.390000,0.512551,-0.126496,0.936130
49.395000,-0.739175,-1.270193,-0.350085
49.400000,-0.498712,-0.536043,1.246578
49.405000,-0.659805,0.593488,0.394136
49.410000,0.541984,0.251007,-1.211341
49.415000,-0.033499,-0.362204,-0.328633
49.420000,-0.418081,-0.247392,0.264029
49.425000,-0.189992,1.562980,0.306561
49.430000,-0.927571,-0.381813,0.511686
49.435000,-0.598969,-1.426018,-1.860844
49.440000,-0.153633,1.394538,-0.177083
49.445000,0.646876,-0.827806,1.106540
49.450000,0.203771,0.268143,-0.234951
49.455000,0.678834,1.406854,0.217801
49.460000,0.338123,1.152664,-0.546129
49.465000,-0.286982,-0.219256,2.146052
49.470000,1.233511,0.397172,-2.021528
49.475000,-0.741811,-1.143796,-0.390337
49.480000,0.183963,-0.270198,0.583047
49.485000,0.979648,0.526900,0.644466
49.490000,-0.227668,0.703861,0.136193
49.495000,-1.891607,-0.375250,0.754823
49.500000,0.869611,-0.419346,0.259078
49.505000,-1.047766,-0.120728,1.214029
49.510000,-0.162796,-0.069163,-1.062579
49.515000,-0.982738,0.258263,-0.135670
49.520000,-0.443050,-0.247621,-0.706559
49.525000,0.261759,1.182634,-0.879387
49.530000,1.742986,-0.124753,0.031091
49.535000,-1.178312,-0.664963,-0.654126
49.540000,0.878692,-0.882023,1.084934
49.545000,0.691283,0.198829,1.031594
49.550000,0.325603,0.462479,-0.592723
49.555000,0.240357,-2.506335,-0.452248
49.560000,-0.863496,-0.698561,-0.515914
49.565000,0.319673,0.106431,0.298538
49.570000,0.180352,-1.373632,0.587661
49.575000,-1.079966,-1.187445,0.279367
49.580000,-1.176934,1.315247,0.433030
49.585000,-0.731323,1.570193,1.195319
49.590000,-0.410991,-0.087619,0.005038
49.595000,-0.563643,0.094706,-0.369971
49.600000,0.003541,-0.411929,-1.024143
49.605000,0.501430,0.909868,0.327949
49.610000,-1.223678,-0.880705,0.498239
49.615000,-0.975291,-0.648268,0.039468
49.620000,0.837344,0.032320,-0.589493
49.625000,-0.076845,1.517799,1.059672
49.630000,0.837119,-0.162029,-0.360417
49.635000,-1.500163,0.315112,-0.381273
49.640000,0.502696,-0.061336,-0.039515
49.645000,0.150523,-1.483774,0.929567
49.650000,0.329360,-0.117071,-0.197571
49.655000,1.029883,-0.014492,0.002663
49.660000,-0.959833,-0.451205,-0.837342
49.665000,-0.269422,-1.218892,1.205319
49.670000,-0.484939,0.549318,-1.120142
49.675000,0.683874,-0.804951,-0.146913
49.680000,-0.489299,-0.151448,-0.409700
49.685000,0.584744,0.219605,-0.498495
49.690000,-1.123196,0.011424,-0.227345
49.695000,0.278028,-0.261198,-0.867039
49.700000,-0.302683,-0.030529,1.315187
49.705000,1.322335,0.870125,0.206377
49.710000,0.325205,1.009427,-0.134164
49.715000,-1.001888,-0.722651,-0.721698
49.720000,-0.050142,0.777909,0.755133
49.725000,0.501658,-0.958465,2.035570
49.730000,-0.180839,0.519019,-0.133716
49.735000,0.018981,-0.516573,-1.391174
49.740000,0.747651,-0.641527,2.101970
49.745000,0.458041,1.611545,0.508005
49.750000,-0.954786,0.566455,-0.088240
49.755000,-0.852782,0.618876,-0.720579
49.760000,-0.383640,-0.276397,0.468696
49.765000,-1.009191,0.790263,-0.807141
49.770000,1.174392,0.382344,-0.406428
49.775000,-1.202377,0.438191,0.181818
49.780000,-0.939022,-0.253606,1.334705
49.785000,-0.850844,0.785986,-0.611270
49.790000,0.282254,1.487192,-0.026093
49.795000,-0.435184,-1.062919,-0.516414
49.800000,0.410867,-0.763878,-0.121227
49.805000,-0.467617,0.902622,0.505224
49.810000,0.408248,1.171057,-0.944648
49.815000,-0.340972,-1.761081,-1.024026
49.820000,-0.011620,1.256320,0.162313
49.825000,1.012720,0.586217,0.086921
49.830000,1.231414,-0.151570,-0.958111
49.835000,0.120037,1.046293,0.052147
49.840000,-0.253787,0.420511,0.975158
49.845000,0.952883,0.089445,1.187100
49.850000,0.699235,1.131647,0.737558
49.855000,-1.078110,-1.082022,-0.289819
49.860000,1.009364,-0.355989,-0.471330
49.865000,1.471294,0.638928,-0.215055
49.870000,-0.159503,0.657556,0.486159
49.875000,-0.140561,-0.493325,-0.688106
49.880000,-2.034930,0.694899,-1.323301
49.885000,0.825751,0.437024,1.528548
49.890000,0.807432,-1.105254,-0.396559
49.895000,-0.534377,-0.190392,-0.712706
49.900000,0.605362,-0.095477,0.611400
49.905000,0.018856,0.678022,-0.245001
49.910000,0.449500,-0.121985,0.411173
49.915000,0.100618,-0.470828,-1.012312
49.920000,-0.564400,-0.620604,0.169640
49.925000,0.243414,0.196913,1.013177
49.930000,1.667523,0.226386,1.172750
49.935000,-0.159521,-0.688921,-0.407816
49.940000,0.305176,2.354412,0.352451
49.945000,-0.339974,0.853273,-0.781640
49.950000,2.446951,0.032312,0.405928
49.955000,-0.179851,0.491269,0.891795
49.960000,0.066167,0.237364,0.225852
49.965000,0.022433,0.682063,-0.334168
49.970000,0.482652,0.536982,0.008431
49.975000,1.454556,-0.120053,-0.492335
49.980000,-0.688351,-0.294082,-0.982996
49.985000,-0.481821,-1.088073,-0.749353
49.990000,-0.025127,-1.714300,-0.914349
49.995000,-1.256894,0.181293,-0.386537
50.000000,-0.990641,0.776471,0.035830
50.005000,-0.012125,0.956870,-0.309386
50.010000,-0.108322,1.012336,-0.027953
50.015000,-1.496164,-0.092538,0.203472
50.020000,0.123356,0.755508,-0.314360
50.025000,0.915730,0.579629,0.640278
50.030000,-0.278596,0.338136,-0.198109
50.035000,-1.674218,-0.617062,-1.054784
50.040000,0.377043,0.770160,0.201583
50.045000,0.125245,-1.081235,1.391414
50.050000,-1.043694,-0.353272,-1.804465
50.055000,-0.110065,0.415106,0.785596
50.060000,0.081167,0.617009,-0.026000
50.065000,-0.436257,-0.399659,0.188418
50.070000,0.092563,0.613839,-0.183524
50.075000,0.098781,-0.387948,-0.072160
50.080000,-0.844106,0.763032,-0.538729
50.085000,0.254783,0.846931,0.933557
50.090000,0.118240,0.108780,0.134351
50.095000,-0.822274,0.699948,-0.811636
50.100000,-0.161804,-0.349921,0.187389
50.105000,0.922510,-0.589162,0.149431
50.110000,-0.203302,0.820427,-2.603273
50.115000,-0.058158,-0.150871,-1.861694
50.120000,0.710293,1.176883,-0.390570
50.125000,0.003216,1.087664,2.074418
50.130000,0.916373,-0.092987,-1.244898
50.135000,0.612802,-0.423067,-0.595084
50.140000,0.389693,0.674282,0.250542
50.145000,-0.285000,0.696917,1.494648
50.150000,1.130958,0.346921,-1.581271
50.155000,1.796018,0.665180,0.772870
50.160000,-0.259365,-0.350060,0.949562
50.165000,1.485159,0.255150,0.811937
50.170000,0.979531,-1.197043,0.212791
50.175000,0.343706,-0.171824,-0.832676
50.180000,-0.702922,0.243001,-0.448750
50.185000,-0.238778,1.409645,0.602748
50.190000,0.635990,0.181496,-0.564934
50.195000,-0.828707,-1.136571,-0.772047
50.200000,-0.005053,0.922289,-0.018658
50.205000,0.047814,0.514702,0.235324
50.210000,0.263686,-1.331661,-1.804900
50.215000,-0.941418,-0.943425,-1.359437
50.220000,-1.617827,0.706968,-1.230874
50.225000,0.032532,2.068001,-0.174242
50.230000,-0.004894,0.287641,0.612043
50.235000,1.029215,-0.867926,-1.170109
50.240000,0.313607,0.637106,0.467188
50.245000,-0.564424,0.370270,2.262968
50.250000,-0.411364,-0.463220,0.138224
50.255000,0.429649,0.243802,-0.378020
50.260000,-1.196697,-0.727825,0.837070
50.265000,0.575812,0.077245,-1.135977
50.270000,0.618288,-0.289720,-0.939224
50.275000,-0.220324,0.181013,0.328331
50.280000,0.301085,0.064233,-0.840805
50.285000,0.597267,0.287621,0.980901
50.290000,0.759525,-0.651637,0.208913
50.295000,-1.065351,0.208307,0.653960
50.300000,-0.471696,-1.261185,-0.136656
50.305000,-0.499051,0.525707,0.278703
50.310000,0.926523,-0.124107,-0.287227
50.315000,0.359832,0.183344,0.182408
50.320000,-0.878586,0.208422,-0.982658
50.325000,-1.043036,0.112472,-0.492347
50.330000,0.369186,-0.867280,0.236141
50.335000,-0.645846,-1.281881,-0.180755
50.340000,0.264918,0.022673,1.405681
50.345000,0.071683,0.797578,0.041318
50.350000,-1.108681,1.210259,-1.237316
50.355000,0.713763,0.162766,-0.436975
50.360000,-0.014278,-0.553997,-1.838669
50.365000,0.756835,-0.235456,0.275423
50.370000,0.583997,0.098089,-0.760852
50.375000,-0.468017,0.564445,-0.748974
50.380000,-0.351601,0.303474,1.198524
50.385000,0.695089,2.320666,1.069945
50.390000,-0.364931,1.484052,-1.227197
50.395000,-0.969120,-0.133390,0.823630
50.400000,0.711810,1.010783,-0.307820
50.405000,0.464930,0.435400,-1.110893
50.410000,0.569316,1.111715,0.258655
50.415000,-0.181303,-1.147007,-0.493237
50.420000,0.206700,0.643174,-0.523638
50.425000,1.391410,1.241174,-0.201648
50.430000,0.978058,1.007830,-0.530645
50.435000,-0.122486,-0.736722,-0.550122
50.440000,-0.103346,0.104232,-0.422086
50.445000,-0.438311,0.814023,0.660618
50.450000,-0.470155,-0.331280,0.805239
50.455000,0.351658,-0.307288,0.470151
50.460000,-0.202112,0.619426,0.775064
50.465000,0.792697,-0.648731,-0.397857
50.470000,0.914015,-0.351086,0.959685
50.475000,-0.650573,0.981826,-1.462088
50.480000,-0.283379,-0.829698,0.293703
50.485000,0.556761,0.768260,-0.117351
50.490000,0.442729,0.271096,0.710896
50.495000,-0.153536,-0.220897,-0.057066
50.500000,-0.909170,-1.260199,-0.414555
50.505000,-1.192161,-0.018134,-0.318205
50.510000,-0.103009,-0.145717,-0.196123
50.515000,-0.978488,-0.132162,-0.805195
50.520000,-0.318483,-0.696062,0.587812
50.525000,0.321692,0.613127,0.457413
50.530000,0.611599,0.407838,-0.685086
50.535000,0.105233,0.030172,-0.523164
50.540000,-0.285175,0.660529,1.356080
50.545000,0.130423,0.177606,-0.848271
50.550000,0.588686,0.166593,1.074873
50.555000,-1.131547,-0.496118,-0.324709
50.560000,0.833888,0.169514,0.145808
50.565000,0.731238,0.221655,-0.466771
50.570000,0.585209,-0.859367,0.243034
50.575000,-0.972691,0.754880,1.100977
50.580000,-0.953616,0.305062,-0.636912
50.585000,-0.787335,1.170166,0.381104
50.590000,0.391226,0.117675,1.254344
50.595000,0.188894,-1.579930,0.411430
50.600000,0.372312,0.656638,0.095589
50.605000,-0.740532,2.380901,0.092663
50.610000,-0.254735,-1.254281,0.911798
50.615000,0.185293,-0.214179,-0.679826
50.620000,-1.415846,-1.243238,-0.027268
50.625000,0.121068,0.281040,-0.068475
50.630000,0.305182,0.805210,0.205308
50.635000,0.732627,-1.025999,-0.065424
50.640000,-0.112543,0.157797,-0.629705
50.645000,1.018455,-0.823002,0.624920
50.650000,-0.834108,-0.149804,-0.666674
50.655000,-0.824605,0.101421,-1.100539
50.660000,-1.043377,0.016494,0.159030
50.665000,0.378025,0.619766,0.526499
50.670000,-0.610125,0.792058,-0.492600
50.675000,-1.101483,-1.188863,1.639397
50.680000,-0.970769,0.419448,0.284778
50.685000,-0.705681,-0.049275,0.763229
50.690000,0.911674,-0.454727,-0.415874
50.695000,-0.185080,-0.964393,-0.329322
50.700000,-1.602428,-0.526518,0.995807
50.705000,-0.220652,-0.182735,-0.467928
50.710000,0.783418,0.209319,0.632216
50.715000,-1.051970,0.144915,0.054464
50.720000,0.176705,0.864535,1.205855
50.725000,0.813501,-0.507930,-0.346339
50.730000,0.787375,0.583039,-0.824598
50.735000,-0.413582,-0.281727,0.410012
50.740000,-0.700399,0.030508,1.270918
50.745000,-0.504842,1.202997,0.828095
50.750000,0.633191,-0.122124,-1.070146
50.755000,-0.386213,0.175288,-0.406346
50.760000,0.456575,0.391464,0.598569
50.765000,0.813475,1.626543,0.155404
50.770000,-0.257629,-0.926027,0.621496
50.775000,-0.078487,-0.037330,-0.004315
50.780000,-0.023704,-0.243452,1.203869
50.785000,-0.437142,0.043101,0.183530
50.790000,-0.210623,-0.588228,0.194952
50.795000,-1.042264,-2.114303,-0.686922
50.800000,1.420801,-0.643310,-0.383075
50.805000,0.830351,-1.372848,-0.969938
50.810000,1.052806,0.491652,-0.150682
50.815000,-1.062787,-0.025153,-1.776532
50.820000,0.013808,0.330993,1.370888
50.825000,0.883295,-1.204231,0.341341
50.830000,-0.563870,0.446140,0.055232
50.835000,0.942151,-0.878902,0.809659
50.840000,-0.030915,-0.385200,-0.238388
50.845000,0.101548,1.894277,0.172424
50.850000,0.930566,-1.302736,-0.623393
50.855000,-0.307474,0.261916,0.473292
50.860000,-0.306176,0.720360,0.861116
50.865000,-0.588442,0.510304,-0.703404
50.870000,-0.356784,-0.103268,0.122297
50.875000,-1.132369,-0.030404,0.319505
50.880000,0.503335,-1.608588,-0.475200
50.885000,-0.418245,0.358898,0.631170
50.890000,0.050247,0.517081,-1.002897
50.895000,-1.931468,0.003703,-0.012592
50.900000,-0.042084,-0.815844,-0.345756
50.905000,0.175785,1.967101,-0.333925
50.910000,-0.948422,1.312841,0.305298
50.915000,-1.418624,-1.389885,0.226236
50.920000,2.418360,-0.512298,-0.477102
50.925000,-0.044942,-0.448684,0.280344
50.930000,0.972224,1.444425,1.106489
50.935000,-0.164309,-0.297703,0.193809
50.940000,-0.949352,0.194757,0.472194
50.945000,1.235858,1.603869,0.374468
50.950000,0.133717,-0.540648,0.130797
50.955000,-0.970465,-0.399092,-0.196523
50.960000,-0.008540,0.644728,0.471478
50.965000,-0.042210,-0.910989,0.064255
50.970000,0.337138,0.536974,0.154598
50.975000,-0.286081,-1.200836,-0.744934
50.980000,0.443829,-0.870255,-0.483193
50.985000,-0.914442,-0.588556,0.318157
50.990000,0.405478,0.071638,-0.812637
50.995000,-0.747625,-1.377140,-0.147638
51.000000,-0.393238,-1.189975,0.825073
51.005000,0.209801,1.551976,1.450106
51.010000,1.573157,-0.468759,0.283671
51.015000,-0.638508,-0.893248,-0.295495
51.020000,-0.488433,0.119607,0.571819
51.025000,0.063935,-0.679522,0.356417
51.030000,1.273434,-0.389524,-0.206812
51.035000,0.535287,-0.479899,0.572910
51.040000,0.170004,1.188851,-0.298174
51.045000,0.895916,0.704050,0.377668
51.050000,0.665805,0.033214,0.363672
51.055000,0.079615,0.492080,0.316454
51.060000,-0.432290,0.778871,0.113234
51.065000,0.011527,0.541425,0.782125
51.070000,0.175462,-0.523379,0.263140
51.075000,-0.771876,-0.062435,-0.363245
51.080000,-0.736651,-1.422146,0.253271
51.085000,-0.612504,-0.176502,-0.130402
51.090000,-0.472505,0.891065,0.936412
51.095000,-1.924115,-0.582058,0.388295
51.100000,0.416676,0.150844,-0.402977
51.105000,-0.408459,-0.489686,-0.078593
51.110000,1.210160,-1.515065,-0.714773
51.115000,-0.214264,0.193575,-2.138894
51.120000,0.777215,0.997231,-0.547748
51.125000,0.563607,0.076641,0.189730
51.130000,0.494269,1.130495,-0.625571
51.135000,-0.064936,-1.622587,0.290144
51.140000,-1.007549,0.178060,0.347323
51.145000,0.663991,-0.009943,0.281895
51.150000,0.206596,-0.436861,-0.909851
51.155000,-0.577373,-1.014080,0.780640
51.160000,1.084561,1.126719,-0.727315
51.165000,-0.193103,1.639777,0.626660
51.170000,0.164859,-0.990454,0.743173
51.175000,-0.555294,1.071285,-2.013697
51.180000,-0.231247,1.347085,-1.022500
51.185000,-0.808760,0.836044,0.110954
51.190000,-0.898565,-1.378161,-0.680872
51.195000,-1.612696,-0.551517,-0.062168
51.200000,-1.291020,-0.607517,0.312711
51.205000,0.943840,1.010539,0.343516
51.210000,-0.614739,-1.085866,-0.620353
51.215000,0.176755,-0.873989,-1.492488
51.220000,0.154241,-0.760594,1.179444
51.225000,-0.440029,0.955941,0.619403
51.230000,1.204028,-0.630247,0.037324
51.235000,0.697548,0.195174,-0.759718
51.240000,-0.279598,0.820084,0.769356
51.245000,-0.721140,-1.853332,-0.100916
51.250000,-0.666961,-0.332500,0.164490
51.255000,-1.150170,-0.538069,-0.537898
51.260000,-0.419718,1.284380,0.187791
51.265000,-0.134757,0.987550,0.043624
51.270000,0.000840,0.739880,-0.401118
51.275000,-0.754468,-0.947765,-1.051879
51.280000,0.185909,-0.236459,1.162064
51.285000,-0.066605,-0.500447,-0.130488
51.290000,-0.057641,0.341930,-1.502336
51.295000,-1.099820,-0.560092,-0.384360
51.300000,0.350014,0.644748,0.494613
51.305000,0.174915,1.544667,-1.407834
51.310000,-0.179207,0.258951,-0.194051
51.315000,-0.676774,-0.685986,-0.305032
51.320000,-0.668615,1.199292,0.195829
51.325000,1.788289,-0.403034,0.233333
51.330000,-0.256475,0.327330,-0.829300
51.335000,0.334902,-0.086471,-1.036905
51.340000,1.099344,0.570888,-0.340129
51.345000,1.415013,-0.710195,0.770446
51.350000,0.377500,-0.210429,0.046305
51.355000,-0.527510,-0.104138,-0.458550
51.360000,-0.531618,-0.070759,1.428844
51.365000,0.465154,0.229928,0.837026
51.370000,1.401575,0.635821,-0.269052
51.375000,-1.167735,-0.853038,0.219982
51.380000,-0.371925,0.553029,0.951699
51.385000,0.233085,-0.110465,1.842934
51.390000,0.413740,0.395705,-1.272919
51.395000,-0.238267,-1.253603,-1.031367
51.400000,-1.495427,0.529475,0.797950
51.405000,1.634396,1.048670,-0.614881
51.410000,-0.335557,-0.822468,0.100136
51.415000,-0.034192,-1.047757,-1.910143
51.420000,-0.216362,1.182600,0.491017
51.425000,1.188990,0.111866,-0.731822
51.430000,-0.940745,0.259981,-1.170952
51.435000,-0.600675,-0.067930,0.052488
51.440000,-1.106754,-0.468178,-0.793060
51.445000,0.239323,0.113987,1.310289
51.450000,0.027373,-0.952933,0.379758
51.455000,0.917918,0.999086,0.831093
51.460000,-0.231633,0.784354,-0.014860
51.465000,0.886593,1.101725,-0.364379
51.470000,1.068017,-0.111458,0.603716
51.475000,0.308153,-0.027340,-0.699214
51.480000,0.069368,-0.800795,-0.164297
51.485000,0.235443,0.852854,0.870162
51.490000,-0.599087,-0.468393,-0.751753
51.495000,-1.223597,0.460276,-1.024205
51.500000,-0.416398,0.056423,0.721126
51.505000,0.069089,0.705153,-0.551313
51.510000,0.789230,-0.582935,0.322922
51.515000,-0.721861,-0.083673,-0.477839
51.520000,-0.560075,0.178557,1.609650
51.525000,0.094229,-0.634739,1.167898
51.530000,-0.430400,0.382583,-0.208571
51.535000,-1.565018,0.267903,-1.750246
51.540000,0.929557,-0.503166,0.802791
51.545000,0.367141,-0.451758,-0.002004
51.550000,0.936756,-0.347354,1.179656
51.555000,-1.505009,0.920717,-0.194173
51.560000,0.356067,-0.262781,-0.194617
51.565000,-0.629076,-0.100131,0.308491
51.570000,0.080032,-1.362811,0.492854
51.575000,-0.817046,-0.151638,0.526627
51.580000,0.817909,-0.632596,1.199823
51.585000,0.462500,-0.435792,-0.192185
51.590000,-0.268453,0.410821,0.332853
51.595000,-1.372375,-0.089678,-0.241624
51.600000,0.105469,-0.203068,0.521086
51.605000,-0.410756,-0.246785,-0.002907
51.610000,0.218177,0.207770,0.512001
51.615000,1.226581,0.031835,0.915663
51.620000,1.005905,0.233946,1.103877
51.625000,0.393880,-1.133376,0.171645
51.630000,-0.001084,1.042620,-0.642155
51.635000,-1.253612,0.429117,-1.043461
51.640000,0.226401,0.048193,0.368287
51.645000,0.986928,0.010718,1.032428
51.650000,-0.928950,0.039924,-0.368528
51.655000,-1.085297,-0.367553,-1.603768
51.660000,0.273695,0.327767,-0.042131
51.665000,2.029464,0.703400,-0.408240
51.670000,0.464047,-0.654403,-0.348785
51.675000,0.015907,-0.987901,0.072846
51.680000,0.253562,0.259683,0.640246
51.685000,0.402393,0.100080,-0.329178
51.690000,-0.018131,1.689846,-0.658649
51.695000,-0.408372,-1.105946,-0.719284
51.700000,-0.795089,-0.029026,-0.978670
51.705000,0.597472,-0.111358,-1.266638
51.710000,0.616424,-0.463857,-1.328419
51.715000,-0.355957,0.242940,0.739154
51.720000,0.440919,-0.689932,0.727421
51.725000,1.886589,0.276581,0.921673
51.730000,-0.016058,-0.530181,-0.286288
51.735000,0.056856,-0.002311,0.684001
51.740000,0.183370,1.155643,0.249388
51.745000,-1.254942,-0.278547,-0.665836
51.750000,0.506123,-0.822552,-0.610534
51.755000,-0.057651,0.064207,1.041720
51.760000,-0.096392,0.574802,0.740174
51.765000,0.128988,0.332762,0.341329
51.770000,-0.534138,1.342773,-0.682878
51.775000,-0.102955,0.619834,-0.159689
51.780000,0.942838,0.176163,1.140898
51.785000,0.514385,0.913868,-0.533222
51.790000,-0.196831,0.153116,0.816542
51.795000,0.746270,-0.577264,-0.934040
51.800000,1.141892,0.312497,0.207333
51.805000,0.239338,0.185806,-0.222880
51.810000,1.039556,-0.257176,-0.379641
51.815000,-1.533638,-0.937661,-0.036091
51.820000,-0.065318,-0.130348,0.683939
51.825000,0.005250,0.231895,-0.183809
51.830000,0.546668,1.359119,-0.604443
51.835000,-0.202374,-0.351400,0.491595
51.840000,-0.380451,1.646306,-0.326708
51.845000,1.676643,-0.077659,0.837851
51.850000,1.223271,0.141618,-1.316204
51.855000,-1.589461,0.495095,1.006909
51.860000,1.029259,0.449420,0.627313
51.865000,0.299370,1.378225,0.414189
51.870000,0.246110,0.367368,0.482424
51.875000,-1.105499,-0.476277,-0.937031
51.880000,0.319046,0.748492,0.827557
51.885000,1.216188,1.540946,0.546979
51.890000,-0.389429,-0.393961,0.009806
51.895000,0.717835,-1.727361,-0.092611
51.900000,-0.665645,0.239051,0.688447
51.905000,-1.103981,0.192615,0.623816
51.910000,0.175519,0.003084,0.203412
51.915000,-0.668719,-0.720000,0.423469
51.920000,0.829184,0.967097,0.453310
51.925000,0.054431,-0.048520,1.402026
51.930000,-0.147113,-0.751191,-0.664658
51.935000,-0.109806,-0.829131,-1.063051
51.940000,-0.986104,0.389682,1.146657
51.945000,0.393048,1.136627,-0.551434
51.950000,0.764520,-0.093611,0.116035
51.955000,-1.691056,-1.659647,-0.926436
51.960000,0.893582,0.691241,0.728983
51.965000,1.744111,-0.552853,1.848195
51.970000,0.747280,-0.119480,0.174800
51.975000,0.045409,-0.351996,-0.553011
51.980000,-0.329432,0.970284,0.215549
51.985000,0.384657,0.874689,0.254121
51.990000,-0.197822,-1.071509,-0.443758
51.995000,-1.201199,1.023064,0.046273
52.000000,0.108392,-1.091064,1.642345
52.005000,0.430301,0.177553,-0.198058
52.010000,0.732746,-0.489342,0.361334
52.015000,0.205279,0.716993,0.324316
52.020000,-0.070105,-1.521554,-0.515867
52.025000,0.701915,1.411484,0.612168
52.030000,-0.329743,0.558657,0.659091
52.035000,-1.743782,-1.020836,0.445553
52.040000,-1.433080,-0.690456,0.676313
52.045000,0.915448,1.802263,0.118593
52.050000,0.585478,-0.157349,-0.205088
52.055000,-0.971177,-0.998863,-0.206557
52.060000,1.622239,-0.258404,-0.592915
52.065000,0.232065,0.152321,0.067848
52.070000,0.326796,-0.282997,0.437206
52.075000,-0.722189,-0.229742,-0.143836
52.080000,-1.493971,-0.405556,0.537489
52.085000,-0.143605,-0.512600,0.883223
52.090000,-1.041231,-0.969938,-0.191067
52.095000,-0.061014,-0.511142,0.598285
52.100000,0.357007,-0.586718,1.110594
52.105000,0.098890,2.235027,0.302044
52.110000,-0.726223,-0.121356,-0.889158
52.115000,-0.075261,-0.676507,-0.538429
52.120000,-0.506253,-1.115327,-0.246457
52.125000,-0.043614,0.983197,0.865514
52.130000,0.094141,0.457254,-0.734801
52.135000,-1.232699,-0.385223,0.102500
52.140000,-0.139946,1.313143,0.176478
52.145000,-0.165057,-0.796783,0.931938
52.150000,0.277118,0.135783,0.133803
52.155000,-1.488085,0.319694,0.199767
52.160000,0.107397,0.876576,-0.170750
52.165000,1.674296,-0.674723,0.634372
52.170000,-1.584626,0.031994,-0.583173
52.175000,-0.759588,0.643674,-0.293421
52.180000,-0.318770,-0.753878,-0.130094
52.185000,0.449174,1.073869,0.647970
52.190000,0.654061,-1.501337,0.156478
52.195000,-0.179275,-0.447579,-0.384938
52.200000,0.807804,-0.369705,1.353087
52.205000,0.704329,-0.665555,-0.214443
52.210000,0.768261,-0.109131,-0.613154
52.215000,-0.464671,-0.454909,-0.286692
52.220000,-0.371657,-0.215491,0.123571
52.225000,1.210897,-0.018246,-0.045615
52.230000,-0.941088,-0.739521,-0.073243
52.235000,-0.618207,0.044699,1.307752
52.240000,-0.155763,0.918922,0.899348
52.245000,-0.388206,-0.098738,1.619343
52.250000,-1.146868,-1.160728,1.142869
52.255000,-0.947175,-2.081781,-1.134226
52.260000,-1.177127,-0.576434,0.275876
52.265000,1.349302,-0.886572,0.017562
52.270000,0.737574,-0.149529,0.659056
52.275000,-1.090857,0.234022,-1.604703
52.280000,-0.618771,0.861886,-0.134624
52.285000,1.211709,0.480821,1.240310
52.290000,-0.175145,-0.438708,-0.552249
52.295000,-1.613848,-0.961901,-0.021668
52.300000,0.434112,-0.074582,0.270754
52.305000,-0.344360,0.079637,1.053530
52.310000,-1.380211,-0.422061,-0.423140
52.315000,0.456016,-0.222109,-1.162843
52.320000,-1.421505,0.469002,0.232883
52.325000,0.079135,0.679191,0.495762
52.330000,-0.228931,0.805382,0.163116
52.335000,0.349191,-1.609531,-0.179487
52.340000,-0.334049,0.876493,0.687120
52.345000,0.806819,0.110401,0.113155
52.350000,-0.126234,-1.001677,0.108106
52.355000,0.121801,-0.166362,-0.372514
52.360000,-0.267128,-0.676164,0.005121
52.365000,0.955851,0.420145,-0.638024
52.370000,0.985620,-0.140835,-1.234523
52.375000,0.704227,0.250105,-0.508994
52.380000,-1.410234,0.572734,0.159315
52.385000,0.070950,-1.239183,0.396160
52.390000,1.314844,0.355923,0.478290
52.395000,-0.579135,0.393892,0.001729
52.400000,0.546518,1.768234,0.385822
52.405000,0.939711,0.000334,-0.629708
52.410000,0.479935,-1.061119,-0.858481
52.415000,-0.554764,-0.200128,-1.554833
52.420000,-0.067340,-0.272465,0.586713
52.425000,1.029033,-0.186290,-0.336513
52.430000,-0.198653,0.035246,-0.528454
52.435000,0.823416,-0.779780,-0.285911
52.440000,-0.519604,0.819804,0.786113
52.445000,-0.272763,-0.873729,0.646323
52.450000,-0.797488,-0.684848,0.377256
52.455000,-1.198637,1.162429,-0.270357
52.460000,-0.261891,-0.210323,-0.778128
52.465000,-0.383582,-0.667946,0.340545
52.470000,-0.757801,-1.698024,-0.702658
52.475000,-0.350766,0.254079,-0.320989
52.480000,-0.261144,0.076746,0.715437
52.485000,1.201485,0.772080,0.371148
52.490000,-0.544014,-0.501169,-0.300519
52.495000,-0.035959,-0.664890,-1.618423
52.500000,-0.168250,-0.778913,0.466232
52.505000,-0.268617,1.154414,1.661697
52.510000,0.023861,0.058346,-1.036180
52.515000,-0.114557,-0.762045,-0.604362
52.520000,0.638050,0.026077,-0.682581
52.525000,0.144922,0.176072,0.626885
52.530000,0.545877,-1.036115,0.110760
52.535000,-0.551119,-0.324910,-0.101089
52.540000,1.376972,-0.032632,-0.349370
52.545000,-0.047578,0.529940,-0.625168
52.550000,0.081275,-0.735525,0.722686
52.555000,-0.606437,-0.322862,-0.402555
52.560000,0.446409,0.577375,-0.566671
52.565000,1.084626,2.421421,-0.126618
52.570000,1.009657,-0.660461,-0.042569
52.575000,0.369786,-0.896053,0.095987
52.580000,-0.279015,0.093035,0.002437
52.585000,-0.142658,0.000567,0.770847
52.590000,-0.085767,0.020155,-1.255335
52.595000,-0.272299,0.170240,-0.215269
52.600000,-0.344280,0.807539,-0.989950
52.605000,0.366699,0.106199,-0.037080
52.610000,0.813821,-0.404528,0.364944
52.615000,-0.407432,-0.155968,-1.155005
52.620000,0.144320,0.503605,-0.056505
52.625000,-0.462141,0.577958,0.865908
52.630000,-0.374061,-0.109076,0.102010
52.635000,-0.537213,0.070697,-0.694511
52.640000,1.570847,0.669577,0.611610
52.645000,-0.005426,-0.367899,0.537874
52.650000,0.032654,0.357160,-1.022007
52.655000,-0.307718,0.457065,-0.757084
52.660000,0.186752,0.154445,0.810388
52.665000,1.346972,0.675091,1.033485
52.670000,0.204135,-0.590483,-0.614290
52.675000,-0.609138,-0.150660,-1.147171
52.680000,-0.250046,-0.056019,0.771089
52.685000,-0.168735,-0.230245,0.279978
52.690000,0.226672,-0.408253,0.907670
52.695000,-0.643377,0.809292,-0.838499
52.700000,-0.079730,0.546299,1.781234
52.705000,0.396574,-0.297233,1.117127
52.710000,-0.480103,0.580569,-0.330602
52.715000,-1.101511,0.876662,-0.816402
52.720000,-0.069420,1.942819,-1.124710
52.725000,-0.768093,1.169580,-0.181925
52.730000,-0.367133,0.099114,0.148367
52.735000,0.185410,-0.121396,-1.347474
52.740000,-0.009474,0.633006,0.472475
52.745000,0.482166,-0.226465,0.261485
52.750000,-0.581009,0.459788,0.338916
52.755000,-0.394766,-0.905318,-0.679480
52.760000,2.251019,1.070437,-0.308513
52.765000,-0.782299,0.372280,-0.278142
52.770000,-0.644004,-1.001971,-0.162706
52.775000,-0.699685,0.133941,0.013015
52.780000,-0.507922,0.258680,1.013185
52.785000,1.052686,0.084560,0.825639
52.790000,0.162714,0.240053,1.053503
52.795000,-1.234209,-1.771628,0.150074
52.800000,0.222704,0.755546,0.798012
52.805000,0.065253,-0.018566,-0.193509
52.810000,-0.217407,-0.154378,-0.936171
52.815000,-0.586603,-1.433207,-0.475864
52.820000,-0.018631,0.023671,-0.440337
52.825000,0.991003,0.188836,1.321026
52.830000,0.306603,-0.575363,-0.145257
52.835000,-1.880142,-1.188680,-0.821762
52.840000,0.328128,0.645571,0.515270
52.845000,-0.692953,1.084901,0.748229
52.850000,-0.089315,0.188996,0.836210
52.855000,-0.122729,0.412146,-2.257128
52.860000,-0.376255,-0.009374,0.203093
52.865000,0.745397,0.277572,1.185781
52.870000,-0.779400,-0.025908,0.061892
52.875000,-0.925163,-0.182574,0.746408
52.880000,-0.341530,-0.512725,-0.643777
52.885000,-0.079474,0.530798,-0.582729
52.890000,0.130694,-0.319303,-1.055282
52.895000,-0.434415,0.504274,-0.685547
52.900000,0.638753,0.607753,0.198896
52.905000,-0.359680,-0.422678,-0.371288
52.910000,1.176386,0.065985,0.039761
52.915000,-0.142115,-0.655105,-0.489089
52.920000,0.400428,1.591612,-1.231733
52.925000,0.242445,-0.059891,1.798082
52.930000,1.193296,0.831481,-0.060087
52.935000,-0.641711,0.902038,0.476583
52.940000,0.800270,-0.486078,0.200429
52.945000,0.983805,-1.222191,-0.534051
52.950000,1.100907,0.422947,0.909181
52.955000,-0.334099,-0.708123,-0.053128
52.960000,1.125342,-0.206488,0.826016
52.965000,-0.566680,0.786910,0.024168
52.970000,0.565672,0.026136,0.944377
52.975000,-0.256212,0.157618,1.019017
52.980000,1.109087,0.961995,-0.528052
52.985000,0.337173,-0.646549,-0.196069
52.990000,-0.039337,-0.263797,0.009815
52.995000,0.115519,0.621160,-0.987096
53.000000,-0.933153,0.723225,-0.478614
53.005000,-0.367224,0.243264,0.982485
53.010000,-1.067527,0.104065,-0.222018
53.015000,0.157505,-0.708940,-0.113819
53.020000,0.870383,0.236232,-0.241081
53.025000,1.121066,-0.048972,0.498448
53.030000,-0.765930,-0.687549,0.198869
53.035000,-0.247146,-1.619181,1.033693
53.040000,0.172322,0.108454,-0.570811
53.045000,0.691919,0.108724,0.284960
53.050000,-1.454982,-1.660243,-1.012638
53.055000,-1.415023,-0.610154,-1.684123
53.060000,0.656779,0.636188,0.571438
53.065000,0.680957,0.269533,0.394586
53.070000,0.895933,-0.608304,0.002493
53.075000,-0.586154,-0.135590,-0.622009
53.080000,0.411588,-0.138692,0.668809
53.085000,0.545739,-0.079196,1.228345
53.090000,-0.757184,0.602355,-0.021248
53.095000,-0.665113,-0.371805,0.444579
53.100000,0.638684,0.410607,-0.102603
53.105000,1.439216,0.044560,1.118510
53.110000,0.117049,-1.125355,0.082308
53.115000,-0.545890,0.818922,0.321775
53.120000,0.550343,0.337005,-0.653342
53.125000,0.901068,1.041192,0.463599
53.130000,-1.600032,0.152030,-1.324829
53.135000,-0.545542,-0.314332,-0.666105
53.140000,0.163741,0.449459,-0.116527
53.145000,-0.460136,-0.128099,0.984980
53.150000,-0.643765,-0.741145,-0.370919
53.155000,0.016309,-0.135577,-0.114926
53.160000,-0.722438,-0.297909,1.647423
53.165000,-0.428313,0.598608,0.418671
53.170000,0.287181,-0.988600,0.196163
53.175000,-0.646758,-1.043356,-0.884910
53.180000,0.717418,0.449701,0.980012
53.185000,-0.007063,0.215028,-0.878933
53.190000,1.119734,-0.116296,0.823517
53.195000,-0.272668,0.396928,-0.181015
53.200000,-0.867282,-0.973348,0.410745
53.205000,0.781013,-0.685833,0.591415
53.210000,0.164018,0.053325,0.474581
53.215000,0.456635,0.777421,-1.774729
53.220000,-0.288795,0.277848,-0.043781
53.225000,1.157907,1.094247,1.339929
53.230000,-1.051000,0.651328,0.272933
53.235000,0.068940,-1.143920,0.005171
53.240000,0.573430,-0.434107,-0.813577
53.245000,1.026468,-1.515936,1.131173
53.250000,-0.555238,0.098474,-0.365954
53.255000,-0.865405,-1.228672,-0.431712
53.260000,0.720065,-0.681805,1.479729
53.265000,0.073647,0.169673,1.021015
53.270000,0.996609,-0.074028,-0.831668
53.275000,-0.696028,-0.675086,-1.151193
53.280000,0.534139,-0.175482,0.809174
53.285000,0.273925,0.804250,-0.226064
53.290000,-1.241898,0.042378,-0.758179
53.295000,-0.148233,-1.108465,-1.301472
53.300000,-0.354010,0.555385,-0.487923
53.305000,0.431987,0.421081,1.059084
53.310000,-1.113137,-0.555419,0.028216
53.315000,0.030319,-0.853373,-0.988425
53.320000,-0.671278,0.113649,-0.648388
53.325000,0.122966,-0.947643,0.433216
53.330000,0.062804,-0.265015,-1.976030
53.335000,-0.619156,-0.189083,-0.305714
53.340000,-0.483887,0.070623,1.027751
53.345000,-0.130279,0.683043,0.288146
53.350000,0.538439,-0.449953,-0.251485
53.355000,-0.978962,-1.736596,0.166842
53.360000,0.488082,0.675666,0.449967
53.365000,-0.175329,0.517700,-0.262015
53.370000,-0.617518,1.066171,-0.044789
53.375000,-0.883003,0.487646,-0.731085
53.380000,0.575446,-0.095219,-0.540034
53.385000,-0.184702,-0.055796,0.269695
53.390000,-1.021240,-0.406811,0.627708
53.395000,-0.420508,0.601978,0.330571
53.400000,1.647802,-1.384078,-0.007154
53.405000,0.600090,0.278000,-0.346538
53.410000,-0.976736,-1.128500,-0.256623
53.415000,-0.751644,-1.419959,-1.020631
53.420000,1.467678,1.147538,-0.678840
53.425000,0.988814,-0.290424,0.658440
53.430000,0.377425,0.140476,0.391447
53.435000,0.341240,0.009478,-0.986915
53.440000,1.183682,-0.249537,0.345186
53.445000,-0.725035,-0.592594,1.314530
53.450000,-0.552016,0.707316,0.164569
53.455000,-0.443234,-0.732635,0.603922
53.460000,1.242880,-0.558666,0.323044
53.465000,-0.097959,0.461909,0.155024
53.470000,-1.461661,-0.231437,-0.671650
53.475000,-0.598642,-0.185422,-1.093805
53.480000,0.878207,0.182711,-0.055147
53.485000,1.433254,0.900047,0.560783
53.490000,0.921491,0.089518,-0.473277
53.495000,2.005651,1.219084,-1.497372
53.500000,0.801482,0.459291,-0.707336
53.505000,0.321110,1.076340,0.660833
53.510000,-0.979272,0.515694,0.020517
53.515000,-0.818273,-0.263840,-1.067657
53.520000,-0.905835,-0.562679,0.864478
53.525000,0.783083,-0.621435,0.324001
53.530000,0.863566,0.766693,-0.200573
53.535000,-0.385310,-0.472203,-0.637230
53.540000,-1.012607,0.274910,0.156065
53.545000,-0.264520,-0.272520,-0.029752
53.550000,-1.624215,0.360925,-0.604772
53.555000,-1.354101,1.143806,-1.624550
53.560000,0.801811,0.151754,0.825078
53.565000,0.805169,-0.278443,0.139095
53.570000,0.475639,0.278720,1.622170
53.575000,-1.378050,0.699181,0.112113
53.580000,0.894510,-0.040368,-0.050785
53.585000,-0.636606,0.111141,-0.220899
53.590000,0.070225,1.074372,-0.812487
53.595000,-0.715332,0.226759,-0.069148
53.600000,-0.947981,1.223581,-0.132597
53.605000,0.426236,0.513325,1.287282
53.610000,0.145035,0.826606,-0.257450
53.615000,-0.020523,-1.080645,0.708402
53.620000,-0.627832,-0.582897,0.237868
53.625000,0.635218,1.099488,0.022465
53.630000,1.197597,-0.306078,-1.535711
53.635000,-1.385198,-0.841688,0.024540
53.640000,-0.608967,0.180032,-1.121719
53.645000,0.185881,-0.035952,-0.094715
53.650000,0.813895,-1.675053,-1.877744
53.655000,-0.667559,-0.588550,-1.312845
53.660000,0.196804,-0.478451,0.857001
53.665000,1.116190,0.928534,-0.844961
53.670000,-0.501941,-0.361605,-1.619935
53.675000,-0.570443,0.101992,-0.098430
53.680000,0.647466,0.299228,0.086812
53.685000,1.151956,-0.722162,0.715958
53.690000,-0.020401,0.584059,0.071998
53.695000,-0.095304,0.367962,-0.399978
53.700000,-0.986814,0.411814,-0.375854
53.705000,-0.091408,0.033452,1.238214
53.710000,0.722725,0.034109,0.013097
53.715000,0.724026,-0.063429,-0.315998
53.720000,-1.011257,0.440651,0.830810
53.725000,0.294543,-0.621971,0.886712
53.730000,-1.750577,1.574570,-1.490847
53.735000,-0.300378,-0.919898,-0.191900
53.740000,0.615661,0.477148,-0.592792
53.745000,-0.108143,-0.197492,-0.145407
53.750000,-0.734457,0.660929,-0.293164
53.755000,0.835554,0.082508,-0.727140
53.760000,0.997586,0.199710,-1.272427
53.765000,0.455636,0.204522,0.712945
53.770000,0.273119,1.137615,-0.102843
53.775000,0.387899,-0.156993,-0.264687
53.780000,-0.006385,0.025491,0.650135
53.785000,-0.466706,-0.259537,0.195779
53.790000,-0.968708,1.051546,-0.019766
53.795000,-0.333791,-0.654342,-0.437003
53.800000,-0.151614,0.134338,0.060101
53.805000,0.234276,0.712659,-0.082901
53.810000,-1.148040,-0.452488,1.344803
53.815000,-0.179953,0.385549,0.015882
53.820000,0.266468,0.374478,1.372501
53.825000,0.917208,0.153250,-0.489809
53.830000,-0.771010,0.034263,-0.351674
53.835000,0.394912,-0.936009,-1.444754
53.840000,0.517171,-0.089478,0.142264
53.845000,-1.225600,-1.094198,-1.194659
53.850000,-0.194568,-0.235077,-0.806164
53.855000,0.249542,-0.602699,-0.791795
53.860000,-0.219634,0.056126,-0.791582
53.865000,1.126817,-0.704779,0.339192
53.870000,-0.772115,0.517509,-0.140911
53.875000,-1.488039,-0.747915,-0.831742
53.880000,0.253938,0.229744,-0.142393
53.885000,0.590419,-0.427505,-0.054561
53.890000,-0.457621,-1.255280,-0.599313
53.895000,2.383523,0.978753,0.367946
53.900000,1.139979,-0.331797,0.420387
53.905000,1.107551,0.899375,0.162037
53.910000,0.438268,-0.267710,-0.614237
53.915000,0.016307,0.724950,0.005602
53.920000,-0.120494,-0.647748,0.558643
53.925000,-1.168502,0.078459,1.365964
53.930000,-0.090503,-0.995112,-1.165036
53.935000,-1.102253,-0.864698,-0.506473
53.940000,1.697213,0.592669,-0.389681
53.945000,1.193384,0.890028,-0.654367
53.950000,-0.797259,-0.395867,1.468167
53.955000,-0.392353,0.072634,-1.091975
53.960000,-0.040646,0.301740,-1.559123
53.965000,0.339930,1.463412,-1.221217
53.970000,0.042539,-1.447775,0.385645
53.975000,-0.786704,-1.036617,-0.459750
53.980000,0.834368,0.820650,-0.369801
53.985000,-0.470410,0.110398,1.240693
53.990000,0.400123,-0.063176,0.995391
53.995000,-0.254800,-0.932647,0.862058
54.000000,0.563389,0.399257,0.803157
54.005000,1.351783,-0.297260,0.198973
54.010000,0.769580,-0.327937,-0.204630
54.015000,0.236759,0.024018,-0.091820
54.020000,-0.009613,0.727287,0.514512
54.025000,0.049572,0.392321,0.452517
54.030000,0.164699,-0.051898,0.414377
54.035000,-0.416519,-1.593156,-0.273805
54.040000,-0.007948,1.444489,0.154601
54.045000,1.007327,0.484287,0.399094
54.050000,-0.280557,1.211241,-0.112413
54.055000,0.423777,0.013615,0.106108
54.060000,0.018290,1.065198,-0.144523
54.065000,2.175647,0.051017,0.095521
54.070000,0.086275,0.638441,1.480128
54.075000,-0.709535,-0.506608,-1.887441
54.080000,-0.647869,0.737125,-0.307092
54.085000,1.129029,0.380555,0.438332
54.090000,-0.043482,0.147999,-0.124069
54.095000,0.287099,-1.544845,0.266844
54.100000,0.838903,-0.071261,-0.802579
54.105000,0.662597,-1.478068,0.716035
54.110000,-0.051706,-0.792163,-1.558612
54.115000,-0.512614,-0.659755,1.007837
54.120000,1.194287,-0.095893,0.830556
54.125000,0.822432,-0.323632,2.168829
54.130000,-1.315819,0.237342,0.092611
54.135000,0.238871,-0.310308,0.651144
54.140000,0.421003,0.807650,0.461129
54.145000,1.176059,0.011118,0.149423
54.150000,0.688280,-0.796992,-0.095756
54.155000,-0.617350,-0.411486,-1.040701
54.160000,0.172156,0.658846,0.268075
54.165000,0.321083,-0.233316,1.089248
54.170000,-0.595786,0.147447,0.157572
54.175000,-1.142908,-0.634116,0.506939
54.180000,0.435647,-0.195500,-0.287746
54.185000,-0.275396,-0.195016,-1.870011
54.190000,0.010314,0.718151,-0.155191
54.195000,0.578338,-1.054486,-1.592814
54.200000,-0.595303,0.379638,0.831026
54.205000,0.199974,0.056940,0.565894
54.210000,1.305476,-0.777333,-1.074069
54.215000,-1.258481,-0.295512,-1.962288
54.220000,-1.090670,1.278833,0.488955
54.225000,-1.230561,-0.565470,-0.532670
54.230000,0.142040,-0.474645,-0.114396
54.235000,0.404931,-0.029979,-0.322214
54.240000,-0.371365,1.248476,-1.663898
54.245000,-0.295668,-1.059541,0.874070
54.250000,0.501691,-2.200441,-1.571056
54.255000,-0.323934,-0.056424,0.113620
54.260000,0.181988,-0.139899,-0.675409
54.265000,0.475543,0.177156,-0.150065
54.270000,0.956165,0.372313,0.042335
54.275000,-1.166511,-0.255259,-0.702500
54.280000,-0.113037,0.099960,0.659532
54.285000,0.414226,-1.089715,0.970944
54.290000,-0.834154,-1.403240,0.680788
54.295000,-0.963432,0.158807,-0.124269
54.300000,0.573567,0.401115,0.536631
54.305000,0.182868,-1.037591,-0.130890
54.310000,-0.424097,0.165180,-0.243566
54.315000,-1.084194,-0.203133,0.305405
54.320000,-0.653388,0.624665,-0.081943
54.325000,-0.235570,-1.421411,-1.381807
54.330000,-0.789695,-1.832501,-0.488682
54.335000,-0.213439,-0.076869,-1.303048
54.340000,-0.067039,0.206143,-0.207885
54.345000,0.939512,-1.008129,0.409929
54.350000,-0.340023,-0.835140,-0.345688
54.355000,-0.857911,-0.692808,-1.199733
54.360000,-1.454119,0.331459,0.277525
54.365000,1.114414,-0.181534,-0.152751
54.370000,-1.041689,-0.706738,-0.502212
54.375000,-0.991648,-0.247506,-0.475859
54.380000,-0.037999,0.105729,-0.938669
54.385000,0.815750,-0.583125,-0.690750
54.390000,-0.750481,-0.503745,-0.277698
54.395000,0.076005,0.742115,-0.351943
54.400000,0.512746,0.509186,0.362622
54.405000,-0.171382,-0.249911,-0.087184
54.410000,-1.661974,0.198516,-1.240302
54.415000,0.246772,-0.435898,0.160919
54.420000,0.075681,0.672208,0.095918
54.425000,0.080213,1.613163,0.685905
54.430000,-0.524292,-0.061196,0.319890
54.435000,-0.434842,-0.407260,-0.823112
54.440000,0.354535,0.826863,0.352728
54.445000,0.476546,0.184182,0.403044
54.450000,-1.698175,0.050964,0.832047
54.455000,-1.344139,-0.076330,0.311017
54.460000,-0.348240,-0.243472,-0.065735
54.465000,1.446121,-1.180358,1.405248
54.470000,0.754795,0.063707,-0.082636
54.475000,0.687146,-1.162569,-0.666618
54.480000,-0.147094,0.222072,-2.123438
54.485000,1.112144,1.903132,1.901169
54.490000,-0.026621,-0.106094,-1.167051
54.495000,-0.370876,-0.105749,0.112868
54.500000,1.477893,0.563966,0.746694
54.505000,0.777910,-0.096436,-0.366061
54.510000,-0.646592,-0.442163,-0.995241
54.515000,-0.679536,0.360514,0.355286
54.520000,0.021153,1.058431,-1.054053
54.525000,0.585554,1.061369,1.071580
54.530000,-0.294056,-0.256464,0.607058
54.535000,-0.041596,-0.643623,0.681095
54.540000,0.213134,0.925774,0.638050
54.545000,-0.443752,-0.193938,0.196368
54.550000,0.123512,-0.143198,0.329723
54.555000,-0.642891,-0.918957,-0.296584
54.560000,-1.031109,0.229602,0.357207
54.565000,0.946054,-1.211176,0.332083
54.570000,0.316869,-0.307868,0.430499
54.575000,-0.811712,-0.585382,0.407799
54.580000,0.004242,-0.481430,0.302417
54.585000,0.191493,1.360795,-0.279743
54.590000,0.151193,-0.035130,-0.066529
54.595000,0.258170,-0.120250,0.053507
54.600000,0.702590,0.631065,0.484818
54.605000,0.126689,-0.938075,0.159562
54.610000,-0.453699,0.023162,-0.398062
54.615000,-0.219758,-0.315484,-0.981139
54.620000,-0.277753,-0.207703,-0.407352
54.625000,-0.064220,0.210099,0.045052
54.630000,-0.516488,-0.847610,-0.574904
54.635000,0.535652,0.040598,-1.542761
54.640000,-0.112288,-0.199832,-0.406411
54.645000,-0.475818,1.411290,2.237213
54.650000,-0.716359,-1.504967,-0.582734
54.655000,-0.920685,0.111362,-0.418958
54.660000,0.828054,0.700478,-1.083609
54.665000,-0.584652,0.223383,1.058001
54.670000,-0.851992,-0.951540,0.673977
54.675000,-1.073724,-0.311654,0.427498
54.680000,1.423688,0.026975,0.051602
54.685000,0.777411,0.734283,-0.128013
54.690000,0.177240,-0.273820,-0.496900
54.695000,-0.787668,-0.877820,0.469294
54.700000,0.524902,0.595315,0.705605
54.705000,1.331459,0.257559,-1.511238
54.710000,1.131037,-0.388680,-0.061989
54.715000,-0.855402,-0.162432,-1.395736
54.720000,-0.306664,0.050763,-1.515078
54.725000,0.820489,0.622377,0.858299
54.730000,-0.474562,0.521344,-2.241231
54.735000,-0.237791,-0.139176,0.268631
54.740000,0.684844,0.959243,0.367123
54.745000,1.080810,0.515269,-0.309631
54.750000,-1.145069,0.286507,-0.660921
54.755000,-0.048317,-1.301470,0.206438
54.760000,0.504220,0.432961,-0.302043
54.765000,-0.299639,0.010595,1.251199
54.770000,0.279021,-0.858417,0.332034
54.775000,-0.956499,-1.831222,1.008053
54.780000,-0.033231,-0.808615,-0.145790
54.785000,0.849554,0.134478,0.975034
54.790000,-0.365276,-0.822364,-0.136793
54.795000,-0.154026,2.015092,-0.621664
54.800000,0.646131,1.288591,-0.221173
54.805000,0.656866,0.597270,0.242016
54.810000,0.111677,-0.072703,1.495558
54.815000,-1.651022,-0.062823,0.533581
54.820000,0.435693,-0.332283,-0.082444
54.825000,-0.202385,0.507230,0.176241
54.830000,0.580275,-0.240472,-0.984714
54.835000,-0.588240,0.079372,0.512074
54.840000,-0.727388,0.217704,0.082968
54.845000,0.012788,-0.057053,0.231033
54.850000,-0.076725,-0.518895,-1.094856
54.855000,-0.240351,-0.687961,0.025475
54.860000,-0.475719,-1.141801,-0.993382
54.865000,1.426786,1.297346,1.690160
54.870000,-0.566934,0.146581,0.018189
54.875000,-1.191195,0.260084,-1.315144
54.880000,0.373142,-1.508689,-0.163633
54.885000,1.563453,0.964341,0.381371
54.890000,-0.586363,0.428588,-0.925693
54.895000,-1.080289,0.736080,0.435767
54.900000,1.664021,0.461802,1.089717
54.905000,0.398429,0.860123,-0.679862
54.910000,0.042690,0.601652,-0.304132
54.915000,-0.841320,-1.553898,0.023466
54.920000,-0.450026,-0.808528,-0.498189
54.925000,0.131410,-0.122081,1.211333
54.930000,-1.164662,-0.165551,-0.139071
54.935000,0.344331,0.036180,-0.510749
54.940000,0.655046,0.643602,0.426180
54.945000,0.948895,-1.037765,1.012702
54.950000,-0.309126,-0.118275,-1.053052
54.955000,0.405375,-0.141979,0.360788
54.960000,0.548490,-0.106284,-0.152075
54.965000,-0.552234,1.346764,1.403365
54.970000,-0.145145,0.579851,0.142455
54.975000,-1.307995,-0.371310,-1.107431
54.980000,-0.410015,0.240981,-1.132018
54.985000,0.573652,-0.359115,-0.216534
54.990000,-0.573547,0.495609,-1.010190
54.995000,-0.186350,-0.289580,0.223882
55.000000,-0.616168,1.019140,0.524382
55.005000,1.382087,0.295199,0.700802
55.010000,-0.396156,-0.131411,0.169181
55.015000,-0.730779,-1.118957,-0.163623
55.020000,0.161688,0.964196,-0.331998
55.025000,-0.436977,-0.160159,0.102719
55.030000,-0.619621,-1.679806,0.105515
55.035000,-0.368776,-0.147694,0.299255
55.040000,0.398742,-0.070370,-0.151342
55.045000,-0.773925,-0.012131,2.018358
55.050000,0.444706,0.456095,0.521311
55.055000,-0.408714,-0.551031,-0.990800
55.060000,0.600612,-0.360605,0.274715
55.065000,0.286966,0.939721,0.554027
55.070000,0.476698,0.400548,-0.630209
55.075000,0.450089,0.509572,-0.052670
55.080000,-0.328511,0.129602,0.593023
55.085000,0.131048,0.743207,1.249896
55.090000,0.088810,0.197251,0.320340
55.095000,-0.746624,-1.207005,-0.927885
55.100000,0.387497,-0.003509,-0.281717
55.105000,1.322996,1.924117,0.257150
55.110000,-0.170201,-1.051876,1.616102
55.115000,0.019947,-0.447717,0.026395
55.120000,0.818573,0.913844,-0.992979
55.125000,0.255836,1.659429,-0.094669
55.130000,-0.855010,0.591369,-0.951693
55.135000,-0.644684,0.307849,-0.310202
55.140000,0.969073,0.665743,0.079058
55.145000,0.317761,1.687119,1.097122
55.150000,0.681424,-0.316566,-0.182747
55.155000,-0.910809,-1.132723,-1.074405
55.160000,-0.777182,0.813600,-1.203198
55.165000,1.092849,-1.475167,-0.591126
55.170000,0.785790,0.467737,-0.624186
55.175000,-0.208764,-0.826729,0.073574
55.180000,0.166331,-0.357843,0.671397
55.185000,1.538587,0.647369,1.409150
55.190000,-0.318174,-1.737522,-0.602982
55.195000,0.306774,0.862933,-0.269139
55.200000,0.070521,0.339357,-0.751800
55.205000,-0.175530,0.129453,-1.109326
55.210000,-0.509141,-0.778719,0.148618
55.215000,0.118656,0.683546,-0.194146
55.220000,0.669644,-0.255889,0.514081
55.225000,0.811884,-0.727408,0.064095
55.230000,0.174255,0.391029,-0.854762
55.235000,-0.216375,0.879887,-1.046219
55.240000,-0.261016,-0.086090,-0.490626
55.245000,0.451661,-0.032582,0.547777
55.250000,-0.250716,-0.260465,-0.106802
55.255000,0.651141,-0.956352,-0.501103
55.260000,-0.018988,0.244605,1.080801
55.265000,1.509894,0.146700,0.684716
55.270000,-1.121142,-1.052293,-0.544641
55.275000,-0.374768,-0.661211,0.800146
55.280000,-1.002992,-1.110631,0.320910
55.285000,-0.294595,-0.338832,0.755128
55.290000,0.161802,-0.983726,-0.879370
55.295000,0.794151,-1.334966,-0.203918
55.300000,0.807465,-0.256075,-0.464972
55.305000,-0.029952,-0.182462,0.730181
55.310000,0.541601,0.505444,0.237048
55.315000,0.831076,-1.091100,-0.567042
55.320000,0.840301,-0.016060,0.239959
55.325000,1.300777,0.977274,-0.091540
55.330000,-0.269286,-0.638827,0.254477
55.335000,0.474051,0.096003,0.569027
55.340000,0.392359,-0.765827,0.142806
55.345000,-1.294709,1.587245,-0.465044
55.350000,-0.833974,0.336065,1.439832
55.355000,-0.761915,-0.463570,-1.034354
55.360000,0.459833,0.530688,0.714738
55.365000,0.388348,1.019788,-0.305525
55.370000,-0.638604,-0.435915,0.099523
55.375000,-0.190441,-0.343350,-0.682797
55.380000,0.530509,0.809188,1.152627
55.385000,1.690813,-0.157793,0.190128
55.390000,0.386947,0.733719,-0.716646
55.395000,-0.709365,-0.522283,-0.229620
55.400000,1.249223,0.638016,-0.208669
55.405000,-0.312965,-0.480306,0.122974
55.410000,0.140668,1.060516,-0.771301
55.415000,-0.330579,-0.022002,-0.186533
55.420000,-0.154170,-0.107586,1.073408
55.425000,0.057741,-1.026567,1.263096
55.430000,-0.466631,-0.179328,-0.363317
55.435000,-0.094981,-1.391903,-0.281017
55.440000,1.056170,1.406982,0.482512
55.445000,1.230452,-0.326440,0.353614
55.450000,0.569649,-1.282032,-1.355930
55.455000,-0.280567,0.533683,-0.477126
55.460000,-0.180200,1.144161,0.003662
55.465000,-0.389638,0.205895,0.592341
55.470000,0.555607,-0.168360,-0.164084
55.475000,0.407043,-0.286163,-0.034188
55.480000,-0.414626,0.550822,-0.102427
55.485000,0.644610,-0.120610,0.405455
55.490000,-0.464895,0.039233,-0.435696
55.495000,-0.413238,-0.809038,-0.016629
55.500000,0.615417,0.897476,0.825016
55.505000,0.880085,-0.856798,-0.243246
55.510000,0.391610,-0.266377,-0.857422
55.515000,1.903053,0.347863,0.128373
55.520000,-0.696709,-0.674381,-0.651153
55.525000,0.559577,1.135454,0.143611
55.530000,0.468888,0.181603,-0.236878
55.535000,-0.620118,0.100090,-2.057514
55.540000,0.495803,0.855204,1.399317
55.545000,0.039917,0.709792,-0.566572
55.550000,0.589943,-0.510146,-0.908217
55.555000,0.062941,0.462577,-1.993659
55.560000,0.777630,-0.511598,-0.298773
55.565000,0.219098,0.147602,0.817942
55.570000,0.838621,-0.412811,0.028619
55.575000,-0.960626,-0.965260,-1.583295
55.580000,1.682097,-0.147082,-0.586329
55.585000,1.133163,0.817177,0.611241
55.590000,-0.212324,-0.796510,0.842078
55.595000,-0.192612,-0.159014,-1.073425
55.600000,-0.413110,-0.789451,1.509714
55.605000,0.617627,0.083079,-0.379241
55.610000,0.752610,-0.862185,0.559234
55.615000,-0.912799,-0.239942,-2.059272
55.620000,0.478324,-1.244900,0.676600
55.625000,1.257374,0.209639,0.046296
55.630000,0.174426,-1.801269,0.672018
55.635000,-0.307001,-1.588597,-0.128087
55.640000,0.313705,0.082521,-0.059508
55.645000,-0.194306,0.420947,1.597694
55.650000,-0.242979,-1.008011,-0.829486
55.655000,-2.040928,-1.095940,0.256293
55.660000,-0.660341,0.202333,0.908252
55.665000,-0.099436,0.945301,0.353523
55.670000,0.050255,0.225681,0.024595
55.675000,-0.306525,0.086343,-1.463887
55.680000,-0.515773,-0.133294,0.185483
55.685000,1.058806,-0.507381,0.325995
55.690000,0.365821,-2.360565,-0.513918
55.695000,0.476378,0.104097,0.400904
55.700000,0.308671,-0.794765,-1.051629
55.705000,1.119709,-0.278076,2.051926
55.710000,0.482262,-0.183127,-0.739181
55.715000,0.591163,0.787165,-0.934216
55.720000,0.101945,0.198956,-0.432623
55.725000,-0.534417,1.091416,1.160034
55.730000,1.575187,1.444813,-0.069037
55.735000,-0.511680,-0.225546,0.174718
55.740000,-0.478650,0.302950,-0.185446
55.745000,-0.351612,-0.800006,1.510795
55.750000,0.206466,-0.581787,-0.815500
55.755000,-0.045200,0.036965,-1.085400
55.760000,0.111534,1.514953,-0.710950
55.765000,-0.011770,-0.615327,-0.040465
55.770000,-0.085233,0.193189,-0.285142
55.775000,-0.223534,-0.110189,-0.724310
55.780000,0.341476,-0.463021,1.265245
55.785000,0.434613,0.324062,2.484028
55.790000,1.064861,0.118269,0.590829
55.795000,-0.627354,-0.941567,-0.058786
55.800000,0.308225,-0.717725,-0.365374
55.805000,1.529717,-0.247914,0.380985
55.810000,0.373145,-1.051003,-0.367268
55.815000,-0.452597,0.109503,-0.089905
55.820000,1.165264,0.031237,-0.259405
55.825000,0.481641,-0.937739,0.297670
55.830000,1.000332,-1.085831,0.425961
55.835000,-0.665501,-0.233585,-1.697142
55.840000,0.050928,-1.194339,0.266723
55.845000,-0.116584,-0.785874,0.178595
55.850000,0.659932,-0.145329,0.182954
55.855000,-0.167017,-0.194712,-0.732171
55.860000,-0.180104,0.518874,-0.767742
55.865000,0.028427,0.540639,0.927062
55.870000,-1.143667,-0.500799,-0.336078
55.875000,-0.176116,0.589748,-1.434906
55.880000,0.729032,-0.229217,0.425231
55.885000,0.387611,0.459227,0.197901
55.890000,-0.255947,-0.602102,-0.609378
55.895000,-0.992474,0.565841,-0.813654
55.900000,0.638612,0.100598,0.227825
55.905000,0.475220,1.005764,-0.377972
55.910000,0.412231,-0.588925,-0.838608
55.915000,-0.033948,-0.712292,0.314005
55.920000,0.025844,0.338921,-0.660150
55.925000,-0.219025,1.039062,1.235419
55.930000,-0.732497,-0.346892,-0.047481
55.935000,-0.584916,-0.224736,-0.476771
55.940000,0.506041,0.458582,1.484817
55.945000,1.483787,-0.047240,0.733773
55.950000,-0.946953,-0.306859,0.376300
55.955000,-0.927993,0.864603,-0.941245
55.960000,0.143462,0.802196,0.235326
55.965000,0.800207,1.538110,0.722942
55.970000,0.317192,0.122773,1.416924
55.975000,-0.767138,-0.357956,0.225880
55.980000,-0.181189,0.820830,0.257297
55.985000,1.058700,-0.373569,-0.195434
55.990000,-0.286898,-0.208486,-1.463441
55.995000,-0.201853,-0.205433,-0.142630
56.000000,0.139747,0.643528,1.064034
56.005000,-0.738413,0.635915,0.791491
56.010000,0.154142,-0.093012,-0.480698
56.015000,-0.224140,-0.227940,-0.483266
56.020000,-0.582705,1.294233,-0.196022
56.025000,0.122704,1.936301,1.208503
56.030000,-0.469236,0.882321,0.008272
56.035000,0.365643,0.280798,-0.266251
56.040000,-0.300410,-0.027111,0.683626
56.045000,-0.618233,0.574663,-0.177104
56.050000,0.498771,-0.580453,-0.830827
56.055000,-0.251657,-1.201470,-1.240302
56.060000,0.304906,-0.484665,-0.733151
56.065000,-0.072811,0.379691,-0.431225
56.070000,-0.166044,0.391830,-1.156875
56.075000,1.037816,-0.021660,-0.230937
56.080000,-0.454379,-0.865638,-0.483413
56.085000,-0.180292,1.028438,-0.258749
56.090000,0.941103,-0.659125,1.459739
56.095000,-0.688636,0.220968,0.337848
56.100000,0.097418,-0.154404,-0.405133
56.105000,0.946088,0.936284,-0.075743
56.110000,-0.977025,0.439259,0.609301
56.115000,0.027945,-0.120209,0.495499
56.120000,-0.703190,0.269746,-0.256882
56.125000,-0.215028,0.337567,0.590490
56.130000,0.042167,-0.585264,0.329755
56.135000,-0.201974,-0.337275,-0.482935
56.140000,-0.439641,-0.564162,-1.339777
56.145000,-0.003332,1.562367,0.678113
56.150000,0.301329,-1.147672,-0.059337
56.155000,0.592981,0.979559,-1.086548
56.160000,1.147011,0.971381,0.407308
56.165000,2.214599,0.443496,0.165685
56.170000,-0.563420,0.967634,-0.893548
56.175000,-0.167504,0.532398,-0.041478
56.180000,-0.614328,1.066965,0.177978
56.185000,0.443337,0.524360,0.209894
56.190000,-0.473460,0.682992,0.342964
56.195000,-0.252156,-0.322170,0.324113
56.200000,1.719121,-0.176663,0.915752
56.205000,-1.208674,-0.541212,0.908914
56.210000,-0.985757,-0.131952,0.770758
56.215000,-1.026071,-0.018621,-0.338775
56.220000,-0.877867,1.220817,-0.525934
56.225000,0.476124,-0.286769,0.469422
56.230000,0.405259,-0.761847,-0.445474
56.235000,0.082928,-1.513153,0.289593
56.240000,0.103774,-0.667396,0.204240
56.245000,0.206564,-0.028704,0.904108
56.250000,-0.120634,-0.017131,0.679267
56.255000,-0.367412,-0.452035,0.240474
56.260000,-0.125387,-0.655651,0.158687
56.265000,0.091606,0.776684,0.967399
56.270000,-0.231709,0.456470,0.381841
56.275000,-0.689950,0.593090,0.144875
56.280000,1.532235,0.745389,0.355710
56.285000,-0.034444,0.903939,0.815482
56.290000,-0.179516,-0.956185,0.675491
56.295000,0.375718,0.057390,-1.864113
56.300000,-0.836886,0.762517,0.096253
56.305000,-0.596816,0.121063,-0.724236
56.310000,1.307909,-0.039656,0.423920
56.315000,-0.550369,-0.026158,-0.450962
56.320000,-1.259738,0.349019,-0.192133
56.325000,0.519887,0.104636,0.692645
56.330000,-0.501474,-0.140614,-0.456916
56.335000,-0.730965,0.486764,0.320510
56.340000,0.813993,0.308208,0.645082
56.345000,0.531743,1.879831,-0.032930
56.350000,-1.168400,-1.178567,-0.558157
56.355000,0.442116,-1.461114,-0.890052
56.360000,-0.826902,-1.208277,0.972814
56.365000,-0.635319,-0.876615,1.142151
56.370000,-0.225459,-1.426239,-0.199672
56.375000,-0.649197,-0.198027,-1.065003
56.380000,-0.482262,0.710842,-0.300214
56.385000,-0.185899,-0.077353,0.217678
56.390000,-0.157046,1.023217,-0.991170
56.395000,-0.415202,-0.134745,-2.458347
56.400000,-0.706591,1.025014,-1.550403
56.405000,0.678220,-0.254477,1.500455
56.410000,-0.385305,-0.818596,-0.679252
56.415000,-0.516617,-0.340137,0.977106
56.420000,1.033353,0.333259,-1.196364
56.425000,0.680250,0.436962,0.128850
56.430000,-0.583121,0.274683,1.141247
56.435000,0.124860,-0.850374,-0.790812
56.440000,0.799630,0.795751,0.319104
56.445000,0.228758,1.165096,-0.621487
56.450000,1.213682,-0.218880,-0.036628
56.455000,-0.439100,-0.336101,-0.525380
56.460000,-0.206705,0.038201,0.066842
56.465000,0.073497,1.043594,0.059272
56.470000,1.168711,-1.216417,-0.369408
56.475000,0.330267,-1.470264,0.383545
56.480000,-0.324333,0.889353,0.322629
56.485000,0.881799,0.934349,0.769219
56.490000,-0.922245,0.082634,0.453508
56.495000,-0.072464,0.462394,0.057460
56.500000,-0.685471,0.247108,0.212229
56.505000,1.651144,0.230153,-1.198024
56.510000,0.725015,-0.269190,-0.675818
56.515000,-2.072568,-1.002856,1.926611
56.520000,-0.305766,0.530061,0.438705
56.525000,-0.055046,0.618991,0.544033
56.530000,0.836012,0.043530,-0.089650
56.535000,-0.901271,-0.510967,0.242961
56.540000,-0.206569,0.398605,-0.366665
56.545000,-0.208031,1.261007,0.930284
56.550000,-0.793903,-1.000001,-0.171269
56.555000,-1.543295,-1.192294,0.418476
56.560000,0.037365,0.833668,0.627913
56.565000,-0.607712,-0.386583,0.011877
56.570000,0.375624,0.594616,0.080344
56.575000,-0.347325,0.019148,-0.431586
56.580000,0.034589,1.049456,-0.169706
56.585000,-0.246896,0.620289,0.952434
56.590000,-0.126618,-1.408322,0.263958
56.595000,-0.413355,0.605801,-0.218973
56.600000,0.334890,-0.972943,0.771048
56.605000,0.646190,-0.947343,0.061501
56.610000,1.034325,-0.310718,0.196840
56.615000,0.665456,0.923755,-0.161429
56.620000,0.338684,0.070939,0.799199
56.625000,-0.308744,0.097465,1.018608
56.630000,0.135975,-1.167397,-0.375359
56.635000,-0.152597,-0.496812,-1.348205
56.640000,-0.022049,-0.216878,-0.531495
56.645000,0.228649,0.231030,-0.413801
56.650000,-0.323259,1.327687,1.006605
56.655000,-0.280974,-0.696352,-0.819818
56.660000,0.833079,-0.099619,-0.281197
56.665000,1.649722,0.755378,0.449630
56.670000,0.214025,0.158048,-0.840108
56.675000,-0.729810,-0.410432,0.131790
56.680000,1.176786,0.790045,0.304305
56.685000,-0.416627,-0.292176,1.196565
56.690000,1.150013,-0.364115,-0.801286
56.695000,0.291846,-0.174863,-1.091622
56.700000,0.774626,-0.649224,0.390581
56.705000,0.688251,0.733811,-0.039743
56.710000,0.325379,-0.656997,0.113763
56.715000,0.169358,-1.102702,-0.836817
56.720000,-0.477188,-0.248430,-0.408698
56.725000,-1.680556,0.346254,1.177517
56.730000,2.075499,-0.143695,0.822010
56.735000,-0.924783,-0.359590,-0.335292
56.740000,-1.112619,0.715641,0.414614
56.745000,0.862588,0.041163,0.272560
56.750000,0.770131,-0.180890,-0.158041
56.755000,-0.475006,1.163279,-1.008911
56.760000,0.139725,0.391549,1.904199
56.765000,0.218885,-0.008220,0.325314
56.770000,0.386171,0.032020,-0.533542
56.775000,-0.817041,-0.192699,-1.970951
56.780000,0.178285,-0.080530,-0.989466
56.785000,0.806393,1.858265,0.568488
56.790000,-0.359072,-0.249384,0.706856
56.795000,-1.036982,-1.407339,-0.701966
56.800000,-1.185371,-0.675812,0.249698
56.805000,0.825122,0.685433,1.225045
56.810000,0.629626,-0.784523,-0.247780
56.815000,-1.593872,-0.500271,-0.046639
56.820000,0.366847,0.451461,-0.006243
56.825000,-0.018502,0.108628,0.537904
56.830000,-0.736608,1.289064,-0.496619
56.835000,-0.315767,0.205776,0.696017
56.840000,-1.350277,0.739460,-0.065912
56.845000,-0.628173,-0.279823,0.704015
56.850000,-0.441486,-0.096874,-0.255770
56.855000,0.194735,-1.594606,-1.300637
56.860000,0.756662,-0.011778,0.750486
56.865000,0.176662,0.876128,-0.571452
56.870000,-0.148374,-0.628324,0.372873
56.875000,0.342008,-1.077187,-0.282145
56.880000,2.032964,-0.471497,-0.006657
56.885000,-0.728080,-1.043123,0.400528
56.890000,-1.890557,0.292478,-0.211194
56.895000,0.428514,0.366382,-0.193561
56.900000,-0.264407,0.953913,-0.289134
56.905000,0.553417,-0.210732,-0.875430
56.910000,-0.396848,-1.687883,0.517271
56.915000,-0.175798,1.047348,0.192169
56.920000,0.058621,0.399403,0.540393
56.925000,0.084924,0.647297,-0.439035
56.930000,-0.585000,0.495257,-1.461165
56.935000,-0.752972,-1.061081,-0.472449
56.940000,0.071444,0.431901,-0.139709
56.945000,0.398781,-1.261732,0.600476
56.950000,-0.747845,-1.834480,-0.839407
56.955000,-0.304984,0.676348,0.639048
56.960000,-0.023236,0.884865,-0.392235
56.965000,0.324797,0.354903,0.400987
56.970000,-0.056713,0.940758,0.190538
56.975000,-0.238813,-0.710771,0.539528
56.980000,1.449959,1.734159,-0.581984
56.985000,0.250112,1.132387,0.328874
56.990000,-1.476758,0.469611,1.138518
56.995000,-2.037563,-1.174247,-0.878224
57.000000,0.462549,1.072420,0.571395
57.005000,1.582292,0.653065,-0.163901
57.010000,-0.435165,-0.527657,0.809175
57.015000,-0.224931,-0.149622,-0.426046
57.020000,0.300665,-0.273719,-1.586964
57.025000,0.774202,-0.545180,0.719004
57.030000,-0.364064,0.271786,-0.531128
57.035000,-1.122262,-0.278285,-1.269724
57.040000,0.826139,1.517655,-1.065174
57.045000,0.355891,0.228349,1.386677
57.050000,0.292286,-0.268356,-0.144686
57.055000,0.215813,-0.903659,-0.919849
57.060000,-1.230416,-0.008684,0.570512
57.065000,0.311690,1.283828,0.026635
57.070000,0.602879,0.162608,0.079382
57.075000,-1.003781,-1.839382,-0.101943
57.080000,-1.076300,0.245970,-0.150735
57.085000,1.045994,2.000043,-0.371089
57.090000,1.208134,0.159127,-0.854467
57.095000,-0.422057,-0.179161,-1.033971
57.100000,-0.725983,-0.008782,-0.609996
57.105000,0.980459,0.176652,0.555670
57.110000,-1.215260,-0.896292,0.260496
57.115000,0.098103,-0.328295,-1.008519
57.120000,-0.686114,-0.178312,0.369326
57.125000,0.740191,-0.382071,0.956260
57.130000,-0.675724,-0.088007,1.602817
57.135000,-2.486874,-1.829694,0.064589
57.140000,-0.027464,0.187382,-0.584662
57.145000,0.826605,1.633508,0.876326
57.150000,0.043782,1.596799,-0.711372
57.155000,-0.440368,-1.281497,0.108496
57.160000,0.508660,0.264423,-0.664537
57.165000,0.206569,0.790087,0.495043
57.170000,-0.715619,-0.297231,-0.806869
57.175000,0.159387,-1.523164,-0.308957
57.180000,0.696505,-0.788206,-0.147656
57.185000,0.291302,1.156986,0.260660
57.190000,0.136208,1.374616,-0.170290
57.195000,-0.175108,-1.212635,-0.318322
57.200000,-0.673475,1.602220,0.706485
57.205000,1.625742,-0.151152,0.288992
57.210000,-1.185060,0.520019,0.154873
57.215000,-1.143808,0.577905,-1.682650
57.220000,0.610342,-0.078997,0.618682
57.225000,-0.269437,-0.057932,1.291504
57.230000,1.429122,0.030218,-1.821609
57.235000,-1.391036,-0.147926,0.538430
57.240000,0.487719,0.732769,-0.265175
57.245000,0.273798,0.321349,0.592962
57.250000,-0.334433,0.553703,0.864510
57.255000,-0.255078,-0.774494,-0.253743
57.260000,-0.584178,0.352125,-1.334000
57.265000,1.103526,-0.568813,-0.008803
57.270000,-0.951156,-0.556848,0.461881
57.275000,-1.770752,-0.339978,-1.430267
57.280000,-0.323378,0.131964,-0.047219
57.285000,0.642805,0.401125,0.093382
57.290000,-0.641273,-0.903601,-1.186784
57.295000,-0.847678,-0.938729,0.604180
57.300000,0.414291,-0.250119,0.592759
57.305000,-0.163191,0.264387,0.603766
57.310000,-0.313223,-0.223325,-0.330104
57.315000,-0.049896,-0.184674,-0.655403
57.320000,0.139040,-0.551670,-0.041845
57.325000,-0.026582,0.118740,0.512668
57.330000,-0.641033,0.001526,0.097168
57.335000,-0.008200,-1.420301,-0.201883
57.340000,-0.297185,0.059024,-0.406720
57.345000,1.268827,1.009368,-0.132843
57.350000,-0.227736,-0.159931,-0.166178
57.355000,-0.724187,-0.766326,-0.242637
57.360000,-0.098799,-0.137463,0.175983
57.365000,0.265597,0.914253,1.244755
57.370000,0.417360,0.162482,0.102005
57.375000,-0.659985,-0.632822,1.737387
57.380000,0.898243,0.836318,-0.547445
57.385000,-0.843799,0.436394,-0.427868
57.390000,-0.697383,1.103986,0.674886
57.395000,0.480104,0.606480,-0.178094
57.400000,-0.000249,1.445356,1.024783
57.405000,1.527432,-0.386148,0.178040
57.410000,-1.540785,0.148212,-0.890225
57.415000,-0.899523,-0.051016,-0.864891
57.420000,-0.429469,0.454655,1.406201
57.425000,0.123895,-0.503791,0.575314
57.430000,-1.086518,-1.009520,0.169885
57.435000,-0.142823,-1.045464,-0.780072
57.440000,-0.182680,1.913536,0.113212
57.445000,-0.776606,-0.542858,0.855968
57.450000,0.341899,-0.582940,-0.741741
57.455000,-0.410273,-0.380783,0.345068
57.460000,-1.402221,-0.155016,-0.138429
57.465000,0.585939,0.176182,1.018773
57.470000,-0.138087,0.117732,-1.298650
57.475000,0.558146,-0.254373,0.003789
57.480000,0.426984,-0.527571,-0.419569
57.485000,-0.549180,0.303926,0.097371
57.490000,0.166767,0.698835,-0.238027
57.495000,1.013866,-1.353568,-0.547986
57.500000,0.335968,0.036362,-0.430321
57.505000,0.110580,2.099482,0.698768
57.510000,-0.677194,-0.289536,0.787993
57.515000,-0.631501,-0.977228,-0.865569
57.520000,-0.567717,1.554634,0.374607
57.525000,0.822020,0.288723,1.506556
57.530000,-0.512389,-0.150036,0.093547
57.535000,-0.064039,0.067698,-0.276612
57.540000,0.841534,1.189714,-0.726522
57.545000,1.215931,0.626008,-1.056207
57.550000,-0.691066,-0.465784,-0.677998
57.555000,-1.221516,0.748671,-0.039520
57.560000,-0.142594,-0.733741,0.153302
57.565000,0.003962,0.364452,-0.260074
57.570000,-0.886171,0.247749,0.078109
57.575000,0.039918,-1.409688,0.869084
57.580000,-0.328420,-0.496896,-1.366081
57.585000,0.455651,-0.380878,0.079209
57.590000,0.682774,0.265457,-0.996688
57.595000,-0.813744,-0.753743,-0.903387
57.600000,-0.491296,-0.489503,1.052083
57.605000,0.098834,0.079461,1.476987
57.610000,1.161391,0.030785,-0.315931
57.615000,0.262662,-0.770434,-1.486128
57.620000,0.664920,0.079680,0.291114
57.625000,1.429912,-0.242062,1.263834
57.630000,-0.734869,-0.404548,-0.035615
57.635000,0.047509,-0.214977,-0.115944
57.640000,-0.029451,0.724943,-0.544479
57.645000,1.213766,0.920857,1.875681
57.650000,0.985337,0.805840,0.493112
57.655000,-0.421130,-1.451385,-1.378799
57.660000,0.540736,-0.571816,0.444358
57.665000,-0.334354,-0.402296,2.428366
57.670000,0.090429,-0.351333,-0.558619
57.675000,0.306261,-1.195026,-0.287058
57.680000,-0.266053,-0.456582,0.665228
57.685000,1.172140,1.467050,0.514550
57.690000,-0.414205,-0.589833,0.093712
57.695000,0.338403,0.077400,-0.537573
57.700000,-1.536056,0.787272,-0.661243
57.705000,0.282106,1.231543,0.975739
57.710000,0.768255,0.492241,-0.232572
57.715000,-1.644628,-0.157790,0.183328
57.720000,-0.794767,0.520215,0.578892
57.725000,-0.292519,-0.871778,-0.373938
57.730000,-0.950867,0.972158,-0.125561
57.735000,-1.309648,-0.955300,0.355492
57.740000,-0.140157,0.089824,0.288924
57.745000,1.557350,-0.012158,-0.169660
57.750000,0.484290,0.504123,-0.560589
57.755000,-0.230566,-0.696543,-0.285954
57.760000,-0.033393,0.427964,-0.064018
57.765000,-0.629465,0.421151,-1.195347
57.770000,-0.222785,-1.317389,-1.098253
57.775000,-0.027208,-0.555553,0.737564
57.780000,0.237054,-0.211267,0.176731
57.785000,-0.145945,0.202507,0.359054
57.790000,-0.605257,0.679700,-0.195545
57.795000,-1.064690,-0.040383,-0.497456
57.800000,-0.243480,0.031445,0.545684
57.805000,-0.303014,1.579272,-0.356853
57.810000,-0.100930,-0.639313,-0.227289
57.815000,-0.219878,0.296672,-0.166716
57.820000,0.617147,1.203096,1.194582
57.825000,0.656591,-0.311431,1.330340
57.830000,-0.772741,-1.154078,0.716418
57.835000,-0.925942,-0.659886,0.214231
57.840000,0.275449,-0.782047,-0.139372
57.845000,1.324599,0.080503,1.556563
57.850000,-0.066651,-0.045382,-0.527026
57.855000,-0.676417,0.439320,-1.825844
57.860000,0.077571,0.552395,0.896698
57.865000,-0.130601,1.758116,0.981934
57.870000,-0.175766,-0.389800,-1.130792
57.875000,0.516927,-0.133901,-0.374747
57.880000,-0.798795,-0.456955,-0.205768
57.885000,0.653876,0.534890,-0.088804
57.890000,-0.261831,0.510342,-0.644153
57.895000,1.767055,-0.465331,-1.077494
57.900000,0.197427,-0.310221,0.503345
57.905000,0.276385,1.529140,0.432727
57.910000,0.461121,-1.029646,0.496717
57.915000,-1.111157,-0.780454,-0.114370
57.920000,-0.656542,0.075259,-0.137839
57.925000,0.091360,0.682194,-0.073057
57.930000,1.952783,-1.268779,1.136283
57.935000,0.353720,-0.926258,-0.465879
57.940000,-0.688088,0.646612,-1.075189
57.945000,0.225165,0.173414,0.764747
57.950000,0.545615,-1.163200,1.279065
57.955000,0.474287,-1.449750,0.725919
57.960000,-0.033438,-0.429194,-0.166907
57.965000,0.114887,0.076847,1.460075
57.970000,-0.151550,0.487821,0.623539
57.975000,-0.057909,-0.063506,-0.315855
57.980000,0.359854,0.280152,1.117449
57.985000,0.350172,1.310171,1.442190
57.990000,0.493966,-0.871773,-0.489034
57.995000,-0.412558,0.003376,-0.707109
58.000000,-0.982450,1.298900,-0.728291
58.005000,0.148655,0.605859,0.195373
58.010000,1.289753,-0.166235,-0.096475
58.015000,0.301394,0.593269,1.389866
58.020000,-0.087075,-2.089583,0.190375
58.025000,-0.224326,0.149171,1.252143
58.030000,0.266091,0.430888,-0.490347
58.035000,-0.965811,-0.507805,-0.292567
58.040000,-1.001494,-0.365290,0.127676
58.045000,0.722366,0.628089,1.175392
58.050000,-0.451423,1.060814,-0.180373
58.055000,-1.352092,-2.076667,-1.167780
58.060000,0.184506,-0.495688,0.777022
58.065000,1.723896,0.383728,-0.153605
58.070000,0.209708,-0.951077,-0.293088
58.075000,-0.139952,-1.563831,0.066339
58.080000,0.584316,1.114556,0.658637
58.085000,0.773678,0.312311,0.448315
58.090000,0.307331,-1.043657,-0.011866
58.095000,-1.614503,0.279404,-0.402726
58.100000,0.888396,2.054781,0.434160
58.105000,-0.050767,1.511311,0.808102
58.110000,0.589556,-0.368572,0.016328
58.115000,-0.603313,-1.860212,0.335168
58.120000,0.745243,1.050325,0.644431
58.125000,-0.689544,0.030991,0.660606
58.130000,0.293109,0.960761,-0.388096
58.135000,0.097620,-0.839738,0.480972
58.140000,0.153230,-0.133349,0.159976
58.145000,0.343345,2.059910,-0.313847
58.150000,0.317803,0.019050,1.387641
58.155000,-0.104049,0.109886,-0.889200
58.160000,-0.282741,0.620358,-0.032579
58.165000,0.302497,1.040461,-0.095048
58.170000,0.522670,-0.409946,0.984877
58.175000,0.244960,-0.100234,-1.041285
58.180000,-0.218905,0.444577,-0.714009
58.185000,-0.624134,0.513914,0.136370
58.190000,0.249846,1.124734,-0.797156
58.195000,0.590503,-0.212615,0.030678
58.200000,-0.327753,0.197921,-0.038962
58.205000,-0.142148,0.956003,0.909981
58.210000,-0.379874,0.992983,0.879086
58.215000,0.439547,-0.136818,-0.397634
58.220000,0.408971,1.304036,1.080989
58.225000,1.102340,0.860108,0.263200
58.230000,0.854647,-0.918839,-0.335975
58.235000,-0.422918,0.737121,-0.358465
58.240000,-0.217436,1.486726,-0.480508
58.245000,-0.032990,-0.000821,-0.071907
58.250000,0.103990,-1.134322,-0.566410
58.255000,-0.265774,-0.443960,-0.675294
58.260000,0.467786,0.255729,-0.006226
58.265000,-1.385191,0.932546,0.006927
58.270000,-0.899105,0.406559,-0.988272
58.275000,-0.969361,-0.979793,-0.879418
58.280000,-0.749359,0.170009,-0.705927
58.285000,0.492795,0.117054,1.107325
58.290000,0.034796,1.376963,-0.319840
58.295000,-0.008490,0.693876,-1.300269
58.300000,0.861211,0.407768,-0.284080
58.305000,-0.521007,0.763648,1.523109
58.310000,-0.170896,-1.705894,1.109097
58.315000,-0.810425,-0.616041,-0.691430
58.320000,0.008969,0.448427,1.103531
58.325000,0.889024,0.117181,-0.662502
58.330000,0.715918,-1.807127,-1.229242
58.335000,-0.002067,-0.432107,-0.292728
58.340000,-0.484132,-0.518955,-0.981194
58.345000,0.437195,-0.150394,0.806132
58.350000,0.867783,-1.305049,-0.908468
58.355000,-0.346307,0.059136,-0.475259
58.360000,0.016452,1.205340,-0.539612
58.365000,0.439424,-0.189272,0.924195
58.370000,0.555126,-0.100085,1.143557
58.375000,-1.636716,-1.277767,-1.004690
58.380000,0.108501,-0.072359,-0.136769
58.385000,1.127141,0.250270,0.212794
58.390000,-1.435630,0.243061,0.493886
58.395000,-0.374182,-1.856237,-1.972788
58.400000,-1.555549,1.440214,0.699823
58.405000,-1.057628,0.707456,-0.142005
58.410000,-0.663845,0.428344,-0.122284
58.415000,-0.292804,-1.024036,-0.251751
58.420000,-0.182516,-0.457884,-0.501286
58.425000,0.739664,-0.478498,0.949703
58.430000,1.235706,-0.653356,1.040303
58.435000,1.505161,-0.829068,-0.311485
58.440000,-0.118723,0.609009,-0.158321
58.445000,0.977615,0.566470,2.371773
58.450000,-0.317086,0.290133,-0.257325
58.455000,-0.656567,0.287822,-0.753963
58.460000,-0.118230,0.181072,-0.278528
58.465000,-0.220714,0.254562,-0.362778
58.470000,0.468520,0.420292,-0.018994
58.475000,0.150629,-0.360580,-0.869565
58.480000,0.007242,0.557576,0.607336
58.485000,0.879758,0.738771,-0.885359
58.490000,0.277069,0.770110,-0.249742
58.495000,-1.340502,-0.241595,-0.285659
58.500000,-0.992923,-1.037329,0.347492
58.505000,0.515914,-0.801222,0.235943
58.510000,-0.991249,-0.087519,-0.443915
58.515000,-1.328610,0.760987,1.338250
58.520000,-0.417081,1.961895,0.312715
58.525000,-0.033817,1.087816,0.130129
58.530000,1.084605,0.084783,-0.606155
58.535000,-0.822957,-0.373400,-0.322990
58.540000,-0.352659,0.996660,0.562080
58.545000,-0.289073,0.489294,-1.029971
58.550000,0.878724,0.246871,-0.253017
58.555000,0.091177,-1.463916,-0.860585
58.560000,0.483365,-0.125861,1.362043
58.565000,-1.019293,-0.373293,-0.669885
58.570000,1.306500,-0.275756,0.758955
58.575000,0.708310,-0.756246,-0.128313
58.580000,-0.768646,-0.892946,0.491982
58.585000,0.409350,-1.037353,1.164330
58.590000,0.597464,0.340615,-0.019891
58.595000,-0.928771,0.135249,-0.405943
58.600000,-0.342520,-0.051462,0.644283
58.605000,-0.317861,-0.450028,-0.181900
58.610000,0.501933,-0.018463,-0.408982
58.615000,-0.701068,-0.036499,0.128169
58.620000,-1.550410,-1.219831,-0.926201
58.625000,0.643856,0.259706,0.752984
58.630000,1.221145,-0.526321,-1.220570
58.635000,-1.024445,0.024665,-0.676971
58.640000,0.542473,0.005415,0.090009
58.645000,0.649409,-0.930850,1.293068
58.650000,1.188751,-0.665059,-0.562909
58.655000,-0.200585,0.261327,-0.468581
58.660000,-1.008357,-1.899183,-0.967827
58.665000,2.230444,-0.805351,0.872697
58.670000,-0.562900,-0.399678,-0.054838
58.675000,-1.228644,-0.082365,0.266690
58.680000,0.770807,-0.741487,-1.020513
58.685000,-0.289920,0.186384,0.595481
58.690000,0.278370,-0.494865,-0.577407
58.695000,0.301640,-0.187126,-0.974447
58.700000,0.070336,0.590550,0.160575
58.705000,1.118485,0.337164,1.005688
58.710000,1.811894,-0.207226,0.328430
58.715000,0.397282,-0.364498,-0.475582
58.720000,-0.471954,0.562739,-0.629543
58.725000,0.156190,0.996534,-0.416741
58.730000,0.215087,1.303174,0.236326
58.735000,0.636201,-1.017309,-0.322604
58.740000,0.695131,1.273906,1.223531
58.745000,-0.671512,0.775839,1.133024
58.750000,0.519841,0.159453,-0.977331
58.755000,0.467705,0.463175,-1.119078
58.760000,0.566368,-0.351117,0.213301
58.765000,-0.423175,-0.225564,0.076688
58.770000,0.629787,0.538259,-0.713227
58.775000,-1.264491,0.332376,-1.167811
58.780000,0.118489,0.247772,-0.327884
58.785000,0.170163,1.116906,0.754176
58.790000,-1.026126,-0.723641,-0.823310
58.795000,0.126111,-0.639226,-0.892381
58.800000,-0.152156,-0.066850,-0.352127
58.805000,0.831899,0.482074,1.127447
58.810000,1.212879,-0.831741,0.543246
58.815000,-1.129901,-0.011632,-1.307341
58.820000,-0.371490,-0.522726,0.273332
58.825000,-0.209681,-0.265150,0.811747
58.830000,0.353115,-0.718331,0.264996
58.835000,0.160965,0.011634,-0.584378
58.840000,0.163806,-0.640871,0.519975
58.845000,1.214546,0.924966,0.983582
58.850000,0.460263,0.383585,-0.257061
58.855000,-0.912544,0.397885,-0.654963
58.860000,-1.439162,0.886021,0.213140
58.865000,0.121472,1.322304,1.275852
58.870000,1.042057,0.308429,1.067030
58.875000,-0.398248,0.037504,-1.020255
58.880000,-1.202427,-0.052626,0.767213
58.885000,-0.035920,-0.096687,0.434725
58.890000,0.660692,1.047544,-1.291934
58.895000,-0.880314,-0.989309,-1.570679
58.900000,0.033423,-0.831891,-0.586148
58.905000,0.170592,1.404804,2.450934
58.910000,0.741271,-0.575401,0.106199
58.915000,-0.670083,-0.649279,-1.168730
58.920000,-0.386415,-0.478837,-0.092318
58.925000,-0.222028,-0.317404,0.027468
58.930000,0.724874,-1.053283,-1.135898
58.935000,0.896362,0.434227,-0.189450
58.940000,0.661061,1.319880,-0.722197
58.945000,0.641045,0.916851,0.671978
58.950000,0.007699,-0.776255,0.031682
58.955000,0.537875,-0.783725,0.802360
58.960000,-0.312414,-0.103130,0.590186
58.965000,-0.486665,1.248980,-0.244946
58.970000,0.339061,0.341515,0.036187
58.975000,-1.336673,-0.751059,-1.101755
58.980000,-0.226139,1.696233,0.669476
58.985000,0.376820,0.631361,-0.482783
58.990000,0.375541,-0.829954,-0.402397
58.995000,1.016650,-1.548539,1.544366
59.000000,-0.437849,-0.864868,-0.309244
59.005000,-0.254156,0.461730,1.391706
59.010000,1.018791,-1.693757,-0.536614
59.015000,-0.934444,0.156788,0.269657
59.020000,-0.866771,0.197221,0.180606
59.025000,-0.208735,0.141916,-0.078186
59.030000,0.012587,-0.428461,-0.444276
59.035000,-0.856642,-1.514749,-0.746193
59.040000,0.246574,-1.340604,1.065697
59.045000,1.351691,0.867813,1.161561
59.050000,2.032242,0.047893,-0.445894
59.055000,-0.515511,-0.363744,-0.298663
59.060000,-0.262828,0.369062,0.820538
59.065000,0.563777,-0.736963,0.704815
59.070000,1.272137,0.388781,0.245273
59.075000,-0.009712,-0.570967,-0.653803
59.080000,-0.457513,0.875582,0.762253
59.085000,0.175146,0.095885,0.586364
59.090000,0.997832,-0.500130,0.493561
59.095000,-0.415298,-0.151295,0.410123
59.100000,0.401707,-0.152370,-0.875424
59.105000,1.316096,-0.452961,1.735035
59.110000,1.478377,-0.319216,-1.172271
59.115000,-0.537899,1.121450,0.162749
59.120000,-0.880588,0.336030,-0.425155
59.125000,0.730500,0.012334,0.664681
59.130000,-0.117181,-0.494538,-1.931246
59.135000,-1.395828,0.845181,-0.368518
59.140000,0.022733,-0.207451,-0.365091
59.145000,0.524022,0.992446,0.116974
59.150000,0.502331,1.142272,0.400104
59.155000,-0.093505,0.555660,-1.299070
59.160000,0.413894,1.692616,0.403189
59.165000,0.611564,1.489521,-0.004239
59.170000,0.778281,0.220123,-0.043350
59.175000,-0.644996,0.550918,-0.203754
59.180000,0.355160,-0.338752,-1.686152
59.185000,0.407049,-0.176754,1.135928
59.190000,1.965678,-0.816677,0.353071
59.195000,0.533809,-1.209127,-0.685954
59.200000,0.643118,1.744451,0.358823
59.205000,0.335999,0.706776,0.818541
59.210000,0.208163,-1.155207,0.167909
59.215000,-1.680547,-1.354546,-0.688643
59.220000,-0.281246,-1.410970,-0.093434
59.225000,0.422781,1.251898,1.334262
59.230000,0.092474,-0.346727,-0.133303
59.235000,0.524476,0.482073,-0.659569
59.240000,0.556439,-0.314194,-0.261948
59.245000,0.787318,1.561618,0.377250
59.250000,0.292151,-0.197600,-0.335607
59.255000,-0.466893,0.389360,-0.191801
59.260000,-0.070186,-1.212733,0.942255
59.265000,0.716891,-0.370730,0.025286
59.270000,-0.551724,-0.439700,0.849601
59.275000,-0.483381,-0.075543,-0.832297
59.280000,0.637372,0.437361,0.682399
59.285000,0.638594,0.802816,-0.289317
59.290000,-0.274685,-0.488030,0.679365
59.295000,-0.318752,-0.359067,-0.218318
59.300000,-0.636946,0.179154,0.356657
59.305000,-0.328203,1.284104,1.409595
59.310000,1.373510,0.812253,-0.684679
59.315000,0.231305,-0.723593,-1.484974
59.320000,-0.758847,0.425435,-0.133100
59.325000,-0.186616,0.813263,-0.679361
59.330000,1.174605,0.805078,-0.316302
59.335000,1.050373,0.194869,-0.273030
59.340000,-1.628899,-0.054592,0.212983
59.345000,1.026220,1.897084,-0.151507
59.350000,1.139736,0.763375,0.544931
59.355000,0.291275,-0.940890,0.339762
59.360000,-0.969884,0.519288,0.254329
59.365000,-0.171050,0.721438,0.467854
59.370000,-1.069559,0.653531,0.146526
59.375000,1.569040,-1.879955,0.556847
59.380000,-1.421212,1.788995,0.406670
59.385000,1.469226,0.245909,0.509400
59.390000,-0.184934,1.038660,0.338684
59.395000,1.005063,-1.667352,-0.883821
59.400000,0.077249,-0.200023,0.131737
59.405000,0.673770,0.642671,0.845586
59.410000,1.204502,1.486071,-0.613778
59.415000,0.529353,-1.012342,-0.123268
59.420000,-0.338354,-0.111328,-0.836682
59.425000,0.261540,2.286523,0.937604
59.430000,0.706846,0.158161,0.127797
59.435000,-1.173180,-1.649942,0.427772
59.440000,-0.402016,-0.887002,0.526032
59.445000,-0.403240,0.911917,0.518510
59.450000,0.226655,0.304568,-0.106762
59.455000,0.466555,0.460819,-0.596416
59.460000,0.488321,0.131747,1.193682
59.465000,-0.543439,0.390477,0.193612
59.470000,-0.577571,0.681164,0.322881
59.475000,1.156110,-0.790548,-1.080226
59.480000,-0.289874,0.053671,-1.002509
59.485000,-0.390545,0.869007,0.752505
59.490000,-0.520860,-0.541534,0.606627
59.495000,0.860079,-1.746884,-1.077677
59.500000,-0.539733,-0.908584,-0.704710
59.505000,0.270720,0.215790,0.164271
59.510000,0.563325,-0.406654,-0.782149
59.515000,-0.913966,0.462043,-1.427388
59.520000,0.178985,-0.174023,-0.073211
59.525000,-0.189436,1.740266,0.762795
59.530000,-0.471587,0.097664,0.782514
59.535000,-0.273128,0.873258,0.209385
59.540000,-0.764211,-0.536182,0.029584
59.545000,-0.041594,0.171925,0.922144
59.550000,0.715280,0.714517,-0.190066
59.555000,-0.388462,-1.489572,-0.790006
59.560000,-0.081337,0.766286,0.403689
59.565000,-0.205436,0.182692,-1.150189
59.570000,0.736989,0.215843,0.135633
59.575000,-0.531852,-1.006453,-0.477609
59.580000,0.277413,-0.239957,1.043622
59.585000,-0.212698,0.041518,-0.066170
59.590000,-0.136811,0.925091,-1.149968
59.595000,1.288386,0.318360,-0.522823
59.600000,0.701841,-0.848088,0.816780
59.605000,0.082225,0.134773,0.198352
59.610000,-0.143801,1.774400,-1.563488
59.615000,-0.241508,-0.115182,-0.022700
59.620000,-0.119765,0.196057,0.127185
59.625000,1.267846,0.055084,-0.266539
59.630000,-0.266308,-0.181266,0.177322
59.635000,0.234640,0.373405,-0.971627
59.640000,-0.640563,0.320219,-0.182357
59.645000,-0.304781,1.377558,0.399465
59.650000,0.534574,-0.182540,-0.854370
59.655000,-1.869260,-0.163599,0.357663
59.660000,-1.478369,-0.842171,0.965734
59.665000,-0.265253,0.768591,0.104472
59.670000,-0.575912,0.098076,1.031101
59.675000,-0.158503,-0.578766,0.161957
59.680000,-0.397632,-1.093773,-0.385053
59.685000,-0.979919,1.120467,1.157075
59.690000,0.980857,-0.670229,1.377560
59.695000,0.349752,-0.592459,-1.139857
59.700000,-1.247899,0.139198,-1.044593
59.705000,0.671493,0.019911,1.409769
59.710000,0.162756,1.037275,-0.797766
59.715000,0.558649,-0.661205,-1.204691
59.720000,0.400341,-0.496992,1.222455
59.725000,0.344264,-0.452779,0.425078
59.730000,1.108437,-0.189866,0.045171
59.735000,-0.530113,-0.465599,0.378702
59.740000,-0.804587,-1.460450,0.159940
59.745000,0.288571,0.043345,0.128606
59.750000,-0.645772,-1.198738,0.298444
59.755000,1.353623,0.815686,0.335398
59.760000,-1.898835,0.261159,0.117546
59.765000,0.411308,-0.117885,-0.797852
59.770000,0.473586,0.692008,0.319368
59.775000,0.142611,0.671150,0.148656
59.780000,-0.454280,0.600294,0.584912
59.785000,-0.167915,1.851300,0.528031
59.790000,-0.957973,-0.732741,-0.418259
59.795000,1.075729,-0.128646,-1.243687
59.800000,-0.053744,0.461171,-0.389671
59.805000,0.037539,0.266119,1.606142
59.810000,0.835362,-0.127202,0.790931
59.815000,0.596030,-1.154850,-0.244375
59.820000,-1.026736,0.097485,0.979877
59.825000,0.550902,-0.778652,0.847233
59.830000,0.184678,0.862479,0.593167
59.835000,0.216861,-0.958911,-0.358651
59.840000,-0.392300,1.016283,-0.425022
59.845000,0.046484,-0.070381,0.001801
59.850000,0.260791,0.343662,-0.504627
59.855000,-1.029381,0.194457,-0.179719
59.860000,-0.264910,-0.185069,0.544024
59.865000,0.959101,-0.763553,-1.057130
59.870000,0.532038,1.124470,-0.509999
59.875000,-0.939606,-0.929618,1.808860
59.880000,-1.642777,-0.608851,-0.049976
59.885000,0.408003,-0.190368,0.920596
59.890000,0.418462,-0.410078,-0.727512
59.895000,-0.170127,-0.258570,-0.343169
59.900000,0.485556,1.179583,-0.287440
59.905000,-0.692899,-0.328801,0.691096
59.910000,0.424181,1.156297,-0.014007
59.915000,0.449740,-0.499414,-0.703677
59.920000,-2.010337,-0.204099,-0.668889
59.925000,-1.359624,0.980018,0.211265
59.930000,1.254189,-0.002533,-0.334931
59.935000,-0.599322,0.728448,-0.457928
59.940000,-0.720243,-0.251337,0.840496
59.945000,-0.839835,-0.335504,-0.374846
59.950000,0.216538,-0.249065,-0.392162
59.955000,-0.071037,-0.721090,0.084220
59.960000,-0.196708,-0.254507,-0.639455
59.965000,-0.016343,-0.974657,0.420398
59.970000,0.275054,0.221798,-0.590785
59.975000,-0.081437,-0.649480,0.171034
59.980000,0.528143,-1.394780,-0.537912
59.985000,-0.768219,0.705943,0.544780
59.990000,-0.598210,0.007596,-0.297193
59.995000,-0.072300,-0.237768,0.954546
